
___________________________________________________________________________________________
    SSSSSSSSSSSSSSS   HHHHHHHHH     HHHHHHHHH  UUUUUUUU     UUUUUUUU  DDDDDDDDDDDDD        
  SS:::::::::::::::S  H:::::::H     H:::::::H  U::::::U     U::::::U  D::::::::::::DDD     
 S:::::SSSSSS::::::S  H:::::::H     H:::::::H  U::::::U     U::::::U  D:::::::::::::::DD   
 S:::::S     SSSSSSS  HH::::::H     H::::::HH  UU:::::U     U:::::UU  DDD:::::DDDDD:::::D  
 S:::::S                H:::::H     H:::::H     U:::::U     U:::::U     D:::::D    D:::::D 
 S:::::S                H:::::H     H:::::H     U:::::D     D:::::U     D:::::D     D:::::D
  S::::SSSS             H::::::HHHHH::::::H     U:::::D     D:::::U     D:::::D     D:::::D
   SS::::::SSSSS        H:::::::::::::::::H     U:::::D     D:::::U     D:::::D     D:::::D
     SSS::::::::SS      H:::::::::::::::::H     U:::::D     D:::::U     D:::::D     D:::::D
        SSSSSS::::S     H::::::HHHHH::::::H     U:::::D     D:::::U     D:::::D     D:::::D
             S:::::S    H:::::H     H:::::H     U:::::D     D:::::U     D:::::D     D:::::D
             S:::::S    H:::::H     H:::::H     U::::::U   U::::::U     D:::::D    D:::::D 
 SSSSSSS     S:::::S  HH::::::H     H::::::HH   U:::::::UUU:::::::U   DDD:::::DDDDD:::::D  
 S::::::SSSSSS:::::S  H:::::::H     H:::::::H    UU:::::::::::::UU    D:::::::::::::::DD   
 S:::::::::::::::SS   H:::::::H     H:::::::H      UU:::::::::UU      D::::::::::::DDD     
  SSSSSSSSSSSSSSS     HHHHHHHHH     HHHHHHHHH        UUUUUUUUU        DDDDDDDDDDDDD        

                  Simulator for Hydrologic Unstructured Domains v2.0  2022                      
___________________________________________________________________________________________




		 * openMP enabled. Maximum Threads = 8
[NUMA] OMP_PROC_BIND=close
* 	 Project name: heihe_x4
* 	 Project input folder: input/heihe_x4
* 	 Project output folder: output/heihe_x4.out
1 	 Reading file: input/heihe_x4/heihe_x4.cfg.para
2 	 Reading file: input/heihe_x4/heihe_x4.sp.riv
	The downstream of RIV 4 is negtive (Outlet, -1)
3 	 Reading file: input/heihe_x4/heihe_x4.sp.rivseg
	Number of River segments: 10361
4 	 Reading file: input/heihe_x4/heihe_x4.sp.mesh
5 	 Reading file: input/heihe_x4/heihe_x4.sp.att
6 	 Reading file: input/heihe_x4/heihe_x4.para.soil
7 	 Reading file: input/heihe_x4/heihe_x4.para.geol
8 	 Reading file: input/heihe_x4/heihe_x4.para.lc
9 	 Reading file: input/heihe_x4/heihe_x4.tsd.forc
	Number of csv files: 1693
	 Reading 1/1693: 	/scratch/frd_muziyao/SHUD-OpenMP/SHUD/Basins/heihe_x4/forcing/X97.05Y41.65.csv
	 Reading 2/1693: 	/scratch/frd_muziyao/SHUD-OpenMP/SHUD/Basins/heihe_x4/forcing/X97.05Y41.75.csv
	 Reading 3/1693: 	/scratch/frd_muziyao/SHUD-OpenMP/SHUD/Basins/heihe_x4/forcing/X97.05Y41.85.csv
	 Reading 4/1693: 	/scratch/frd_muziyao/SHUD-OpenMP/SHUD/Basins/heihe_x4/forcing/X97.15Y41.35.csv
	 Reading 5/1693: 	/scratch/frd_muziyao/SHUD-OpenMP/SHUD/Basins/heihe_x4/forcing/X97.15Y41.45.csv
	 Reading 6/1693: 	/scratch/frd_muziyao/SHUD-OpenMP/SHUD/Basins/heihe_x4/forcing/X97.15Y41.55.csv
	 Reading 7/1693: 	/scratch/frd_muziyao/SHUD-OpenMP/SHUD/Basins/heihe_x4/forcing/X97.15Y41.65.csv
	 Reading 8/1693: 	/scratch/frd_muziyao/SHUD-OpenMP/SHUD/Basins/heihe_x4/forcing/X97.15Y41.75.csv
	 Reading 9/1693: 	/scratch/frd_muziyao/SHUD-OpenMP/SHUD/Basins/heihe_x4/forcing/X97.15Y41.85.csv
	 Reading 10/1693: 	/scratch/frd_muziyao/SHUD-OpenMP/SHUD/Basins/heihe_x4/forcing/X97.15Y41.95.csv
	 Reading 11/1693: 	/scratch/frd_muziyao/SHUD-OpenMP/SHUD/Basins/heihe_x4/forcing/X97.25Y41.15.csv
	 Reading 12/1693: 	/scratch/frd_muziyao/SHUD-OpenMP/SHUD/Basins/heihe_x4/forcing/X97.25Y41.25.csv
	 Reading 13/1693: 	/scratch/frd_muziyao/SHUD-OpenMP/SHUD/Basins/heihe_x4/forcing/X97.25Y41.35.csv
	 Reading 14/1693: 	/scratch/frd_muziyao/SHUD-OpenMP/SHUD/Basins/heihe_x4/forcing/X97.25Y41.45.csv
	 Reading 15/1693: 	/scratch/frd_muziyao/SHUD-OpenMP/SHUD/Basins/heihe_x4/forcing/X97.25Y41.55.csv
	 Reading 16/1693: 	/scratch/frd_muziyao/SHUD-OpenMP/SHUD/Basins/heihe_x4/forcing/X97.25Y41.65.csv
	 Reading 17/1693: 	/scratch/frd_muziyao/SHUD-OpenMP/SHUD/Basins/heihe_x4/forcing/X97.25Y41.75.csv
	 Reading 18/1693: 	/scratch/frd_muziyao/SHUD-OpenMP/SHUD/Basins/heihe_x4/forcing/X97.25Y41.85.csv
	 Reading 19/1693: 	/scratch/frd_muziyao/SHUD-OpenMP/SHUD/Basins/heihe_x4/forcing/X97.25Y41.95.csv
	 Reading 20/1693: 	/scratch/frd_muziyao/SHUD-OpenMP/SHUD/Basins/heihe_x4/forcing/X97.25Y42.05.csv
	 Reading 21/1693: 	/scratch/frd_muziyao/SHUD-OpenMP/SHUD/Basins/heihe_x4/forcing/X97.35Y39.15.csv
	 Reading 22/1693: 	/scratch/frd_muziyao/SHUD-OpenMP/SHUD/Basins/heihe_x4/forcing/X97.35Y39.25.csv
	 Reading 23/1693: 	/scratch/frd_muziyao/SHUD-OpenMP/SHUD/Basins/heihe_x4/forcing/X97.35Y39.35.csv
	 Reading 24/1693: 	/scratch/frd_muziyao/SHUD-OpenMP/SHUD/Basins/heihe_x4/forcing/X97.35Y40.85.csv
	 Reading 25/1693: 	/scratch/frd_muziyao/SHUD-OpenMP/SHUD/Basins/heihe_x4/forcing/X97.35Y40.95.csv
	 Reading 26/1693: 	/scratch/frd_muziyao/SHUD-OpenMP/SHUD/Basins/heihe_x4/forcing/X97.35Y41.05.csv
	 Reading 27/1693: 	/scratch/frd_muziyao/SHUD-OpenMP/SHUD/Basins/heihe_x4/forcing/X97.35Y41.15.csv
	 Reading 28/1693: 	/scratch/frd_muziyao/SHUD-OpenMP/SHUD/Basins/heihe_x4/forcing/X97.35Y41.25.csv
	 Reading 29/1693: 	/scratch/frd_muziyao/SHUD-OpenMP/SHUD/Basins/heihe_x4/forcing/X97.35Y41.35.csv
	 Reading 30/1693: 	/scratch/frd_muziyao/SHUD-OpenMP/SHUD/Basins/heihe_x4/forcing/X97.35Y41.45.csv
	 Reading 31/1693: 	/scratch/frd_muziyao/SHUD-OpenMP/SHUD/Basins/heihe_x4/forcing/X97.35Y41.55.csv
	 Reading 32/1693: 	/scratch/frd_muziyao/SHUD-OpenMP/SHUD/Basins/heihe_x4/forcing/X97.35Y41.65.csv
	 Reading 33/1693: 	/scratch/frd_muziyao/SHUD-OpenMP/SHUD/Basins/heihe_x4/forcing/X97.35Y41.75.csv
	 Reading 34/1693: 	/scratch/frd_muziyao/SHUD-OpenMP/SHUD/Basins/heihe_x4/forcing/X97.35Y41.85.csv
	 Reading 35/1693: 	/scratch/frd_muziyao/SHUD-OpenMP/SHUD/Basins/heihe_x4/forcing/X97.35Y41.95.csv
	 Reading 36/1693: 	/scratch/frd_muziyao/SHUD-OpenMP/SHUD/Basins/heihe_x4/forcing/X97.35Y42.05.csv
	 Reading 37/1693: 	/scratch/frd_muziyao/SHUD-OpenMP/SHUD/Basins/heihe_x4/forcing/X97.45Y39.05.csv
	 Reading 38/1693: 	/scratch/frd_muziyao/SHUD-OpenMP/SHUD/Basins/heihe_x4/forcing/X97.45Y39.15.csv
	 Reading 39/1693: 	/scratch/frd_muziyao/SHUD-OpenMP/SHUD/Basins/heihe_x4/forcing/X97.45Y39.25.csv
	 Reading 40/1693: 	/scratch/frd_muziyao/SHUD-OpenMP/SHUD/Basins/heihe_x4/forcing/X97.45Y39.35.csv
	 Reading 41/1693: 	/scratch/frd_muziyao/SHUD-OpenMP/SHUD/Basins/heihe_x4/forcing/X97.45Y40.85.csv
	 Reading 42/1693: 	/scratch/frd_muziyao/SHUD-OpenMP/SHUD/Basins/heihe_x4/forcing/X97.45Y40.95.csv
	 Reading 43/1693: 	/scratch/frd_muziyao/SHUD-OpenMP/SHUD/Basins/heihe_x4/forcing/X97.45Y41.05.csv
	 Reading 44/1693: 	/scratch/frd_muziyao/SHUD-OpenMP/SHUD/Basins/heihe_x4/forcing/X97.45Y41.15.csv
	 Reading 45/1693: 	/scratch/frd_muziyao/SHUD-OpenMP/SHUD/Basins/heihe_x4/forcing/X97.45Y41.25.csv
	 Reading 46/1693: 	/scratch/frd_muziyao/SHUD-OpenMP/SHUD/Basins/heihe_x4/forcing/X97.45Y41.35.csv
	 Reading 47/1693: 	/scratch/frd_muziyao/SHUD-OpenMP/SHUD/Basins/heihe_x4/forcing/X97.45Y41.45.csv
	 Reading 48/1693: 	/scratch/frd_muziyao/SHUD-OpenMP/SHUD/Basins/heihe_x4/forcing/X97.45Y41.55.csv
	 Reading 49/1693: 	/scratch/frd_muziyao/SHUD-OpenMP/SHUD/Basins/heihe_x4/forcing/X97.45Y41.65.csv
	 Reading 50/1693: 	/scratch/frd_muziyao/SHUD-OpenMP/SHUD/Basins/heihe_x4/forcing/X97.45Y41.75.csv
	 Reading 51/1693: 	/scratch/frd_muziyao/SHUD-OpenMP/SHUD/Basins/heihe_x4/forcing/X97.45Y41.85.csv
	 Reading 52/1693: 	/scratch/frd_muziyao/SHUD-OpenMP/SHUD/Basins/heihe_x4/forcing/X97.45Y41.95.csv
	 Reading 53/1693: 	/scratch/frd_muziyao/SHUD-OpenMP/SHUD/Basins/heihe_x4/forcing/X97.45Y42.05.csv
	 Reading 54/1693: 	/scratch/frd_muziyao/SHUD-OpenMP/SHUD/Basins/heihe_x4/forcing/X97.45Y42.15.csv
	 Reading 55/1693: 	/scratch/frd_muziyao/SHUD-OpenMP/SHUD/Basins/heihe_x4/forcing/X97.45Y42.25.csv
	 Reading 56/1693: 	/scratch/frd_muziyao/SHUD-OpenMP/SHUD/Basins/heihe_x4/forcing/X97.55Y39.05.csv
	 Reading 57/1693: 	/scratch/frd_muziyao/SHUD-OpenMP/SHUD/Basins/heihe_x4/forcing/X97.55Y39.15.csv
	 Reading 58/1693: 	/scratch/frd_muziyao/SHUD-OpenMP/SHUD/Basins/heihe_x4/forcing/X97.55Y39.25.csv
	 Reading 59/1693: 	/scratch/frd_muziyao/SHUD-OpenMP/SHUD/Basins/heihe_x4/forcing/X97.55Y39.35.csv
	 Reading 60/1693: 	/scratch/frd_muziyao/SHUD-OpenMP/SHUD/Basins/heihe_x4/forcing/X97.55Y40.85.csv
	 Reading 61/1693: 	/scratch/frd_muziyao/SHUD-OpenMP/SHUD/Basins/heihe_x4/forcing/X97.55Y40.95.csv
	 Reading 62/1693: 	/scratch/frd_muziyao/SHUD-OpenMP/SHUD/Basins/heihe_x4/forcing/X97.55Y41.05.csv
	 Reading 63/1693: 	/scratch/frd_muziyao/SHUD-OpenMP/SHUD/Basins/heihe_x4/forcing/X97.55Y41.15.csv
	 Reading 64/1693: 	/scratch/frd_muziyao/SHUD-OpenMP/SHUD/Basins/heihe_x4/forcing/X97.55Y41.25.csv
	 Reading 65/1693: 	/scratch/frd_muziyao/SHUD-OpenMP/SHUD/Basins/heihe_x4/forcing/X97.55Y41.35.csv
	 Reading 66/1693: 	/scratch/frd_muziyao/SHUD-OpenMP/SHUD/Basins/heihe_x4/forcing/X97.55Y41.45.csv
	 Reading 67/1693: 	/scratch/frd_muziyao/SHUD-OpenMP/SHUD/Basins/heihe_x4/forcing/X97.55Y41.55.csv
	 Reading 68/1693: 	/scratch/frd_muziyao/SHUD-OpenMP/SHUD/Basins/heihe_x4/forcing/X97.55Y41.65.csv
	 Reading 69/1693: 	/scratch/frd_muziyao/SHUD-OpenMP/SHUD/Basins/heihe_x4/forcing/X97.55Y41.75.csv
	 Reading 70/1693: 	/scratch/frd_muziyao/SHUD-OpenMP/SHUD/Basins/heihe_x4/forcing/X97.55Y41.85.csv
	 Reading 71/1693: 	/scratch/frd_muziyao/SHUD-OpenMP/SHUD/Basins/heihe_x4/forcing/X97.55Y41.95.csv
	 Reading 72/1693: 	/scratch/frd_muziyao/SHUD-OpenMP/SHUD/Basins/heihe_x4/forcing/X97.55Y42.05.csv
	 Reading 73/1693: 	/scratch/frd_muziyao/SHUD-OpenMP/SHUD/Basins/heihe_x4/forcing/X97.55Y42.15.csv
	 Reading 74/1693: 	/scratch/frd_muziyao/SHUD-OpenMP/SHUD/Basins/heihe_x4/forcing/X97.55Y42.25.csv
	 Reading 75/1693: 	/scratch/frd_muziyao/SHUD-OpenMP/SHUD/Basins/heihe_x4/forcing/X97.65Y38.95.csv
	 Reading 76/1693: 	/scratch/frd_muziyao/SHUD-OpenMP/SHUD/Basins/heihe_x4/forcing/X97.65Y39.05.csv
	 Reading 77/1693: 	/scratch/frd_muziyao/SHUD-OpenMP/SHUD/Basins/heihe_x4/forcing/X97.65Y39.15.csv
	 Reading 78/1693: 	/scratch/frd_muziyao/SHUD-OpenMP/SHUD/Basins/heihe_x4/forcing/X97.65Y39.25.csv
	 Reading 79/1693: 	/scratch/frd_muziyao/SHUD-OpenMP/SHUD/Basins/heihe_x4/forcing/X97.65Y39.35.csv
	 Reading 80/1693: 	/scratch/frd_muziyao/SHUD-OpenMP/SHUD/Basins/heihe_x4/forcing/X97.65Y39.45.csv
	 Reading 81/1693: 	/scratch/frd_muziyao/SHUD-OpenMP/SHUD/Basins/heihe_x4/forcing/X97.65Y40.75.csv
	 Reading 82/1693: 	/scratch/frd_muziyao/SHUD-OpenMP/SHUD/Basins/heihe_x4/forcing/X97.65Y40.85.csv
	 Reading 83/1693: 	/scratch/frd_muziyao/SHUD-OpenMP/SHUD/Basins/heihe_x4/forcing/X97.65Y40.95.csv
	 Reading 84/1693: 	/scratch/frd_muziyao/SHUD-OpenMP/SHUD/Basins/heihe_x4/forcing/X97.65Y41.05.csv
	 Reading 85/1693: 	/scratch/frd_muziyao/SHUD-OpenMP/SHUD/Basins/heihe_x4/forcing/X97.65Y41.15.csv
	 Reading 86/1693: 	/scratch/frd_muziyao/SHUD-OpenMP/SHUD/Basins/heihe_x4/forcing/X97.65Y41.25.csv
	 Reading 87/1693: 	/scratch/frd_muziyao/SHUD-OpenMP/SHUD/Basins/heihe_x4/forcing/X97.65Y41.35.csv
	 Reading 88/1693: 	/scratch/frd_muziyao/SHUD-OpenMP/SHUD/Basins/heihe_x4/forcing/X97.65Y41.45.csv
	 Reading 89/1693: 	/scratch/frd_muziyao/SHUD-OpenMP/SHUD/Basins/heihe_x4/forcing/X97.65Y41.55.csv
	 Reading 90/1693: 	/scratch/frd_muziyao/SHUD-OpenMP/SHUD/Basins/heihe_x4/forcing/X97.65Y41.65.csv
	 Reading 91/1693: 	/scratch/frd_muziyao/SHUD-OpenMP/SHUD/Basins/heihe_x4/forcing/X97.65Y41.75.csv
	 Reading 92/1693: 	/scratch/frd_muziyao/SHUD-OpenMP/SHUD/Basins/heihe_x4/forcing/X97.65Y41.85.csv
	 Reading 93/1693: 	/scratch/frd_muziyao/SHUD-OpenMP/SHUD/Basins/heihe_x4/forcing/X97.65Y41.95.csv
	 Reading 94/1693: 	/scratch/frd_muziyao/SHUD-OpenMP/SHUD/Basins/heihe_x4/forcing/X97.65Y42.05.csv
	 Reading 95/1693: 	/scratch/frd_muziyao/SHUD-OpenMP/SHUD/Basins/heihe_x4/forcing/X97.65Y42.15.csv
	 Reading 96/1693: 	/scratch/frd_muziyao/SHUD-OpenMP/SHUD/Basins/heihe_x4/forcing/X97.65Y42.25.csv
	 Reading 97/1693: 	/scratch/frd_muziyao/SHUD-OpenMP/SHUD/Basins/heihe_x4/forcing/X97.75Y38.95.csv
	 Reading 98/1693: 	/scratch/frd_muziyao/SHUD-OpenMP/SHUD/Basins/heihe_x4/forcing/X97.75Y39.05.csv
	 Reading 99/1693: 	/scratch/frd_muziyao/SHUD-OpenMP/SHUD/Basins/heihe_x4/forcing/X97.75Y39.15.csv
	 Reading 100/1693: 	/scratch/frd_muziyao/SHUD-OpenMP/SHUD/Basins/heihe_x4/forcing/X97.75Y39.25.csv
	 Reading 101/1693: 	/scratch/frd_muziyao/SHUD-OpenMP/SHUD/Basins/heihe_x4/forcing/X97.75Y39.35.csv
	 Reading 102/1693: 	/scratch/frd_muziyao/SHUD-OpenMP/SHUD/Basins/heihe_x4/forcing/X97.75Y39.45.csv
	 Reading 103/1693: 	/scratch/frd_muziyao/SHUD-OpenMP/SHUD/Basins/heihe_x4/forcing/X97.75Y39.55.csv
	 Reading 104/1693: 	/scratch/frd_muziyao/SHUD-OpenMP/SHUD/Basins/heihe_x4/forcing/X97.75Y39.65.csv
	 Reading 105/1693: 	/scratch/frd_muziyao/SHUD-OpenMP/SHUD/Basins/heihe_x4/forcing/X97.75Y39.75.csv
	 Reading 106/1693: 	/scratch/frd_muziyao/SHUD-OpenMP/SHUD/Basins/heihe_x4/forcing/X97.75Y39.85.csv
	 Reading 107/1693: 	/scratch/frd_muziyao/SHUD-OpenMP/SHUD/Basins/heihe_x4/forcing/X97.75Y40.75.csv
	 Reading 108/1693: 	/scratch/frd_muziyao/SHUD-OpenMP/SHUD/Basins/heihe_x4/forcing/X97.75Y40.85.csv
	 Reading 109/1693: 	/scratch/frd_muziyao/SHUD-OpenMP/SHUD/Basins/heihe_x4/forcing/X97.75Y40.95.csv
	 Reading 110/1693: 	/scratch/frd_muziyao/SHUD-OpenMP/SHUD/Basins/heihe_x4/forcing/X97.75Y41.05.csv
	 Reading 111/1693: 	/scratch/frd_muziyao/SHUD-OpenMP/SHUD/Basins/heihe_x4/forcing/X97.75Y41.15.csv
	 Reading 112/1693: 	/scratch/frd_muziyao/SHUD-OpenMP/SHUD/Basins/heihe_x4/forcing/X97.75Y41.25.csv
	 Reading 113/1693: 	/scratch/frd_muziyao/SHUD-OpenMP/SHUD/Basins/heihe_x4/forcing/X97.75Y41.35.csv
	 Reading 114/1693: 	/scratch/frd_muziyao/SHUD-OpenMP/SHUD/Basins/heihe_x4/forcing/X97.75Y41.45.csv
	 Reading 115/1693: 	/scratch/frd_muziyao/SHUD-OpenMP/SHUD/Basins/heihe_x4/forcing/X97.75Y41.55.csv
	 Reading 116/1693: 	/scratch/frd_muziyao/SHUD-OpenMP/SHUD/Basins/heihe_x4/forcing/X97.75Y41.65.csv
	 Reading 117/1693: 	/scratch/frd_muziyao/SHUD-OpenMP/SHUD/Basins/heihe_x4/forcing/X97.75Y41.75.csv
	 Reading 118/1693: 	/scratch/frd_muziyao/SHUD-OpenMP/SHUD/Basins/heihe_x4/forcing/X97.75Y41.85.csv
	 Reading 119/1693: 	/scratch/frd_muziyao/SHUD-OpenMP/SHUD/Basins/heihe_x4/forcing/X97.75Y41.95.csv
	 Reading 120/1693: 	/scratch/frd_muziyao/SHUD-OpenMP/SHUD/Basins/heihe_x4/forcing/X97.75Y42.05.csv
	 Reading 121/1693: 	/scratch/frd_muziyao/SHUD-OpenMP/SHUD/Basins/heihe_x4/forcing/X97.75Y42.15.csv
	 Reading 122/1693: 	/scratch/frd_muziyao/SHUD-OpenMP/SHUD/Basins/heihe_x4/forcing/X97.75Y42.25.csv
	 Reading 123/1693: 	/scratch/frd_muziyao/SHUD-OpenMP/SHUD/Basins/heihe_x4/forcing/X97.85Y38.85.csv
	 Reading 124/1693: 	/scratch/frd_muziyao/SHUD-OpenMP/SHUD/Basins/heihe_x4/forcing/X97.85Y38.95.csv
	 Reading 125/1693: 	/scratch/frd_muziyao/SHUD-OpenMP/SHUD/Basins/heihe_x4/forcing/X97.85Y39.05.csv
	 Reading 126/1693: 	/scratch/frd_muziyao/SHUD-OpenMP/SHUD/Basins/heihe_x4/forcing/X97.85Y39.15.csv
	 Reading 127/1693: 	/scratch/frd_muziyao/SHUD-OpenMP/SHUD/Basins/heihe_x4/forcing/X97.85Y39.25.csv
	 Reading 128/1693: 	/scratch/frd_muziyao/SHUD-OpenMP/SHUD/Basins/heihe_x4/forcing/X97.85Y39.35.csv
	 Reading 129/1693: 	/scratch/frd_muziyao/SHUD-OpenMP/SHUD/Basins/heihe_x4/forcing/X97.85Y39.45.csv
	 Reading 130/1693: 	/scratch/frd_muziyao/SHUD-OpenMP/SHUD/Basins/heihe_x4/forcing/X97.85Y39.55.csv
	 Reading 131/1693: 	/scratch/frd_muziyao/SHUD-OpenMP/SHUD/Basins/heihe_x4/forcing/X97.85Y39.65.csv
	 Reading 132/1693: 	/scratch/frd_muziyao/SHUD-OpenMP/SHUD/Basins/heihe_x4/forcing/X97.85Y39.75.csv
	 Reading 133/1693: 	/scratch/frd_muziyao/SHUD-OpenMP/SHUD/Basins/heihe_x4/forcing/X97.85Y39.85.csv
	 Reading 134/1693: 	/scratch/frd_muziyao/SHUD-OpenMP/SHUD/Basins/heihe_x4/forcing/X97.85Y39.95.csv
	 Reading 135/1693: 	/scratch/frd_muziyao/SHUD-OpenMP/SHUD/Basins/heihe_x4/forcing/X97.85Y40.75.csv
	 Reading 136/1693: 	/scratch/frd_muziyao/SHUD-OpenMP/SHUD/Basins/heihe_x4/forcing/X97.85Y40.85.csv
	 Reading 137/1693: 	/scratch/frd_muziyao/SHUD-OpenMP/SHUD/Basins/heihe_x4/forcing/X97.85Y40.95.csv
	 Reading 138/1693: 	/scratch/frd_muziyao/SHUD-OpenMP/SHUD/Basins/heihe_x4/forcing/X97.85Y41.05.csv
	 Reading 139/1693: 	/scratch/frd_muziyao/SHUD-OpenMP/SHUD/Basins/heihe_x4/forcing/X97.85Y41.15.csv
	 Reading 140/1693: 	/scratch/frd_muziyao/SHUD-OpenMP/SHUD/Basins/heihe_x4/forcing/X97.85Y41.25.csv
	 Reading 141/1693: 	/scratch/frd_muziyao/SHUD-OpenMP/SHUD/Basins/heihe_x4/forcing/X97.85Y41.35.csv
	 Reading 142/1693: 	/scratch/frd_muziyao/SHUD-OpenMP/SHUD/Basins/heihe_x4/forcing/X97.85Y41.45.csv
	 Reading 143/1693: 	/scratch/frd_muziyao/SHUD-OpenMP/SHUD/Basins/heihe_x4/forcing/X97.85Y41.55.csv
	 Reading 144/1693: 	/scratch/frd_muziyao/SHUD-OpenMP/SHUD/Basins/heihe_x4/forcing/X97.85Y41.65.csv
	 Reading 145/1693: 	/scratch/frd_muziyao/SHUD-OpenMP/SHUD/Basins/heihe_x4/forcing/X97.85Y41.75.csv
	 Reading 146/1693: 	/scratch/frd_muziyao/SHUD-OpenMP/SHUD/Basins/heihe_x4/forcing/X97.85Y41.85.csv
	 Reading 147/1693: 	/scratch/frd_muziyao/SHUD-OpenMP/SHUD/Basins/heihe_x4/forcing/X97.85Y41.95.csv
	 Reading 148/1693: 	/scratch/frd_muziyao/SHUD-OpenMP/SHUD/Basins/heihe_x4/forcing/X97.85Y42.05.csv
	 Reading 149/1693: 	/scratch/frd_muziyao/SHUD-OpenMP/SHUD/Basins/heihe_x4/forcing/X97.85Y42.15.csv
	 Reading 150/1693: 	/scratch/frd_muziyao/SHUD-OpenMP/SHUD/Basins/heihe_x4/forcing/X97.85Y42.25.csv
	 Reading 151/1693: 	/scratch/frd_muziyao/SHUD-OpenMP/SHUD/Basins/heihe_x4/forcing/X97.95Y38.85.csv
	 Reading 152/1693: 	/scratch/frd_muziyao/SHUD-OpenMP/SHUD/Basins/heihe_x4/forcing/X97.95Y38.95.csv
	 Reading 153/1693: 	/scratch/frd_muziyao/SHUD-OpenMP/SHUD/Basins/heihe_x4/forcing/X97.95Y39.05.csv
	 Reading 154/1693: 	/scratch/frd_muziyao/SHUD-OpenMP/SHUD/Basins/heihe_x4/forcing/X97.95Y39.15.csv
	 Reading 155/1693: 	/scratch/frd_muziyao/SHUD-OpenMP/SHUD/Basins/heihe_x4/forcing/X97.95Y39.25.csv
	 Reading 156/1693: 	/scratch/frd_muziyao/SHUD-OpenMP/SHUD/Basins/heihe_x4/forcing/X97.95Y39.35.csv
	 Reading 157/1693: 	/scratch/frd_muziyao/SHUD-OpenMP/SHUD/Basins/heihe_x4/forcing/X97.95Y39.45.csv
	 Reading 158/1693: 	/scratch/frd_muziyao/SHUD-OpenMP/SHUD/Basins/heihe_x4/forcing/X97.95Y39.55.csv
	 Reading 159/1693: 	/scratch/frd_muziyao/SHUD-OpenMP/SHUD/Basins/heihe_x4/forcing/X97.95Y39.65.csv
	 Reading 160/1693: 	/scratch/frd_muziyao/SHUD-OpenMP/SHUD/Basins/heihe_x4/forcing/X97.95Y39.75.csv
	 Reading 161/1693: 	/scratch/frd_muziyao/SHUD-OpenMP/SHUD/Basins/heihe_x4/forcing/X97.95Y39.85.csv
	 Reading 162/1693: 	/scratch/frd_muziyao/SHUD-OpenMP/SHUD/Basins/heihe_x4/forcing/X97.95Y39.95.csv
	 Reading 163/1693: 	/scratch/frd_muziyao/SHUD-OpenMP/SHUD/Basins/heihe_x4/forcing/X97.95Y40.75.csv
	 Reading 164/1693: 	/scratch/frd_muziyao/SHUD-OpenMP/SHUD/Basins/heihe_x4/forcing/X97.95Y40.85.csv
	 Reading 165/1693: 	/scratch/frd_muziyao/SHUD-OpenMP/SHUD/Basins/heihe_x4/forcing/X97.95Y40.95.csv
	 Reading 166/1693: 	/scratch/frd_muziyao/SHUD-OpenMP/SHUD/Basins/heihe_x4/forcing/X97.95Y41.05.csv
	 Reading 167/1693: 	/scratch/frd_muziyao/SHUD-OpenMP/SHUD/Basins/heihe_x4/forcing/X97.95Y41.15.csv
	 Reading 168/1693: 	/scratch/frd_muziyao/SHUD-OpenMP/SHUD/Basins/heihe_x4/forcing/X97.95Y41.25.csv
	 Reading 169/1693: 	/scratch/frd_muziyao/SHUD-OpenMP/SHUD/Basins/heihe_x4/forcing/X97.95Y41.35.csv
	 Reading 170/1693: 	/scratch/frd_muziyao/SHUD-OpenMP/SHUD/Basins/heihe_x4/forcing/X97.95Y41.45.csv
	 Reading 171/1693: 	/scratch/frd_muziyao/SHUD-OpenMP/SHUD/Basins/heihe_x4/forcing/X97.95Y41.55.csv
	 Reading 172/1693: 	/scratch/frd_muziyao/SHUD-OpenMP/SHUD/Basins/heihe_x4/forcing/X97.95Y41.65.csv
	 Reading 173/1693: 	/scratch/frd_muziyao/SHUD-OpenMP/SHUD/Basins/heihe_x4/forcing/X97.95Y41.75.csv
	 Reading 174/1693: 	/scratch/frd_muziyao/SHUD-OpenMP/SHUD/Basins/heihe_x4/forcing/X97.95Y41.85.csv
	 Reading 175/1693: 	/scratch/frd_muziyao/SHUD-OpenMP/SHUD/Basins/heihe_x4/forcing/X97.95Y41.95.csv
	 Reading 176/1693: 	/scratch/frd_muziyao/SHUD-OpenMP/SHUD/Basins/heihe_x4/forcing/X97.95Y42.05.csv
	 Reading 177/1693: 	/scratch/frd_muziyao/SHUD-OpenMP/SHUD/Basins/heihe_x4/forcing/X97.95Y42.15.csv
	 Reading 178/1693: 	/scratch/frd_muziyao/SHUD-OpenMP/SHUD/Basins/heihe_x4/forcing/X97.95Y42.25.csv
	 Reading 179/1693: 	/scratch/frd_muziyao/SHUD-OpenMP/SHUD/Basins/heihe_x4/forcing/X97.95Y42.35.csv
	 Reading 180/1693: 	/scratch/frd_muziyao/SHUD-OpenMP/SHUD/Basins/heihe_x4/forcing/X98.05Y38.75.csv
	 Reading 181/1693: 	/scratch/frd_muziyao/SHUD-OpenMP/SHUD/Basins/heihe_x4/forcing/X98.05Y38.85.csv
	 Reading 182/1693: 	/scratch/frd_muziyao/SHUD-OpenMP/SHUD/Basins/heihe_x4/forcing/X98.05Y38.95.csv
	 Reading 183/1693: 	/scratch/frd_muziyao/SHUD-OpenMP/SHUD/Basins/heihe_x4/forcing/X98.05Y39.05.csv
	 Reading 184/1693: 	/scratch/frd_muziyao/SHUD-OpenMP/SHUD/Basins/heihe_x4/forcing/X98.05Y39.15.csv
	 Reading 185/1693: 	/scratch/frd_muziyao/SHUD-OpenMP/SHUD/Basins/heihe_x4/forcing/X98.05Y39.25.csv
	 Reading 186/1693: 	/scratch/frd_muziyao/SHUD-OpenMP/SHUD/Basins/heihe_x4/forcing/X98.05Y39.35.csv
	 Reading 187/1693: 	/scratch/frd_muziyao/SHUD-OpenMP/SHUD/Basins/heihe_x4/forcing/X98.05Y39.45.csv
	 Reading 188/1693: 	/scratch/frd_muziyao/SHUD-OpenMP/SHUD/Basins/heihe_x4/forcing/X98.05Y39.55.csv
	 Reading 189/1693: 	/scratch/frd_muziyao/SHUD-OpenMP/SHUD/Basins/heihe_x4/forcing/X98.05Y39.65.csv
	 Reading 190/1693: 	/scratch/frd_muziyao/SHUD-OpenMP/SHUD/Basins/heihe_x4/forcing/X98.05Y39.75.csv
	 Reading 191/1693: 	/scratch/frd_muziyao/SHUD-OpenMP/SHUD/Basins/heihe_x4/forcing/X98.05Y39.85.csv
	 Reading 192/1693: 	/scratch/frd_muziyao/SHUD-OpenMP/SHUD/Basins/heihe_x4/forcing/X98.05Y39.95.csv
	 Reading 193/1693: 	/scratch/frd_muziyao/SHUD-OpenMP/SHUD/Basins/heihe_x4/forcing/X98.05Y40.65.csv
	 Reading 194/1693: 	/scratch/frd_muziyao/SHUD-OpenMP/SHUD/Basins/heihe_x4/forcing/X98.05Y40.75.csv
	 Reading 195/1693: 	/scratch/frd_muziyao/SHUD-OpenMP/SHUD/Basins/heihe_x4/forcing/X98.05Y40.85.csv
	 Reading 196/1693: 	/scratch/frd_muziyao/SHUD-OpenMP/SHUD/Basins/heihe_x4/forcing/X98.05Y40.95.csv
	 Reading 197/1693: 	/scratch/frd_muziyao/SHUD-OpenMP/SHUD/Basins/heihe_x4/forcing/X98.05Y41.05.csv
	 Reading 198/1693: 	/scratch/frd_muziyao/SHUD-OpenMP/SHUD/Basins/heihe_x4/forcing/X98.05Y41.15.csv
	 Reading 199/1693: 	/scratch/frd_muziyao/SHUD-OpenMP/SHUD/Basins/heihe_x4/forcing/X98.05Y41.25.csv
	 Reading 200/1693: 	/scratch/frd_muziyao/SHUD-OpenMP/SHUD/Basins/heihe_x4/forcing/X98.05Y41.35.csv
	 Reading 201/1693: 	/scratch/frd_muziyao/SHUD-OpenMP/SHUD/Basins/heihe_x4/forcing/X98.05Y41.45.csv
	 Reading 202/1693: 	/scratch/frd_muziyao/SHUD-OpenMP/SHUD/Basins/heihe_x4/forcing/X98.05Y41.55.csv
	 Reading 203/1693: 	/scratch/frd_muziyao/SHUD-OpenMP/SHUD/Basins/heihe_x4/forcing/X98.05Y41.65.csv
	 Reading 204/1693: 	/scratch/frd_muziyao/SHUD-OpenMP/SHUD/Basins/heihe_x4/forcing/X98.05Y41.75.csv
	 Reading 205/1693: 	/scratch/frd_muziyao/SHUD-OpenMP/SHUD/Basins/heihe_x4/forcing/X98.05Y41.85.csv
	 Reading 206/1693: 	/scratch/frd_muziyao/SHUD-OpenMP/SHUD/Basins/heihe_x4/forcing/X98.05Y41.95.csv
	 Reading 207/1693: 	/scratch/frd_muziyao/SHUD-OpenMP/SHUD/Basins/heihe_x4/forcing/X98.05Y42.05.csv
	 Reading 208/1693: 	/scratch/frd_muziyao/SHUD-OpenMP/SHUD/Basins/heihe_x4/forcing/X98.05Y42.15.csv
	 Reading 209/1693: 	/scratch/frd_muziyao/SHUD-OpenMP/SHUD/Basins/heihe_x4/forcing/X98.05Y42.25.csv
	 Reading 210/1693: 	/scratch/frd_muziyao/SHUD-OpenMP/SHUD/Basins/heihe_x4/forcing/X98.05Y42.35.csv
	 Reading 211/1693: 	/scratch/frd_muziyao/SHUD-OpenMP/SHUD/Basins/heihe_x4/forcing/X98.05Y42.45.csv
	 Reading 212/1693: 	/scratch/frd_muziyao/SHUD-OpenMP/SHUD/Basins/heihe_x4/forcing/X98.15Y38.65.csv
	 Reading 213/1693: 	/scratch/frd_muziyao/SHUD-OpenMP/SHUD/Basins/heihe_x4/forcing/X98.15Y38.75.csv
	 Reading 214/1693: 	/scratch/frd_muziyao/SHUD-OpenMP/SHUD/Basins/heihe_x4/forcing/X98.15Y38.85.csv
	 Reading 215/1693: 	/scratch/frd_muziyao/SHUD-OpenMP/SHUD/Basins/heihe_x4/forcing/X98.15Y38.95.csv
	 Reading 216/1693: 	/scratch/frd_muziyao/SHUD-OpenMP/SHUD/Basins/heihe_x4/forcing/X98.15Y39.05.csv
	 Reading 217/1693: 	/scratch/frd_muziyao/SHUD-OpenMP/SHUD/Basins/heihe_x4/forcing/X98.15Y39.15.csv
	 Reading 218/1693: 	/scratch/frd_muziyao/SHUD-OpenMP/SHUD/Basins/heihe_x4/forcing/X98.15Y39.25.csv
	 Reading 219/1693: 	/scratch/frd_muziyao/SHUD-OpenMP/SHUD/Basins/heihe_x4/forcing/X98.15Y39.35.csv
	 Reading 220/1693: 	/scratch/frd_muziyao/SHUD-OpenMP/SHUD/Basins/heihe_x4/forcing/X98.15Y39.45.csv
	 Reading 221/1693: 	/scratch/frd_muziyao/SHUD-OpenMP/SHUD/Basins/heihe_x4/forcing/X98.15Y39.55.csv
	 Reading 222/1693: 	/scratch/frd_muziyao/SHUD-OpenMP/SHUD/Basins/heihe_x4/forcing/X98.15Y39.65.csv
	 Reading 223/1693: 	/scratch/frd_muziyao/SHUD-OpenMP/SHUD/Basins/heihe_x4/forcing/X98.15Y39.75.csv
	 Reading 224/1693: 	/scratch/frd_muziyao/SHUD-OpenMP/SHUD/Basins/heihe_x4/forcing/X98.15Y39.85.csv
	 Reading 225/1693: 	/scratch/frd_muziyao/SHUD-OpenMP/SHUD/Basins/heihe_x4/forcing/X98.15Y39.95.csv
	 Reading 226/1693: 	/scratch/frd_muziyao/SHUD-OpenMP/SHUD/Basins/heihe_x4/forcing/X98.15Y40.65.csv
	 Reading 227/1693: 	/scratch/frd_muziyao/SHUD-OpenMP/SHUD/Basins/heihe_x4/forcing/X98.15Y40.75.csv
	 Reading 228/1693: 	/scratch/frd_muziyao/SHUD-OpenMP/SHUD/Basins/heihe_x4/forcing/X98.15Y40.85.csv
	 Reading 229/1693: 	/scratch/frd_muziyao/SHUD-OpenMP/SHUD/Basins/heihe_x4/forcing/X98.15Y40.95.csv
	 Reading 230/1693: 	/scratch/frd_muziyao/SHUD-OpenMP/SHUD/Basins/heihe_x4/forcing/X98.15Y41.05.csv
	 Reading 231/1693: 	/scratch/frd_muziyao/SHUD-OpenMP/SHUD/Basins/heihe_x4/forcing/X98.15Y41.15.csv
	 Reading 232/1693: 	/scratch/frd_muziyao/SHUD-OpenMP/SHUD/Basins/heihe_x4/forcing/X98.15Y41.25.csv
	 Reading 233/1693: 	/scratch/frd_muziyao/SHUD-OpenMP/SHUD/Basins/heihe_x4/forcing/X98.15Y41.35.csv
	 Reading 234/1693: 	/scratch/frd_muziyao/SHUD-OpenMP/SHUD/Basins/heihe_x4/forcing/X98.15Y41.45.csv
	 Reading 235/1693: 	/scratch/frd_muziyao/SHUD-OpenMP/SHUD/Basins/heihe_x4/forcing/X98.15Y41.55.csv
	 Reading 236/1693: 	/scratch/frd_muziyao/SHUD-OpenMP/SHUD/Basins/heihe_x4/forcing/X98.15Y41.65.csv
	 Reading 237/1693: 	/scratch/frd_muziyao/SHUD-OpenMP/SHUD/Basins/heihe_x4/forcing/X98.15Y41.75.csv
	 Reading 238/1693: 	/scratch/frd_muziyao/SHUD-OpenMP/SHUD/Basins/heihe_x4/forcing/X98.15Y41.85.csv
	 Reading 239/1693: 	/scratch/frd_muziyao/SHUD-OpenMP/SHUD/Basins/heihe_x4/forcing/X98.15Y41.95.csv
	 Reading 240/1693: 	/scratch/frd_muziyao/SHUD-OpenMP/SHUD/Basins/heihe_x4/forcing/X98.15Y42.05.csv
	 Reading 241/1693: 	/scratch/frd_muziyao/SHUD-OpenMP/SHUD/Basins/heihe_x4/forcing/X98.15Y42.15.csv
	 Reading 242/1693: 	/scratch/frd_muziyao/SHUD-OpenMP/SHUD/Basins/heihe_x4/forcing/X98.15Y42.25.csv
	 Reading 243/1693: 	/scratch/frd_muziyao/SHUD-OpenMP/SHUD/Basins/heihe_x4/forcing/X98.15Y42.35.csv
	 Reading 244/1693: 	/scratch/frd_muziyao/SHUD-OpenMP/SHUD/Basins/heihe_x4/forcing/X98.15Y42.45.csv
	 Reading 245/1693: 	/scratch/frd_muziyao/SHUD-OpenMP/SHUD/Basins/heihe_x4/forcing/X98.25Y38.65.csv
	 Reading 246/1693: 	/scratch/frd_muziyao/SHUD-OpenMP/SHUD/Basins/heihe_x4/forcing/X98.25Y38.75.csv
	 Reading 247/1693: 	/scratch/frd_muziyao/SHUD-OpenMP/SHUD/Basins/heihe_x4/forcing/X98.25Y38.85.csv
	 Reading 248/1693: 	/scratch/frd_muziyao/SHUD-OpenMP/SHUD/Basins/heihe_x4/forcing/X98.25Y38.95.csv
	 Reading 249/1693: 	/scratch/frd_muziyao/SHUD-OpenMP/SHUD/Basins/heihe_x4/forcing/X98.25Y39.05.csv
	 Reading 250/1693: 	/scratch/frd_muziyao/SHUD-OpenMP/SHUD/Basins/heihe_x4/forcing/X98.25Y39.15.csv
	 Reading 251/1693: 	/scratch/frd_muziyao/SHUD-OpenMP/SHUD/Basins/heihe_x4/forcing/X98.25Y39.25.csv
	 Reading 252/1693: 	/scratch/frd_muziyao/SHUD-OpenMP/SHUD/Basins/heihe_x4/forcing/X98.25Y39.35.csv
	 Reading 253/1693: 	/scratch/frd_muziyao/SHUD-OpenMP/SHUD/Basins/heihe_x4/forcing/X98.25Y39.45.csv
	 Reading 254/1693: 	/scratch/frd_muziyao/SHUD-OpenMP/SHUD/Basins/heihe_x4/forcing/X98.25Y39.55.csv
	 Reading 255/1693: 	/scratch/frd_muziyao/SHUD-OpenMP/SHUD/Basins/heihe_x4/forcing/X98.25Y39.65.csv
	 Reading 256/1693: 	/scratch/frd_muziyao/SHUD-OpenMP/SHUD/Basins/heihe_x4/forcing/X98.25Y39.75.csv
	 Reading 257/1693: 	/scratch/frd_muziyao/SHUD-OpenMP/SHUD/Basins/heihe_x4/forcing/X98.25Y39.85.csv
	 Reading 258/1693: 	/scratch/frd_muziyao/SHUD-OpenMP/SHUD/Basins/heihe_x4/forcing/X98.25Y39.95.csv
	 Reading 259/1693: 	/scratch/frd_muziyao/SHUD-OpenMP/SHUD/Basins/heihe_x4/forcing/X98.25Y40.05.csv
	 Reading 260/1693: 	/scratch/frd_muziyao/SHUD-OpenMP/SHUD/Basins/heihe_x4/forcing/X98.25Y40.75.csv
	 Reading 261/1693: 	/scratch/frd_muziyao/SHUD-OpenMP/SHUD/Basins/heihe_x4/forcing/X98.25Y40.85.csv
	 Reading 262/1693: 	/scratch/frd_muziyao/SHUD-OpenMP/SHUD/Basins/heihe_x4/forcing/X98.25Y40.95.csv
	 Reading 263/1693: 	/scratch/frd_muziyao/SHUD-OpenMP/SHUD/Basins/heihe_x4/forcing/X98.25Y41.05.csv
	 Reading 264/1693: 	/scratch/frd_muziyao/SHUD-OpenMP/SHUD/Basins/heihe_x4/forcing/X98.25Y41.15.csv
	 Reading 265/1693: 	/scratch/frd_muziyao/SHUD-OpenMP/SHUD/Basins/heihe_x4/forcing/X98.25Y41.25.csv
	 Reading 266/1693: 	/scratch/frd_muziyao/SHUD-OpenMP/SHUD/Basins/heihe_x4/forcing/X98.25Y41.35.csv
	 Reading 267/1693: 	/scratch/frd_muziyao/SHUD-OpenMP/SHUD/Basins/heihe_x4/forcing/X98.25Y41.45.csv
	 Reading 268/1693: 	/scratch/frd_muziyao/SHUD-OpenMP/SHUD/Basins/heihe_x4/forcing/X98.25Y41.55.csv
	 Reading 269/1693: 	/scratch/frd_muziyao/SHUD-OpenMP/SHUD/Basins/heihe_x4/forcing/X98.25Y41.65.csv
	 Reading 270/1693: 	/scratch/frd_muziyao/SHUD-OpenMP/SHUD/Basins/heihe_x4/forcing/X98.25Y41.75.csv
	 Reading 271/1693: 	/scratch/frd_muziyao/SHUD-OpenMP/SHUD/Basins/heihe_x4/forcing/X98.25Y41.85.csv
	 Reading 272/1693: 	/scratch/frd_muziyao/SHUD-OpenMP/SHUD/Basins/heihe_x4/forcing/X98.25Y41.95.csv
	 Reading 273/1693: 	/scratch/frd_muziyao/SHUD-OpenMP/SHUD/Basins/heihe_x4/forcing/X98.25Y42.05.csv
	 Reading 274/1693: 	/scratch/frd_muziyao/SHUD-OpenMP/SHUD/Basins/heihe_x4/forcing/X98.25Y42.15.csv
	 Reading 275/1693: 	/scratch/frd_muziyao/SHUD-OpenMP/SHUD/Basins/heihe_x4/forcing/X98.25Y42.25.csv
	 Reading 276/1693: 	/scratch/frd_muziyao/SHUD-OpenMP/SHUD/Basins/heihe_x4/forcing/X98.25Y42.35.csv
	 Reading 277/1693: 	/scratch/frd_muziyao/SHUD-OpenMP/SHUD/Basins/heihe_x4/forcing/X98.25Y42.45.csv
	 Reading 278/1693: 	/scratch/frd_muziyao/SHUD-OpenMP/SHUD/Basins/heihe_x4/forcing/X98.35Y38.55.csv
	 Reading 279/1693: 	/scratch/frd_muziyao/SHUD-OpenMP/SHUD/Basins/heihe_x4/forcing/X98.35Y38.65.csv
	 Reading 280/1693: 	/scratch/frd_muziyao/SHUD-OpenMP/SHUD/Basins/heihe_x4/forcing/X98.35Y38.75.csv
	 Reading 281/1693: 	/scratch/frd_muziyao/SHUD-OpenMP/SHUD/Basins/heihe_x4/forcing/X98.35Y38.85.csv
	 Reading 282/1693: 	/scratch/frd_muziyao/SHUD-OpenMP/SHUD/Basins/heihe_x4/forcing/X98.35Y38.95.csv
	 Reading 283/1693: 	/scratch/frd_muziyao/SHUD-OpenMP/SHUD/Basins/heihe_x4/forcing/X98.35Y39.05.csv
	 Reading 284/1693: 	/scratch/frd_muziyao/SHUD-OpenMP/SHUD/Basins/heihe_x4/forcing/X98.35Y39.15.csv
	 Reading 285/1693: 	/scratch/frd_muziyao/SHUD-OpenMP/SHUD/Basins/heihe_x4/forcing/X98.35Y39.25.csv
	 Reading 286/1693: 	/scratch/frd_muziyao/SHUD-OpenMP/SHUD/Basins/heihe_x4/forcing/X98.35Y39.35.csv
	 Reading 287/1693: 	/scratch/frd_muziyao/SHUD-OpenMP/SHUD/Basins/heihe_x4/forcing/X98.35Y39.45.csv
	 Reading 288/1693: 	/scratch/frd_muziyao/SHUD-OpenMP/SHUD/Basins/heihe_x4/forcing/X98.35Y39.55.csv
	 Reading 289/1693: 	/scratch/frd_muziyao/SHUD-OpenMP/SHUD/Basins/heihe_x4/forcing/X98.35Y39.65.csv
	 Reading 290/1693: 	/scratch/frd_muziyao/SHUD-OpenMP/SHUD/Basins/heihe_x4/forcing/X98.35Y39.75.csv
	 Reading 291/1693: 	/scratch/frd_muziyao/SHUD-OpenMP/SHUD/Basins/heihe_x4/forcing/X98.35Y39.85.csv
	 Reading 292/1693: 	/scratch/frd_muziyao/SHUD-OpenMP/SHUD/Basins/heihe_x4/forcing/X98.35Y39.95.csv
	 Reading 293/1693: 	/scratch/frd_muziyao/SHUD-OpenMP/SHUD/Basins/heihe_x4/forcing/X98.35Y40.05.csv
	 Reading 294/1693: 	/scratch/frd_muziyao/SHUD-OpenMP/SHUD/Basins/heihe_x4/forcing/X98.35Y40.15.csv
	 Reading 295/1693: 	/scratch/frd_muziyao/SHUD-OpenMP/SHUD/Basins/heihe_x4/forcing/X98.35Y40.65.csv
	 Reading 296/1693: 	/scratch/frd_muziyao/SHUD-OpenMP/SHUD/Basins/heihe_x4/forcing/X98.35Y40.75.csv
	 Reading 297/1693: 	/scratch/frd_muziyao/SHUD-OpenMP/SHUD/Basins/heihe_x4/forcing/X98.35Y40.85.csv
	 Reading 298/1693: 	/scratch/frd_muziyao/SHUD-OpenMP/SHUD/Basins/heihe_x4/forcing/X98.35Y40.95.csv
	 Reading 299/1693: 	/scratch/frd_muziyao/SHUD-OpenMP/SHUD/Basins/heihe_x4/forcing/X98.35Y41.05.csv
	 Reading 300/1693: 	/scratch/frd_muziyao/SHUD-OpenMP/SHUD/Basins/heihe_x4/forcing/X98.35Y41.15.csv
	 Reading 301/1693: 	/scratch/frd_muziyao/SHUD-OpenMP/SHUD/Basins/heihe_x4/forcing/X98.35Y41.25.csv
	 Reading 302/1693: 	/scratch/frd_muziyao/SHUD-OpenMP/SHUD/Basins/heihe_x4/forcing/X98.35Y41.35.csv
	 Reading 303/1693: 	/scratch/frd_muziyao/SHUD-OpenMP/SHUD/Basins/heihe_x4/forcing/X98.35Y41.45.csv
	 Reading 304/1693: 	/scratch/frd_muziyao/SHUD-OpenMP/SHUD/Basins/heihe_x4/forcing/X98.35Y41.55.csv
	 Reading 305/1693: 	/scratch/frd_muziyao/SHUD-OpenMP/SHUD/Basins/heihe_x4/forcing/X98.35Y41.65.csv
	 Reading 306/1693: 	/scratch/frd_muziyao/SHUD-OpenMP/SHUD/Basins/heihe_x4/forcing/X98.35Y41.75.csv
	 Reading 307/1693: 	/scratch/frd_muziyao/SHUD-OpenMP/SHUD/Basins/heihe_x4/forcing/X98.35Y41.85.csv
	 Reading 308/1693: 	/scratch/frd_muziyao/SHUD-OpenMP/SHUD/Basins/heihe_x4/forcing/X98.35Y41.95.csv
	 Reading 309/1693: 	/scratch/frd_muziyao/SHUD-OpenMP/SHUD/Basins/heihe_x4/forcing/X98.35Y42.05.csv
	 Reading 310/1693: 	/scratch/frd_muziyao/SHUD-OpenMP/SHUD/Basins/heihe_x4/forcing/X98.35Y42.15.csv
	 Reading 311/1693: 	/scratch/frd_muziyao/SHUD-OpenMP/SHUD/Basins/heihe_x4/forcing/X98.35Y42.25.csv
	 Reading 312/1693: 	/scratch/frd_muziyao/SHUD-OpenMP/SHUD/Basins/heihe_x4/forcing/X98.35Y42.35.csv
	 Reading 313/1693: 	/scratch/frd_muziyao/SHUD-OpenMP/SHUD/Basins/heihe_x4/forcing/X98.35Y42.45.csv
	 Reading 314/1693: 	/scratch/frd_muziyao/SHUD-OpenMP/SHUD/Basins/heihe_x4/forcing/X98.35Y42.55.csv
	 Reading 315/1693: 	/scratch/frd_muziyao/SHUD-OpenMP/SHUD/Basins/heihe_x4/forcing/X98.35Y42.65.csv
	 Reading 316/1693: 	/scratch/frd_muziyao/SHUD-OpenMP/SHUD/Basins/heihe_x4/forcing/X98.45Y38.55.csv
	 Reading 317/1693: 	/scratch/frd_muziyao/SHUD-OpenMP/SHUD/Basins/heihe_x4/forcing/X98.45Y38.65.csv
	 Reading 318/1693: 	/scratch/frd_muziyao/SHUD-OpenMP/SHUD/Basins/heihe_x4/forcing/X98.45Y38.75.csv
	 Reading 319/1693: 	/scratch/frd_muziyao/SHUD-OpenMP/SHUD/Basins/heihe_x4/forcing/X98.45Y38.85.csv
	 Reading 320/1693: 	/scratch/frd_muziyao/SHUD-OpenMP/SHUD/Basins/heihe_x4/forcing/X98.45Y38.95.csv
	 Reading 321/1693: 	/scratch/frd_muziyao/SHUD-OpenMP/SHUD/Basins/heihe_x4/forcing/X98.45Y39.05.csv
	 Reading 322/1693: 	/scratch/frd_muziyao/SHUD-OpenMP/SHUD/Basins/heihe_x4/forcing/X98.45Y39.15.csv
	 Reading 323/1693: 	/scratch/frd_muziyao/SHUD-OpenMP/SHUD/Basins/heihe_x4/forcing/X98.45Y39.25.csv
	 Reading 324/1693: 	/scratch/frd_muziyao/SHUD-OpenMP/SHUD/Basins/heihe_x4/forcing/X98.45Y39.35.csv
	 Reading 325/1693: 	/scratch/frd_muziyao/SHUD-OpenMP/SHUD/Basins/heihe_x4/forcing/X98.45Y39.45.csv
	 Reading 326/1693: 	/scratch/frd_muziyao/SHUD-OpenMP/SHUD/Basins/heihe_x4/forcing/X98.45Y39.55.csv
	 Reading 327/1693: 	/scratch/frd_muziyao/SHUD-OpenMP/SHUD/Basins/heihe_x4/forcing/X98.45Y39.65.csv
	 Reading 328/1693: 	/scratch/frd_muziyao/SHUD-OpenMP/SHUD/Basins/heihe_x4/forcing/X98.45Y39.75.csv
	 Reading 329/1693: 	/scratch/frd_muziyao/SHUD-OpenMP/SHUD/Basins/heihe_x4/forcing/X98.45Y39.85.csv
	 Reading 330/1693: 	/scratch/frd_muziyao/SHUD-OpenMP/SHUD/Basins/heihe_x4/forcing/X98.45Y39.95.csv
	 Reading 331/1693: 	/scratch/frd_muziyao/SHUD-OpenMP/SHUD/Basins/heihe_x4/forcing/X98.45Y40.05.csv
	 Reading 332/1693: 	/scratch/frd_muziyao/SHUD-OpenMP/SHUD/Basins/heihe_x4/forcing/X98.45Y40.15.csv
	 Reading 333/1693: 	/scratch/frd_muziyao/SHUD-OpenMP/SHUD/Basins/heihe_x4/forcing/X98.45Y40.25.csv
	 Reading 334/1693: 	/scratch/frd_muziyao/SHUD-OpenMP/SHUD/Basins/heihe_x4/forcing/X98.45Y40.35.csv
	 Reading 335/1693: 	/scratch/frd_muziyao/SHUD-OpenMP/SHUD/Basins/heihe_x4/forcing/X98.45Y40.45.csv
	 Reading 336/1693: 	/scratch/frd_muziyao/SHUD-OpenMP/SHUD/Basins/heihe_x4/forcing/X98.45Y40.55.csv
	 Reading 337/1693: 	/scratch/frd_muziyao/SHUD-OpenMP/SHUD/Basins/heihe_x4/forcing/X98.45Y40.65.csv
	 Reading 338/1693: 	/scratch/frd_muziyao/SHUD-OpenMP/SHUD/Basins/heihe_x4/forcing/X98.45Y40.75.csv
	 Reading 339/1693: 	/scratch/frd_muziyao/SHUD-OpenMP/SHUD/Basins/heihe_x4/forcing/X98.45Y40.85.csv
	 Reading 340/1693: 	/scratch/frd_muziyao/SHUD-OpenMP/SHUD/Basins/heihe_x4/forcing/X98.45Y40.95.csv
	 Reading 341/1693: 	/scratch/frd_muziyao/SHUD-OpenMP/SHUD/Basins/heihe_x4/forcing/X98.45Y41.05.csv
	 Reading 342/1693: 	/scratch/frd_muziyao/SHUD-OpenMP/SHUD/Basins/heihe_x4/forcing/X98.45Y41.15.csv
	 Reading 343/1693: 	/scratch/frd_muziyao/SHUD-OpenMP/SHUD/Basins/heihe_x4/forcing/X98.45Y41.25.csv
	 Reading 344/1693: 	/scratch/frd_muziyao/SHUD-OpenMP/SHUD/Basins/heihe_x4/forcing/X98.45Y41.35.csv
	 Reading 345/1693: 	/scratch/frd_muziyao/SHUD-OpenMP/SHUD/Basins/heihe_x4/forcing/X98.45Y41.45.csv
	 Reading 346/1693: 	/scratch/frd_muziyao/SHUD-OpenMP/SHUD/Basins/heihe_x4/forcing/X98.45Y41.55.csv
	 Reading 347/1693: 	/scratch/frd_muziyao/SHUD-OpenMP/SHUD/Basins/heihe_x4/forcing/X98.45Y41.65.csv
	 Reading 348/1693: 	/scratch/frd_muziyao/SHUD-OpenMP/SHUD/Basins/heihe_x4/forcing/X98.45Y41.75.csv
	 Reading 349/1693: 	/scratch/frd_muziyao/SHUD-OpenMP/SHUD/Basins/heihe_x4/forcing/X98.45Y41.85.csv
	 Reading 350/1693: 	/scratch/frd_muziyao/SHUD-OpenMP/SHUD/Basins/heihe_x4/forcing/X98.45Y41.95.csv
	 Reading 351/1693: 	/scratch/frd_muziyao/SHUD-OpenMP/SHUD/Basins/heihe_x4/forcing/X98.45Y42.05.csv
	 Reading 352/1693: 	/scratch/frd_muziyao/SHUD-OpenMP/SHUD/Basins/heihe_x4/forcing/X98.45Y42.15.csv
	 Reading 353/1693: 	/scratch/frd_muziyao/SHUD-OpenMP/SHUD/Basins/heihe_x4/forcing/X98.45Y42.25.csv
	 Reading 354/1693: 	/scratch/frd_muziyao/SHUD-OpenMP/SHUD/Basins/heihe_x4/forcing/X98.45Y42.35.csv
	 Reading 355/1693: 	/scratch/frd_muziyao/SHUD-OpenMP/SHUD/Basins/heihe_x4/forcing/X98.45Y42.45.csv
	 Reading 356/1693: 	/scratch/frd_muziyao/SHUD-OpenMP/SHUD/Basins/heihe_x4/forcing/X98.45Y42.55.csv
	 Reading 357/1693: 	/scratch/frd_muziyao/SHUD-OpenMP/SHUD/Basins/heihe_x4/forcing/X98.45Y42.65.csv
	 Reading 358/1693: 	/scratch/frd_muziyao/SHUD-OpenMP/SHUD/Basins/heihe_x4/forcing/X98.55Y38.55.csv
	 Reading 359/1693: 	/scratch/frd_muziyao/SHUD-OpenMP/SHUD/Basins/heihe_x4/forcing/X98.55Y38.65.csv
	 Reading 360/1693: 	/scratch/frd_muziyao/SHUD-OpenMP/SHUD/Basins/heihe_x4/forcing/X98.55Y38.75.csv
	 Reading 361/1693: 	/scratch/frd_muziyao/SHUD-OpenMP/SHUD/Basins/heihe_x4/forcing/X98.55Y38.85.csv
	 Reading 362/1693: 	/scratch/frd_muziyao/SHUD-OpenMP/SHUD/Basins/heihe_x4/forcing/X98.55Y38.95.csv
	 Reading 363/1693: 	/scratch/frd_muziyao/SHUD-OpenMP/SHUD/Basins/heihe_x4/forcing/X98.55Y39.05.csv
	 Reading 364/1693: 	/scratch/frd_muziyao/SHUD-OpenMP/SHUD/Basins/heihe_x4/forcing/X98.55Y39.15.csv
	 Reading 365/1693: 	/scratch/frd_muziyao/SHUD-OpenMP/SHUD/Basins/heihe_x4/forcing/X98.55Y39.25.csv
	 Reading 366/1693: 	/scratch/frd_muziyao/SHUD-OpenMP/SHUD/Basins/heihe_x4/forcing/X98.55Y39.35.csv
	 Reading 367/1693: 	/scratch/frd_muziyao/SHUD-OpenMP/SHUD/Basins/heihe_x4/forcing/X98.55Y39.45.csv
	 Reading 368/1693: 	/scratch/frd_muziyao/SHUD-OpenMP/SHUD/Basins/heihe_x4/forcing/X98.55Y39.55.csv
	 Reading 369/1693: 	/scratch/frd_muziyao/SHUD-OpenMP/SHUD/Basins/heihe_x4/forcing/X98.55Y39.65.csv
	 Reading 370/1693: 	/scratch/frd_muziyao/SHUD-OpenMP/SHUD/Basins/heihe_x4/forcing/X98.55Y39.75.csv
	 Reading 371/1693: 	/scratch/frd_muziyao/SHUD-OpenMP/SHUD/Basins/heihe_x4/forcing/X98.55Y39.85.csv
	 Reading 372/1693: 	/scratch/frd_muziyao/SHUD-OpenMP/SHUD/Basins/heihe_x4/forcing/X98.55Y39.95.csv
	 Reading 373/1693: 	/scratch/frd_muziyao/SHUD-OpenMP/SHUD/Basins/heihe_x4/forcing/X98.55Y40.05.csv
	 Reading 374/1693: 	/scratch/frd_muziyao/SHUD-OpenMP/SHUD/Basins/heihe_x4/forcing/X98.55Y40.15.csv
	 Reading 375/1693: 	/scratch/frd_muziyao/SHUD-OpenMP/SHUD/Basins/heihe_x4/forcing/X98.55Y40.25.csv
	 Reading 376/1693: 	/scratch/frd_muziyao/SHUD-OpenMP/SHUD/Basins/heihe_x4/forcing/X98.55Y40.35.csv
	 Reading 377/1693: 	/scratch/frd_muziyao/SHUD-OpenMP/SHUD/Basins/heihe_x4/forcing/X98.55Y40.45.csv
	 Reading 378/1693: 	/scratch/frd_muziyao/SHUD-OpenMP/SHUD/Basins/heihe_x4/forcing/X98.55Y40.55.csv
	 Reading 379/1693: 	/scratch/frd_muziyao/SHUD-OpenMP/SHUD/Basins/heihe_x4/forcing/X98.55Y40.65.csv
	 Reading 380/1693: 	/scratch/frd_muziyao/SHUD-OpenMP/SHUD/Basins/heihe_x4/forcing/X98.55Y40.75.csv
	 Reading 381/1693: 	/scratch/frd_muziyao/SHUD-OpenMP/SHUD/Basins/heihe_x4/forcing/X98.55Y40.85.csv
	 Reading 382/1693: 	/scratch/frd_muziyao/SHUD-OpenMP/SHUD/Basins/heihe_x4/forcing/X98.55Y40.95.csv
	 Reading 383/1693: 	/scratch/frd_muziyao/SHUD-OpenMP/SHUD/Basins/heihe_x4/forcing/X98.55Y41.05.csv
	 Reading 384/1693: 	/scratch/frd_muziyao/SHUD-OpenMP/SHUD/Basins/heihe_x4/forcing/X98.55Y41.15.csv
	 Reading 385/1693: 	/scratch/frd_muziyao/SHUD-OpenMP/SHUD/Basins/heihe_x4/forcing/X98.55Y41.25.csv
	 Reading 386/1693: 	/scratch/frd_muziyao/SHUD-OpenMP/SHUD/Basins/heihe_x4/forcing/X98.55Y41.35.csv
	 Reading 387/1693: 	/scratch/frd_muziyao/SHUD-OpenMP/SHUD/Basins/heihe_x4/forcing/X98.55Y41.45.csv
	 Reading 388/1693: 	/scratch/frd_muziyao/SHUD-OpenMP/SHUD/Basins/heihe_x4/forcing/X98.55Y41.55.csv
	 Reading 389/1693: 	/scratch/frd_muziyao/SHUD-OpenMP/SHUD/Basins/heihe_x4/forcing/X98.55Y41.65.csv
	 Reading 390/1693: 	/scratch/frd_muziyao/SHUD-OpenMP/SHUD/Basins/heihe_x4/forcing/X98.55Y41.75.csv
	 Reading 391/1693: 	/scratch/frd_muziyao/SHUD-OpenMP/SHUD/Basins/heihe_x4/forcing/X98.55Y41.85.csv
	 Reading 392/1693: 	/scratch/frd_muziyao/SHUD-OpenMP/SHUD/Basins/heihe_x4/forcing/X98.55Y41.95.csv
	 Reading 393/1693: 	/scratch/frd_muziyao/SHUD-OpenMP/SHUD/Basins/heihe_x4/forcing/X98.55Y42.05.csv
	 Reading 394/1693: 	/scratch/frd_muziyao/SHUD-OpenMP/SHUD/Basins/heihe_x4/forcing/X98.55Y42.15.csv
	 Reading 395/1693: 	/scratch/frd_muziyao/SHUD-OpenMP/SHUD/Basins/heihe_x4/forcing/X98.55Y42.25.csv
	 Reading 396/1693: 	/scratch/frd_muziyao/SHUD-OpenMP/SHUD/Basins/heihe_x4/forcing/X98.55Y42.35.csv
	 Reading 397/1693: 	/scratch/frd_muziyao/SHUD-OpenMP/SHUD/Basins/heihe_x4/forcing/X98.55Y42.45.csv
	 Reading 398/1693: 	/scratch/frd_muziyao/SHUD-OpenMP/SHUD/Basins/heihe_x4/forcing/X98.55Y42.55.csv
	 Reading 399/1693: 	/scratch/frd_muziyao/SHUD-OpenMP/SHUD/Basins/heihe_x4/forcing/X98.55Y42.65.csv
	 Reading 400/1693: 	/scratch/frd_muziyao/SHUD-OpenMP/SHUD/Basins/heihe_x4/forcing/X98.65Y38.55.csv
	 Reading 401/1693: 	/scratch/frd_muziyao/SHUD-OpenMP/SHUD/Basins/heihe_x4/forcing/X98.65Y38.65.csv
	 Reading 402/1693: 	/scratch/frd_muziyao/SHUD-OpenMP/SHUD/Basins/heihe_x4/forcing/X98.65Y38.75.csv
	 Reading 403/1693: 	/scratch/frd_muziyao/SHUD-OpenMP/SHUD/Basins/heihe_x4/forcing/X98.65Y38.85.csv
	 Reading 404/1693: 	/scratch/frd_muziyao/SHUD-OpenMP/SHUD/Basins/heihe_x4/forcing/X98.65Y38.95.csv
	 Reading 405/1693: 	/scratch/frd_muziyao/SHUD-OpenMP/SHUD/Basins/heihe_x4/forcing/X98.65Y39.05.csv
	 Reading 406/1693: 	/scratch/frd_muziyao/SHUD-OpenMP/SHUD/Basins/heihe_x4/forcing/X98.65Y39.15.csv
	 Reading 407/1693: 	/scratch/frd_muziyao/SHUD-OpenMP/SHUD/Basins/heihe_x4/forcing/X98.65Y39.25.csv
	 Reading 408/1693: 	/scratch/frd_muziyao/SHUD-OpenMP/SHUD/Basins/heihe_x4/forcing/X98.65Y39.35.csv
	 Reading 409/1693: 	/scratch/frd_muziyao/SHUD-OpenMP/SHUD/Basins/heihe_x4/forcing/X98.65Y39.45.csv
	 Reading 410/1693: 	/scratch/frd_muziyao/SHUD-OpenMP/SHUD/Basins/heihe_x4/forcing/X98.65Y39.55.csv
	 Reading 411/1693: 	/scratch/frd_muziyao/SHUD-OpenMP/SHUD/Basins/heihe_x4/forcing/X98.65Y39.65.csv
	 Reading 412/1693: 	/scratch/frd_muziyao/SHUD-OpenMP/SHUD/Basins/heihe_x4/forcing/X98.65Y39.75.csv
	 Reading 413/1693: 	/scratch/frd_muziyao/SHUD-OpenMP/SHUD/Basins/heihe_x4/forcing/X98.65Y39.85.csv
	 Reading 414/1693: 	/scratch/frd_muziyao/SHUD-OpenMP/SHUD/Basins/heihe_x4/forcing/X98.65Y39.95.csv
	 Reading 415/1693: 	/scratch/frd_muziyao/SHUD-OpenMP/SHUD/Basins/heihe_x4/forcing/X98.65Y40.05.csv
	 Reading 416/1693: 	/scratch/frd_muziyao/SHUD-OpenMP/SHUD/Basins/heihe_x4/forcing/X98.65Y40.15.csv
	 Reading 417/1693: 	/scratch/frd_muziyao/SHUD-OpenMP/SHUD/Basins/heihe_x4/forcing/X98.65Y40.25.csv
	 Reading 418/1693: 	/scratch/frd_muziyao/SHUD-OpenMP/SHUD/Basins/heihe_x4/forcing/X98.65Y40.35.csv
	 Reading 419/1693: 	/scratch/frd_muziyao/SHUD-OpenMP/SHUD/Basins/heihe_x4/forcing/X98.65Y40.45.csv
	 Reading 420/1693: 	/scratch/frd_muziyao/SHUD-OpenMP/SHUD/Basins/heihe_x4/forcing/X98.65Y40.55.csv
	 Reading 421/1693: 	/scratch/frd_muziyao/SHUD-OpenMP/SHUD/Basins/heihe_x4/forcing/X98.65Y40.65.csv
	 Reading 422/1693: 	/scratch/frd_muziyao/SHUD-OpenMP/SHUD/Basins/heihe_x4/forcing/X98.65Y40.75.csv
	 Reading 423/1693: 	/scratch/frd_muziyao/SHUD-OpenMP/SHUD/Basins/heihe_x4/forcing/X98.65Y40.85.csv
	 Reading 424/1693: 	/scratch/frd_muziyao/SHUD-OpenMP/SHUD/Basins/heihe_x4/forcing/X98.65Y40.95.csv
	 Reading 425/1693: 	/scratch/frd_muziyao/SHUD-OpenMP/SHUD/Basins/heihe_x4/forcing/X98.65Y41.05.csv
	 Reading 426/1693: 	/scratch/frd_muziyao/SHUD-OpenMP/SHUD/Basins/heihe_x4/forcing/X98.65Y41.15.csv
	 Reading 427/1693: 	/scratch/frd_muziyao/SHUD-OpenMP/SHUD/Basins/heihe_x4/forcing/X98.65Y41.25.csv
	 Reading 428/1693: 	/scratch/frd_muziyao/SHUD-OpenMP/SHUD/Basins/heihe_x4/forcing/X98.65Y41.35.csv
	 Reading 429/1693: 	/scratch/frd_muziyao/SHUD-OpenMP/SHUD/Basins/heihe_x4/forcing/X98.65Y41.45.csv
	 Reading 430/1693: 	/scratch/frd_muziyao/SHUD-OpenMP/SHUD/Basins/heihe_x4/forcing/X98.65Y41.55.csv
	 Reading 431/1693: 	/scratch/frd_muziyao/SHUD-OpenMP/SHUD/Basins/heihe_x4/forcing/X98.65Y41.65.csv
	 Reading 432/1693: 	/scratch/frd_muziyao/SHUD-OpenMP/SHUD/Basins/heihe_x4/forcing/X98.65Y41.75.csv
	 Reading 433/1693: 	/scratch/frd_muziyao/SHUD-OpenMP/SHUD/Basins/heihe_x4/forcing/X98.65Y41.85.csv
	 Reading 434/1693: 	/scratch/frd_muziyao/SHUD-OpenMP/SHUD/Basins/heihe_x4/forcing/X98.65Y41.95.csv
	 Reading 435/1693: 	/scratch/frd_muziyao/SHUD-OpenMP/SHUD/Basins/heihe_x4/forcing/X98.65Y42.05.csv
	 Reading 436/1693: 	/scratch/frd_muziyao/SHUD-OpenMP/SHUD/Basins/heihe_x4/forcing/X98.65Y42.15.csv
	 Reading 437/1693: 	/scratch/frd_muziyao/SHUD-OpenMP/SHUD/Basins/heihe_x4/forcing/X98.65Y42.25.csv
	 Reading 438/1693: 	/scratch/frd_muziyao/SHUD-OpenMP/SHUD/Basins/heihe_x4/forcing/X98.65Y42.35.csv
	 Reading 439/1693: 	/scratch/frd_muziyao/SHUD-OpenMP/SHUD/Basins/heihe_x4/forcing/X98.65Y42.45.csv
	 Reading 440/1693: 	/scratch/frd_muziyao/SHUD-OpenMP/SHUD/Basins/heihe_x4/forcing/X98.65Y42.55.csv
	 Reading 441/1693: 	/scratch/frd_muziyao/SHUD-OpenMP/SHUD/Basins/heihe_x4/forcing/X98.65Y42.65.csv
	 Reading 442/1693: 	/scratch/frd_muziyao/SHUD-OpenMP/SHUD/Basins/heihe_x4/forcing/X98.75Y38.45.csv
	 Reading 443/1693: 	/scratch/frd_muziyao/SHUD-OpenMP/SHUD/Basins/heihe_x4/forcing/X98.75Y38.55.csv
	 Reading 444/1693: 	/scratch/frd_muziyao/SHUD-OpenMP/SHUD/Basins/heihe_x4/forcing/X98.75Y38.65.csv
	 Reading 445/1693: 	/scratch/frd_muziyao/SHUD-OpenMP/SHUD/Basins/heihe_x4/forcing/X98.75Y38.75.csv
	 Reading 446/1693: 	/scratch/frd_muziyao/SHUD-OpenMP/SHUD/Basins/heihe_x4/forcing/X98.75Y38.85.csv
	 Reading 447/1693: 	/scratch/frd_muziyao/SHUD-OpenMP/SHUD/Basins/heihe_x4/forcing/X98.75Y38.95.csv
	 Reading 448/1693: 	/scratch/frd_muziyao/SHUD-OpenMP/SHUD/Basins/heihe_x4/forcing/X98.75Y39.05.csv
	 Reading 449/1693: 	/scratch/frd_muziyao/SHUD-OpenMP/SHUD/Basins/heihe_x4/forcing/X98.75Y39.15.csv
	 Reading 450/1693: 	/scratch/frd_muziyao/SHUD-OpenMP/SHUD/Basins/heihe_x4/forcing/X98.75Y39.25.csv
	 Reading 451/1693: 	/scratch/frd_muziyao/SHUD-OpenMP/SHUD/Basins/heihe_x4/forcing/X98.75Y39.35.csv
	 Reading 452/1693: 	/scratch/frd_muziyao/SHUD-OpenMP/SHUD/Basins/heihe_x4/forcing/X98.75Y39.45.csv
	 Reading 453/1693: 	/scratch/frd_muziyao/SHUD-OpenMP/SHUD/Basins/heihe_x4/forcing/X98.75Y39.55.csv
	 Reading 454/1693: 	/scratch/frd_muziyao/SHUD-OpenMP/SHUD/Basins/heihe_x4/forcing/X98.75Y39.65.csv
	 Reading 455/1693: 	/scratch/frd_muziyao/SHUD-OpenMP/SHUD/Basins/heihe_x4/forcing/X98.75Y39.75.csv
	 Reading 456/1693: 	/scratch/frd_muziyao/SHUD-OpenMP/SHUD/Basins/heihe_x4/forcing/X98.75Y39.85.csv
	 Reading 457/1693: 	/scratch/frd_muziyao/SHUD-OpenMP/SHUD/Basins/heihe_x4/forcing/X98.75Y39.95.csv
	 Reading 458/1693: 	/scratch/frd_muziyao/SHUD-OpenMP/SHUD/Basins/heihe_x4/forcing/X98.75Y40.05.csv
	 Reading 459/1693: 	/scratch/frd_muziyao/SHUD-OpenMP/SHUD/Basins/heihe_x4/forcing/X98.75Y40.15.csv
	 Reading 460/1693: 	/scratch/frd_muziyao/SHUD-OpenMP/SHUD/Basins/heihe_x4/forcing/X98.75Y40.25.csv
	 Reading 461/1693: 	/scratch/frd_muziyao/SHUD-OpenMP/SHUD/Basins/heihe_x4/forcing/X98.75Y40.35.csv
	 Reading 462/1693: 	/scratch/frd_muziyao/SHUD-OpenMP/SHUD/Basins/heihe_x4/forcing/X98.75Y40.45.csv
	 Reading 463/1693: 	/scratch/frd_muziyao/SHUD-OpenMP/SHUD/Basins/heihe_x4/forcing/X98.75Y40.55.csv
	 Reading 464/1693: 	/scratch/frd_muziyao/SHUD-OpenMP/SHUD/Basins/heihe_x4/forcing/X98.75Y40.65.csv
	 Reading 465/1693: 	/scratch/frd_muziyao/SHUD-OpenMP/SHUD/Basins/heihe_x4/forcing/X98.75Y40.75.csv
	 Reading 466/1693: 	/scratch/frd_muziyao/SHUD-OpenMP/SHUD/Basins/heihe_x4/forcing/X98.75Y40.85.csv
	 Reading 467/1693: 	/scratch/frd_muziyao/SHUD-OpenMP/SHUD/Basins/heihe_x4/forcing/X98.75Y40.95.csv
	 Reading 468/1693: 	/scratch/frd_muziyao/SHUD-OpenMP/SHUD/Basins/heihe_x4/forcing/X98.75Y41.05.csv
	 Reading 469/1693: 	/scratch/frd_muziyao/SHUD-OpenMP/SHUD/Basins/heihe_x4/forcing/X98.75Y41.15.csv
	 Reading 470/1693: 	/scratch/frd_muziyao/SHUD-OpenMP/SHUD/Basins/heihe_x4/forcing/X98.75Y41.25.csv
	 Reading 471/1693: 	/scratch/frd_muziyao/SHUD-OpenMP/SHUD/Basins/heihe_x4/forcing/X98.75Y41.35.csv
	 Reading 472/1693: 	/scratch/frd_muziyao/SHUD-OpenMP/SHUD/Basins/heihe_x4/forcing/X98.75Y41.45.csv
	 Reading 473/1693: 	/scratch/frd_muziyao/SHUD-OpenMP/SHUD/Basins/heihe_x4/forcing/X98.75Y41.55.csv
	 Reading 474/1693: 	/scratch/frd_muziyao/SHUD-OpenMP/SHUD/Basins/heihe_x4/forcing/X98.75Y41.65.csv
	 Reading 475/1693: 	/scratch/frd_muziyao/SHUD-OpenMP/SHUD/Basins/heihe_x4/forcing/X98.75Y41.75.csv
	 Reading 476/1693: 	/scratch/frd_muziyao/SHUD-OpenMP/SHUD/Basins/heihe_x4/forcing/X98.75Y41.85.csv
	 Reading 477/1693: 	/scratch/frd_muziyao/SHUD-OpenMP/SHUD/Basins/heihe_x4/forcing/X98.75Y41.95.csv
	 Reading 478/1693: 	/scratch/frd_muziyao/SHUD-OpenMP/SHUD/Basins/heihe_x4/forcing/X98.75Y42.05.csv
	 Reading 479/1693: 	/scratch/frd_muziyao/SHUD-OpenMP/SHUD/Basins/heihe_x4/forcing/X98.75Y42.15.csv
	 Reading 480/1693: 	/scratch/frd_muziyao/SHUD-OpenMP/SHUD/Basins/heihe_x4/forcing/X98.75Y42.25.csv
	 Reading 481/1693: 	/scratch/frd_muziyao/SHUD-OpenMP/SHUD/Basins/heihe_x4/forcing/X98.75Y42.35.csv
	 Reading 482/1693: 	/scratch/frd_muziyao/SHUD-OpenMP/SHUD/Basins/heihe_x4/forcing/X98.75Y42.45.csv
	 Reading 483/1693: 	/scratch/frd_muziyao/SHUD-OpenMP/SHUD/Basins/heihe_x4/forcing/X98.75Y42.55.csv
	 Reading 484/1693: 	/scratch/frd_muziyao/SHUD-OpenMP/SHUD/Basins/heihe_x4/forcing/X98.75Y42.65.csv
	 Reading 485/1693: 	/scratch/frd_muziyao/SHUD-OpenMP/SHUD/Basins/heihe_x4/forcing/X98.85Y38.25.csv
	 Reading 486/1693: 	/scratch/frd_muziyao/SHUD-OpenMP/SHUD/Basins/heihe_x4/forcing/X98.85Y38.35.csv
	 Reading 487/1693: 	/scratch/frd_muziyao/SHUD-OpenMP/SHUD/Basins/heihe_x4/forcing/X98.85Y38.45.csv
	 Reading 488/1693: 	/scratch/frd_muziyao/SHUD-OpenMP/SHUD/Basins/heihe_x4/forcing/X98.85Y38.55.csv
	 Reading 489/1693: 	/scratch/frd_muziyao/SHUD-OpenMP/SHUD/Basins/heihe_x4/forcing/X98.85Y38.65.csv
	 Reading 490/1693: 	/scratch/frd_muziyao/SHUD-OpenMP/SHUD/Basins/heihe_x4/forcing/X98.85Y38.75.csv
	 Reading 491/1693: 	/scratch/frd_muziyao/SHUD-OpenMP/SHUD/Basins/heihe_x4/forcing/X98.85Y38.85.csv
	 Reading 492/1693: 	/scratch/frd_muziyao/SHUD-OpenMP/SHUD/Basins/heihe_x4/forcing/X98.85Y38.95.csv
	 Reading 493/1693: 	/scratch/frd_muziyao/SHUD-OpenMP/SHUD/Basins/heihe_x4/forcing/X98.85Y39.05.csv
	 Reading 494/1693: 	/scratch/frd_muziyao/SHUD-OpenMP/SHUD/Basins/heihe_x4/forcing/X98.85Y39.15.csv
	 Reading 495/1693: 	/scratch/frd_muziyao/SHUD-OpenMP/SHUD/Basins/heihe_x4/forcing/X98.85Y39.25.csv
	 Reading 496/1693: 	/scratch/frd_muziyao/SHUD-OpenMP/SHUD/Basins/heihe_x4/forcing/X98.85Y39.35.csv
	 Reading 497/1693: 	/scratch/frd_muziyao/SHUD-OpenMP/SHUD/Basins/heihe_x4/forcing/X98.85Y39.45.csv
	 Reading 498/1693: 	/scratch/frd_muziyao/SHUD-OpenMP/SHUD/Basins/heihe_x4/forcing/X98.85Y39.55.csv
	 Reading 499/1693: 	/scratch/frd_muziyao/SHUD-OpenMP/SHUD/Basins/heihe_x4/forcing/X98.85Y39.65.csv
	 Reading 500/1693: 	/scratch/frd_muziyao/SHUD-OpenMP/SHUD/Basins/heihe_x4/forcing/X98.85Y39.75.csv
	 Reading 501/1693: 	/scratch/frd_muziyao/SHUD-OpenMP/SHUD/Basins/heihe_x4/forcing/X98.85Y39.85.csv
	 Reading 502/1693: 	/scratch/frd_muziyao/SHUD-OpenMP/SHUD/Basins/heihe_x4/forcing/X98.85Y39.95.csv
	 Reading 503/1693: 	/scratch/frd_muziyao/SHUD-OpenMP/SHUD/Basins/heihe_x4/forcing/X98.85Y40.05.csv
	 Reading 504/1693: 	/scratch/frd_muziyao/SHUD-OpenMP/SHUD/Basins/heihe_x4/forcing/X98.85Y40.15.csv
	 Reading 505/1693: 	/scratch/frd_muziyao/SHUD-OpenMP/SHUD/Basins/heihe_x4/forcing/X98.85Y40.25.csv
	 Reading 506/1693: 	/scratch/frd_muziyao/SHUD-OpenMP/SHUD/Basins/heihe_x4/forcing/X98.85Y40.35.csv
	 Reading 507/1693: 	/scratch/frd_muziyao/SHUD-OpenMP/SHUD/Basins/heihe_x4/forcing/X98.85Y40.45.csv
	 Reading 508/1693: 	/scratch/frd_muziyao/SHUD-OpenMP/SHUD/Basins/heihe_x4/forcing/X98.85Y40.55.csv
	 Reading 509/1693: 	/scratch/frd_muziyao/SHUD-OpenMP/SHUD/Basins/heihe_x4/forcing/X98.85Y40.65.csv
	 Reading 510/1693: 	/scratch/frd_muziyao/SHUD-OpenMP/SHUD/Basins/heihe_x4/forcing/X98.85Y40.75.csv
	 Reading 511/1693: 	/scratch/frd_muziyao/SHUD-OpenMP/SHUD/Basins/heihe_x4/forcing/X98.85Y40.85.csv
	 Reading 512/1693: 	/scratch/frd_muziyao/SHUD-OpenMP/SHUD/Basins/heihe_x4/forcing/X98.85Y40.95.csv
	 Reading 513/1693: 	/scratch/frd_muziyao/SHUD-OpenMP/SHUD/Basins/heihe_x4/forcing/X98.85Y41.05.csv
	 Reading 514/1693: 	/scratch/frd_muziyao/SHUD-OpenMP/SHUD/Basins/heihe_x4/forcing/X98.85Y41.15.csv
	 Reading 515/1693: 	/scratch/frd_muziyao/SHUD-OpenMP/SHUD/Basins/heihe_x4/forcing/X98.85Y41.25.csv
	 Reading 516/1693: 	/scratch/frd_muziyao/SHUD-OpenMP/SHUD/Basins/heihe_x4/forcing/X98.85Y41.35.csv
	 Reading 517/1693: 	/scratch/frd_muziyao/SHUD-OpenMP/SHUD/Basins/heihe_x4/forcing/X98.85Y41.45.csv
	 Reading 518/1693: 	/scratch/frd_muziyao/SHUD-OpenMP/SHUD/Basins/heihe_x4/forcing/X98.85Y41.55.csv
	 Reading 519/1693: 	/scratch/frd_muziyao/SHUD-OpenMP/SHUD/Basins/heihe_x4/forcing/X98.85Y41.65.csv
	 Reading 520/1693: 	/scratch/frd_muziyao/SHUD-OpenMP/SHUD/Basins/heihe_x4/forcing/X98.85Y41.75.csv
	 Reading 521/1693: 	/scratch/frd_muziyao/SHUD-OpenMP/SHUD/Basins/heihe_x4/forcing/X98.85Y41.85.csv
	 Reading 522/1693: 	/scratch/frd_muziyao/SHUD-OpenMP/SHUD/Basins/heihe_x4/forcing/X98.85Y41.95.csv
	 Reading 523/1693: 	/scratch/frd_muziyao/SHUD-OpenMP/SHUD/Basins/heihe_x4/forcing/X98.85Y42.05.csv
	 Reading 524/1693: 	/scratch/frd_muziyao/SHUD-OpenMP/SHUD/Basins/heihe_x4/forcing/X98.85Y42.15.csv
	 Reading 525/1693: 	/scratch/frd_muziyao/SHUD-OpenMP/SHUD/Basins/heihe_x4/forcing/X98.85Y42.25.csv
	 Reading 526/1693: 	/scratch/frd_muziyao/SHUD-OpenMP/SHUD/Basins/heihe_x4/forcing/X98.85Y42.35.csv
	 Reading 527/1693: 	/scratch/frd_muziyao/SHUD-OpenMP/SHUD/Basins/heihe_x4/forcing/X98.85Y42.45.csv
	 Reading 528/1693: 	/scratch/frd_muziyao/SHUD-OpenMP/SHUD/Basins/heihe_x4/forcing/X98.85Y42.55.csv
	 Reading 529/1693: 	/scratch/frd_muziyao/SHUD-OpenMP/SHUD/Basins/heihe_x4/forcing/X98.85Y42.65.csv
	 Reading 530/1693: 	/scratch/frd_muziyao/SHUD-OpenMP/SHUD/Basins/heihe_x4/forcing/X98.95Y38.25.csv
	 Reading 531/1693: 	/scratch/frd_muziyao/SHUD-OpenMP/SHUD/Basins/heihe_x4/forcing/X98.95Y38.35.csv
	 Reading 532/1693: 	/scratch/frd_muziyao/SHUD-OpenMP/SHUD/Basins/heihe_x4/forcing/X98.95Y38.45.csv
	 Reading 533/1693: 	/scratch/frd_muziyao/SHUD-OpenMP/SHUD/Basins/heihe_x4/forcing/X98.95Y38.55.csv
	 Reading 534/1693: 	/scratch/frd_muziyao/SHUD-OpenMP/SHUD/Basins/heihe_x4/forcing/X98.95Y38.65.csv
	 Reading 535/1693: 	/scratch/frd_muziyao/SHUD-OpenMP/SHUD/Basins/heihe_x4/forcing/X98.95Y38.75.csv
	 Reading 536/1693: 	/scratch/frd_muziyao/SHUD-OpenMP/SHUD/Basins/heihe_x4/forcing/X98.95Y38.85.csv
	 Reading 537/1693: 	/scratch/frd_muziyao/SHUD-OpenMP/SHUD/Basins/heihe_x4/forcing/X98.95Y38.95.csv
	 Reading 538/1693: 	/scratch/frd_muziyao/SHUD-OpenMP/SHUD/Basins/heihe_x4/forcing/X98.95Y39.05.csv
	 Reading 539/1693: 	/scratch/frd_muziyao/SHUD-OpenMP/SHUD/Basins/heihe_x4/forcing/X98.95Y39.15.csv
	 Reading 540/1693: 	/scratch/frd_muziyao/SHUD-OpenMP/SHUD/Basins/heihe_x4/forcing/X98.95Y39.25.csv
	 Reading 541/1693: 	/scratch/frd_muziyao/SHUD-OpenMP/SHUD/Basins/heihe_x4/forcing/X98.95Y39.35.csv
	 Reading 542/1693: 	/scratch/frd_muziyao/SHUD-OpenMP/SHUD/Basins/heihe_x4/forcing/X98.95Y39.45.csv
	 Reading 543/1693: 	/scratch/frd_muziyao/SHUD-OpenMP/SHUD/Basins/heihe_x4/forcing/X98.95Y39.55.csv
	 Reading 544/1693: 	/scratch/frd_muziyao/SHUD-OpenMP/SHUD/Basins/heihe_x4/forcing/X98.95Y39.65.csv
	 Reading 545/1693: 	/scratch/frd_muziyao/SHUD-OpenMP/SHUD/Basins/heihe_x4/forcing/X98.95Y39.75.csv
	 Reading 546/1693: 	/scratch/frd_muziyao/SHUD-OpenMP/SHUD/Basins/heihe_x4/forcing/X98.95Y39.85.csv
	 Reading 547/1693: 	/scratch/frd_muziyao/SHUD-OpenMP/SHUD/Basins/heihe_x4/forcing/X98.95Y39.95.csv
	 Reading 548/1693: 	/scratch/frd_muziyao/SHUD-OpenMP/SHUD/Basins/heihe_x4/forcing/X98.95Y40.05.csv
	 Reading 549/1693: 	/scratch/frd_muziyao/SHUD-OpenMP/SHUD/Basins/heihe_x4/forcing/X98.95Y40.15.csv
	 Reading 550/1693: 	/scratch/frd_muziyao/SHUD-OpenMP/SHUD/Basins/heihe_x4/forcing/X98.95Y40.25.csv
	 Reading 551/1693: 	/scratch/frd_muziyao/SHUD-OpenMP/SHUD/Basins/heihe_x4/forcing/X98.95Y40.35.csv
	 Reading 552/1693: 	/scratch/frd_muziyao/SHUD-OpenMP/SHUD/Basins/heihe_x4/forcing/X98.95Y40.45.csv
	 Reading 553/1693: 	/scratch/frd_muziyao/SHUD-OpenMP/SHUD/Basins/heihe_x4/forcing/X98.95Y40.55.csv
	 Reading 554/1693: 	/scratch/frd_muziyao/SHUD-OpenMP/SHUD/Basins/heihe_x4/forcing/X98.95Y40.65.csv
	 Reading 555/1693: 	/scratch/frd_muziyao/SHUD-OpenMP/SHUD/Basins/heihe_x4/forcing/X98.95Y40.75.csv
	 Reading 556/1693: 	/scratch/frd_muziyao/SHUD-OpenMP/SHUD/Basins/heihe_x4/forcing/X98.95Y40.85.csv
	 Reading 557/1693: 	/scratch/frd_muziyao/SHUD-OpenMP/SHUD/Basins/heihe_x4/forcing/X98.95Y40.95.csv
	 Reading 558/1693: 	/scratch/frd_muziyao/SHUD-OpenMP/SHUD/Basins/heihe_x4/forcing/X98.95Y41.05.csv
	 Reading 559/1693: 	/scratch/frd_muziyao/SHUD-OpenMP/SHUD/Basins/heihe_x4/forcing/X98.95Y41.15.csv
	 Reading 560/1693: 	/scratch/frd_muziyao/SHUD-OpenMP/SHUD/Basins/heihe_x4/forcing/X98.95Y41.25.csv
	 Reading 561/1693: 	/scratch/frd_muziyao/SHUD-OpenMP/SHUD/Basins/heihe_x4/forcing/X98.95Y41.35.csv
	 Reading 562/1693: 	/scratch/frd_muziyao/SHUD-OpenMP/SHUD/Basins/heihe_x4/forcing/X98.95Y41.45.csv
	 Reading 563/1693: 	/scratch/frd_muziyao/SHUD-OpenMP/SHUD/Basins/heihe_x4/forcing/X98.95Y41.55.csv
	 Reading 564/1693: 	/scratch/frd_muziyao/SHUD-OpenMP/SHUD/Basins/heihe_x4/forcing/X98.95Y41.65.csv
	 Reading 565/1693: 	/scratch/frd_muziyao/SHUD-OpenMP/SHUD/Basins/heihe_x4/forcing/X98.95Y41.75.csv
	 Reading 566/1693: 	/scratch/frd_muziyao/SHUD-OpenMP/SHUD/Basins/heihe_x4/forcing/X98.95Y41.85.csv
	 Reading 567/1693: 	/scratch/frd_muziyao/SHUD-OpenMP/SHUD/Basins/heihe_x4/forcing/X98.95Y41.95.csv
	 Reading 568/1693: 	/scratch/frd_muziyao/SHUD-OpenMP/SHUD/Basins/heihe_x4/forcing/X98.95Y42.05.csv
	 Reading 569/1693: 	/scratch/frd_muziyao/SHUD-OpenMP/SHUD/Basins/heihe_x4/forcing/X98.95Y42.15.csv
	 Reading 570/1693: 	/scratch/frd_muziyao/SHUD-OpenMP/SHUD/Basins/heihe_x4/forcing/X98.95Y42.25.csv
	 Reading 571/1693: 	/scratch/frd_muziyao/SHUD-OpenMP/SHUD/Basins/heihe_x4/forcing/X98.95Y42.35.csv
	 Reading 572/1693: 	/scratch/frd_muziyao/SHUD-OpenMP/SHUD/Basins/heihe_x4/forcing/X98.95Y42.45.csv
	 Reading 573/1693: 	/scratch/frd_muziyao/SHUD-OpenMP/SHUD/Basins/heihe_x4/forcing/X98.95Y42.55.csv
	 Reading 574/1693: 	/scratch/frd_muziyao/SHUD-OpenMP/SHUD/Basins/heihe_x4/forcing/X98.95Y42.65.csv
	 Reading 575/1693: 	/scratch/frd_muziyao/SHUD-OpenMP/SHUD/Basins/heihe_x4/forcing/X99.05Y38.25.csv
	 Reading 576/1693: 	/scratch/frd_muziyao/SHUD-OpenMP/SHUD/Basins/heihe_x4/forcing/X99.05Y38.35.csv
	 Reading 577/1693: 	/scratch/frd_muziyao/SHUD-OpenMP/SHUD/Basins/heihe_x4/forcing/X99.05Y38.45.csv
	 Reading 578/1693: 	/scratch/frd_muziyao/SHUD-OpenMP/SHUD/Basins/heihe_x4/forcing/X99.05Y38.55.csv
	 Reading 579/1693: 	/scratch/frd_muziyao/SHUD-OpenMP/SHUD/Basins/heihe_x4/forcing/X99.05Y38.65.csv
	 Reading 580/1693: 	/scratch/frd_muziyao/SHUD-OpenMP/SHUD/Basins/heihe_x4/forcing/X99.05Y38.75.csv
	 Reading 581/1693: 	/scratch/frd_muziyao/SHUD-OpenMP/SHUD/Basins/heihe_x4/forcing/X99.05Y38.85.csv
	 Reading 582/1693: 	/scratch/frd_muziyao/SHUD-OpenMP/SHUD/Basins/heihe_x4/forcing/X99.05Y38.95.csv
	 Reading 583/1693: 	/scratch/frd_muziyao/SHUD-OpenMP/SHUD/Basins/heihe_x4/forcing/X99.05Y39.05.csv
	 Reading 584/1693: 	/scratch/frd_muziyao/SHUD-OpenMP/SHUD/Basins/heihe_x4/forcing/X99.05Y39.15.csv
	 Reading 585/1693: 	/scratch/frd_muziyao/SHUD-OpenMP/SHUD/Basins/heihe_x4/forcing/X99.05Y39.25.csv
	 Reading 586/1693: 	/scratch/frd_muziyao/SHUD-OpenMP/SHUD/Basins/heihe_x4/forcing/X99.05Y39.35.csv
	 Reading 587/1693: 	/scratch/frd_muziyao/SHUD-OpenMP/SHUD/Basins/heihe_x4/forcing/X99.05Y39.45.csv
	 Reading 588/1693: 	/scratch/frd_muziyao/SHUD-OpenMP/SHUD/Basins/heihe_x4/forcing/X99.05Y39.55.csv
	 Reading 589/1693: 	/scratch/frd_muziyao/SHUD-OpenMP/SHUD/Basins/heihe_x4/forcing/X99.05Y39.65.csv
	 Reading 590/1693: 	/scratch/frd_muziyao/SHUD-OpenMP/SHUD/Basins/heihe_x4/forcing/X99.05Y39.75.csv
	 Reading 591/1693: 	/scratch/frd_muziyao/SHUD-OpenMP/SHUD/Basins/heihe_x4/forcing/X99.05Y39.85.csv
	 Reading 592/1693: 	/scratch/frd_muziyao/SHUD-OpenMP/SHUD/Basins/heihe_x4/forcing/X99.05Y39.95.csv
	 Reading 593/1693: 	/scratch/frd_muziyao/SHUD-OpenMP/SHUD/Basins/heihe_x4/forcing/X99.05Y40.05.csv
	 Reading 594/1693: 	/scratch/frd_muziyao/SHUD-OpenMP/SHUD/Basins/heihe_x4/forcing/X99.05Y40.15.csv
	 Reading 595/1693: 	/scratch/frd_muziyao/SHUD-OpenMP/SHUD/Basins/heihe_x4/forcing/X99.05Y40.25.csv
	 Reading 596/1693: 	/scratch/frd_muziyao/SHUD-OpenMP/SHUD/Basins/heihe_x4/forcing/X99.05Y40.35.csv
	 Reading 597/1693: 	/scratch/frd_muziyao/SHUD-OpenMP/SHUD/Basins/heihe_x4/forcing/X99.05Y40.45.csv
	 Reading 598/1693: 	/scratch/frd_muziyao/SHUD-OpenMP/SHUD/Basins/heihe_x4/forcing/X99.05Y40.55.csv
	 Reading 599/1693: 	/scratch/frd_muziyao/SHUD-OpenMP/SHUD/Basins/heihe_x4/forcing/X99.05Y40.65.csv
	 Reading 600/1693: 	/scratch/frd_muziyao/SHUD-OpenMP/SHUD/Basins/heihe_x4/forcing/X99.05Y40.75.csv
	 Reading 601/1693: 	/scratch/frd_muziyao/SHUD-OpenMP/SHUD/Basins/heihe_x4/forcing/X99.05Y40.85.csv
	 Reading 602/1693: 	/scratch/frd_muziyao/SHUD-OpenMP/SHUD/Basins/heihe_x4/forcing/X99.05Y40.95.csv
	 Reading 603/1693: 	/scratch/frd_muziyao/SHUD-OpenMP/SHUD/Basins/heihe_x4/forcing/X99.05Y41.05.csv
	 Reading 604/1693: 	/scratch/frd_muziyao/SHUD-OpenMP/SHUD/Basins/heihe_x4/forcing/X99.05Y41.15.csv
	 Reading 605/1693: 	/scratch/frd_muziyao/SHUD-OpenMP/SHUD/Basins/heihe_x4/forcing/X99.05Y41.25.csv
	 Reading 606/1693: 	/scratch/frd_muziyao/SHUD-OpenMP/SHUD/Basins/heihe_x4/forcing/X99.05Y41.35.csv
	 Reading 607/1693: 	/scratch/frd_muziyao/SHUD-OpenMP/SHUD/Basins/heihe_x4/forcing/X99.05Y41.45.csv
	 Reading 608/1693: 	/scratch/frd_muziyao/SHUD-OpenMP/SHUD/Basins/heihe_x4/forcing/X99.05Y41.55.csv
	 Reading 609/1693: 	/scratch/frd_muziyao/SHUD-OpenMP/SHUD/Basins/heihe_x4/forcing/X99.05Y41.65.csv
	 Reading 610/1693: 	/scratch/frd_muziyao/SHUD-OpenMP/SHUD/Basins/heihe_x4/forcing/X99.05Y41.75.csv
	 Reading 611/1693: 	/scratch/frd_muziyao/SHUD-OpenMP/SHUD/Basins/heihe_x4/forcing/X99.05Y41.85.csv
	 Reading 612/1693: 	/scratch/frd_muziyao/SHUD-OpenMP/SHUD/Basins/heihe_x4/forcing/X99.05Y41.95.csv
	 Reading 613/1693: 	/scratch/frd_muziyao/SHUD-OpenMP/SHUD/Basins/heihe_x4/forcing/X99.05Y42.05.csv
	 Reading 614/1693: 	/scratch/frd_muziyao/SHUD-OpenMP/SHUD/Basins/heihe_x4/forcing/X99.05Y42.15.csv
	 Reading 615/1693: 	/scratch/frd_muziyao/SHUD-OpenMP/SHUD/Basins/heihe_x4/forcing/X99.05Y42.25.csv
	 Reading 616/1693: 	/scratch/frd_muziyao/SHUD-OpenMP/SHUD/Basins/heihe_x4/forcing/X99.05Y42.35.csv
	 Reading 617/1693: 	/scratch/frd_muziyao/SHUD-OpenMP/SHUD/Basins/heihe_x4/forcing/X99.05Y42.45.csv
	 Reading 618/1693: 	/scratch/frd_muziyao/SHUD-OpenMP/SHUD/Basins/heihe_x4/forcing/X99.05Y42.55.csv
	 Reading 619/1693: 	/scratch/frd_muziyao/SHUD-OpenMP/SHUD/Basins/heihe_x4/forcing/X99.05Y42.65.csv
	 Reading 620/1693: 	/scratch/frd_muziyao/SHUD-OpenMP/SHUD/Basins/heihe_x4/forcing/X99.15Y38.25.csv
	 Reading 621/1693: 	/scratch/frd_muziyao/SHUD-OpenMP/SHUD/Basins/heihe_x4/forcing/X99.15Y38.35.csv
	 Reading 622/1693: 	/scratch/frd_muziyao/SHUD-OpenMP/SHUD/Basins/heihe_x4/forcing/X99.15Y38.45.csv
	 Reading 623/1693: 	/scratch/frd_muziyao/SHUD-OpenMP/SHUD/Basins/heihe_x4/forcing/X99.15Y38.55.csv
	 Reading 624/1693: 	/scratch/frd_muziyao/SHUD-OpenMP/SHUD/Basins/heihe_x4/forcing/X99.15Y38.65.csv
	 Reading 625/1693: 	/scratch/frd_muziyao/SHUD-OpenMP/SHUD/Basins/heihe_x4/forcing/X99.15Y38.75.csv
	 Reading 626/1693: 	/scratch/frd_muziyao/SHUD-OpenMP/SHUD/Basins/heihe_x4/forcing/X99.15Y38.85.csv
	 Reading 627/1693: 	/scratch/frd_muziyao/SHUD-OpenMP/SHUD/Basins/heihe_x4/forcing/X99.15Y38.95.csv
	 Reading 628/1693: 	/scratch/frd_muziyao/SHUD-OpenMP/SHUD/Basins/heihe_x4/forcing/X99.15Y39.05.csv
	 Reading 629/1693: 	/scratch/frd_muziyao/SHUD-OpenMP/SHUD/Basins/heihe_x4/forcing/X99.15Y39.15.csv
	 Reading 630/1693: 	/scratch/frd_muziyao/SHUD-OpenMP/SHUD/Basins/heihe_x4/forcing/X99.15Y39.25.csv
	 Reading 631/1693: 	/scratch/frd_muziyao/SHUD-OpenMP/SHUD/Basins/heihe_x4/forcing/X99.15Y39.35.csv
	 Reading 632/1693: 	/scratch/frd_muziyao/SHUD-OpenMP/SHUD/Basins/heihe_x4/forcing/X99.15Y39.45.csv
	 Reading 633/1693: 	/scratch/frd_muziyao/SHUD-OpenMP/SHUD/Basins/heihe_x4/forcing/X99.15Y39.55.csv
	 Reading 634/1693: 	/scratch/frd_muziyao/SHUD-OpenMP/SHUD/Basins/heihe_x4/forcing/X99.15Y39.65.csv
	 Reading 635/1693: 	/scratch/frd_muziyao/SHUD-OpenMP/SHUD/Basins/heihe_x4/forcing/X99.15Y39.75.csv
	 Reading 636/1693: 	/scratch/frd_muziyao/SHUD-OpenMP/SHUD/Basins/heihe_x4/forcing/X99.15Y39.85.csv
	 Reading 637/1693: 	/scratch/frd_muziyao/SHUD-OpenMP/SHUD/Basins/heihe_x4/forcing/X99.15Y39.95.csv
	 Reading 638/1693: 	/scratch/frd_muziyao/SHUD-OpenMP/SHUD/Basins/heihe_x4/forcing/X99.15Y40.05.csv
	 Reading 639/1693: 	/scratch/frd_muziyao/SHUD-OpenMP/SHUD/Basins/heihe_x4/forcing/X99.15Y40.15.csv
	 Reading 640/1693: 	/scratch/frd_muziyao/SHUD-OpenMP/SHUD/Basins/heihe_x4/forcing/X99.15Y40.25.csv
	 Reading 641/1693: 	/scratch/frd_muziyao/SHUD-OpenMP/SHUD/Basins/heihe_x4/forcing/X99.15Y40.35.csv
	 Reading 642/1693: 	/scratch/frd_muziyao/SHUD-OpenMP/SHUD/Basins/heihe_x4/forcing/X99.15Y40.45.csv
	 Reading 643/1693: 	/scratch/frd_muziyao/SHUD-OpenMP/SHUD/Basins/heihe_x4/forcing/X99.15Y40.55.csv
	 Reading 644/1693: 	/scratch/frd_muziyao/SHUD-OpenMP/SHUD/Basins/heihe_x4/forcing/X99.15Y40.65.csv
	 Reading 645/1693: 	/scratch/frd_muziyao/SHUD-OpenMP/SHUD/Basins/heihe_x4/forcing/X99.15Y40.75.csv
	 Reading 646/1693: 	/scratch/frd_muziyao/SHUD-OpenMP/SHUD/Basins/heihe_x4/forcing/X99.15Y40.85.csv
	 Reading 647/1693: 	/scratch/frd_muziyao/SHUD-OpenMP/SHUD/Basins/heihe_x4/forcing/X99.15Y40.95.csv
	 Reading 648/1693: 	/scratch/frd_muziyao/SHUD-OpenMP/SHUD/Basins/heihe_x4/forcing/X99.15Y41.05.csv
	 Reading 649/1693: 	/scratch/frd_muziyao/SHUD-OpenMP/SHUD/Basins/heihe_x4/forcing/X99.15Y41.15.csv
	 Reading 650/1693: 	/scratch/frd_muziyao/SHUD-OpenMP/SHUD/Basins/heihe_x4/forcing/X99.15Y41.25.csv
	 Reading 651/1693: 	/scratch/frd_muziyao/SHUD-OpenMP/SHUD/Basins/heihe_x4/forcing/X99.15Y41.35.csv
	 Reading 652/1693: 	/scratch/frd_muziyao/SHUD-OpenMP/SHUD/Basins/heihe_x4/forcing/X99.15Y41.45.csv
	 Reading 653/1693: 	/scratch/frd_muziyao/SHUD-OpenMP/SHUD/Basins/heihe_x4/forcing/X99.15Y41.55.csv
	 Reading 654/1693: 	/scratch/frd_muziyao/SHUD-OpenMP/SHUD/Basins/heihe_x4/forcing/X99.15Y41.65.csv
	 Reading 655/1693: 	/scratch/frd_muziyao/SHUD-OpenMP/SHUD/Basins/heihe_x4/forcing/X99.15Y41.75.csv
	 Reading 656/1693: 	/scratch/frd_muziyao/SHUD-OpenMP/SHUD/Basins/heihe_x4/forcing/X99.15Y41.85.csv
	 Reading 657/1693: 	/scratch/frd_muziyao/SHUD-OpenMP/SHUD/Basins/heihe_x4/forcing/X99.15Y41.95.csv
	 Reading 658/1693: 	/scratch/frd_muziyao/SHUD-OpenMP/SHUD/Basins/heihe_x4/forcing/X99.15Y42.05.csv
	 Reading 659/1693: 	/scratch/frd_muziyao/SHUD-OpenMP/SHUD/Basins/heihe_x4/forcing/X99.15Y42.15.csv
	 Reading 660/1693: 	/scratch/frd_muziyao/SHUD-OpenMP/SHUD/Basins/heihe_x4/forcing/X99.15Y42.25.csv
	 Reading 661/1693: 	/scratch/frd_muziyao/SHUD-OpenMP/SHUD/Basins/heihe_x4/forcing/X99.15Y42.35.csv
	 Reading 662/1693: 	/scratch/frd_muziyao/SHUD-OpenMP/SHUD/Basins/heihe_x4/forcing/X99.15Y42.45.csv
	 Reading 663/1693: 	/scratch/frd_muziyao/SHUD-OpenMP/SHUD/Basins/heihe_x4/forcing/X99.15Y42.55.csv
	 Reading 664/1693: 	/scratch/frd_muziyao/SHUD-OpenMP/SHUD/Basins/heihe_x4/forcing/X99.15Y42.65.csv
	 Reading 665/1693: 	/scratch/frd_muziyao/SHUD-OpenMP/SHUD/Basins/heihe_x4/forcing/X99.25Y38.25.csv
	 Reading 666/1693: 	/scratch/frd_muziyao/SHUD-OpenMP/SHUD/Basins/heihe_x4/forcing/X99.25Y38.35.csv
	 Reading 667/1693: 	/scratch/frd_muziyao/SHUD-OpenMP/SHUD/Basins/heihe_x4/forcing/X99.25Y38.45.csv
	 Reading 668/1693: 	/scratch/frd_muziyao/SHUD-OpenMP/SHUD/Basins/heihe_x4/forcing/X99.25Y38.55.csv
	 Reading 669/1693: 	/scratch/frd_muziyao/SHUD-OpenMP/SHUD/Basins/heihe_x4/forcing/X99.25Y38.65.csv
	 Reading 670/1693: 	/scratch/frd_muziyao/SHUD-OpenMP/SHUD/Basins/heihe_x4/forcing/X99.25Y38.75.csv
	 Reading 671/1693: 	/scratch/frd_muziyao/SHUD-OpenMP/SHUD/Basins/heihe_x4/forcing/X99.25Y38.85.csv
	 Reading 672/1693: 	/scratch/frd_muziyao/SHUD-OpenMP/SHUD/Basins/heihe_x4/forcing/X99.25Y38.95.csv
	 Reading 673/1693: 	/scratch/frd_muziyao/SHUD-OpenMP/SHUD/Basins/heihe_x4/forcing/X99.25Y39.05.csv
	 Reading 674/1693: 	/scratch/frd_muziyao/SHUD-OpenMP/SHUD/Basins/heihe_x4/forcing/X99.25Y39.15.csv
	 Reading 675/1693: 	/scratch/frd_muziyao/SHUD-OpenMP/SHUD/Basins/heihe_x4/forcing/X99.25Y39.25.csv
	 Reading 676/1693: 	/scratch/frd_muziyao/SHUD-OpenMP/SHUD/Basins/heihe_x4/forcing/X99.25Y39.35.csv
	 Reading 677/1693: 	/scratch/frd_muziyao/SHUD-OpenMP/SHUD/Basins/heihe_x4/forcing/X99.25Y39.45.csv
	 Reading 678/1693: 	/scratch/frd_muziyao/SHUD-OpenMP/SHUD/Basins/heihe_x4/forcing/X99.25Y39.55.csv
	 Reading 679/1693: 	/scratch/frd_muziyao/SHUD-OpenMP/SHUD/Basins/heihe_x4/forcing/X99.25Y39.65.csv
	 Reading 680/1693: 	/scratch/frd_muziyao/SHUD-OpenMP/SHUD/Basins/heihe_x4/forcing/X99.25Y39.75.csv
	 Reading 681/1693: 	/scratch/frd_muziyao/SHUD-OpenMP/SHUD/Basins/heihe_x4/forcing/X99.25Y39.85.csv
	 Reading 682/1693: 	/scratch/frd_muziyao/SHUD-OpenMP/SHUD/Basins/heihe_x4/forcing/X99.25Y39.95.csv
	 Reading 683/1693: 	/scratch/frd_muziyao/SHUD-OpenMP/SHUD/Basins/heihe_x4/forcing/X99.25Y40.05.csv
	 Reading 684/1693: 	/scratch/frd_muziyao/SHUD-OpenMP/SHUD/Basins/heihe_x4/forcing/X99.25Y40.15.csv
	 Reading 685/1693: 	/scratch/frd_muziyao/SHUD-OpenMP/SHUD/Basins/heihe_x4/forcing/X99.25Y40.25.csv
	 Reading 686/1693: 	/scratch/frd_muziyao/SHUD-OpenMP/SHUD/Basins/heihe_x4/forcing/X99.25Y40.35.csv
	 Reading 687/1693: 	/scratch/frd_muziyao/SHUD-OpenMP/SHUD/Basins/heihe_x4/forcing/X99.25Y40.45.csv
	 Reading 688/1693: 	/scratch/frd_muziyao/SHUD-OpenMP/SHUD/Basins/heihe_x4/forcing/X99.25Y40.55.csv
	 Reading 689/1693: 	/scratch/frd_muziyao/SHUD-OpenMP/SHUD/Basins/heihe_x4/forcing/X99.25Y40.65.csv
	 Reading 690/1693: 	/scratch/frd_muziyao/SHUD-OpenMP/SHUD/Basins/heihe_x4/forcing/X99.25Y40.75.csv
	 Reading 691/1693: 	/scratch/frd_muziyao/SHUD-OpenMP/SHUD/Basins/heihe_x4/forcing/X99.25Y40.85.csv
	 Reading 692/1693: 	/scratch/frd_muziyao/SHUD-OpenMP/SHUD/Basins/heihe_x4/forcing/X99.25Y40.95.csv
	 Reading 693/1693: 	/scratch/frd_muziyao/SHUD-OpenMP/SHUD/Basins/heihe_x4/forcing/X99.25Y41.05.csv
	 Reading 694/1693: 	/scratch/frd_muziyao/SHUD-OpenMP/SHUD/Basins/heihe_x4/forcing/X99.25Y41.15.csv
	 Reading 695/1693: 	/scratch/frd_muziyao/SHUD-OpenMP/SHUD/Basins/heihe_x4/forcing/X99.25Y41.25.csv
	 Reading 696/1693: 	/scratch/frd_muziyao/SHUD-OpenMP/SHUD/Basins/heihe_x4/forcing/X99.25Y41.35.csv
	 Reading 697/1693: 	/scratch/frd_muziyao/SHUD-OpenMP/SHUD/Basins/heihe_x4/forcing/X99.25Y41.45.csv
	 Reading 698/1693: 	/scratch/frd_muziyao/SHUD-OpenMP/SHUD/Basins/heihe_x4/forcing/X99.25Y41.55.csv
	 Reading 699/1693: 	/scratch/frd_muziyao/SHUD-OpenMP/SHUD/Basins/heihe_x4/forcing/X99.25Y41.65.csv
	 Reading 700/1693: 	/scratch/frd_muziyao/SHUD-OpenMP/SHUD/Basins/heihe_x4/forcing/X99.25Y41.75.csv
	 Reading 701/1693: 	/scratch/frd_muziyao/SHUD-OpenMP/SHUD/Basins/heihe_x4/forcing/X99.25Y41.85.csv
	 Reading 702/1693: 	/scratch/frd_muziyao/SHUD-OpenMP/SHUD/Basins/heihe_x4/forcing/X99.25Y41.95.csv
	 Reading 703/1693: 	/scratch/frd_muziyao/SHUD-OpenMP/SHUD/Basins/heihe_x4/forcing/X99.25Y42.05.csv
	 Reading 704/1693: 	/scratch/frd_muziyao/SHUD-OpenMP/SHUD/Basins/heihe_x4/forcing/X99.25Y42.15.csv
	 Reading 705/1693: 	/scratch/frd_muziyao/SHUD-OpenMP/SHUD/Basins/heihe_x4/forcing/X99.25Y42.25.csv
	 Reading 706/1693: 	/scratch/frd_muziyao/SHUD-OpenMP/SHUD/Basins/heihe_x4/forcing/X99.25Y42.35.csv
	 Reading 707/1693: 	/scratch/frd_muziyao/SHUD-OpenMP/SHUD/Basins/heihe_x4/forcing/X99.25Y42.45.csv
	 Reading 708/1693: 	/scratch/frd_muziyao/SHUD-OpenMP/SHUD/Basins/heihe_x4/forcing/X99.25Y42.55.csv
	 Reading 709/1693: 	/scratch/frd_muziyao/SHUD-OpenMP/SHUD/Basins/heihe_x4/forcing/X99.25Y42.65.csv
	 Reading 710/1693: 	/scratch/frd_muziyao/SHUD-OpenMP/SHUD/Basins/heihe_x4/forcing/X99.35Y38.25.csv
	 Reading 711/1693: 	/scratch/frd_muziyao/SHUD-OpenMP/SHUD/Basins/heihe_x4/forcing/X99.35Y38.35.csv
	 Reading 712/1693: 	/scratch/frd_muziyao/SHUD-OpenMP/SHUD/Basins/heihe_x4/forcing/X99.35Y38.45.csv
	 Reading 713/1693: 	/scratch/frd_muziyao/SHUD-OpenMP/SHUD/Basins/heihe_x4/forcing/X99.35Y38.55.csv
	 Reading 714/1693: 	/scratch/frd_muziyao/SHUD-OpenMP/SHUD/Basins/heihe_x4/forcing/X99.35Y38.65.csv
	 Reading 715/1693: 	/scratch/frd_muziyao/SHUD-OpenMP/SHUD/Basins/heihe_x4/forcing/X99.35Y38.75.csv
	 Reading 716/1693: 	/scratch/frd_muziyao/SHUD-OpenMP/SHUD/Basins/heihe_x4/forcing/X99.35Y38.85.csv
	 Reading 717/1693: 	/scratch/frd_muziyao/SHUD-OpenMP/SHUD/Basins/heihe_x4/forcing/X99.35Y38.95.csv
	 Reading 718/1693: 	/scratch/frd_muziyao/SHUD-OpenMP/SHUD/Basins/heihe_x4/forcing/X99.35Y39.05.csv
	 Reading 719/1693: 	/scratch/frd_muziyao/SHUD-OpenMP/SHUD/Basins/heihe_x4/forcing/X99.35Y39.15.csv
	 Reading 720/1693: 	/scratch/frd_muziyao/SHUD-OpenMP/SHUD/Basins/heihe_x4/forcing/X99.35Y39.25.csv
	 Reading 721/1693: 	/scratch/frd_muziyao/SHUD-OpenMP/SHUD/Basins/heihe_x4/forcing/X99.35Y39.35.csv
	 Reading 722/1693: 	/scratch/frd_muziyao/SHUD-OpenMP/SHUD/Basins/heihe_x4/forcing/X99.35Y39.45.csv
	 Reading 723/1693: 	/scratch/frd_muziyao/SHUD-OpenMP/SHUD/Basins/heihe_x4/forcing/X99.35Y39.55.csv
	 Reading 724/1693: 	/scratch/frd_muziyao/SHUD-OpenMP/SHUD/Basins/heihe_x4/forcing/X99.35Y39.65.csv
	 Reading 725/1693: 	/scratch/frd_muziyao/SHUD-OpenMP/SHUD/Basins/heihe_x4/forcing/X99.35Y39.75.csv
	 Reading 726/1693: 	/scratch/frd_muziyao/SHUD-OpenMP/SHUD/Basins/heihe_x4/forcing/X99.35Y39.85.csv
	 Reading 727/1693: 	/scratch/frd_muziyao/SHUD-OpenMP/SHUD/Basins/heihe_x4/forcing/X99.35Y39.95.csv
	 Reading 728/1693: 	/scratch/frd_muziyao/SHUD-OpenMP/SHUD/Basins/heihe_x4/forcing/X99.35Y40.05.csv
	 Reading 729/1693: 	/scratch/frd_muziyao/SHUD-OpenMP/SHUD/Basins/heihe_x4/forcing/X99.35Y40.15.csv
	 Reading 730/1693: 	/scratch/frd_muziyao/SHUD-OpenMP/SHUD/Basins/heihe_x4/forcing/X99.35Y40.25.csv
	 Reading 731/1693: 	/scratch/frd_muziyao/SHUD-OpenMP/SHUD/Basins/heihe_x4/forcing/X99.35Y40.35.csv
	 Reading 732/1693: 	/scratch/frd_muziyao/SHUD-OpenMP/SHUD/Basins/heihe_x4/forcing/X99.35Y40.45.csv
	 Reading 733/1693: 	/scratch/frd_muziyao/SHUD-OpenMP/SHUD/Basins/heihe_x4/forcing/X99.35Y40.55.csv
	 Reading 734/1693: 	/scratch/frd_muziyao/SHUD-OpenMP/SHUD/Basins/heihe_x4/forcing/X99.35Y40.65.csv
	 Reading 735/1693: 	/scratch/frd_muziyao/SHUD-OpenMP/SHUD/Basins/heihe_x4/forcing/X99.35Y40.75.csv
	 Reading 736/1693: 	/scratch/frd_muziyao/SHUD-OpenMP/SHUD/Basins/heihe_x4/forcing/X99.35Y40.85.csv
	 Reading 737/1693: 	/scratch/frd_muziyao/SHUD-OpenMP/SHUD/Basins/heihe_x4/forcing/X99.35Y40.95.csv
	 Reading 738/1693: 	/scratch/frd_muziyao/SHUD-OpenMP/SHUD/Basins/heihe_x4/forcing/X99.35Y41.05.csv
	 Reading 739/1693: 	/scratch/frd_muziyao/SHUD-OpenMP/SHUD/Basins/heihe_x4/forcing/X99.35Y41.15.csv
	 Reading 740/1693: 	/scratch/frd_muziyao/SHUD-OpenMP/SHUD/Basins/heihe_x4/forcing/X99.35Y41.25.csv
	 Reading 741/1693: 	/scratch/frd_muziyao/SHUD-OpenMP/SHUD/Basins/heihe_x4/forcing/X99.35Y41.35.csv
	 Reading 742/1693: 	/scratch/frd_muziyao/SHUD-OpenMP/SHUD/Basins/heihe_x4/forcing/X99.35Y41.45.csv
	 Reading 743/1693: 	/scratch/frd_muziyao/SHUD-OpenMP/SHUD/Basins/heihe_x4/forcing/X99.35Y41.55.csv
	 Reading 744/1693: 	/scratch/frd_muziyao/SHUD-OpenMP/SHUD/Basins/heihe_x4/forcing/X99.35Y41.65.csv
	 Reading 745/1693: 	/scratch/frd_muziyao/SHUD-OpenMP/SHUD/Basins/heihe_x4/forcing/X99.35Y41.75.csv
	 Reading 746/1693: 	/scratch/frd_muziyao/SHUD-OpenMP/SHUD/Basins/heihe_x4/forcing/X99.35Y41.85.csv
	 Reading 747/1693: 	/scratch/frd_muziyao/SHUD-OpenMP/SHUD/Basins/heihe_x4/forcing/X99.35Y41.95.csv
	 Reading 748/1693: 	/scratch/frd_muziyao/SHUD-OpenMP/SHUD/Basins/heihe_x4/forcing/X99.35Y42.05.csv
	 Reading 749/1693: 	/scratch/frd_muziyao/SHUD-OpenMP/SHUD/Basins/heihe_x4/forcing/X99.35Y42.15.csv
	 Reading 750/1693: 	/scratch/frd_muziyao/SHUD-OpenMP/SHUD/Basins/heihe_x4/forcing/X99.35Y42.25.csv
	 Reading 751/1693: 	/scratch/frd_muziyao/SHUD-OpenMP/SHUD/Basins/heihe_x4/forcing/X99.35Y42.35.csv
	 Reading 752/1693: 	/scratch/frd_muziyao/SHUD-OpenMP/SHUD/Basins/heihe_x4/forcing/X99.35Y42.45.csv
	 Reading 753/1693: 	/scratch/frd_muziyao/SHUD-OpenMP/SHUD/Basins/heihe_x4/forcing/X99.35Y42.55.csv
	 Reading 754/1693: 	/scratch/frd_muziyao/SHUD-OpenMP/SHUD/Basins/heihe_x4/forcing/X99.35Y42.65.csv
	 Reading 755/1693: 	/scratch/frd_muziyao/SHUD-OpenMP/SHUD/Basins/heihe_x4/forcing/X99.45Y38.25.csv
	 Reading 756/1693: 	/scratch/frd_muziyao/SHUD-OpenMP/SHUD/Basins/heihe_x4/forcing/X99.45Y38.35.csv
	 Reading 757/1693: 	/scratch/frd_muziyao/SHUD-OpenMP/SHUD/Basins/heihe_x4/forcing/X99.45Y38.45.csv
	 Reading 758/1693: 	/scratch/frd_muziyao/SHUD-OpenMP/SHUD/Basins/heihe_x4/forcing/X99.45Y38.55.csv
	 Reading 759/1693: 	/scratch/frd_muziyao/SHUD-OpenMP/SHUD/Basins/heihe_x4/forcing/X99.45Y38.65.csv
	 Reading 760/1693: 	/scratch/frd_muziyao/SHUD-OpenMP/SHUD/Basins/heihe_x4/forcing/X99.45Y38.75.csv
	 Reading 761/1693: 	/scratch/frd_muziyao/SHUD-OpenMP/SHUD/Basins/heihe_x4/forcing/X99.45Y38.85.csv
	 Reading 762/1693: 	/scratch/frd_muziyao/SHUD-OpenMP/SHUD/Basins/heihe_x4/forcing/X99.45Y38.95.csv
	 Reading 763/1693: 	/scratch/frd_muziyao/SHUD-OpenMP/SHUD/Basins/heihe_x4/forcing/X99.45Y39.05.csv
	 Reading 764/1693: 	/scratch/frd_muziyao/SHUD-OpenMP/SHUD/Basins/heihe_x4/forcing/X99.45Y39.15.csv
	 Reading 765/1693: 	/scratch/frd_muziyao/SHUD-OpenMP/SHUD/Basins/heihe_x4/forcing/X99.45Y39.25.csv
	 Reading 766/1693: 	/scratch/frd_muziyao/SHUD-OpenMP/SHUD/Basins/heihe_x4/forcing/X99.45Y39.35.csv
	 Reading 767/1693: 	/scratch/frd_muziyao/SHUD-OpenMP/SHUD/Basins/heihe_x4/forcing/X99.45Y39.45.csv
	 Reading 768/1693: 	/scratch/frd_muziyao/SHUD-OpenMP/SHUD/Basins/heihe_x4/forcing/X99.45Y39.55.csv
	 Reading 769/1693: 	/scratch/frd_muziyao/SHUD-OpenMP/SHUD/Basins/heihe_x4/forcing/X99.45Y39.65.csv
	 Reading 770/1693: 	/scratch/frd_muziyao/SHUD-OpenMP/SHUD/Basins/heihe_x4/forcing/X99.45Y39.75.csv
	 Reading 771/1693: 	/scratch/frd_muziyao/SHUD-OpenMP/SHUD/Basins/heihe_x4/forcing/X99.45Y39.85.csv
	 Reading 772/1693: 	/scratch/frd_muziyao/SHUD-OpenMP/SHUD/Basins/heihe_x4/forcing/X99.45Y39.95.csv
	 Reading 773/1693: 	/scratch/frd_muziyao/SHUD-OpenMP/SHUD/Basins/heihe_x4/forcing/X99.45Y40.05.csv
	 Reading 774/1693: 	/scratch/frd_muziyao/SHUD-OpenMP/SHUD/Basins/heihe_x4/forcing/X99.45Y40.15.csv
	 Reading 775/1693: 	/scratch/frd_muziyao/SHUD-OpenMP/SHUD/Basins/heihe_x4/forcing/X99.45Y40.25.csv
	 Reading 776/1693: 	/scratch/frd_muziyao/SHUD-OpenMP/SHUD/Basins/heihe_x4/forcing/X99.45Y40.35.csv
	 Reading 777/1693: 	/scratch/frd_muziyao/SHUD-OpenMP/SHUD/Basins/heihe_x4/forcing/X99.45Y40.45.csv
	 Reading 778/1693: 	/scratch/frd_muziyao/SHUD-OpenMP/SHUD/Basins/heihe_x4/forcing/X99.45Y40.55.csv
	 Reading 779/1693: 	/scratch/frd_muziyao/SHUD-OpenMP/SHUD/Basins/heihe_x4/forcing/X99.45Y40.65.csv
	 Reading 780/1693: 	/scratch/frd_muziyao/SHUD-OpenMP/SHUD/Basins/heihe_x4/forcing/X99.45Y40.75.csv
	 Reading 781/1693: 	/scratch/frd_muziyao/SHUD-OpenMP/SHUD/Basins/heihe_x4/forcing/X99.45Y40.85.csv
	 Reading 782/1693: 	/scratch/frd_muziyao/SHUD-OpenMP/SHUD/Basins/heihe_x4/forcing/X99.45Y40.95.csv
	 Reading 783/1693: 	/scratch/frd_muziyao/SHUD-OpenMP/SHUD/Basins/heihe_x4/forcing/X99.45Y41.05.csv
	 Reading 784/1693: 	/scratch/frd_muziyao/SHUD-OpenMP/SHUD/Basins/heihe_x4/forcing/X99.45Y41.15.csv
	 Reading 785/1693: 	/scratch/frd_muziyao/SHUD-OpenMP/SHUD/Basins/heihe_x4/forcing/X99.45Y41.25.csv
	 Reading 786/1693: 	/scratch/frd_muziyao/SHUD-OpenMP/SHUD/Basins/heihe_x4/forcing/X99.45Y41.35.csv
	 Reading 787/1693: 	/scratch/frd_muziyao/SHUD-OpenMP/SHUD/Basins/heihe_x4/forcing/X99.45Y41.45.csv
	 Reading 788/1693: 	/scratch/frd_muziyao/SHUD-OpenMP/SHUD/Basins/heihe_x4/forcing/X99.45Y41.55.csv
	 Reading 789/1693: 	/scratch/frd_muziyao/SHUD-OpenMP/SHUD/Basins/heihe_x4/forcing/X99.45Y41.65.csv
	 Reading 790/1693: 	/scratch/frd_muziyao/SHUD-OpenMP/SHUD/Basins/heihe_x4/forcing/X99.45Y41.75.csv
	 Reading 791/1693: 	/scratch/frd_muziyao/SHUD-OpenMP/SHUD/Basins/heihe_x4/forcing/X99.45Y41.85.csv
	 Reading 792/1693: 	/scratch/frd_muziyao/SHUD-OpenMP/SHUD/Basins/heihe_x4/forcing/X99.45Y41.95.csv
	 Reading 793/1693: 	/scratch/frd_muziyao/SHUD-OpenMP/SHUD/Basins/heihe_x4/forcing/X99.45Y42.05.csv
	 Reading 794/1693: 	/scratch/frd_muziyao/SHUD-OpenMP/SHUD/Basins/heihe_x4/forcing/X99.45Y42.15.csv
	 Reading 795/1693: 	/scratch/frd_muziyao/SHUD-OpenMP/SHUD/Basins/heihe_x4/forcing/X99.45Y42.25.csv
	 Reading 796/1693: 	/scratch/frd_muziyao/SHUD-OpenMP/SHUD/Basins/heihe_x4/forcing/X99.45Y42.35.csv
	 Reading 797/1693: 	/scratch/frd_muziyao/SHUD-OpenMP/SHUD/Basins/heihe_x4/forcing/X99.45Y42.45.csv
	 Reading 798/1693: 	/scratch/frd_muziyao/SHUD-OpenMP/SHUD/Basins/heihe_x4/forcing/X99.45Y42.55.csv
	 Reading 799/1693: 	/scratch/frd_muziyao/SHUD-OpenMP/SHUD/Basins/heihe_x4/forcing/X99.45Y42.65.csv
	 Reading 800/1693: 	/scratch/frd_muziyao/SHUD-OpenMP/SHUD/Basins/heihe_x4/forcing/X99.55Y38.15.csv
	 Reading 801/1693: 	/scratch/frd_muziyao/SHUD-OpenMP/SHUD/Basins/heihe_x4/forcing/X99.55Y38.25.csv
	 Reading 802/1693: 	/scratch/frd_muziyao/SHUD-OpenMP/SHUD/Basins/heihe_x4/forcing/X99.55Y38.35.csv
	 Reading 803/1693: 	/scratch/frd_muziyao/SHUD-OpenMP/SHUD/Basins/heihe_x4/forcing/X99.55Y38.45.csv
	 Reading 804/1693: 	/scratch/frd_muziyao/SHUD-OpenMP/SHUD/Basins/heihe_x4/forcing/X99.55Y38.55.csv
	 Reading 805/1693: 	/scratch/frd_muziyao/SHUD-OpenMP/SHUD/Basins/heihe_x4/forcing/X99.55Y38.65.csv
	 Reading 806/1693: 	/scratch/frd_muziyao/SHUD-OpenMP/SHUD/Basins/heihe_x4/forcing/X99.55Y38.75.csv
	 Reading 807/1693: 	/scratch/frd_muziyao/SHUD-OpenMP/SHUD/Basins/heihe_x4/forcing/X99.55Y38.85.csv
	 Reading 808/1693: 	/scratch/frd_muziyao/SHUD-OpenMP/SHUD/Basins/heihe_x4/forcing/X99.55Y38.95.csv
	 Reading 809/1693: 	/scratch/frd_muziyao/SHUD-OpenMP/SHUD/Basins/heihe_x4/forcing/X99.55Y39.05.csv
	 Reading 810/1693: 	/scratch/frd_muziyao/SHUD-OpenMP/SHUD/Basins/heihe_x4/forcing/X99.55Y39.15.csv
	 Reading 811/1693: 	/scratch/frd_muziyao/SHUD-OpenMP/SHUD/Basins/heihe_x4/forcing/X99.55Y39.25.csv
	 Reading 812/1693: 	/scratch/frd_muziyao/SHUD-OpenMP/SHUD/Basins/heihe_x4/forcing/X99.55Y39.35.csv
	 Reading 813/1693: 	/scratch/frd_muziyao/SHUD-OpenMP/SHUD/Basins/heihe_x4/forcing/X99.55Y39.45.csv
	 Reading 814/1693: 	/scratch/frd_muziyao/SHUD-OpenMP/SHUD/Basins/heihe_x4/forcing/X99.55Y39.55.csv
	 Reading 815/1693: 	/scratch/frd_muziyao/SHUD-OpenMP/SHUD/Basins/heihe_x4/forcing/X99.55Y39.65.csv
	 Reading 816/1693: 	/scratch/frd_muziyao/SHUD-OpenMP/SHUD/Basins/heihe_x4/forcing/X99.55Y39.75.csv
	 Reading 817/1693: 	/scratch/frd_muziyao/SHUD-OpenMP/SHUD/Basins/heihe_x4/forcing/X99.55Y39.85.csv
	 Reading 818/1693: 	/scratch/frd_muziyao/SHUD-OpenMP/SHUD/Basins/heihe_x4/forcing/X99.55Y39.95.csv
	 Reading 819/1693: 	/scratch/frd_muziyao/SHUD-OpenMP/SHUD/Basins/heihe_x4/forcing/X99.55Y40.05.csv
	 Reading 820/1693: 	/scratch/frd_muziyao/SHUD-OpenMP/SHUD/Basins/heihe_x4/forcing/X99.55Y40.15.csv
	 Reading 821/1693: 	/scratch/frd_muziyao/SHUD-OpenMP/SHUD/Basins/heihe_x4/forcing/X99.55Y40.25.csv
	 Reading 822/1693: 	/scratch/frd_muziyao/SHUD-OpenMP/SHUD/Basins/heihe_x4/forcing/X99.55Y40.35.csv
	 Reading 823/1693: 	/scratch/frd_muziyao/SHUD-OpenMP/SHUD/Basins/heihe_x4/forcing/X99.55Y40.45.csv
	 Reading 824/1693: 	/scratch/frd_muziyao/SHUD-OpenMP/SHUD/Basins/heihe_x4/forcing/X99.55Y40.55.csv
	 Reading 825/1693: 	/scratch/frd_muziyao/SHUD-OpenMP/SHUD/Basins/heihe_x4/forcing/X99.55Y40.65.csv
	 Reading 826/1693: 	/scratch/frd_muziyao/SHUD-OpenMP/SHUD/Basins/heihe_x4/forcing/X99.55Y40.75.csv
	 Reading 827/1693: 	/scratch/frd_muziyao/SHUD-OpenMP/SHUD/Basins/heihe_x4/forcing/X99.55Y40.85.csv
	 Reading 828/1693: 	/scratch/frd_muziyao/SHUD-OpenMP/SHUD/Basins/heihe_x4/forcing/X99.55Y40.95.csv
	 Reading 829/1693: 	/scratch/frd_muziyao/SHUD-OpenMP/SHUD/Basins/heihe_x4/forcing/X99.55Y41.05.csv
	 Reading 830/1693: 	/scratch/frd_muziyao/SHUD-OpenMP/SHUD/Basins/heihe_x4/forcing/X99.55Y41.15.csv
	 Reading 831/1693: 	/scratch/frd_muziyao/SHUD-OpenMP/SHUD/Basins/heihe_x4/forcing/X99.55Y41.25.csv
	 Reading 832/1693: 	/scratch/frd_muziyao/SHUD-OpenMP/SHUD/Basins/heihe_x4/forcing/X99.55Y41.35.csv
	 Reading 833/1693: 	/scratch/frd_muziyao/SHUD-OpenMP/SHUD/Basins/heihe_x4/forcing/X99.55Y41.45.csv
	 Reading 834/1693: 	/scratch/frd_muziyao/SHUD-OpenMP/SHUD/Basins/heihe_x4/forcing/X99.55Y41.55.csv
	 Reading 835/1693: 	/scratch/frd_muziyao/SHUD-OpenMP/SHUD/Basins/heihe_x4/forcing/X99.55Y41.65.csv
	 Reading 836/1693: 	/scratch/frd_muziyao/SHUD-OpenMP/SHUD/Basins/heihe_x4/forcing/X99.55Y41.75.csv
	 Reading 837/1693: 	/scratch/frd_muziyao/SHUD-OpenMP/SHUD/Basins/heihe_x4/forcing/X99.55Y41.85.csv
	 Reading 838/1693: 	/scratch/frd_muziyao/SHUD-OpenMP/SHUD/Basins/heihe_x4/forcing/X99.55Y41.95.csv
	 Reading 839/1693: 	/scratch/frd_muziyao/SHUD-OpenMP/SHUD/Basins/heihe_x4/forcing/X99.55Y42.05.csv
	 Reading 840/1693: 	/scratch/frd_muziyao/SHUD-OpenMP/SHUD/Basins/heihe_x4/forcing/X99.55Y42.15.csv
	 Reading 841/1693: 	/scratch/frd_muziyao/SHUD-OpenMP/SHUD/Basins/heihe_x4/forcing/X99.55Y42.25.csv
	 Reading 842/1693: 	/scratch/frd_muziyao/SHUD-OpenMP/SHUD/Basins/heihe_x4/forcing/X99.55Y42.35.csv
	 Reading 843/1693: 	/scratch/frd_muziyao/SHUD-OpenMP/SHUD/Basins/heihe_x4/forcing/X99.55Y42.45.csv
	 Reading 844/1693: 	/scratch/frd_muziyao/SHUD-OpenMP/SHUD/Basins/heihe_x4/forcing/X99.55Y42.55.csv
	 Reading 845/1693: 	/scratch/frd_muziyao/SHUD-OpenMP/SHUD/Basins/heihe_x4/forcing/X99.55Y42.65.csv
	 Reading 846/1693: 	/scratch/frd_muziyao/SHUD-OpenMP/SHUD/Basins/heihe_x4/forcing/X99.65Y38.15.csv
	 Reading 847/1693: 	/scratch/frd_muziyao/SHUD-OpenMP/SHUD/Basins/heihe_x4/forcing/X99.65Y38.25.csv
	 Reading 848/1693: 	/scratch/frd_muziyao/SHUD-OpenMP/SHUD/Basins/heihe_x4/forcing/X99.65Y38.35.csv
	 Reading 849/1693: 	/scratch/frd_muziyao/SHUD-OpenMP/SHUD/Basins/heihe_x4/forcing/X99.65Y38.45.csv
	 Reading 850/1693: 	/scratch/frd_muziyao/SHUD-OpenMP/SHUD/Basins/heihe_x4/forcing/X99.65Y38.55.csv
	 Reading 851/1693: 	/scratch/frd_muziyao/SHUD-OpenMP/SHUD/Basins/heihe_x4/forcing/X99.65Y38.65.csv
	 Reading 852/1693: 	/scratch/frd_muziyao/SHUD-OpenMP/SHUD/Basins/heihe_x4/forcing/X99.65Y38.75.csv
	 Reading 853/1693: 	/scratch/frd_muziyao/SHUD-OpenMP/SHUD/Basins/heihe_x4/forcing/X99.65Y38.85.csv
	 Reading 854/1693: 	/scratch/frd_muziyao/SHUD-OpenMP/SHUD/Basins/heihe_x4/forcing/X99.65Y38.95.csv
	 Reading 855/1693: 	/scratch/frd_muziyao/SHUD-OpenMP/SHUD/Basins/heihe_x4/forcing/X99.65Y39.05.csv
	 Reading 856/1693: 	/scratch/frd_muziyao/SHUD-OpenMP/SHUD/Basins/heihe_x4/forcing/X99.65Y39.15.csv
	 Reading 857/1693: 	/scratch/frd_muziyao/SHUD-OpenMP/SHUD/Basins/heihe_x4/forcing/X99.65Y39.25.csv
	 Reading 858/1693: 	/scratch/frd_muziyao/SHUD-OpenMP/SHUD/Basins/heihe_x4/forcing/X99.65Y39.35.csv
	 Reading 859/1693: 	/scratch/frd_muziyao/SHUD-OpenMP/SHUD/Basins/heihe_x4/forcing/X99.65Y39.45.csv
	 Reading 860/1693: 	/scratch/frd_muziyao/SHUD-OpenMP/SHUD/Basins/heihe_x4/forcing/X99.65Y39.55.csv
	 Reading 861/1693: 	/scratch/frd_muziyao/SHUD-OpenMP/SHUD/Basins/heihe_x4/forcing/X99.65Y39.65.csv
	 Reading 862/1693: 	/scratch/frd_muziyao/SHUD-OpenMP/SHUD/Basins/heihe_x4/forcing/X99.65Y39.75.csv
	 Reading 863/1693: 	/scratch/frd_muziyao/SHUD-OpenMP/SHUD/Basins/heihe_x4/forcing/X99.65Y39.85.csv
	 Reading 864/1693: 	/scratch/frd_muziyao/SHUD-OpenMP/SHUD/Basins/heihe_x4/forcing/X99.65Y40.05.csv
	 Reading 865/1693: 	/scratch/frd_muziyao/SHUD-OpenMP/SHUD/Basins/heihe_x4/forcing/X99.65Y40.15.csv
	 Reading 866/1693: 	/scratch/frd_muziyao/SHUD-OpenMP/SHUD/Basins/heihe_x4/forcing/X99.65Y40.25.csv
	 Reading 867/1693: 	/scratch/frd_muziyao/SHUD-OpenMP/SHUD/Basins/heihe_x4/forcing/X99.65Y40.35.csv
	 Reading 868/1693: 	/scratch/frd_muziyao/SHUD-OpenMP/SHUD/Basins/heihe_x4/forcing/X99.65Y40.45.csv
	 Reading 869/1693: 	/scratch/frd_muziyao/SHUD-OpenMP/SHUD/Basins/heihe_x4/forcing/X99.65Y40.55.csv
	 Reading 870/1693: 	/scratch/frd_muziyao/SHUD-OpenMP/SHUD/Basins/heihe_x4/forcing/X99.65Y40.65.csv
	 Reading 871/1693: 	/scratch/frd_muziyao/SHUD-OpenMP/SHUD/Basins/heihe_x4/forcing/X99.65Y40.75.csv
	 Reading 872/1693: 	/scratch/frd_muziyao/SHUD-OpenMP/SHUD/Basins/heihe_x4/forcing/X99.65Y40.85.csv
	 Reading 873/1693: 	/scratch/frd_muziyao/SHUD-OpenMP/SHUD/Basins/heihe_x4/forcing/X99.65Y40.95.csv
	 Reading 874/1693: 	/scratch/frd_muziyao/SHUD-OpenMP/SHUD/Basins/heihe_x4/forcing/X99.65Y41.05.csv
	 Reading 875/1693: 	/scratch/frd_muziyao/SHUD-OpenMP/SHUD/Basins/heihe_x4/forcing/X99.65Y41.15.csv
	 Reading 876/1693: 	/scratch/frd_muziyao/SHUD-OpenMP/SHUD/Basins/heihe_x4/forcing/X99.65Y41.25.csv
	 Reading 877/1693: 	/scratch/frd_muziyao/SHUD-OpenMP/SHUD/Basins/heihe_x4/forcing/X99.65Y41.35.csv
	 Reading 878/1693: 	/scratch/frd_muziyao/SHUD-OpenMP/SHUD/Basins/heihe_x4/forcing/X99.65Y41.45.csv
	 Reading 879/1693: 	/scratch/frd_muziyao/SHUD-OpenMP/SHUD/Basins/heihe_x4/forcing/X99.65Y41.55.csv
	 Reading 880/1693: 	/scratch/frd_muziyao/SHUD-OpenMP/SHUD/Basins/heihe_x4/forcing/X99.65Y41.65.csv
	 Reading 881/1693: 	/scratch/frd_muziyao/SHUD-OpenMP/SHUD/Basins/heihe_x4/forcing/X99.65Y41.75.csv
	 Reading 882/1693: 	/scratch/frd_muziyao/SHUD-OpenMP/SHUD/Basins/heihe_x4/forcing/X99.65Y41.85.csv
	 Reading 883/1693: 	/scratch/frd_muziyao/SHUD-OpenMP/SHUD/Basins/heihe_x4/forcing/X99.65Y41.95.csv
	 Reading 884/1693: 	/scratch/frd_muziyao/SHUD-OpenMP/SHUD/Basins/heihe_x4/forcing/X99.65Y42.05.csv
	 Reading 885/1693: 	/scratch/frd_muziyao/SHUD-OpenMP/SHUD/Basins/heihe_x4/forcing/X99.65Y42.15.csv
	 Reading 886/1693: 	/scratch/frd_muziyao/SHUD-OpenMP/SHUD/Basins/heihe_x4/forcing/X99.65Y42.25.csv
	 Reading 887/1693: 	/scratch/frd_muziyao/SHUD-OpenMP/SHUD/Basins/heihe_x4/forcing/X99.65Y42.35.csv
	 Reading 888/1693: 	/scratch/frd_muziyao/SHUD-OpenMP/SHUD/Basins/heihe_x4/forcing/X99.65Y42.45.csv
	 Reading 889/1693: 	/scratch/frd_muziyao/SHUD-OpenMP/SHUD/Basins/heihe_x4/forcing/X99.65Y42.55.csv
	 Reading 890/1693: 	/scratch/frd_muziyao/SHUD-OpenMP/SHUD/Basins/heihe_x4/forcing/X99.65Y42.65.csv
	 Reading 891/1693: 	/scratch/frd_muziyao/SHUD-OpenMP/SHUD/Basins/heihe_x4/forcing/X99.75Y38.15.csv
	 Reading 892/1693: 	/scratch/frd_muziyao/SHUD-OpenMP/SHUD/Basins/heihe_x4/forcing/X99.75Y38.25.csv
	 Reading 893/1693: 	/scratch/frd_muziyao/SHUD-OpenMP/SHUD/Basins/heihe_x4/forcing/X99.75Y38.35.csv
	 Reading 894/1693: 	/scratch/frd_muziyao/SHUD-OpenMP/SHUD/Basins/heihe_x4/forcing/X99.75Y38.45.csv
	 Reading 895/1693: 	/scratch/frd_muziyao/SHUD-OpenMP/SHUD/Basins/heihe_x4/forcing/X99.75Y38.55.csv
	 Reading 896/1693: 	/scratch/frd_muziyao/SHUD-OpenMP/SHUD/Basins/heihe_x4/forcing/X99.75Y38.65.csv
	 Reading 897/1693: 	/scratch/frd_muziyao/SHUD-OpenMP/SHUD/Basins/heihe_x4/forcing/X99.75Y38.75.csv
	 Reading 898/1693: 	/scratch/frd_muziyao/SHUD-OpenMP/SHUD/Basins/heihe_x4/forcing/X99.75Y38.85.csv
	 Reading 899/1693: 	/scratch/frd_muziyao/SHUD-OpenMP/SHUD/Basins/heihe_x4/forcing/X99.75Y38.95.csv
	 Reading 900/1693: 	/scratch/frd_muziyao/SHUD-OpenMP/SHUD/Basins/heihe_x4/forcing/X99.75Y39.05.csv
	 Reading 901/1693: 	/scratch/frd_muziyao/SHUD-OpenMP/SHUD/Basins/heihe_x4/forcing/X99.75Y39.15.csv
	 Reading 902/1693: 	/scratch/frd_muziyao/SHUD-OpenMP/SHUD/Basins/heihe_x4/forcing/X99.75Y39.25.csv
	 Reading 903/1693: 	/scratch/frd_muziyao/SHUD-OpenMP/SHUD/Basins/heihe_x4/forcing/X99.75Y39.35.csv
	 Reading 904/1693: 	/scratch/frd_muziyao/SHUD-OpenMP/SHUD/Basins/heihe_x4/forcing/X99.75Y39.45.csv
	 Reading 905/1693: 	/scratch/frd_muziyao/SHUD-OpenMP/SHUD/Basins/heihe_x4/forcing/X99.75Y39.55.csv
	 Reading 906/1693: 	/scratch/frd_muziyao/SHUD-OpenMP/SHUD/Basins/heihe_x4/forcing/X99.75Y39.65.csv
	 Reading 907/1693: 	/scratch/frd_muziyao/SHUD-OpenMP/SHUD/Basins/heihe_x4/forcing/X99.75Y39.75.csv
	 Reading 908/1693: 	/scratch/frd_muziyao/SHUD-OpenMP/SHUD/Basins/heihe_x4/forcing/X99.75Y39.85.csv
	 Reading 909/1693: 	/scratch/frd_muziyao/SHUD-OpenMP/SHUD/Basins/heihe_x4/forcing/X99.75Y40.05.csv
	 Reading 910/1693: 	/scratch/frd_muziyao/SHUD-OpenMP/SHUD/Basins/heihe_x4/forcing/X99.75Y40.15.csv
	 Reading 911/1693: 	/scratch/frd_muziyao/SHUD-OpenMP/SHUD/Basins/heihe_x4/forcing/X99.75Y40.25.csv
	 Reading 912/1693: 	/scratch/frd_muziyao/SHUD-OpenMP/SHUD/Basins/heihe_x4/forcing/X99.75Y40.35.csv
	 Reading 913/1693: 	/scratch/frd_muziyao/SHUD-OpenMP/SHUD/Basins/heihe_x4/forcing/X99.75Y40.45.csv
	 Reading 914/1693: 	/scratch/frd_muziyao/SHUD-OpenMP/SHUD/Basins/heihe_x4/forcing/X99.75Y40.55.csv
	 Reading 915/1693: 	/scratch/frd_muziyao/SHUD-OpenMP/SHUD/Basins/heihe_x4/forcing/X99.75Y40.65.csv
	 Reading 916/1693: 	/scratch/frd_muziyao/SHUD-OpenMP/SHUD/Basins/heihe_x4/forcing/X99.75Y40.75.csv
	 Reading 917/1693: 	/scratch/frd_muziyao/SHUD-OpenMP/SHUD/Basins/heihe_x4/forcing/X99.75Y40.85.csv
	 Reading 918/1693: 	/scratch/frd_muziyao/SHUD-OpenMP/SHUD/Basins/heihe_x4/forcing/X99.75Y40.95.csv
	 Reading 919/1693: 	/scratch/frd_muziyao/SHUD-OpenMP/SHUD/Basins/heihe_x4/forcing/X99.75Y41.05.csv
	 Reading 920/1693: 	/scratch/frd_muziyao/SHUD-OpenMP/SHUD/Basins/heihe_x4/forcing/X99.75Y41.15.csv
	 Reading 921/1693: 	/scratch/frd_muziyao/SHUD-OpenMP/SHUD/Basins/heihe_x4/forcing/X99.75Y41.25.csv
	 Reading 922/1693: 	/scratch/frd_muziyao/SHUD-OpenMP/SHUD/Basins/heihe_x4/forcing/X99.75Y41.35.csv
	 Reading 923/1693: 	/scratch/frd_muziyao/SHUD-OpenMP/SHUD/Basins/heihe_x4/forcing/X99.75Y41.45.csv
	 Reading 924/1693: 	/scratch/frd_muziyao/SHUD-OpenMP/SHUD/Basins/heihe_x4/forcing/X99.75Y41.55.csv
	 Reading 925/1693: 	/scratch/frd_muziyao/SHUD-OpenMP/SHUD/Basins/heihe_x4/forcing/X99.75Y41.65.csv
	 Reading 926/1693: 	/scratch/frd_muziyao/SHUD-OpenMP/SHUD/Basins/heihe_x4/forcing/X99.75Y41.75.csv
	 Reading 927/1693: 	/scratch/frd_muziyao/SHUD-OpenMP/SHUD/Basins/heihe_x4/forcing/X99.75Y41.85.csv
	 Reading 928/1693: 	/scratch/frd_muziyao/SHUD-OpenMP/SHUD/Basins/heihe_x4/forcing/X99.75Y41.95.csv
	 Reading 929/1693: 	/scratch/frd_muziyao/SHUD-OpenMP/SHUD/Basins/heihe_x4/forcing/X99.75Y42.05.csv
	 Reading 930/1693: 	/scratch/frd_muziyao/SHUD-OpenMP/SHUD/Basins/heihe_x4/forcing/X99.75Y42.15.csv
	 Reading 931/1693: 	/scratch/frd_muziyao/SHUD-OpenMP/SHUD/Basins/heihe_x4/forcing/X99.75Y42.25.csv
	 Reading 932/1693: 	/scratch/frd_muziyao/SHUD-OpenMP/SHUD/Basins/heihe_x4/forcing/X99.75Y42.35.csv
	 Reading 933/1693: 	/scratch/frd_muziyao/SHUD-OpenMP/SHUD/Basins/heihe_x4/forcing/X99.75Y42.45.csv
	 Reading 934/1693: 	/scratch/frd_muziyao/SHUD-OpenMP/SHUD/Basins/heihe_x4/forcing/X99.75Y42.55.csv
	 Reading 935/1693: 	/scratch/frd_muziyao/SHUD-OpenMP/SHUD/Basins/heihe_x4/forcing/X99.75Y42.65.csv
	 Reading 936/1693: 	/scratch/frd_muziyao/SHUD-OpenMP/SHUD/Basins/heihe_x4/forcing/X99.85Y38.05.csv
	 Reading 937/1693: 	/scratch/frd_muziyao/SHUD-OpenMP/SHUD/Basins/heihe_x4/forcing/X99.85Y38.15.csv
	 Reading 938/1693: 	/scratch/frd_muziyao/SHUD-OpenMP/SHUD/Basins/heihe_x4/forcing/X99.85Y38.25.csv
	 Reading 939/1693: 	/scratch/frd_muziyao/SHUD-OpenMP/SHUD/Basins/heihe_x4/forcing/X99.85Y38.35.csv
	 Reading 940/1693: 	/scratch/frd_muziyao/SHUD-OpenMP/SHUD/Basins/heihe_x4/forcing/X99.85Y38.45.csv
	 Reading 941/1693: 	/scratch/frd_muziyao/SHUD-OpenMP/SHUD/Basins/heihe_x4/forcing/X99.85Y38.55.csv
	 Reading 942/1693: 	/scratch/frd_muziyao/SHUD-OpenMP/SHUD/Basins/heihe_x4/forcing/X99.85Y38.65.csv
	 Reading 943/1693: 	/scratch/frd_muziyao/SHUD-OpenMP/SHUD/Basins/heihe_x4/forcing/X99.85Y38.75.csv
	 Reading 944/1693: 	/scratch/frd_muziyao/SHUD-OpenMP/SHUD/Basins/heihe_x4/forcing/X99.85Y38.85.csv
	 Reading 945/1693: 	/scratch/frd_muziyao/SHUD-OpenMP/SHUD/Basins/heihe_x4/forcing/X99.85Y38.95.csv
	 Reading 946/1693: 	/scratch/frd_muziyao/SHUD-OpenMP/SHUD/Basins/heihe_x4/forcing/X99.85Y39.05.csv
	 Reading 947/1693: 	/scratch/frd_muziyao/SHUD-OpenMP/SHUD/Basins/heihe_x4/forcing/X99.85Y39.15.csv
	 Reading 948/1693: 	/scratch/frd_muziyao/SHUD-OpenMP/SHUD/Basins/heihe_x4/forcing/X99.85Y39.25.csv
	 Reading 949/1693: 	/scratch/frd_muziyao/SHUD-OpenMP/SHUD/Basins/heihe_x4/forcing/X99.85Y39.35.csv
	 Reading 950/1693: 	/scratch/frd_muziyao/SHUD-OpenMP/SHUD/Basins/heihe_x4/forcing/X99.85Y39.45.csv
	 Reading 951/1693: 	/scratch/frd_muziyao/SHUD-OpenMP/SHUD/Basins/heihe_x4/forcing/X99.85Y39.55.csv
	 Reading 952/1693: 	/scratch/frd_muziyao/SHUD-OpenMP/SHUD/Basins/heihe_x4/forcing/X99.85Y39.65.csv
	 Reading 953/1693: 	/scratch/frd_muziyao/SHUD-OpenMP/SHUD/Basins/heihe_x4/forcing/X99.85Y39.75.csv
	 Reading 954/1693: 	/scratch/frd_muziyao/SHUD-OpenMP/SHUD/Basins/heihe_x4/forcing/X99.85Y40.15.csv
	 Reading 955/1693: 	/scratch/frd_muziyao/SHUD-OpenMP/SHUD/Basins/heihe_x4/forcing/X99.85Y40.25.csv
	 Reading 956/1693: 	/scratch/frd_muziyao/SHUD-OpenMP/SHUD/Basins/heihe_x4/forcing/X99.85Y40.35.csv
	 Reading 957/1693: 	/scratch/frd_muziyao/SHUD-OpenMP/SHUD/Basins/heihe_x4/forcing/X99.85Y40.45.csv
	 Reading 958/1693: 	/scratch/frd_muziyao/SHUD-OpenMP/SHUD/Basins/heihe_x4/forcing/X99.85Y40.55.csv
	 Reading 959/1693: 	/scratch/frd_muziyao/SHUD-OpenMP/SHUD/Basins/heihe_x4/forcing/X99.85Y40.65.csv
	 Reading 960/1693: 	/scratch/frd_muziyao/SHUD-OpenMP/SHUD/Basins/heihe_x4/forcing/X99.85Y40.75.csv
	 Reading 961/1693: 	/scratch/frd_muziyao/SHUD-OpenMP/SHUD/Basins/heihe_x4/forcing/X99.85Y40.85.csv
	 Reading 962/1693: 	/scratch/frd_muziyao/SHUD-OpenMP/SHUD/Basins/heihe_x4/forcing/X99.85Y40.95.csv
	 Reading 963/1693: 	/scratch/frd_muziyao/SHUD-OpenMP/SHUD/Basins/heihe_x4/forcing/X99.85Y41.05.csv
	 Reading 964/1693: 	/scratch/frd_muziyao/SHUD-OpenMP/SHUD/Basins/heihe_x4/forcing/X99.85Y41.15.csv
	 Reading 965/1693: 	/scratch/frd_muziyao/SHUD-OpenMP/SHUD/Basins/heihe_x4/forcing/X99.85Y41.25.csv
	 Reading 966/1693: 	/scratch/frd_muziyao/SHUD-OpenMP/SHUD/Basins/heihe_x4/forcing/X99.85Y41.35.csv
	 Reading 967/1693: 	/scratch/frd_muziyao/SHUD-OpenMP/SHUD/Basins/heihe_x4/forcing/X99.85Y41.45.csv
	 Reading 968/1693: 	/scratch/frd_muziyao/SHUD-OpenMP/SHUD/Basins/heihe_x4/forcing/X99.85Y41.55.csv
	 Reading 969/1693: 	/scratch/frd_muziyao/SHUD-OpenMP/SHUD/Basins/heihe_x4/forcing/X99.85Y41.65.csv
	 Reading 970/1693: 	/scratch/frd_muziyao/SHUD-OpenMP/SHUD/Basins/heihe_x4/forcing/X99.85Y41.75.csv
	 Reading 971/1693: 	/scratch/frd_muziyao/SHUD-OpenMP/SHUD/Basins/heihe_x4/forcing/X99.85Y41.85.csv
	 Reading 972/1693: 	/scratch/frd_muziyao/SHUD-OpenMP/SHUD/Basins/heihe_x4/forcing/X99.85Y41.95.csv
	 Reading 973/1693: 	/scratch/frd_muziyao/SHUD-OpenMP/SHUD/Basins/heihe_x4/forcing/X99.85Y42.05.csv
	 Reading 974/1693: 	/scratch/frd_muziyao/SHUD-OpenMP/SHUD/Basins/heihe_x4/forcing/X99.85Y42.15.csv
	 Reading 975/1693: 	/scratch/frd_muziyao/SHUD-OpenMP/SHUD/Basins/heihe_x4/forcing/X99.85Y42.25.csv
	 Reading 976/1693: 	/scratch/frd_muziyao/SHUD-OpenMP/SHUD/Basins/heihe_x4/forcing/X99.85Y42.35.csv
	 Reading 977/1693: 	/scratch/frd_muziyao/SHUD-OpenMP/SHUD/Basins/heihe_x4/forcing/X99.85Y42.45.csv
	 Reading 978/1693: 	/scratch/frd_muziyao/SHUD-OpenMP/SHUD/Basins/heihe_x4/forcing/X99.85Y42.55.csv
	 Reading 979/1693: 	/scratch/frd_muziyao/SHUD-OpenMP/SHUD/Basins/heihe_x4/forcing/X99.85Y42.65.csv
	 Reading 980/1693: 	/scratch/frd_muziyao/SHUD-OpenMP/SHUD/Basins/heihe_x4/forcing/X99.95Y38.05.csv
	 Reading 981/1693: 	/scratch/frd_muziyao/SHUD-OpenMP/SHUD/Basins/heihe_x4/forcing/X99.95Y38.15.csv
	 Reading 982/1693: 	/scratch/frd_muziyao/SHUD-OpenMP/SHUD/Basins/heihe_x4/forcing/X99.95Y38.25.csv
	 Reading 983/1693: 	/scratch/frd_muziyao/SHUD-OpenMP/SHUD/Basins/heihe_x4/forcing/X99.95Y38.35.csv
	 Reading 984/1693: 	/scratch/frd_muziyao/SHUD-OpenMP/SHUD/Basins/heihe_x4/forcing/X99.95Y38.45.csv
	 Reading 985/1693: 	/scratch/frd_muziyao/SHUD-OpenMP/SHUD/Basins/heihe_x4/forcing/X99.95Y38.55.csv
	 Reading 986/1693: 	/scratch/frd_muziyao/SHUD-OpenMP/SHUD/Basins/heihe_x4/forcing/X99.95Y38.65.csv
	 Reading 987/1693: 	/scratch/frd_muziyao/SHUD-OpenMP/SHUD/Basins/heihe_x4/forcing/X99.95Y38.75.csv
	 Reading 988/1693: 	/scratch/frd_muziyao/SHUD-OpenMP/SHUD/Basins/heihe_x4/forcing/X99.95Y38.85.csv
	 Reading 989/1693: 	/scratch/frd_muziyao/SHUD-OpenMP/SHUD/Basins/heihe_x4/forcing/X99.95Y38.95.csv
	 Reading 990/1693: 	/scratch/frd_muziyao/SHUD-OpenMP/SHUD/Basins/heihe_x4/forcing/X99.95Y39.05.csv
	 Reading 991/1693: 	/scratch/frd_muziyao/SHUD-OpenMP/SHUD/Basins/heihe_x4/forcing/X99.95Y39.15.csv
	 Reading 992/1693: 	/scratch/frd_muziyao/SHUD-OpenMP/SHUD/Basins/heihe_x4/forcing/X99.95Y39.25.csv
	 Reading 993/1693: 	/scratch/frd_muziyao/SHUD-OpenMP/SHUD/Basins/heihe_x4/forcing/X99.95Y39.35.csv
	 Reading 994/1693: 	/scratch/frd_muziyao/SHUD-OpenMP/SHUD/Basins/heihe_x4/forcing/X99.95Y39.45.csv
	 Reading 995/1693: 	/scratch/frd_muziyao/SHUD-OpenMP/SHUD/Basins/heihe_x4/forcing/X99.95Y39.55.csv
	 Reading 996/1693: 	/scratch/frd_muziyao/SHUD-OpenMP/SHUD/Basins/heihe_x4/forcing/X99.95Y39.65.csv
	 Reading 997/1693: 	/scratch/frd_muziyao/SHUD-OpenMP/SHUD/Basins/heihe_x4/forcing/X99.95Y39.75.csv
	 Reading 998/1693: 	/scratch/frd_muziyao/SHUD-OpenMP/SHUD/Basins/heihe_x4/forcing/X99.95Y40.25.csv
	 Reading 999/1693: 	/scratch/frd_muziyao/SHUD-OpenMP/SHUD/Basins/heihe_x4/forcing/X99.95Y40.35.csv
	 Reading 1000/1693: 	/scratch/frd_muziyao/SHUD-OpenMP/SHUD/Basins/heihe_x4/forcing/X99.95Y40.45.csv
	 Reading 1001/1693: 	/scratch/frd_muziyao/SHUD-OpenMP/SHUD/Basins/heihe_x4/forcing/X99.95Y40.55.csv
	 Reading 1002/1693: 	/scratch/frd_muziyao/SHUD-OpenMP/SHUD/Basins/heihe_x4/forcing/X99.95Y40.65.csv
	 Reading 1003/1693: 	/scratch/frd_muziyao/SHUD-OpenMP/SHUD/Basins/heihe_x4/forcing/X99.95Y40.75.csv
	 Reading 1004/1693: 	/scratch/frd_muziyao/SHUD-OpenMP/SHUD/Basins/heihe_x4/forcing/X99.95Y40.85.csv
	 Reading 1005/1693: 	/scratch/frd_muziyao/SHUD-OpenMP/SHUD/Basins/heihe_x4/forcing/X99.95Y40.95.csv
	 Reading 1006/1693: 	/scratch/frd_muziyao/SHUD-OpenMP/SHUD/Basins/heihe_x4/forcing/X99.95Y41.05.csv
	 Reading 1007/1693: 	/scratch/frd_muziyao/SHUD-OpenMP/SHUD/Basins/heihe_x4/forcing/X99.95Y41.15.csv
	 Reading 1008/1693: 	/scratch/frd_muziyao/SHUD-OpenMP/SHUD/Basins/heihe_x4/forcing/X99.95Y41.25.csv
	 Reading 1009/1693: 	/scratch/frd_muziyao/SHUD-OpenMP/SHUD/Basins/heihe_x4/forcing/X99.95Y41.35.csv
	 Reading 1010/1693: 	/scratch/frd_muziyao/SHUD-OpenMP/SHUD/Basins/heihe_x4/forcing/X99.95Y41.45.csv
	 Reading 1011/1693: 	/scratch/frd_muziyao/SHUD-OpenMP/SHUD/Basins/heihe_x4/forcing/X99.95Y41.55.csv
	 Reading 1012/1693: 	/scratch/frd_muziyao/SHUD-OpenMP/SHUD/Basins/heihe_x4/forcing/X99.95Y41.65.csv
	 Reading 1013/1693: 	/scratch/frd_muziyao/SHUD-OpenMP/SHUD/Basins/heihe_x4/forcing/X99.95Y41.75.csv
	 Reading 1014/1693: 	/scratch/frd_muziyao/SHUD-OpenMP/SHUD/Basins/heihe_x4/forcing/X99.95Y41.85.csv
	 Reading 1015/1693: 	/scratch/frd_muziyao/SHUD-OpenMP/SHUD/Basins/heihe_x4/forcing/X99.95Y41.95.csv
	 Reading 1016/1693: 	/scratch/frd_muziyao/SHUD-OpenMP/SHUD/Basins/heihe_x4/forcing/X99.95Y42.05.csv
	 Reading 1017/1693: 	/scratch/frd_muziyao/SHUD-OpenMP/SHUD/Basins/heihe_x4/forcing/X99.95Y42.15.csv
	 Reading 1018/1693: 	/scratch/frd_muziyao/SHUD-OpenMP/SHUD/Basins/heihe_x4/forcing/X99.95Y42.25.csv
	 Reading 1019/1693: 	/scratch/frd_muziyao/SHUD-OpenMP/SHUD/Basins/heihe_x4/forcing/X99.95Y42.35.csv
	 Reading 1020/1693: 	/scratch/frd_muziyao/SHUD-OpenMP/SHUD/Basins/heihe_x4/forcing/X99.95Y42.45.csv
	 Reading 1021/1693: 	/scratch/frd_muziyao/SHUD-OpenMP/SHUD/Basins/heihe_x4/forcing/X99.95Y42.55.csv
	 Reading 1022/1693: 	/scratch/frd_muziyao/SHUD-OpenMP/SHUD/Basins/heihe_x4/forcing/X99.95Y42.65.csv
	 Reading 1023/1693: 	/scratch/frd_muziyao/SHUD-OpenMP/SHUD/Basins/heihe_x4/forcing/X100.05Y38.05.csv
	 Reading 1024/1693: 	/scratch/frd_muziyao/SHUD-OpenMP/SHUD/Basins/heihe_x4/forcing/X100.05Y38.15.csv
	 Reading 1025/1693: 	/scratch/frd_muziyao/SHUD-OpenMP/SHUD/Basins/heihe_x4/forcing/X100.05Y38.25.csv
	 Reading 1026/1693: 	/scratch/frd_muziyao/SHUD-OpenMP/SHUD/Basins/heihe_x4/forcing/X100.05Y38.35.csv
	 Reading 1027/1693: 	/scratch/frd_muziyao/SHUD-OpenMP/SHUD/Basins/heihe_x4/forcing/X100.05Y38.45.csv
	 Reading 1028/1693: 	/scratch/frd_muziyao/SHUD-OpenMP/SHUD/Basins/heihe_x4/forcing/X100.05Y38.55.csv
	 Reading 1029/1693: 	/scratch/frd_muziyao/SHUD-OpenMP/SHUD/Basins/heihe_x4/forcing/X100.05Y38.65.csv
	 Reading 1030/1693: 	/scratch/frd_muziyao/SHUD-OpenMP/SHUD/Basins/heihe_x4/forcing/X100.05Y38.75.csv
	 Reading 1031/1693: 	/scratch/frd_muziyao/SHUD-OpenMP/SHUD/Basins/heihe_x4/forcing/X100.05Y38.85.csv
	 Reading 1032/1693: 	/scratch/frd_muziyao/SHUD-OpenMP/SHUD/Basins/heihe_x4/forcing/X100.05Y38.95.csv
	 Reading 1033/1693: 	/scratch/frd_muziyao/SHUD-OpenMP/SHUD/Basins/heihe_x4/forcing/X100.05Y39.05.csv
	 Reading 1034/1693: 	/scratch/frd_muziyao/SHUD-OpenMP/SHUD/Basins/heihe_x4/forcing/X100.05Y39.15.csv
	 Reading 1035/1693: 	/scratch/frd_muziyao/SHUD-OpenMP/SHUD/Basins/heihe_x4/forcing/X100.05Y39.25.csv
	 Reading 1036/1693: 	/scratch/frd_muziyao/SHUD-OpenMP/SHUD/Basins/heihe_x4/forcing/X100.05Y39.35.csv
	 Reading 1037/1693: 	/scratch/frd_muziyao/SHUD-OpenMP/SHUD/Basins/heihe_x4/forcing/X100.05Y39.45.csv
	 Reading 1038/1693: 	/scratch/frd_muziyao/SHUD-OpenMP/SHUD/Basins/heihe_x4/forcing/X100.05Y39.55.csv
	 Reading 1039/1693: 	/scratch/frd_muziyao/SHUD-OpenMP/SHUD/Basins/heihe_x4/forcing/X100.05Y39.65.csv
	 Reading 1040/1693: 	/scratch/frd_muziyao/SHUD-OpenMP/SHUD/Basins/heihe_x4/forcing/X100.05Y40.25.csv
	 Reading 1041/1693: 	/scratch/frd_muziyao/SHUD-OpenMP/SHUD/Basins/heihe_x4/forcing/X100.05Y40.35.csv
	 Reading 1042/1693: 	/scratch/frd_muziyao/SHUD-OpenMP/SHUD/Basins/heihe_x4/forcing/X100.05Y40.45.csv
	 Reading 1043/1693: 	/scratch/frd_muziyao/SHUD-OpenMP/SHUD/Basins/heihe_x4/forcing/X100.05Y40.55.csv
	 Reading 1044/1693: 	/scratch/frd_muziyao/SHUD-OpenMP/SHUD/Basins/heihe_x4/forcing/X100.05Y40.65.csv
	 Reading 1045/1693: 	/scratch/frd_muziyao/SHUD-OpenMP/SHUD/Basins/heihe_x4/forcing/X100.05Y40.75.csv
	 Reading 1046/1693: 	/scratch/frd_muziyao/SHUD-OpenMP/SHUD/Basins/heihe_x4/forcing/X100.05Y40.85.csv
	 Reading 1047/1693: 	/scratch/frd_muziyao/SHUD-OpenMP/SHUD/Basins/heihe_x4/forcing/X100.05Y40.95.csv
	 Reading 1048/1693: 	/scratch/frd_muziyao/SHUD-OpenMP/SHUD/Basins/heihe_x4/forcing/X100.05Y41.05.csv
	 Reading 1049/1693: 	/scratch/frd_muziyao/SHUD-OpenMP/SHUD/Basins/heihe_x4/forcing/X100.05Y41.15.csv
	 Reading 1050/1693: 	/scratch/frd_muziyao/SHUD-OpenMP/SHUD/Basins/heihe_x4/forcing/X100.05Y41.25.csv
	 Reading 1051/1693: 	/scratch/frd_muziyao/SHUD-OpenMP/SHUD/Basins/heihe_x4/forcing/X100.05Y41.35.csv
	 Reading 1052/1693: 	/scratch/frd_muziyao/SHUD-OpenMP/SHUD/Basins/heihe_x4/forcing/X100.05Y41.45.csv
	 Reading 1053/1693: 	/scratch/frd_muziyao/SHUD-OpenMP/SHUD/Basins/heihe_x4/forcing/X100.05Y41.55.csv
	 Reading 1054/1693: 	/scratch/frd_muziyao/SHUD-OpenMP/SHUD/Basins/heihe_x4/forcing/X100.05Y41.65.csv
	 Reading 1055/1693: 	/scratch/frd_muziyao/SHUD-OpenMP/SHUD/Basins/heihe_x4/forcing/X100.05Y41.75.csv
	 Reading 1056/1693: 	/scratch/frd_muziyao/SHUD-OpenMP/SHUD/Basins/heihe_x4/forcing/X100.05Y41.85.csv
	 Reading 1057/1693: 	/scratch/frd_muziyao/SHUD-OpenMP/SHUD/Basins/heihe_x4/forcing/X100.05Y41.95.csv
	 Reading 1058/1693: 	/scratch/frd_muziyao/SHUD-OpenMP/SHUD/Basins/heihe_x4/forcing/X100.05Y42.05.csv
	 Reading 1059/1693: 	/scratch/frd_muziyao/SHUD-OpenMP/SHUD/Basins/heihe_x4/forcing/X100.05Y42.15.csv
	 Reading 1060/1693: 	/scratch/frd_muziyao/SHUD-OpenMP/SHUD/Basins/heihe_x4/forcing/X100.05Y42.25.csv
	 Reading 1061/1693: 	/scratch/frd_muziyao/SHUD-OpenMP/SHUD/Basins/heihe_x4/forcing/X100.05Y42.35.csv
	 Reading 1062/1693: 	/scratch/frd_muziyao/SHUD-OpenMP/SHUD/Basins/heihe_x4/forcing/X100.05Y42.45.csv
	 Reading 1063/1693: 	/scratch/frd_muziyao/SHUD-OpenMP/SHUD/Basins/heihe_x4/forcing/X100.05Y42.55.csv
	 Reading 1064/1693: 	/scratch/frd_muziyao/SHUD-OpenMP/SHUD/Basins/heihe_x4/forcing/X100.05Y42.65.csv
	 Reading 1065/1693: 	/scratch/frd_muziyao/SHUD-OpenMP/SHUD/Basins/heihe_x4/forcing/X100.15Y38.05.csv
	 Reading 1066/1693: 	/scratch/frd_muziyao/SHUD-OpenMP/SHUD/Basins/heihe_x4/forcing/X100.15Y38.15.csv
	 Reading 1067/1693: 	/scratch/frd_muziyao/SHUD-OpenMP/SHUD/Basins/heihe_x4/forcing/X100.15Y38.25.csv
	 Reading 1068/1693: 	/scratch/frd_muziyao/SHUD-OpenMP/SHUD/Basins/heihe_x4/forcing/X100.15Y38.35.csv
	 Reading 1069/1693: 	/scratch/frd_muziyao/SHUD-OpenMP/SHUD/Basins/heihe_x4/forcing/X100.15Y38.45.csv
	 Reading 1070/1693: 	/scratch/frd_muziyao/SHUD-OpenMP/SHUD/Basins/heihe_x4/forcing/X100.15Y38.55.csv
	 Reading 1071/1693: 	/scratch/frd_muziyao/SHUD-OpenMP/SHUD/Basins/heihe_x4/forcing/X100.15Y38.65.csv
	 Reading 1072/1693: 	/scratch/frd_muziyao/SHUD-OpenMP/SHUD/Basins/heihe_x4/forcing/X100.15Y38.75.csv
	 Reading 1073/1693: 	/scratch/frd_muziyao/SHUD-OpenMP/SHUD/Basins/heihe_x4/forcing/X100.15Y38.85.csv
	 Reading 1074/1693: 	/scratch/frd_muziyao/SHUD-OpenMP/SHUD/Basins/heihe_x4/forcing/X100.15Y38.95.csv
	 Reading 1075/1693: 	/scratch/frd_muziyao/SHUD-OpenMP/SHUD/Basins/heihe_x4/forcing/X100.15Y39.05.csv
	 Reading 1076/1693: 	/scratch/frd_muziyao/SHUD-OpenMP/SHUD/Basins/heihe_x4/forcing/X100.15Y39.15.csv
	 Reading 1077/1693: 	/scratch/frd_muziyao/SHUD-OpenMP/SHUD/Basins/heihe_x4/forcing/X100.15Y39.25.csv
	 Reading 1078/1693: 	/scratch/frd_muziyao/SHUD-OpenMP/SHUD/Basins/heihe_x4/forcing/X100.15Y39.35.csv
	 Reading 1079/1693: 	/scratch/frd_muziyao/SHUD-OpenMP/SHUD/Basins/heihe_x4/forcing/X100.15Y39.45.csv
	 Reading 1080/1693: 	/scratch/frd_muziyao/SHUD-OpenMP/SHUD/Basins/heihe_x4/forcing/X100.15Y39.55.csv
	 Reading 1081/1693: 	/scratch/frd_muziyao/SHUD-OpenMP/SHUD/Basins/heihe_x4/forcing/X100.15Y39.65.csv
	 Reading 1082/1693: 	/scratch/frd_muziyao/SHUD-OpenMP/SHUD/Basins/heihe_x4/forcing/X100.15Y40.25.csv
	 Reading 1083/1693: 	/scratch/frd_muziyao/SHUD-OpenMP/SHUD/Basins/heihe_x4/forcing/X100.15Y40.35.csv
	 Reading 1084/1693: 	/scratch/frd_muziyao/SHUD-OpenMP/SHUD/Basins/heihe_x4/forcing/X100.15Y40.45.csv
	 Reading 1085/1693: 	/scratch/frd_muziyao/SHUD-OpenMP/SHUD/Basins/heihe_x4/forcing/X100.15Y40.55.csv
	 Reading 1086/1693: 	/scratch/frd_muziyao/SHUD-OpenMP/SHUD/Basins/heihe_x4/forcing/X100.15Y40.65.csv
	 Reading 1087/1693: 	/scratch/frd_muziyao/SHUD-OpenMP/SHUD/Basins/heihe_x4/forcing/X100.15Y40.75.csv
	 Reading 1088/1693: 	/scratch/frd_muziyao/SHUD-OpenMP/SHUD/Basins/heihe_x4/forcing/X100.15Y40.85.csv
	 Reading 1089/1693: 	/scratch/frd_muziyao/SHUD-OpenMP/SHUD/Basins/heihe_x4/forcing/X100.15Y40.95.csv
	 Reading 1090/1693: 	/scratch/frd_muziyao/SHUD-OpenMP/SHUD/Basins/heihe_x4/forcing/X100.15Y41.05.csv
	 Reading 1091/1693: 	/scratch/frd_muziyao/SHUD-OpenMP/SHUD/Basins/heihe_x4/forcing/X100.15Y41.15.csv
	 Reading 1092/1693: 	/scratch/frd_muziyao/SHUD-OpenMP/SHUD/Basins/heihe_x4/forcing/X100.15Y41.25.csv
	 Reading 1093/1693: 	/scratch/frd_muziyao/SHUD-OpenMP/SHUD/Basins/heihe_x4/forcing/X100.15Y41.35.csv
	 Reading 1094/1693: 	/scratch/frd_muziyao/SHUD-OpenMP/SHUD/Basins/heihe_x4/forcing/X100.15Y41.45.csv
	 Reading 1095/1693: 	/scratch/frd_muziyao/SHUD-OpenMP/SHUD/Basins/heihe_x4/forcing/X100.15Y41.55.csv
	 Reading 1096/1693: 	/scratch/frd_muziyao/SHUD-OpenMP/SHUD/Basins/heihe_x4/forcing/X100.15Y41.65.csv
	 Reading 1097/1693: 	/scratch/frd_muziyao/SHUD-OpenMP/SHUD/Basins/heihe_x4/forcing/X100.15Y41.75.csv
	 Reading 1098/1693: 	/scratch/frd_muziyao/SHUD-OpenMP/SHUD/Basins/heihe_x4/forcing/X100.15Y41.85.csv
	 Reading 1099/1693: 	/scratch/frd_muziyao/SHUD-OpenMP/SHUD/Basins/heihe_x4/forcing/X100.15Y41.95.csv
	 Reading 1100/1693: 	/scratch/frd_muziyao/SHUD-OpenMP/SHUD/Basins/heihe_x4/forcing/X100.15Y42.05.csv
	 Reading 1101/1693: 	/scratch/frd_muziyao/SHUD-OpenMP/SHUD/Basins/heihe_x4/forcing/X100.15Y42.15.csv
	 Reading 1102/1693: 	/scratch/frd_muziyao/SHUD-OpenMP/SHUD/Basins/heihe_x4/forcing/X100.15Y42.25.csv
	 Reading 1103/1693: 	/scratch/frd_muziyao/SHUD-OpenMP/SHUD/Basins/heihe_x4/forcing/X100.15Y42.35.csv
	 Reading 1104/1693: 	/scratch/frd_muziyao/SHUD-OpenMP/SHUD/Basins/heihe_x4/forcing/X100.15Y42.45.csv
	 Reading 1105/1693: 	/scratch/frd_muziyao/SHUD-OpenMP/SHUD/Basins/heihe_x4/forcing/X100.15Y42.55.csv
	 Reading 1106/1693: 	/scratch/frd_muziyao/SHUD-OpenMP/SHUD/Basins/heihe_x4/forcing/X100.15Y42.65.csv
	 Reading 1107/1693: 	/scratch/frd_muziyao/SHUD-OpenMP/SHUD/Basins/heihe_x4/forcing/X100.25Y37.95.csv
	 Reading 1108/1693: 	/scratch/frd_muziyao/SHUD-OpenMP/SHUD/Basins/heihe_x4/forcing/X100.25Y38.05.csv
	 Reading 1109/1693: 	/scratch/frd_muziyao/SHUD-OpenMP/SHUD/Basins/heihe_x4/forcing/X100.25Y38.15.csv
	 Reading 1110/1693: 	/scratch/frd_muziyao/SHUD-OpenMP/SHUD/Basins/heihe_x4/forcing/X100.25Y38.25.csv
	 Reading 1111/1693: 	/scratch/frd_muziyao/SHUD-OpenMP/SHUD/Basins/heihe_x4/forcing/X100.25Y38.35.csv
	 Reading 1112/1693: 	/scratch/frd_muziyao/SHUD-OpenMP/SHUD/Basins/heihe_x4/forcing/X100.25Y38.45.csv
	 Reading 1113/1693: 	/scratch/frd_muziyao/SHUD-OpenMP/SHUD/Basins/heihe_x4/forcing/X100.25Y38.55.csv
	 Reading 1114/1693: 	/scratch/frd_muziyao/SHUD-OpenMP/SHUD/Basins/heihe_x4/forcing/X100.25Y38.65.csv
	 Reading 1115/1693: 	/scratch/frd_muziyao/SHUD-OpenMP/SHUD/Basins/heihe_x4/forcing/X100.25Y38.75.csv
	 Reading 1116/1693: 	/scratch/frd_muziyao/SHUD-OpenMP/SHUD/Basins/heihe_x4/forcing/X100.25Y38.85.csv
	 Reading 1117/1693: 	/scratch/frd_muziyao/SHUD-OpenMP/SHUD/Basins/heihe_x4/forcing/X100.25Y38.95.csv
	 Reading 1118/1693: 	/scratch/frd_muziyao/SHUD-OpenMP/SHUD/Basins/heihe_x4/forcing/X100.25Y39.05.csv
	 Reading 1119/1693: 	/scratch/frd_muziyao/SHUD-OpenMP/SHUD/Basins/heihe_x4/forcing/X100.25Y39.15.csv
	 Reading 1120/1693: 	/scratch/frd_muziyao/SHUD-OpenMP/SHUD/Basins/heihe_x4/forcing/X100.25Y39.25.csv
	 Reading 1121/1693: 	/scratch/frd_muziyao/SHUD-OpenMP/SHUD/Basins/heihe_x4/forcing/X100.25Y39.35.csv
	 Reading 1122/1693: 	/scratch/frd_muziyao/SHUD-OpenMP/SHUD/Basins/heihe_x4/forcing/X100.25Y39.45.csv
	 Reading 1123/1693: 	/scratch/frd_muziyao/SHUD-OpenMP/SHUD/Basins/heihe_x4/forcing/X100.25Y39.55.csv
	 Reading 1124/1693: 	/scratch/frd_muziyao/SHUD-OpenMP/SHUD/Basins/heihe_x4/forcing/X100.25Y39.65.csv
	 Reading 1125/1693: 	/scratch/frd_muziyao/SHUD-OpenMP/SHUD/Basins/heihe_x4/forcing/X100.25Y40.35.csv
	 Reading 1126/1693: 	/scratch/frd_muziyao/SHUD-OpenMP/SHUD/Basins/heihe_x4/forcing/X100.25Y40.45.csv
	 Reading 1127/1693: 	/scratch/frd_muziyao/SHUD-OpenMP/SHUD/Basins/heihe_x4/forcing/X100.25Y40.55.csv
	 Reading 1128/1693: 	/scratch/frd_muziyao/SHUD-OpenMP/SHUD/Basins/heihe_x4/forcing/X100.25Y40.65.csv
	 Reading 1129/1693: 	/scratch/frd_muziyao/SHUD-OpenMP/SHUD/Basins/heihe_x4/forcing/X100.25Y40.75.csv
	 Reading 1130/1693: 	/scratch/frd_muziyao/SHUD-OpenMP/SHUD/Basins/heihe_x4/forcing/X100.25Y40.85.csv
	 Reading 1131/1693: 	/scratch/frd_muziyao/SHUD-OpenMP/SHUD/Basins/heihe_x4/forcing/X100.25Y40.95.csv
	 Reading 1132/1693: 	/scratch/frd_muziyao/SHUD-OpenMP/SHUD/Basins/heihe_x4/forcing/X100.25Y41.05.csv
	 Reading 1133/1693: 	/scratch/frd_muziyao/SHUD-OpenMP/SHUD/Basins/heihe_x4/forcing/X100.25Y41.15.csv
	 Reading 1134/1693: 	/scratch/frd_muziyao/SHUD-OpenMP/SHUD/Basins/heihe_x4/forcing/X100.25Y41.25.csv
	 Reading 1135/1693: 	/scratch/frd_muziyao/SHUD-OpenMP/SHUD/Basins/heihe_x4/forcing/X100.25Y41.35.csv
	 Reading 1136/1693: 	/scratch/frd_muziyao/SHUD-OpenMP/SHUD/Basins/heihe_x4/forcing/X100.25Y41.45.csv
	 Reading 1137/1693: 	/scratch/frd_muziyao/SHUD-OpenMP/SHUD/Basins/heihe_x4/forcing/X100.25Y41.55.csv
	 Reading 1138/1693: 	/scratch/frd_muziyao/SHUD-OpenMP/SHUD/Basins/heihe_x4/forcing/X100.25Y41.65.csv
	 Reading 1139/1693: 	/scratch/frd_muziyao/SHUD-OpenMP/SHUD/Basins/heihe_x4/forcing/X100.25Y41.75.csv
	 Reading 1140/1693: 	/scratch/frd_muziyao/SHUD-OpenMP/SHUD/Basins/heihe_x4/forcing/X100.25Y41.85.csv
	 Reading 1141/1693: 	/scratch/frd_muziyao/SHUD-OpenMP/SHUD/Basins/heihe_x4/forcing/X100.25Y41.95.csv
	 Reading 1142/1693: 	/scratch/frd_muziyao/SHUD-OpenMP/SHUD/Basins/heihe_x4/forcing/X100.25Y42.05.csv
	 Reading 1143/1693: 	/scratch/frd_muziyao/SHUD-OpenMP/SHUD/Basins/heihe_x4/forcing/X100.25Y42.15.csv
	 Reading 1144/1693: 	/scratch/frd_muziyao/SHUD-OpenMP/SHUD/Basins/heihe_x4/forcing/X100.25Y42.25.csv
	 Reading 1145/1693: 	/scratch/frd_muziyao/SHUD-OpenMP/SHUD/Basins/heihe_x4/forcing/X100.25Y42.35.csv
	 Reading 1146/1693: 	/scratch/frd_muziyao/SHUD-OpenMP/SHUD/Basins/heihe_x4/forcing/X100.25Y42.45.csv
	 Reading 1147/1693: 	/scratch/frd_muziyao/SHUD-OpenMP/SHUD/Basins/heihe_x4/forcing/X100.25Y42.55.csv
	 Reading 1148/1693: 	/scratch/frd_muziyao/SHUD-OpenMP/SHUD/Basins/heihe_x4/forcing/X100.25Y42.65.csv
	 Reading 1149/1693: 	/scratch/frd_muziyao/SHUD-OpenMP/SHUD/Basins/heihe_x4/forcing/X100.25Y42.75.csv
	 Reading 1150/1693: 	/scratch/frd_muziyao/SHUD-OpenMP/SHUD/Basins/heihe_x4/forcing/X100.35Y37.95.csv
	 Reading 1151/1693: 	/scratch/frd_muziyao/SHUD-OpenMP/SHUD/Basins/heihe_x4/forcing/X100.35Y38.05.csv
	 Reading 1152/1693: 	/scratch/frd_muziyao/SHUD-OpenMP/SHUD/Basins/heihe_x4/forcing/X100.35Y38.15.csv
	 Reading 1153/1693: 	/scratch/frd_muziyao/SHUD-OpenMP/SHUD/Basins/heihe_x4/forcing/X100.35Y38.25.csv
	 Reading 1154/1693: 	/scratch/frd_muziyao/SHUD-OpenMP/SHUD/Basins/heihe_x4/forcing/X100.35Y38.35.csv
	 Reading 1155/1693: 	/scratch/frd_muziyao/SHUD-OpenMP/SHUD/Basins/heihe_x4/forcing/X100.35Y38.45.csv
	 Reading 1156/1693: 	/scratch/frd_muziyao/SHUD-OpenMP/SHUD/Basins/heihe_x4/forcing/X100.35Y38.55.csv
	 Reading 1157/1693: 	/scratch/frd_muziyao/SHUD-OpenMP/SHUD/Basins/heihe_x4/forcing/X100.35Y38.65.csv
	 Reading 1158/1693: 	/scratch/frd_muziyao/SHUD-OpenMP/SHUD/Basins/heihe_x4/forcing/X100.35Y38.75.csv
	 Reading 1159/1693: 	/scratch/frd_muziyao/SHUD-OpenMP/SHUD/Basins/heihe_x4/forcing/X100.35Y38.85.csv
	 Reading 1160/1693: 	/scratch/frd_muziyao/SHUD-OpenMP/SHUD/Basins/heihe_x4/forcing/X100.35Y38.95.csv
	 Reading 1161/1693: 	/scratch/frd_muziyao/SHUD-OpenMP/SHUD/Basins/heihe_x4/forcing/X100.35Y39.05.csv
	 Reading 1162/1693: 	/scratch/frd_muziyao/SHUD-OpenMP/SHUD/Basins/heihe_x4/forcing/X100.35Y39.15.csv
	 Reading 1163/1693: 	/scratch/frd_muziyao/SHUD-OpenMP/SHUD/Basins/heihe_x4/forcing/X100.35Y39.25.csv
	 Reading 1164/1693: 	/scratch/frd_muziyao/SHUD-OpenMP/SHUD/Basins/heihe_x4/forcing/X100.35Y39.35.csv
	 Reading 1165/1693: 	/scratch/frd_muziyao/SHUD-OpenMP/SHUD/Basins/heihe_x4/forcing/X100.35Y39.45.csv
	 Reading 1166/1693: 	/scratch/frd_muziyao/SHUD-OpenMP/SHUD/Basins/heihe_x4/forcing/X100.35Y39.55.csv
	 Reading 1167/1693: 	/scratch/frd_muziyao/SHUD-OpenMP/SHUD/Basins/heihe_x4/forcing/X100.35Y40.35.csv
	 Reading 1168/1693: 	/scratch/frd_muziyao/SHUD-OpenMP/SHUD/Basins/heihe_x4/forcing/X100.35Y40.45.csv
	 Reading 1169/1693: 	/scratch/frd_muziyao/SHUD-OpenMP/SHUD/Basins/heihe_x4/forcing/X100.35Y40.55.csv
	 Reading 1170/1693: 	/scratch/frd_muziyao/SHUD-OpenMP/SHUD/Basins/heihe_x4/forcing/X100.35Y40.65.csv
	 Reading 1171/1693: 	/scratch/frd_muziyao/SHUD-OpenMP/SHUD/Basins/heihe_x4/forcing/X100.35Y40.75.csv
	 Reading 1172/1693: 	/scratch/frd_muziyao/SHUD-OpenMP/SHUD/Basins/heihe_x4/forcing/X100.35Y40.85.csv
	 Reading 1173/1693: 	/scratch/frd_muziyao/SHUD-OpenMP/SHUD/Basins/heihe_x4/forcing/X100.35Y40.95.csv
	 Reading 1174/1693: 	/scratch/frd_muziyao/SHUD-OpenMP/SHUD/Basins/heihe_x4/forcing/X100.35Y41.05.csv
	 Reading 1175/1693: 	/scratch/frd_muziyao/SHUD-OpenMP/SHUD/Basins/heihe_x4/forcing/X100.35Y41.15.csv
	 Reading 1176/1693: 	/scratch/frd_muziyao/SHUD-OpenMP/SHUD/Basins/heihe_x4/forcing/X100.35Y41.25.csv
	 Reading 1177/1693: 	/scratch/frd_muziyao/SHUD-OpenMP/SHUD/Basins/heihe_x4/forcing/X100.35Y41.35.csv
	 Reading 1178/1693: 	/scratch/frd_muziyao/SHUD-OpenMP/SHUD/Basins/heihe_x4/forcing/X100.35Y41.45.csv
	 Reading 1179/1693: 	/scratch/frd_muziyao/SHUD-OpenMP/SHUD/Basins/heihe_x4/forcing/X100.35Y41.55.csv
	 Reading 1180/1693: 	/scratch/frd_muziyao/SHUD-OpenMP/SHUD/Basins/heihe_x4/forcing/X100.35Y41.65.csv
	 Reading 1181/1693: 	/scratch/frd_muziyao/SHUD-OpenMP/SHUD/Basins/heihe_x4/forcing/X100.35Y41.75.csv
	 Reading 1182/1693: 	/scratch/frd_muziyao/SHUD-OpenMP/SHUD/Basins/heihe_x4/forcing/X100.35Y41.85.csv
	 Reading 1183/1693: 	/scratch/frd_muziyao/SHUD-OpenMP/SHUD/Basins/heihe_x4/forcing/X100.35Y41.95.csv
	 Reading 1184/1693: 	/scratch/frd_muziyao/SHUD-OpenMP/SHUD/Basins/heihe_x4/forcing/X100.35Y42.05.csv
	 Reading 1185/1693: 	/scratch/frd_muziyao/SHUD-OpenMP/SHUD/Basins/heihe_x4/forcing/X100.35Y42.15.csv
	 Reading 1186/1693: 	/scratch/frd_muziyao/SHUD-OpenMP/SHUD/Basins/heihe_x4/forcing/X100.35Y42.25.csv
	 Reading 1187/1693: 	/scratch/frd_muziyao/SHUD-OpenMP/SHUD/Basins/heihe_x4/forcing/X100.35Y42.35.csv
	 Reading 1188/1693: 	/scratch/frd_muziyao/SHUD-OpenMP/SHUD/Basins/heihe_x4/forcing/X100.35Y42.45.csv
	 Reading 1189/1693: 	/scratch/frd_muziyao/SHUD-OpenMP/SHUD/Basins/heihe_x4/forcing/X100.35Y42.55.csv
	 Reading 1190/1693: 	/scratch/frd_muziyao/SHUD-OpenMP/SHUD/Basins/heihe_x4/forcing/X100.35Y42.65.csv
	 Reading 1191/1693: 	/scratch/frd_muziyao/SHUD-OpenMP/SHUD/Basins/heihe_x4/forcing/X100.35Y42.75.csv
	 Reading 1192/1693: 	/scratch/frd_muziyao/SHUD-OpenMP/SHUD/Basins/heihe_x4/forcing/X100.45Y37.85.csv
	 Reading 1193/1693: 	/scratch/frd_muziyao/SHUD-OpenMP/SHUD/Basins/heihe_x4/forcing/X100.45Y37.95.csv
	 Reading 1194/1693: 	/scratch/frd_muziyao/SHUD-OpenMP/SHUD/Basins/heihe_x4/forcing/X100.45Y38.05.csv
	 Reading 1195/1693: 	/scratch/frd_muziyao/SHUD-OpenMP/SHUD/Basins/heihe_x4/forcing/X100.45Y38.15.csv
	 Reading 1196/1693: 	/scratch/frd_muziyao/SHUD-OpenMP/SHUD/Basins/heihe_x4/forcing/X100.45Y38.25.csv
	 Reading 1197/1693: 	/scratch/frd_muziyao/SHUD-OpenMP/SHUD/Basins/heihe_x4/forcing/X100.45Y38.35.csv
	 Reading 1198/1693: 	/scratch/frd_muziyao/SHUD-OpenMP/SHUD/Basins/heihe_x4/forcing/X100.45Y38.45.csv
	 Reading 1199/1693: 	/scratch/frd_muziyao/SHUD-OpenMP/SHUD/Basins/heihe_x4/forcing/X100.45Y38.55.csv
	 Reading 1200/1693: 	/scratch/frd_muziyao/SHUD-OpenMP/SHUD/Basins/heihe_x4/forcing/X100.45Y38.65.csv
	 Reading 1201/1693: 	/scratch/frd_muziyao/SHUD-OpenMP/SHUD/Basins/heihe_x4/forcing/X100.45Y38.75.csv
	 Reading 1202/1693: 	/scratch/frd_muziyao/SHUD-OpenMP/SHUD/Basins/heihe_x4/forcing/X100.45Y38.85.csv
	 Reading 1203/1693: 	/scratch/frd_muziyao/SHUD-OpenMP/SHUD/Basins/heihe_x4/forcing/X100.45Y38.95.csv
	 Reading 1204/1693: 	/scratch/frd_muziyao/SHUD-OpenMP/SHUD/Basins/heihe_x4/forcing/X100.45Y39.05.csv
	 Reading 1205/1693: 	/scratch/frd_muziyao/SHUD-OpenMP/SHUD/Basins/heihe_x4/forcing/X100.45Y39.15.csv
	 Reading 1206/1693: 	/scratch/frd_muziyao/SHUD-OpenMP/SHUD/Basins/heihe_x4/forcing/X100.45Y39.25.csv
	 Reading 1207/1693: 	/scratch/frd_muziyao/SHUD-OpenMP/SHUD/Basins/heihe_x4/forcing/X100.45Y39.35.csv
	 Reading 1208/1693: 	/scratch/frd_muziyao/SHUD-OpenMP/SHUD/Basins/heihe_x4/forcing/X100.45Y39.45.csv
	 Reading 1209/1693: 	/scratch/frd_muziyao/SHUD-OpenMP/SHUD/Basins/heihe_x4/forcing/X100.45Y39.55.csv
	 Reading 1210/1693: 	/scratch/frd_muziyao/SHUD-OpenMP/SHUD/Basins/heihe_x4/forcing/X100.45Y40.35.csv
	 Reading 1211/1693: 	/scratch/frd_muziyao/SHUD-OpenMP/SHUD/Basins/heihe_x4/forcing/X100.45Y40.45.csv
	 Reading 1212/1693: 	/scratch/frd_muziyao/SHUD-OpenMP/SHUD/Basins/heihe_x4/forcing/X100.45Y40.55.csv
	 Reading 1213/1693: 	/scratch/frd_muziyao/SHUD-OpenMP/SHUD/Basins/heihe_x4/forcing/X100.45Y40.65.csv
	 Reading 1214/1693: 	/scratch/frd_muziyao/SHUD-OpenMP/SHUD/Basins/heihe_x4/forcing/X100.45Y40.75.csv
	 Reading 1215/1693: 	/scratch/frd_muziyao/SHUD-OpenMP/SHUD/Basins/heihe_x4/forcing/X100.45Y40.85.csv
	 Reading 1216/1693: 	/scratch/frd_muziyao/SHUD-OpenMP/SHUD/Basins/heihe_x4/forcing/X100.45Y40.95.csv
	 Reading 1217/1693: 	/scratch/frd_muziyao/SHUD-OpenMP/SHUD/Basins/heihe_x4/forcing/X100.45Y41.05.csv
	 Reading 1218/1693: 	/scratch/frd_muziyao/SHUD-OpenMP/SHUD/Basins/heihe_x4/forcing/X100.45Y41.15.csv
	 Reading 1219/1693: 	/scratch/frd_muziyao/SHUD-OpenMP/SHUD/Basins/heihe_x4/forcing/X100.45Y41.25.csv
	 Reading 1220/1693: 	/scratch/frd_muziyao/SHUD-OpenMP/SHUD/Basins/heihe_x4/forcing/X100.45Y41.35.csv
	 Reading 1221/1693: 	/scratch/frd_muziyao/SHUD-OpenMP/SHUD/Basins/heihe_x4/forcing/X100.45Y41.45.csv
	 Reading 1222/1693: 	/scratch/frd_muziyao/SHUD-OpenMP/SHUD/Basins/heihe_x4/forcing/X100.45Y41.55.csv
	 Reading 1223/1693: 	/scratch/frd_muziyao/SHUD-OpenMP/SHUD/Basins/heihe_x4/forcing/X100.45Y41.65.csv
	 Reading 1224/1693: 	/scratch/frd_muziyao/SHUD-OpenMP/SHUD/Basins/heihe_x4/forcing/X100.45Y41.75.csv
	 Reading 1225/1693: 	/scratch/frd_muziyao/SHUD-OpenMP/SHUD/Basins/heihe_x4/forcing/X100.45Y41.85.csv
	 Reading 1226/1693: 	/scratch/frd_muziyao/SHUD-OpenMP/SHUD/Basins/heihe_x4/forcing/X100.45Y41.95.csv
	 Reading 1227/1693: 	/scratch/frd_muziyao/SHUD-OpenMP/SHUD/Basins/heihe_x4/forcing/X100.45Y42.05.csv
	 Reading 1228/1693: 	/scratch/frd_muziyao/SHUD-OpenMP/SHUD/Basins/heihe_x4/forcing/X100.45Y42.15.csv
	 Reading 1229/1693: 	/scratch/frd_muziyao/SHUD-OpenMP/SHUD/Basins/heihe_x4/forcing/X100.45Y42.25.csv
	 Reading 1230/1693: 	/scratch/frd_muziyao/SHUD-OpenMP/SHUD/Basins/heihe_x4/forcing/X100.45Y42.35.csv
	 Reading 1231/1693: 	/scratch/frd_muziyao/SHUD-OpenMP/SHUD/Basins/heihe_x4/forcing/X100.45Y42.45.csv
	 Reading 1232/1693: 	/scratch/frd_muziyao/SHUD-OpenMP/SHUD/Basins/heihe_x4/forcing/X100.45Y42.55.csv
	 Reading 1233/1693: 	/scratch/frd_muziyao/SHUD-OpenMP/SHUD/Basins/heihe_x4/forcing/X100.45Y42.65.csv
	 Reading 1234/1693: 	/scratch/frd_muziyao/SHUD-OpenMP/SHUD/Basins/heihe_x4/forcing/X100.45Y42.75.csv
	 Reading 1235/1693: 	/scratch/frd_muziyao/SHUD-OpenMP/SHUD/Basins/heihe_x4/forcing/X100.55Y37.85.csv
	 Reading 1236/1693: 	/scratch/frd_muziyao/SHUD-OpenMP/SHUD/Basins/heihe_x4/forcing/X100.55Y37.95.csv
	 Reading 1237/1693: 	/scratch/frd_muziyao/SHUD-OpenMP/SHUD/Basins/heihe_x4/forcing/X100.55Y38.05.csv
	 Reading 1238/1693: 	/scratch/frd_muziyao/SHUD-OpenMP/SHUD/Basins/heihe_x4/forcing/X100.55Y38.15.csv
	 Reading 1239/1693: 	/scratch/frd_muziyao/SHUD-OpenMP/SHUD/Basins/heihe_x4/forcing/X100.55Y38.25.csv
	 Reading 1240/1693: 	/scratch/frd_muziyao/SHUD-OpenMP/SHUD/Basins/heihe_x4/forcing/X100.55Y38.35.csv
	 Reading 1241/1693: 	/scratch/frd_muziyao/SHUD-OpenMP/SHUD/Basins/heihe_x4/forcing/X100.55Y38.45.csv
	 Reading 1242/1693: 	/scratch/frd_muziyao/SHUD-OpenMP/SHUD/Basins/heihe_x4/forcing/X100.55Y38.55.csv
	 Reading 1243/1693: 	/scratch/frd_muziyao/SHUD-OpenMP/SHUD/Basins/heihe_x4/forcing/X100.55Y38.65.csv
	 Reading 1244/1693: 	/scratch/frd_muziyao/SHUD-OpenMP/SHUD/Basins/heihe_x4/forcing/X100.55Y38.75.csv
	 Reading 1245/1693: 	/scratch/frd_muziyao/SHUD-OpenMP/SHUD/Basins/heihe_x4/forcing/X100.55Y38.85.csv
	 Reading 1246/1693: 	/scratch/frd_muziyao/SHUD-OpenMP/SHUD/Basins/heihe_x4/forcing/X100.55Y38.95.csv
	 Reading 1247/1693: 	/scratch/frd_muziyao/SHUD-OpenMP/SHUD/Basins/heihe_x4/forcing/X100.55Y39.05.csv
	 Reading 1248/1693: 	/scratch/frd_muziyao/SHUD-OpenMP/SHUD/Basins/heihe_x4/forcing/X100.55Y39.15.csv
	 Reading 1249/1693: 	/scratch/frd_muziyao/SHUD-OpenMP/SHUD/Basins/heihe_x4/forcing/X100.55Y39.25.csv
	 Reading 1250/1693: 	/scratch/frd_muziyao/SHUD-OpenMP/SHUD/Basins/heihe_x4/forcing/X100.55Y39.35.csv
	 Reading 1251/1693: 	/scratch/frd_muziyao/SHUD-OpenMP/SHUD/Basins/heihe_x4/forcing/X100.55Y39.45.csv
	 Reading 1252/1693: 	/scratch/frd_muziyao/SHUD-OpenMP/SHUD/Basins/heihe_x4/forcing/X100.55Y39.55.csv
	 Reading 1253/1693: 	/scratch/frd_muziyao/SHUD-OpenMP/SHUD/Basins/heihe_x4/forcing/X100.55Y40.35.csv
	 Reading 1254/1693: 	/scratch/frd_muziyao/SHUD-OpenMP/SHUD/Basins/heihe_x4/forcing/X100.55Y40.45.csv
	 Reading 1255/1693: 	/scratch/frd_muziyao/SHUD-OpenMP/SHUD/Basins/heihe_x4/forcing/X100.55Y40.55.csv
	 Reading 1256/1693: 	/scratch/frd_muziyao/SHUD-OpenMP/SHUD/Basins/heihe_x4/forcing/X100.55Y40.65.csv
	 Reading 1257/1693: 	/scratch/frd_muziyao/SHUD-OpenMP/SHUD/Basins/heihe_x4/forcing/X100.55Y40.75.csv
	 Reading 1258/1693: 	/scratch/frd_muziyao/SHUD-OpenMP/SHUD/Basins/heihe_x4/forcing/X100.55Y40.85.csv
	 Reading 1259/1693: 	/scratch/frd_muziyao/SHUD-OpenMP/SHUD/Basins/heihe_x4/forcing/X100.55Y40.95.csv
	 Reading 1260/1693: 	/scratch/frd_muziyao/SHUD-OpenMP/SHUD/Basins/heihe_x4/forcing/X100.55Y41.05.csv
	 Reading 1261/1693: 	/scratch/frd_muziyao/SHUD-OpenMP/SHUD/Basins/heihe_x4/forcing/X100.55Y41.15.csv
	 Reading 1262/1693: 	/scratch/frd_muziyao/SHUD-OpenMP/SHUD/Basins/heihe_x4/forcing/X100.55Y41.25.csv
	 Reading 1263/1693: 	/scratch/frd_muziyao/SHUD-OpenMP/SHUD/Basins/heihe_x4/forcing/X100.55Y41.35.csv
	 Reading 1264/1693: 	/scratch/frd_muziyao/SHUD-OpenMP/SHUD/Basins/heihe_x4/forcing/X100.55Y41.45.csv
	 Reading 1265/1693: 	/scratch/frd_muziyao/SHUD-OpenMP/SHUD/Basins/heihe_x4/forcing/X100.55Y41.55.csv
	 Reading 1266/1693: 	/scratch/frd_muziyao/SHUD-OpenMP/SHUD/Basins/heihe_x4/forcing/X100.55Y41.65.csv
	 Reading 1267/1693: 	/scratch/frd_muziyao/SHUD-OpenMP/SHUD/Basins/heihe_x4/forcing/X100.55Y41.75.csv
	 Reading 1268/1693: 	/scratch/frd_muziyao/SHUD-OpenMP/SHUD/Basins/heihe_x4/forcing/X100.55Y41.85.csv
	 Reading 1269/1693: 	/scratch/frd_muziyao/SHUD-OpenMP/SHUD/Basins/heihe_x4/forcing/X100.55Y41.95.csv
	 Reading 1270/1693: 	/scratch/frd_muziyao/SHUD-OpenMP/SHUD/Basins/heihe_x4/forcing/X100.55Y42.05.csv
	 Reading 1271/1693: 	/scratch/frd_muziyao/SHUD-OpenMP/SHUD/Basins/heihe_x4/forcing/X100.55Y42.15.csv
	 Reading 1272/1693: 	/scratch/frd_muziyao/SHUD-OpenMP/SHUD/Basins/heihe_x4/forcing/X100.55Y42.25.csv
	 Reading 1273/1693: 	/scratch/frd_muziyao/SHUD-OpenMP/SHUD/Basins/heihe_x4/forcing/X100.55Y42.35.csv
	 Reading 1274/1693: 	/scratch/frd_muziyao/SHUD-OpenMP/SHUD/Basins/heihe_x4/forcing/X100.55Y42.45.csv
	 Reading 1275/1693: 	/scratch/frd_muziyao/SHUD-OpenMP/SHUD/Basins/heihe_x4/forcing/X100.55Y42.55.csv
	 Reading 1276/1693: 	/scratch/frd_muziyao/SHUD-OpenMP/SHUD/Basins/heihe_x4/forcing/X100.55Y42.65.csv
	 Reading 1277/1693: 	/scratch/frd_muziyao/SHUD-OpenMP/SHUD/Basins/heihe_x4/forcing/X100.55Y42.75.csv
	 Reading 1278/1693: 	/scratch/frd_muziyao/SHUD-OpenMP/SHUD/Basins/heihe_x4/forcing/X100.65Y37.75.csv
	 Reading 1279/1693: 	/scratch/frd_muziyao/SHUD-OpenMP/SHUD/Basins/heihe_x4/forcing/X100.65Y37.85.csv
	 Reading 1280/1693: 	/scratch/frd_muziyao/SHUD-OpenMP/SHUD/Basins/heihe_x4/forcing/X100.65Y37.95.csv
	 Reading 1281/1693: 	/scratch/frd_muziyao/SHUD-OpenMP/SHUD/Basins/heihe_x4/forcing/X100.65Y38.05.csv
	 Reading 1282/1693: 	/scratch/frd_muziyao/SHUD-OpenMP/SHUD/Basins/heihe_x4/forcing/X100.65Y38.15.csv
	 Reading 1283/1693: 	/scratch/frd_muziyao/SHUD-OpenMP/SHUD/Basins/heihe_x4/forcing/X100.65Y38.25.csv
	 Reading 1284/1693: 	/scratch/frd_muziyao/SHUD-OpenMP/SHUD/Basins/heihe_x4/forcing/X100.65Y38.35.csv
	 Reading 1285/1693: 	/scratch/frd_muziyao/SHUD-OpenMP/SHUD/Basins/heihe_x4/forcing/X100.65Y38.45.csv
	 Reading 1286/1693: 	/scratch/frd_muziyao/SHUD-OpenMP/SHUD/Basins/heihe_x4/forcing/X100.65Y38.55.csv
	 Reading 1287/1693: 	/scratch/frd_muziyao/SHUD-OpenMP/SHUD/Basins/heihe_x4/forcing/X100.65Y38.65.csv
	 Reading 1288/1693: 	/scratch/frd_muziyao/SHUD-OpenMP/SHUD/Basins/heihe_x4/forcing/X100.65Y38.75.csv
	 Reading 1289/1693: 	/scratch/frd_muziyao/SHUD-OpenMP/SHUD/Basins/heihe_x4/forcing/X100.65Y38.85.csv
	 Reading 1290/1693: 	/scratch/frd_muziyao/SHUD-OpenMP/SHUD/Basins/heihe_x4/forcing/X100.65Y38.95.csv
	 Reading 1291/1693: 	/scratch/frd_muziyao/SHUD-OpenMP/SHUD/Basins/heihe_x4/forcing/X100.65Y39.05.csv
	 Reading 1292/1693: 	/scratch/frd_muziyao/SHUD-OpenMP/SHUD/Basins/heihe_x4/forcing/X100.65Y39.15.csv
	 Reading 1293/1693: 	/scratch/frd_muziyao/SHUD-OpenMP/SHUD/Basins/heihe_x4/forcing/X100.65Y39.25.csv
	 Reading 1294/1693: 	/scratch/frd_muziyao/SHUD-OpenMP/SHUD/Basins/heihe_x4/forcing/X100.65Y39.35.csv
	 Reading 1295/1693: 	/scratch/frd_muziyao/SHUD-OpenMP/SHUD/Basins/heihe_x4/forcing/X100.65Y39.45.csv
	 Reading 1296/1693: 	/scratch/frd_muziyao/SHUD-OpenMP/SHUD/Basins/heihe_x4/forcing/X100.65Y39.55.csv
	 Reading 1297/1693: 	/scratch/frd_muziyao/SHUD-OpenMP/SHUD/Basins/heihe_x4/forcing/X100.65Y40.45.csv
	 Reading 1298/1693: 	/scratch/frd_muziyao/SHUD-OpenMP/SHUD/Basins/heihe_x4/forcing/X100.65Y40.55.csv
	 Reading 1299/1693: 	/scratch/frd_muziyao/SHUD-OpenMP/SHUD/Basins/heihe_x4/forcing/X100.65Y40.65.csv
	 Reading 1300/1693: 	/scratch/frd_muziyao/SHUD-OpenMP/SHUD/Basins/heihe_x4/forcing/X100.65Y40.75.csv
	 Reading 1301/1693: 	/scratch/frd_muziyao/SHUD-OpenMP/SHUD/Basins/heihe_x4/forcing/X100.65Y40.85.csv
	 Reading 1302/1693: 	/scratch/frd_muziyao/SHUD-OpenMP/SHUD/Basins/heihe_x4/forcing/X100.65Y40.95.csv
	 Reading 1303/1693: 	/scratch/frd_muziyao/SHUD-OpenMP/SHUD/Basins/heihe_x4/forcing/X100.65Y41.05.csv
	 Reading 1304/1693: 	/scratch/frd_muziyao/SHUD-OpenMP/SHUD/Basins/heihe_x4/forcing/X100.65Y41.15.csv
	 Reading 1305/1693: 	/scratch/frd_muziyao/SHUD-OpenMP/SHUD/Basins/heihe_x4/forcing/X100.65Y41.25.csv
	 Reading 1306/1693: 	/scratch/frd_muziyao/SHUD-OpenMP/SHUD/Basins/heihe_x4/forcing/X100.65Y41.35.csv
	 Reading 1307/1693: 	/scratch/frd_muziyao/SHUD-OpenMP/SHUD/Basins/heihe_x4/forcing/X100.65Y41.45.csv
	 Reading 1308/1693: 	/scratch/frd_muziyao/SHUD-OpenMP/SHUD/Basins/heihe_x4/forcing/X100.65Y41.55.csv
	 Reading 1309/1693: 	/scratch/frd_muziyao/SHUD-OpenMP/SHUD/Basins/heihe_x4/forcing/X100.65Y41.65.csv
	 Reading 1310/1693: 	/scratch/frd_muziyao/SHUD-OpenMP/SHUD/Basins/heihe_x4/forcing/X100.65Y41.75.csv
	 Reading 1311/1693: 	/scratch/frd_muziyao/SHUD-OpenMP/SHUD/Basins/heihe_x4/forcing/X100.65Y41.85.csv
	 Reading 1312/1693: 	/scratch/frd_muziyao/SHUD-OpenMP/SHUD/Basins/heihe_x4/forcing/X100.65Y41.95.csv
	 Reading 1313/1693: 	/scratch/frd_muziyao/SHUD-OpenMP/SHUD/Basins/heihe_x4/forcing/X100.65Y42.05.csv
	 Reading 1314/1693: 	/scratch/frd_muziyao/SHUD-OpenMP/SHUD/Basins/heihe_x4/forcing/X100.65Y42.15.csv
	 Reading 1315/1693: 	/scratch/frd_muziyao/SHUD-OpenMP/SHUD/Basins/heihe_x4/forcing/X100.65Y42.25.csv
	 Reading 1316/1693: 	/scratch/frd_muziyao/SHUD-OpenMP/SHUD/Basins/heihe_x4/forcing/X100.65Y42.35.csv
	 Reading 1317/1693: 	/scratch/frd_muziyao/SHUD-OpenMP/SHUD/Basins/heihe_x4/forcing/X100.65Y42.45.csv
	 Reading 1318/1693: 	/scratch/frd_muziyao/SHUD-OpenMP/SHUD/Basins/heihe_x4/forcing/X100.65Y42.55.csv
	 Reading 1319/1693: 	/scratch/frd_muziyao/SHUD-OpenMP/SHUD/Basins/heihe_x4/forcing/X100.65Y42.65.csv
	 Reading 1320/1693: 	/scratch/frd_muziyao/SHUD-OpenMP/SHUD/Basins/heihe_x4/forcing/X100.65Y42.75.csv
	 Reading 1321/1693: 	/scratch/frd_muziyao/SHUD-OpenMP/SHUD/Basins/heihe_x4/forcing/X100.75Y37.75.csv
	 Reading 1322/1693: 	/scratch/frd_muziyao/SHUD-OpenMP/SHUD/Basins/heihe_x4/forcing/X100.75Y37.85.csv
	 Reading 1323/1693: 	/scratch/frd_muziyao/SHUD-OpenMP/SHUD/Basins/heihe_x4/forcing/X100.75Y37.95.csv
	 Reading 1324/1693: 	/scratch/frd_muziyao/SHUD-OpenMP/SHUD/Basins/heihe_x4/forcing/X100.75Y38.05.csv
	 Reading 1325/1693: 	/scratch/frd_muziyao/SHUD-OpenMP/SHUD/Basins/heihe_x4/forcing/X100.75Y38.15.csv
	 Reading 1326/1693: 	/scratch/frd_muziyao/SHUD-OpenMP/SHUD/Basins/heihe_x4/forcing/X100.75Y38.25.csv
	 Reading 1327/1693: 	/scratch/frd_muziyao/SHUD-OpenMP/SHUD/Basins/heihe_x4/forcing/X100.75Y38.35.csv
	 Reading 1328/1693: 	/scratch/frd_muziyao/SHUD-OpenMP/SHUD/Basins/heihe_x4/forcing/X100.75Y38.45.csv
	 Reading 1329/1693: 	/scratch/frd_muziyao/SHUD-OpenMP/SHUD/Basins/heihe_x4/forcing/X100.75Y38.55.csv
	 Reading 1330/1693: 	/scratch/frd_muziyao/SHUD-OpenMP/SHUD/Basins/heihe_x4/forcing/X100.75Y38.65.csv
	 Reading 1331/1693: 	/scratch/frd_muziyao/SHUD-OpenMP/SHUD/Basins/heihe_x4/forcing/X100.75Y38.75.csv
	 Reading 1332/1693: 	/scratch/frd_muziyao/SHUD-OpenMP/SHUD/Basins/heihe_x4/forcing/X100.75Y38.85.csv
	 Reading 1333/1693: 	/scratch/frd_muziyao/SHUD-OpenMP/SHUD/Basins/heihe_x4/forcing/X100.75Y38.95.csv
	 Reading 1334/1693: 	/scratch/frd_muziyao/SHUD-OpenMP/SHUD/Basins/heihe_x4/forcing/X100.75Y39.05.csv
	 Reading 1335/1693: 	/scratch/frd_muziyao/SHUD-OpenMP/SHUD/Basins/heihe_x4/forcing/X100.75Y39.15.csv
	 Reading 1336/1693: 	/scratch/frd_muziyao/SHUD-OpenMP/SHUD/Basins/heihe_x4/forcing/X100.75Y39.25.csv
	 Reading 1337/1693: 	/scratch/frd_muziyao/SHUD-OpenMP/SHUD/Basins/heihe_x4/forcing/X100.75Y39.35.csv
	 Reading 1338/1693: 	/scratch/frd_muziyao/SHUD-OpenMP/SHUD/Basins/heihe_x4/forcing/X100.75Y39.45.csv
	 Reading 1339/1693: 	/scratch/frd_muziyao/SHUD-OpenMP/SHUD/Basins/heihe_x4/forcing/X100.75Y40.45.csv
	 Reading 1340/1693: 	/scratch/frd_muziyao/SHUD-OpenMP/SHUD/Basins/heihe_x4/forcing/X100.75Y40.55.csv
	 Reading 1341/1693: 	/scratch/frd_muziyao/SHUD-OpenMP/SHUD/Basins/heihe_x4/forcing/X100.75Y40.65.csv
	 Reading 1342/1693: 	/scratch/frd_muziyao/SHUD-OpenMP/SHUD/Basins/heihe_x4/forcing/X100.75Y40.75.csv
	 Reading 1343/1693: 	/scratch/frd_muziyao/SHUD-OpenMP/SHUD/Basins/heihe_x4/forcing/X100.75Y40.85.csv
	 Reading 1344/1693: 	/scratch/frd_muziyao/SHUD-OpenMP/SHUD/Basins/heihe_x4/forcing/X100.75Y40.95.csv
	 Reading 1345/1693: 	/scratch/frd_muziyao/SHUD-OpenMP/SHUD/Basins/heihe_x4/forcing/X100.75Y41.05.csv
	 Reading 1346/1693: 	/scratch/frd_muziyao/SHUD-OpenMP/SHUD/Basins/heihe_x4/forcing/X100.75Y41.15.csv
	 Reading 1347/1693: 	/scratch/frd_muziyao/SHUD-OpenMP/SHUD/Basins/heihe_x4/forcing/X100.75Y41.25.csv
	 Reading 1348/1693: 	/scratch/frd_muziyao/SHUD-OpenMP/SHUD/Basins/heihe_x4/forcing/X100.75Y41.35.csv
	 Reading 1349/1693: 	/scratch/frd_muziyao/SHUD-OpenMP/SHUD/Basins/heihe_x4/forcing/X100.75Y41.45.csv
	 Reading 1350/1693: 	/scratch/frd_muziyao/SHUD-OpenMP/SHUD/Basins/heihe_x4/forcing/X100.75Y41.55.csv
	 Reading 1351/1693: 	/scratch/frd_muziyao/SHUD-OpenMP/SHUD/Basins/heihe_x4/forcing/X100.75Y41.65.csv
	 Reading 1352/1693: 	/scratch/frd_muziyao/SHUD-OpenMP/SHUD/Basins/heihe_x4/forcing/X100.75Y41.75.csv
	 Reading 1353/1693: 	/scratch/frd_muziyao/SHUD-OpenMP/SHUD/Basins/heihe_x4/forcing/X100.75Y41.85.csv
	 Reading 1354/1693: 	/scratch/frd_muziyao/SHUD-OpenMP/SHUD/Basins/heihe_x4/forcing/X100.75Y41.95.csv
	 Reading 1355/1693: 	/scratch/frd_muziyao/SHUD-OpenMP/SHUD/Basins/heihe_x4/forcing/X100.75Y42.05.csv
	 Reading 1356/1693: 	/scratch/frd_muziyao/SHUD-OpenMP/SHUD/Basins/heihe_x4/forcing/X100.75Y42.15.csv
	 Reading 1357/1693: 	/scratch/frd_muziyao/SHUD-OpenMP/SHUD/Basins/heihe_x4/forcing/X100.75Y42.25.csv
	 Reading 1358/1693: 	/scratch/frd_muziyao/SHUD-OpenMP/SHUD/Basins/heihe_x4/forcing/X100.75Y42.35.csv
	 Reading 1359/1693: 	/scratch/frd_muziyao/SHUD-OpenMP/SHUD/Basins/heihe_x4/forcing/X100.75Y42.45.csv
	 Reading 1360/1693: 	/scratch/frd_muziyao/SHUD-OpenMP/SHUD/Basins/heihe_x4/forcing/X100.75Y42.55.csv
	 Reading 1361/1693: 	/scratch/frd_muziyao/SHUD-OpenMP/SHUD/Basins/heihe_x4/forcing/X100.75Y42.65.csv
	 Reading 1362/1693: 	/scratch/frd_muziyao/SHUD-OpenMP/SHUD/Basins/heihe_x4/forcing/X100.75Y42.75.csv
	 Reading 1363/1693: 	/scratch/frd_muziyao/SHUD-OpenMP/SHUD/Basins/heihe_x4/forcing/X100.85Y37.75.csv
	 Reading 1364/1693: 	/scratch/frd_muziyao/SHUD-OpenMP/SHUD/Basins/heihe_x4/forcing/X100.85Y37.85.csv
	 Reading 1365/1693: 	/scratch/frd_muziyao/SHUD-OpenMP/SHUD/Basins/heihe_x4/forcing/X100.85Y37.95.csv
	 Reading 1366/1693: 	/scratch/frd_muziyao/SHUD-OpenMP/SHUD/Basins/heihe_x4/forcing/X100.85Y38.05.csv
	 Reading 1367/1693: 	/scratch/frd_muziyao/SHUD-OpenMP/SHUD/Basins/heihe_x4/forcing/X100.85Y38.15.csv
	 Reading 1368/1693: 	/scratch/frd_muziyao/SHUD-OpenMP/SHUD/Basins/heihe_x4/forcing/X100.85Y38.25.csv
	 Reading 1369/1693: 	/scratch/frd_muziyao/SHUD-OpenMP/SHUD/Basins/heihe_x4/forcing/X100.85Y38.35.csv
	 Reading 1370/1693: 	/scratch/frd_muziyao/SHUD-OpenMP/SHUD/Basins/heihe_x4/forcing/X100.85Y38.45.csv
	 Reading 1371/1693: 	/scratch/frd_muziyao/SHUD-OpenMP/SHUD/Basins/heihe_x4/forcing/X100.85Y38.55.csv
	 Reading 1372/1693: 	/scratch/frd_muziyao/SHUD-OpenMP/SHUD/Basins/heihe_x4/forcing/X100.85Y38.65.csv
	 Reading 1373/1693: 	/scratch/frd_muziyao/SHUD-OpenMP/SHUD/Basins/heihe_x4/forcing/X100.85Y38.75.csv
	 Reading 1374/1693: 	/scratch/frd_muziyao/SHUD-OpenMP/SHUD/Basins/heihe_x4/forcing/X100.85Y38.85.csv
	 Reading 1375/1693: 	/scratch/frd_muziyao/SHUD-OpenMP/SHUD/Basins/heihe_x4/forcing/X100.85Y38.95.csv
	 Reading 1376/1693: 	/scratch/frd_muziyao/SHUD-OpenMP/SHUD/Basins/heihe_x4/forcing/X100.85Y39.05.csv
	 Reading 1377/1693: 	/scratch/frd_muziyao/SHUD-OpenMP/SHUD/Basins/heihe_x4/forcing/X100.85Y40.45.csv
	 Reading 1378/1693: 	/scratch/frd_muziyao/SHUD-OpenMP/SHUD/Basins/heihe_x4/forcing/X100.85Y40.55.csv
	 Reading 1379/1693: 	/scratch/frd_muziyao/SHUD-OpenMP/SHUD/Basins/heihe_x4/forcing/X100.85Y40.65.csv
	 Reading 1380/1693: 	/scratch/frd_muziyao/SHUD-OpenMP/SHUD/Basins/heihe_x4/forcing/X100.85Y40.75.csv
	 Reading 1381/1693: 	/scratch/frd_muziyao/SHUD-OpenMP/SHUD/Basins/heihe_x4/forcing/X100.85Y40.85.csv
	 Reading 1382/1693: 	/scratch/frd_muziyao/SHUD-OpenMP/SHUD/Basins/heihe_x4/forcing/X100.85Y40.95.csv
	 Reading 1383/1693: 	/scratch/frd_muziyao/SHUD-OpenMP/SHUD/Basins/heihe_x4/forcing/X100.85Y41.05.csv
	 Reading 1384/1693: 	/scratch/frd_muziyao/SHUD-OpenMP/SHUD/Basins/heihe_x4/forcing/X100.85Y41.15.csv
	 Reading 1385/1693: 	/scratch/frd_muziyao/SHUD-OpenMP/SHUD/Basins/heihe_x4/forcing/X100.85Y41.25.csv
	 Reading 1386/1693: 	/scratch/frd_muziyao/SHUD-OpenMP/SHUD/Basins/heihe_x4/forcing/X100.85Y41.35.csv
	 Reading 1387/1693: 	/scratch/frd_muziyao/SHUD-OpenMP/SHUD/Basins/heihe_x4/forcing/X100.85Y41.45.csv
	 Reading 1388/1693: 	/scratch/frd_muziyao/SHUD-OpenMP/SHUD/Basins/heihe_x4/forcing/X100.85Y41.55.csv
	 Reading 1389/1693: 	/scratch/frd_muziyao/SHUD-OpenMP/SHUD/Basins/heihe_x4/forcing/X100.85Y41.65.csv
	 Reading 1390/1693: 	/scratch/frd_muziyao/SHUD-OpenMP/SHUD/Basins/heihe_x4/forcing/X100.85Y41.75.csv
	 Reading 1391/1693: 	/scratch/frd_muziyao/SHUD-OpenMP/SHUD/Basins/heihe_x4/forcing/X100.85Y41.85.csv
	 Reading 1392/1693: 	/scratch/frd_muziyao/SHUD-OpenMP/SHUD/Basins/heihe_x4/forcing/X100.85Y41.95.csv
	 Reading 1393/1693: 	/scratch/frd_muziyao/SHUD-OpenMP/SHUD/Basins/heihe_x4/forcing/X100.85Y42.05.csv
	 Reading 1394/1693: 	/scratch/frd_muziyao/SHUD-OpenMP/SHUD/Basins/heihe_x4/forcing/X100.85Y42.15.csv
	 Reading 1395/1693: 	/scratch/frd_muziyao/SHUD-OpenMP/SHUD/Basins/heihe_x4/forcing/X100.85Y42.25.csv
	 Reading 1396/1693: 	/scratch/frd_muziyao/SHUD-OpenMP/SHUD/Basins/heihe_x4/forcing/X100.85Y42.35.csv
	 Reading 1397/1693: 	/scratch/frd_muziyao/SHUD-OpenMP/SHUD/Basins/heihe_x4/forcing/X100.85Y42.45.csv
	 Reading 1398/1693: 	/scratch/frd_muziyao/SHUD-OpenMP/SHUD/Basins/heihe_x4/forcing/X100.85Y42.55.csv
	 Reading 1399/1693: 	/scratch/frd_muziyao/SHUD-OpenMP/SHUD/Basins/heihe_x4/forcing/X100.85Y42.65.csv
	 Reading 1400/1693: 	/scratch/frd_muziyao/SHUD-OpenMP/SHUD/Basins/heihe_x4/forcing/X100.85Y42.75.csv
	 Reading 1401/1693: 	/scratch/frd_muziyao/SHUD-OpenMP/SHUD/Basins/heihe_x4/forcing/X100.95Y37.75.csv
	 Reading 1402/1693: 	/scratch/frd_muziyao/SHUD-OpenMP/SHUD/Basins/heihe_x4/forcing/X100.95Y37.85.csv
	 Reading 1403/1693: 	/scratch/frd_muziyao/SHUD-OpenMP/SHUD/Basins/heihe_x4/forcing/X100.95Y37.95.csv
	 Reading 1404/1693: 	/scratch/frd_muziyao/SHUD-OpenMP/SHUD/Basins/heihe_x4/forcing/X100.95Y38.05.csv
	 Reading 1405/1693: 	/scratch/frd_muziyao/SHUD-OpenMP/SHUD/Basins/heihe_x4/forcing/X100.95Y38.15.csv
	 Reading 1406/1693: 	/scratch/frd_muziyao/SHUD-OpenMP/SHUD/Basins/heihe_x4/forcing/X100.95Y38.25.csv
	 Reading 1407/1693: 	/scratch/frd_muziyao/SHUD-OpenMP/SHUD/Basins/heihe_x4/forcing/X100.95Y38.35.csv
	 Reading 1408/1693: 	/scratch/frd_muziyao/SHUD-OpenMP/SHUD/Basins/heihe_x4/forcing/X100.95Y38.45.csv
	 Reading 1409/1693: 	/scratch/frd_muziyao/SHUD-OpenMP/SHUD/Basins/heihe_x4/forcing/X100.95Y38.55.csv
	 Reading 1410/1693: 	/scratch/frd_muziyao/SHUD-OpenMP/SHUD/Basins/heihe_x4/forcing/X100.95Y38.65.csv
	 Reading 1411/1693: 	/scratch/frd_muziyao/SHUD-OpenMP/SHUD/Basins/heihe_x4/forcing/X100.95Y38.75.csv
	 Reading 1412/1693: 	/scratch/frd_muziyao/SHUD-OpenMP/SHUD/Basins/heihe_x4/forcing/X100.95Y38.85.csv
	 Reading 1413/1693: 	/scratch/frd_muziyao/SHUD-OpenMP/SHUD/Basins/heihe_x4/forcing/X100.95Y38.95.csv
	 Reading 1414/1693: 	/scratch/frd_muziyao/SHUD-OpenMP/SHUD/Basins/heihe_x4/forcing/X100.95Y40.45.csv
	 Reading 1415/1693: 	/scratch/frd_muziyao/SHUD-OpenMP/SHUD/Basins/heihe_x4/forcing/X100.95Y40.55.csv
	 Reading 1416/1693: 	/scratch/frd_muziyao/SHUD-OpenMP/SHUD/Basins/heihe_x4/forcing/X100.95Y40.65.csv
	 Reading 1417/1693: 	/scratch/frd_muziyao/SHUD-OpenMP/SHUD/Basins/heihe_x4/forcing/X100.95Y40.75.csv
	 Reading 1418/1693: 	/scratch/frd_muziyao/SHUD-OpenMP/SHUD/Basins/heihe_x4/forcing/X100.95Y40.85.csv
	 Reading 1419/1693: 	/scratch/frd_muziyao/SHUD-OpenMP/SHUD/Basins/heihe_x4/forcing/X100.95Y40.95.csv
	 Reading 1420/1693: 	/scratch/frd_muziyao/SHUD-OpenMP/SHUD/Basins/heihe_x4/forcing/X100.95Y41.05.csv
	 Reading 1421/1693: 	/scratch/frd_muziyao/SHUD-OpenMP/SHUD/Basins/heihe_x4/forcing/X100.95Y41.15.csv
	 Reading 1422/1693: 	/scratch/frd_muziyao/SHUD-OpenMP/SHUD/Basins/heihe_x4/forcing/X100.95Y41.25.csv
	 Reading 1423/1693: 	/scratch/frd_muziyao/SHUD-OpenMP/SHUD/Basins/heihe_x4/forcing/X100.95Y41.35.csv
	 Reading 1424/1693: 	/scratch/frd_muziyao/SHUD-OpenMP/SHUD/Basins/heihe_x4/forcing/X100.95Y41.45.csv
	 Reading 1425/1693: 	/scratch/frd_muziyao/SHUD-OpenMP/SHUD/Basins/heihe_x4/forcing/X100.95Y41.55.csv
	 Reading 1426/1693: 	/scratch/frd_muziyao/SHUD-OpenMP/SHUD/Basins/heihe_x4/forcing/X100.95Y41.65.csv
	 Reading 1427/1693: 	/scratch/frd_muziyao/SHUD-OpenMP/SHUD/Basins/heihe_x4/forcing/X100.95Y41.75.csv
	 Reading 1428/1693: 	/scratch/frd_muziyao/SHUD-OpenMP/SHUD/Basins/heihe_x4/forcing/X100.95Y41.85.csv
	 Reading 1429/1693: 	/scratch/frd_muziyao/SHUD-OpenMP/SHUD/Basins/heihe_x4/forcing/X100.95Y41.95.csv
	 Reading 1430/1693: 	/scratch/frd_muziyao/SHUD-OpenMP/SHUD/Basins/heihe_x4/forcing/X100.95Y42.05.csv
	 Reading 1431/1693: 	/scratch/frd_muziyao/SHUD-OpenMP/SHUD/Basins/heihe_x4/forcing/X100.95Y42.15.csv
	 Reading 1432/1693: 	/scratch/frd_muziyao/SHUD-OpenMP/SHUD/Basins/heihe_x4/forcing/X100.95Y42.25.csv
	 Reading 1433/1693: 	/scratch/frd_muziyao/SHUD-OpenMP/SHUD/Basins/heihe_x4/forcing/X100.95Y42.35.csv
	 Reading 1434/1693: 	/scratch/frd_muziyao/SHUD-OpenMP/SHUD/Basins/heihe_x4/forcing/X100.95Y42.45.csv
	 Reading 1435/1693: 	/scratch/frd_muziyao/SHUD-OpenMP/SHUD/Basins/heihe_x4/forcing/X100.95Y42.55.csv
	 Reading 1436/1693: 	/scratch/frd_muziyao/SHUD-OpenMP/SHUD/Basins/heihe_x4/forcing/X100.95Y42.65.csv
	 Reading 1437/1693: 	/scratch/frd_muziyao/SHUD-OpenMP/SHUD/Basins/heihe_x4/forcing/X100.95Y42.75.csv
	 Reading 1438/1693: 	/scratch/frd_muziyao/SHUD-OpenMP/SHUD/Basins/heihe_x4/forcing/X101.05Y37.75.csv
	 Reading 1439/1693: 	/scratch/frd_muziyao/SHUD-OpenMP/SHUD/Basins/heihe_x4/forcing/X101.05Y37.85.csv
	 Reading 1440/1693: 	/scratch/frd_muziyao/SHUD-OpenMP/SHUD/Basins/heihe_x4/forcing/X101.05Y37.95.csv
	 Reading 1441/1693: 	/scratch/frd_muziyao/SHUD-OpenMP/SHUD/Basins/heihe_x4/forcing/X101.05Y38.05.csv
	 Reading 1442/1693: 	/scratch/frd_muziyao/SHUD-OpenMP/SHUD/Basins/heihe_x4/forcing/X101.05Y38.15.csv
	 Reading 1443/1693: 	/scratch/frd_muziyao/SHUD-OpenMP/SHUD/Basins/heihe_x4/forcing/X101.05Y38.25.csv
	 Reading 1444/1693: 	/scratch/frd_muziyao/SHUD-OpenMP/SHUD/Basins/heihe_x4/forcing/X101.05Y38.35.csv
	 Reading 1445/1693: 	/scratch/frd_muziyao/SHUD-OpenMP/SHUD/Basins/heihe_x4/forcing/X101.05Y38.45.csv
	 Reading 1446/1693: 	/scratch/frd_muziyao/SHUD-OpenMP/SHUD/Basins/heihe_x4/forcing/X101.05Y38.55.csv
	 Reading 1447/1693: 	/scratch/frd_muziyao/SHUD-OpenMP/SHUD/Basins/heihe_x4/forcing/X101.05Y38.65.csv
	 Reading 1448/1693: 	/scratch/frd_muziyao/SHUD-OpenMP/SHUD/Basins/heihe_x4/forcing/X101.05Y38.75.csv
	 Reading 1449/1693: 	/scratch/frd_muziyao/SHUD-OpenMP/SHUD/Basins/heihe_x4/forcing/X101.05Y38.85.csv
	 Reading 1450/1693: 	/scratch/frd_muziyao/SHUD-OpenMP/SHUD/Basins/heihe_x4/forcing/X101.05Y38.95.csv
	 Reading 1451/1693: 	/scratch/frd_muziyao/SHUD-OpenMP/SHUD/Basins/heihe_x4/forcing/X101.05Y40.45.csv
	 Reading 1452/1693: 	/scratch/frd_muziyao/SHUD-OpenMP/SHUD/Basins/heihe_x4/forcing/X101.05Y40.55.csv
	 Reading 1453/1693: 	/scratch/frd_muziyao/SHUD-OpenMP/SHUD/Basins/heihe_x4/forcing/X101.05Y40.65.csv
	 Reading 1454/1693: 	/scratch/frd_muziyao/SHUD-OpenMP/SHUD/Basins/heihe_x4/forcing/X101.05Y40.75.csv
	 Reading 1455/1693: 	/scratch/frd_muziyao/SHUD-OpenMP/SHUD/Basins/heihe_x4/forcing/X101.05Y40.85.csv
	 Reading 1456/1693: 	/scratch/frd_muziyao/SHUD-OpenMP/SHUD/Basins/heihe_x4/forcing/X101.05Y40.95.csv
	 Reading 1457/1693: 	/scratch/frd_muziyao/SHUD-OpenMP/SHUD/Basins/heihe_x4/forcing/X101.05Y41.05.csv
	 Reading 1458/1693: 	/scratch/frd_muziyao/SHUD-OpenMP/SHUD/Basins/heihe_x4/forcing/X101.05Y41.15.csv
	 Reading 1459/1693: 	/scratch/frd_muziyao/SHUD-OpenMP/SHUD/Basins/heihe_x4/forcing/X101.05Y41.25.csv
	 Reading 1460/1693: 	/scratch/frd_muziyao/SHUD-OpenMP/SHUD/Basins/heihe_x4/forcing/X101.05Y41.35.csv
	 Reading 1461/1693: 	/scratch/frd_muziyao/SHUD-OpenMP/SHUD/Basins/heihe_x4/forcing/X101.05Y41.45.csv
	 Reading 1462/1693: 	/scratch/frd_muziyao/SHUD-OpenMP/SHUD/Basins/heihe_x4/forcing/X101.05Y41.55.csv
	 Reading 1463/1693: 	/scratch/frd_muziyao/SHUD-OpenMP/SHUD/Basins/heihe_x4/forcing/X101.05Y41.65.csv
	 Reading 1464/1693: 	/scratch/frd_muziyao/SHUD-OpenMP/SHUD/Basins/heihe_x4/forcing/X101.05Y41.75.csv
	 Reading 1465/1693: 	/scratch/frd_muziyao/SHUD-OpenMP/SHUD/Basins/heihe_x4/forcing/X101.05Y41.85.csv
	 Reading 1466/1693: 	/scratch/frd_muziyao/SHUD-OpenMP/SHUD/Basins/heihe_x4/forcing/X101.05Y41.95.csv
	 Reading 1467/1693: 	/scratch/frd_muziyao/SHUD-OpenMP/SHUD/Basins/heihe_x4/forcing/X101.05Y42.05.csv
	 Reading 1468/1693: 	/scratch/frd_muziyao/SHUD-OpenMP/SHUD/Basins/heihe_x4/forcing/X101.05Y42.15.csv
	 Reading 1469/1693: 	/scratch/frd_muziyao/SHUD-OpenMP/SHUD/Basins/heihe_x4/forcing/X101.05Y42.25.csv
	 Reading 1470/1693: 	/scratch/frd_muziyao/SHUD-OpenMP/SHUD/Basins/heihe_x4/forcing/X101.05Y42.35.csv
	 Reading 1471/1693: 	/scratch/frd_muziyao/SHUD-OpenMP/SHUD/Basins/heihe_x4/forcing/X101.05Y42.45.csv
	 Reading 1472/1693: 	/scratch/frd_muziyao/SHUD-OpenMP/SHUD/Basins/heihe_x4/forcing/X101.05Y42.55.csv
	 Reading 1473/1693: 	/scratch/frd_muziyao/SHUD-OpenMP/SHUD/Basins/heihe_x4/forcing/X101.05Y42.65.csv
	 Reading 1474/1693: 	/scratch/frd_muziyao/SHUD-OpenMP/SHUD/Basins/heihe_x4/forcing/X101.15Y37.75.csv
	 Reading 1475/1693: 	/scratch/frd_muziyao/SHUD-OpenMP/SHUD/Basins/heihe_x4/forcing/X101.15Y37.85.csv
	 Reading 1476/1693: 	/scratch/frd_muziyao/SHUD-OpenMP/SHUD/Basins/heihe_x4/forcing/X101.15Y37.95.csv
	 Reading 1477/1693: 	/scratch/frd_muziyao/SHUD-OpenMP/SHUD/Basins/heihe_x4/forcing/X101.15Y38.05.csv
	 Reading 1478/1693: 	/scratch/frd_muziyao/SHUD-OpenMP/SHUD/Basins/heihe_x4/forcing/X101.15Y38.15.csv
	 Reading 1479/1693: 	/scratch/frd_muziyao/SHUD-OpenMP/SHUD/Basins/heihe_x4/forcing/X101.15Y38.25.csv
	 Reading 1480/1693: 	/scratch/frd_muziyao/SHUD-OpenMP/SHUD/Basins/heihe_x4/forcing/X101.15Y38.35.csv
	 Reading 1481/1693: 	/scratch/frd_muziyao/SHUD-OpenMP/SHUD/Basins/heihe_x4/forcing/X101.15Y38.45.csv
	 Reading 1482/1693: 	/scratch/frd_muziyao/SHUD-OpenMP/SHUD/Basins/heihe_x4/forcing/X101.15Y38.55.csv
	 Reading 1483/1693: 	/scratch/frd_muziyao/SHUD-OpenMP/SHUD/Basins/heihe_x4/forcing/X101.15Y38.65.csv
	 Reading 1484/1693: 	/scratch/frd_muziyao/SHUD-OpenMP/SHUD/Basins/heihe_x4/forcing/X101.15Y38.75.csv
	 Reading 1485/1693: 	/scratch/frd_muziyao/SHUD-OpenMP/SHUD/Basins/heihe_x4/forcing/X101.15Y38.85.csv
	 Reading 1486/1693: 	/scratch/frd_muziyao/SHUD-OpenMP/SHUD/Basins/heihe_x4/forcing/X101.15Y40.45.csv
	 Reading 1487/1693: 	/scratch/frd_muziyao/SHUD-OpenMP/SHUD/Basins/heihe_x4/forcing/X101.15Y40.55.csv
	 Reading 1488/1693: 	/scratch/frd_muziyao/SHUD-OpenMP/SHUD/Basins/heihe_x4/forcing/X101.15Y40.65.csv
	 Reading 1489/1693: 	/scratch/frd_muziyao/SHUD-OpenMP/SHUD/Basins/heihe_x4/forcing/X101.15Y40.75.csv
	 Reading 1490/1693: 	/scratch/frd_muziyao/SHUD-OpenMP/SHUD/Basins/heihe_x4/forcing/X101.15Y40.85.csv
	 Reading 1491/1693: 	/scratch/frd_muziyao/SHUD-OpenMP/SHUD/Basins/heihe_x4/forcing/X101.15Y40.95.csv
	 Reading 1492/1693: 	/scratch/frd_muziyao/SHUD-OpenMP/SHUD/Basins/heihe_x4/forcing/X101.15Y41.05.csv
	 Reading 1493/1693: 	/scratch/frd_muziyao/SHUD-OpenMP/SHUD/Basins/heihe_x4/forcing/X101.15Y41.15.csv
	 Reading 1494/1693: 	/scratch/frd_muziyao/SHUD-OpenMP/SHUD/Basins/heihe_x4/forcing/X101.15Y41.25.csv
	 Reading 1495/1693: 	/scratch/frd_muziyao/SHUD-OpenMP/SHUD/Basins/heihe_x4/forcing/X101.15Y41.35.csv
	 Reading 1496/1693: 	/scratch/frd_muziyao/SHUD-OpenMP/SHUD/Basins/heihe_x4/forcing/X101.15Y41.45.csv
	 Reading 1497/1693: 	/scratch/frd_muziyao/SHUD-OpenMP/SHUD/Basins/heihe_x4/forcing/X101.15Y41.55.csv
	 Reading 1498/1693: 	/scratch/frd_muziyao/SHUD-OpenMP/SHUD/Basins/heihe_x4/forcing/X101.15Y41.65.csv
	 Reading 1499/1693: 	/scratch/frd_muziyao/SHUD-OpenMP/SHUD/Basins/heihe_x4/forcing/X101.15Y41.75.csv
	 Reading 1500/1693: 	/scratch/frd_muziyao/SHUD-OpenMP/SHUD/Basins/heihe_x4/forcing/X101.15Y41.85.csv
	 Reading 1501/1693: 	/scratch/frd_muziyao/SHUD-OpenMP/SHUD/Basins/heihe_x4/forcing/X101.15Y41.95.csv
	 Reading 1502/1693: 	/scratch/frd_muziyao/SHUD-OpenMP/SHUD/Basins/heihe_x4/forcing/X101.15Y42.05.csv
	 Reading 1503/1693: 	/scratch/frd_muziyao/SHUD-OpenMP/SHUD/Basins/heihe_x4/forcing/X101.15Y42.15.csv
	 Reading 1504/1693: 	/scratch/frd_muziyao/SHUD-OpenMP/SHUD/Basins/heihe_x4/forcing/X101.15Y42.25.csv
	 Reading 1505/1693: 	/scratch/frd_muziyao/SHUD-OpenMP/SHUD/Basins/heihe_x4/forcing/X101.15Y42.35.csv
	 Reading 1506/1693: 	/scratch/frd_muziyao/SHUD-OpenMP/SHUD/Basins/heihe_x4/forcing/X101.15Y42.45.csv
	 Reading 1507/1693: 	/scratch/frd_muziyao/SHUD-OpenMP/SHUD/Basins/heihe_x4/forcing/X101.15Y42.55.csv
	 Reading 1508/1693: 	/scratch/frd_muziyao/SHUD-OpenMP/SHUD/Basins/heihe_x4/forcing/X101.15Y42.65.csv
	 Reading 1509/1693: 	/scratch/frd_muziyao/SHUD-OpenMP/SHUD/Basins/heihe_x4/forcing/X101.25Y38.05.csv
	 Reading 1510/1693: 	/scratch/frd_muziyao/SHUD-OpenMP/SHUD/Basins/heihe_x4/forcing/X101.25Y38.15.csv
	 Reading 1511/1693: 	/scratch/frd_muziyao/SHUD-OpenMP/SHUD/Basins/heihe_x4/forcing/X101.25Y38.25.csv
	 Reading 1512/1693: 	/scratch/frd_muziyao/SHUD-OpenMP/SHUD/Basins/heihe_x4/forcing/X101.25Y38.35.csv
	 Reading 1513/1693: 	/scratch/frd_muziyao/SHUD-OpenMP/SHUD/Basins/heihe_x4/forcing/X101.25Y38.45.csv
	 Reading 1514/1693: 	/scratch/frd_muziyao/SHUD-OpenMP/SHUD/Basins/heihe_x4/forcing/X101.25Y38.55.csv
	 Reading 1515/1693: 	/scratch/frd_muziyao/SHUD-OpenMP/SHUD/Basins/heihe_x4/forcing/X101.25Y38.65.csv
	 Reading 1516/1693: 	/scratch/frd_muziyao/SHUD-OpenMP/SHUD/Basins/heihe_x4/forcing/X101.25Y38.75.csv
	 Reading 1517/1693: 	/scratch/frd_muziyao/SHUD-OpenMP/SHUD/Basins/heihe_x4/forcing/X101.25Y38.85.csv
	 Reading 1518/1693: 	/scratch/frd_muziyao/SHUD-OpenMP/SHUD/Basins/heihe_x4/forcing/X101.25Y40.45.csv
	 Reading 1519/1693: 	/scratch/frd_muziyao/SHUD-OpenMP/SHUD/Basins/heihe_x4/forcing/X101.25Y40.55.csv
	 Reading 1520/1693: 	/scratch/frd_muziyao/SHUD-OpenMP/SHUD/Basins/heihe_x4/forcing/X101.25Y40.65.csv
	 Reading 1521/1693: 	/scratch/frd_muziyao/SHUD-OpenMP/SHUD/Basins/heihe_x4/forcing/X101.25Y40.75.csv
	 Reading 1522/1693: 	/scratch/frd_muziyao/SHUD-OpenMP/SHUD/Basins/heihe_x4/forcing/X101.25Y40.85.csv
	 Reading 1523/1693: 	/scratch/frd_muziyao/SHUD-OpenMP/SHUD/Basins/heihe_x4/forcing/X101.25Y40.95.csv
	 Reading 1524/1693: 	/scratch/frd_muziyao/SHUD-OpenMP/SHUD/Basins/heihe_x4/forcing/X101.25Y41.05.csv
	 Reading 1525/1693: 	/scratch/frd_muziyao/SHUD-OpenMP/SHUD/Basins/heihe_x4/forcing/X101.25Y41.15.csv
	 Reading 1526/1693: 	/scratch/frd_muziyao/SHUD-OpenMP/SHUD/Basins/heihe_x4/forcing/X101.25Y41.25.csv
	 Reading 1527/1693: 	/scratch/frd_muziyao/SHUD-OpenMP/SHUD/Basins/heihe_x4/forcing/X101.25Y41.35.csv
	 Reading 1528/1693: 	/scratch/frd_muziyao/SHUD-OpenMP/SHUD/Basins/heihe_x4/forcing/X101.25Y41.45.csv
	 Reading 1529/1693: 	/scratch/frd_muziyao/SHUD-OpenMP/SHUD/Basins/heihe_x4/forcing/X101.25Y41.55.csv
	 Reading 1530/1693: 	/scratch/frd_muziyao/SHUD-OpenMP/SHUD/Basins/heihe_x4/forcing/X101.25Y41.65.csv
	 Reading 1531/1693: 	/scratch/frd_muziyao/SHUD-OpenMP/SHUD/Basins/heihe_x4/forcing/X101.25Y41.75.csv
	 Reading 1532/1693: 	/scratch/frd_muziyao/SHUD-OpenMP/SHUD/Basins/heihe_x4/forcing/X101.25Y41.85.csv
	 Reading 1533/1693: 	/scratch/frd_muziyao/SHUD-OpenMP/SHUD/Basins/heihe_x4/forcing/X101.25Y41.95.csv
	 Reading 1534/1693: 	/scratch/frd_muziyao/SHUD-OpenMP/SHUD/Basins/heihe_x4/forcing/X101.25Y42.05.csv
	 Reading 1535/1693: 	/scratch/frd_muziyao/SHUD-OpenMP/SHUD/Basins/heihe_x4/forcing/X101.25Y42.15.csv
	 Reading 1536/1693: 	/scratch/frd_muziyao/SHUD-OpenMP/SHUD/Basins/heihe_x4/forcing/X101.25Y42.25.csv
	 Reading 1537/1693: 	/scratch/frd_muziyao/SHUD-OpenMP/SHUD/Basins/heihe_x4/forcing/X101.25Y42.35.csv
	 Reading 1538/1693: 	/scratch/frd_muziyao/SHUD-OpenMP/SHUD/Basins/heihe_x4/forcing/X101.25Y42.45.csv
	 Reading 1539/1693: 	/scratch/frd_muziyao/SHUD-OpenMP/SHUD/Basins/heihe_x4/forcing/X101.25Y42.55.csv
	 Reading 1540/1693: 	/scratch/frd_muziyao/SHUD-OpenMP/SHUD/Basins/heihe_x4/forcing/X101.25Y42.65.csv
	 Reading 1541/1693: 	/scratch/frd_muziyao/SHUD-OpenMP/SHUD/Basins/heihe_x4/forcing/X101.35Y38.25.csv
	 Reading 1542/1693: 	/scratch/frd_muziyao/SHUD-OpenMP/SHUD/Basins/heihe_x4/forcing/X101.35Y38.35.csv
	 Reading 1543/1693: 	/scratch/frd_muziyao/SHUD-OpenMP/SHUD/Basins/heihe_x4/forcing/X101.35Y38.45.csv
	 Reading 1544/1693: 	/scratch/frd_muziyao/SHUD-OpenMP/SHUD/Basins/heihe_x4/forcing/X101.35Y38.55.csv
	 Reading 1545/1693: 	/scratch/frd_muziyao/SHUD-OpenMP/SHUD/Basins/heihe_x4/forcing/X101.35Y38.65.csv
	 Reading 1546/1693: 	/scratch/frd_muziyao/SHUD-OpenMP/SHUD/Basins/heihe_x4/forcing/X101.35Y38.75.csv
	 Reading 1547/1693: 	/scratch/frd_muziyao/SHUD-OpenMP/SHUD/Basins/heihe_x4/forcing/X101.35Y38.85.csv
	 Reading 1548/1693: 	/scratch/frd_muziyao/SHUD-OpenMP/SHUD/Basins/heihe_x4/forcing/X101.35Y40.45.csv
	 Reading 1549/1693: 	/scratch/frd_muziyao/SHUD-OpenMP/SHUD/Basins/heihe_x4/forcing/X101.35Y40.55.csv
	 Reading 1550/1693: 	/scratch/frd_muziyao/SHUD-OpenMP/SHUD/Basins/heihe_x4/forcing/X101.35Y40.65.csv
	 Reading 1551/1693: 	/scratch/frd_muziyao/SHUD-OpenMP/SHUD/Basins/heihe_x4/forcing/X101.35Y40.75.csv
	 Reading 1552/1693: 	/scratch/frd_muziyao/SHUD-OpenMP/SHUD/Basins/heihe_x4/forcing/X101.35Y40.85.csv
	 Reading 1553/1693: 	/scratch/frd_muziyao/SHUD-OpenMP/SHUD/Basins/heihe_x4/forcing/X101.35Y40.95.csv
	 Reading 1554/1693: 	/scratch/frd_muziyao/SHUD-OpenMP/SHUD/Basins/heihe_x4/forcing/X101.35Y41.05.csv
	 Reading 1555/1693: 	/scratch/frd_muziyao/SHUD-OpenMP/SHUD/Basins/heihe_x4/forcing/X101.35Y41.15.csv
	 Reading 1556/1693: 	/scratch/frd_muziyao/SHUD-OpenMP/SHUD/Basins/heihe_x4/forcing/X101.35Y41.25.csv
	 Reading 1557/1693: 	/scratch/frd_muziyao/SHUD-OpenMP/SHUD/Basins/heihe_x4/forcing/X101.35Y41.35.csv
	 Reading 1558/1693: 	/scratch/frd_muziyao/SHUD-OpenMP/SHUD/Basins/heihe_x4/forcing/X101.35Y41.45.csv
	 Reading 1559/1693: 	/scratch/frd_muziyao/SHUD-OpenMP/SHUD/Basins/heihe_x4/forcing/X101.35Y41.55.csv
	 Reading 1560/1693: 	/scratch/frd_muziyao/SHUD-OpenMP/SHUD/Basins/heihe_x4/forcing/X101.35Y41.65.csv
	 Reading 1561/1693: 	/scratch/frd_muziyao/SHUD-OpenMP/SHUD/Basins/heihe_x4/forcing/X101.35Y41.75.csv
	 Reading 1562/1693: 	/scratch/frd_muziyao/SHUD-OpenMP/SHUD/Basins/heihe_x4/forcing/X101.35Y41.85.csv
	 Reading 1563/1693: 	/scratch/frd_muziyao/SHUD-OpenMP/SHUD/Basins/heihe_x4/forcing/X101.35Y41.95.csv
	 Reading 1564/1693: 	/scratch/frd_muziyao/SHUD-OpenMP/SHUD/Basins/heihe_x4/forcing/X101.35Y42.05.csv
	 Reading 1565/1693: 	/scratch/frd_muziyao/SHUD-OpenMP/SHUD/Basins/heihe_x4/forcing/X101.35Y42.15.csv
	 Reading 1566/1693: 	/scratch/frd_muziyao/SHUD-OpenMP/SHUD/Basins/heihe_x4/forcing/X101.35Y42.25.csv
	 Reading 1567/1693: 	/scratch/frd_muziyao/SHUD-OpenMP/SHUD/Basins/heihe_x4/forcing/X101.35Y42.35.csv
	 Reading 1568/1693: 	/scratch/frd_muziyao/SHUD-OpenMP/SHUD/Basins/heihe_x4/forcing/X101.35Y42.45.csv
	 Reading 1569/1693: 	/scratch/frd_muziyao/SHUD-OpenMP/SHUD/Basins/heihe_x4/forcing/X101.35Y42.55.csv
	 Reading 1570/1693: 	/scratch/frd_muziyao/SHUD-OpenMP/SHUD/Basins/heihe_x4/forcing/X101.35Y42.65.csv
	 Reading 1571/1693: 	/scratch/frd_muziyao/SHUD-OpenMP/SHUD/Basins/heihe_x4/forcing/X101.45Y38.35.csv
	 Reading 1572/1693: 	/scratch/frd_muziyao/SHUD-OpenMP/SHUD/Basins/heihe_x4/forcing/X101.45Y38.45.csv
	 Reading 1573/1693: 	/scratch/frd_muziyao/SHUD-OpenMP/SHUD/Basins/heihe_x4/forcing/X101.45Y38.55.csv
	 Reading 1574/1693: 	/scratch/frd_muziyao/SHUD-OpenMP/SHUD/Basins/heihe_x4/forcing/X101.45Y38.65.csv
	 Reading 1575/1693: 	/scratch/frd_muziyao/SHUD-OpenMP/SHUD/Basins/heihe_x4/forcing/X101.45Y38.75.csv
	 Reading 1576/1693: 	/scratch/frd_muziyao/SHUD-OpenMP/SHUD/Basins/heihe_x4/forcing/X101.45Y40.45.csv
	 Reading 1577/1693: 	/scratch/frd_muziyao/SHUD-OpenMP/SHUD/Basins/heihe_x4/forcing/X101.45Y40.55.csv
	 Reading 1578/1693: 	/scratch/frd_muziyao/SHUD-OpenMP/SHUD/Basins/heihe_x4/forcing/X101.45Y40.65.csv
	 Reading 1579/1693: 	/scratch/frd_muziyao/SHUD-OpenMP/SHUD/Basins/heihe_x4/forcing/X101.45Y40.75.csv
	 Reading 1580/1693: 	/scratch/frd_muziyao/SHUD-OpenMP/SHUD/Basins/heihe_x4/forcing/X101.45Y40.85.csv
	 Reading 1581/1693: 	/scratch/frd_muziyao/SHUD-OpenMP/SHUD/Basins/heihe_x4/forcing/X101.45Y40.95.csv
	 Reading 1582/1693: 	/scratch/frd_muziyao/SHUD-OpenMP/SHUD/Basins/heihe_x4/forcing/X101.45Y41.05.csv
	 Reading 1583/1693: 	/scratch/frd_muziyao/SHUD-OpenMP/SHUD/Basins/heihe_x4/forcing/X101.45Y41.15.csv
	 Reading 1584/1693: 	/scratch/frd_muziyao/SHUD-OpenMP/SHUD/Basins/heihe_x4/forcing/X101.45Y41.25.csv
	 Reading 1585/1693: 	/scratch/frd_muziyao/SHUD-OpenMP/SHUD/Basins/heihe_x4/forcing/X101.45Y41.35.csv
	 Reading 1586/1693: 	/scratch/frd_muziyao/SHUD-OpenMP/SHUD/Basins/heihe_x4/forcing/X101.45Y41.45.csv
	 Reading 1587/1693: 	/scratch/frd_muziyao/SHUD-OpenMP/SHUD/Basins/heihe_x4/forcing/X101.45Y41.55.csv
	 Reading 1588/1693: 	/scratch/frd_muziyao/SHUD-OpenMP/SHUD/Basins/heihe_x4/forcing/X101.45Y41.65.csv
	 Reading 1589/1693: 	/scratch/frd_muziyao/SHUD-OpenMP/SHUD/Basins/heihe_x4/forcing/X101.45Y41.75.csv
	 Reading 1590/1693: 	/scratch/frd_muziyao/SHUD-OpenMP/SHUD/Basins/heihe_x4/forcing/X101.45Y41.85.csv
	 Reading 1591/1693: 	/scratch/frd_muziyao/SHUD-OpenMP/SHUD/Basins/heihe_x4/forcing/X101.45Y41.95.csv
	 Reading 1592/1693: 	/scratch/frd_muziyao/SHUD-OpenMP/SHUD/Basins/heihe_x4/forcing/X101.45Y42.05.csv
	 Reading 1593/1693: 	/scratch/frd_muziyao/SHUD-OpenMP/SHUD/Basins/heihe_x4/forcing/X101.45Y42.15.csv
	 Reading 1594/1693: 	/scratch/frd_muziyao/SHUD-OpenMP/SHUD/Basins/heihe_x4/forcing/X101.45Y42.25.csv
	 Reading 1595/1693: 	/scratch/frd_muziyao/SHUD-OpenMP/SHUD/Basins/heihe_x4/forcing/X101.45Y42.35.csv
	 Reading 1596/1693: 	/scratch/frd_muziyao/SHUD-OpenMP/SHUD/Basins/heihe_x4/forcing/X101.45Y42.45.csv
	 Reading 1597/1693: 	/scratch/frd_muziyao/SHUD-OpenMP/SHUD/Basins/heihe_x4/forcing/X101.45Y42.55.csv
	 Reading 1598/1693: 	/scratch/frd_muziyao/SHUD-OpenMP/SHUD/Basins/heihe_x4/forcing/X101.45Y42.65.csv
	 Reading 1599/1693: 	/scratch/frd_muziyao/SHUD-OpenMP/SHUD/Basins/heihe_x4/forcing/X101.55Y38.35.csv
	 Reading 1600/1693: 	/scratch/frd_muziyao/SHUD-OpenMP/SHUD/Basins/heihe_x4/forcing/X101.55Y38.45.csv
	 Reading 1601/1693: 	/scratch/frd_muziyao/SHUD-OpenMP/SHUD/Basins/heihe_x4/forcing/X101.55Y38.55.csv
	 Reading 1602/1693: 	/scratch/frd_muziyao/SHUD-OpenMP/SHUD/Basins/heihe_x4/forcing/X101.55Y38.65.csv
	 Reading 1603/1693: 	/scratch/frd_muziyao/SHUD-OpenMP/SHUD/Basins/heihe_x4/forcing/X101.55Y38.75.csv
	 Reading 1604/1693: 	/scratch/frd_muziyao/SHUD-OpenMP/SHUD/Basins/heihe_x4/forcing/X101.55Y40.55.csv
	 Reading 1605/1693: 	/scratch/frd_muziyao/SHUD-OpenMP/SHUD/Basins/heihe_x4/forcing/X101.55Y40.65.csv
	 Reading 1606/1693: 	/scratch/frd_muziyao/SHUD-OpenMP/SHUD/Basins/heihe_x4/forcing/X101.55Y40.75.csv
	 Reading 1607/1693: 	/scratch/frd_muziyao/SHUD-OpenMP/SHUD/Basins/heihe_x4/forcing/X101.55Y40.85.csv
	 Reading 1608/1693: 	/scratch/frd_muziyao/SHUD-OpenMP/SHUD/Basins/heihe_x4/forcing/X101.55Y40.95.csv
	 Reading 1609/1693: 	/scratch/frd_muziyao/SHUD-OpenMP/SHUD/Basins/heihe_x4/forcing/X101.55Y41.05.csv
	 Reading 1610/1693: 	/scratch/frd_muziyao/SHUD-OpenMP/SHUD/Basins/heihe_x4/forcing/X101.55Y41.15.csv
	 Reading 1611/1693: 	/scratch/frd_muziyao/SHUD-OpenMP/SHUD/Basins/heihe_x4/forcing/X101.55Y41.25.csv
	 Reading 1612/1693: 	/scratch/frd_muziyao/SHUD-OpenMP/SHUD/Basins/heihe_x4/forcing/X101.55Y41.35.csv
	 Reading 1613/1693: 	/scratch/frd_muziyao/SHUD-OpenMP/SHUD/Basins/heihe_x4/forcing/X101.55Y41.45.csv
	 Reading 1614/1693: 	/scratch/frd_muziyao/SHUD-OpenMP/SHUD/Basins/heihe_x4/forcing/X101.55Y41.55.csv
	 Reading 1615/1693: 	/scratch/frd_muziyao/SHUD-OpenMP/SHUD/Basins/heihe_x4/forcing/X101.55Y41.65.csv
	 Reading 1616/1693: 	/scratch/frd_muziyao/SHUD-OpenMP/SHUD/Basins/heihe_x4/forcing/X101.55Y41.75.csv
	 Reading 1617/1693: 	/scratch/frd_muziyao/SHUD-OpenMP/SHUD/Basins/heihe_x4/forcing/X101.55Y41.85.csv
	 Reading 1618/1693: 	/scratch/frd_muziyao/SHUD-OpenMP/SHUD/Basins/heihe_x4/forcing/X101.55Y41.95.csv
	 Reading 1619/1693: 	/scratch/frd_muziyao/SHUD-OpenMP/SHUD/Basins/heihe_x4/forcing/X101.55Y42.05.csv
	 Reading 1620/1693: 	/scratch/frd_muziyao/SHUD-OpenMP/SHUD/Basins/heihe_x4/forcing/X101.55Y42.15.csv
	 Reading 1621/1693: 	/scratch/frd_muziyao/SHUD-OpenMP/SHUD/Basins/heihe_x4/forcing/X101.55Y42.25.csv
	 Reading 1622/1693: 	/scratch/frd_muziyao/SHUD-OpenMP/SHUD/Basins/heihe_x4/forcing/X101.55Y42.35.csv
	 Reading 1623/1693: 	/scratch/frd_muziyao/SHUD-OpenMP/SHUD/Basins/heihe_x4/forcing/X101.55Y42.45.csv
	 Reading 1624/1693: 	/scratch/frd_muziyao/SHUD-OpenMP/SHUD/Basins/heihe_x4/forcing/X101.55Y42.55.csv
	 Reading 1625/1693: 	/scratch/frd_muziyao/SHUD-OpenMP/SHUD/Basins/heihe_x4/forcing/X101.65Y38.35.csv
	 Reading 1626/1693: 	/scratch/frd_muziyao/SHUD-OpenMP/SHUD/Basins/heihe_x4/forcing/X101.65Y38.45.csv
	 Reading 1627/1693: 	/scratch/frd_muziyao/SHUD-OpenMP/SHUD/Basins/heihe_x4/forcing/X101.65Y38.55.csv
	 Reading 1628/1693: 	/scratch/frd_muziyao/SHUD-OpenMP/SHUD/Basins/heihe_x4/forcing/X101.65Y38.65.csv
	 Reading 1629/1693: 	/scratch/frd_muziyao/SHUD-OpenMP/SHUD/Basins/heihe_x4/forcing/X101.65Y38.75.csv
	 Reading 1630/1693: 	/scratch/frd_muziyao/SHUD-OpenMP/SHUD/Basins/heihe_x4/forcing/X101.65Y40.75.csv
	 Reading 1631/1693: 	/scratch/frd_muziyao/SHUD-OpenMP/SHUD/Basins/heihe_x4/forcing/X101.65Y40.85.csv
	 Reading 1632/1693: 	/scratch/frd_muziyao/SHUD-OpenMP/SHUD/Basins/heihe_x4/forcing/X101.65Y40.95.csv
	 Reading 1633/1693: 	/scratch/frd_muziyao/SHUD-OpenMP/SHUD/Basins/heihe_x4/forcing/X101.65Y41.05.csv
	 Reading 1634/1693: 	/scratch/frd_muziyao/SHUD-OpenMP/SHUD/Basins/heihe_x4/forcing/X101.65Y41.15.csv
	 Reading 1635/1693: 	/scratch/frd_muziyao/SHUD-OpenMP/SHUD/Basins/heihe_x4/forcing/X101.65Y41.25.csv
	 Reading 1636/1693: 	/scratch/frd_muziyao/SHUD-OpenMP/SHUD/Basins/heihe_x4/forcing/X101.65Y41.35.csv
	 Reading 1637/1693: 	/scratch/frd_muziyao/SHUD-OpenMP/SHUD/Basins/heihe_x4/forcing/X101.65Y41.45.csv
	 Reading 1638/1693: 	/scratch/frd_muziyao/SHUD-OpenMP/SHUD/Basins/heihe_x4/forcing/X101.65Y41.55.csv
	 Reading 1639/1693: 	/scratch/frd_muziyao/SHUD-OpenMP/SHUD/Basins/heihe_x4/forcing/X101.65Y41.65.csv
	 Reading 1640/1693: 	/scratch/frd_muziyao/SHUD-OpenMP/SHUD/Basins/heihe_x4/forcing/X101.65Y41.75.csv
	 Reading 1641/1693: 	/scratch/frd_muziyao/SHUD-OpenMP/SHUD/Basins/heihe_x4/forcing/X101.65Y41.85.csv
	 Reading 1642/1693: 	/scratch/frd_muziyao/SHUD-OpenMP/SHUD/Basins/heihe_x4/forcing/X101.65Y41.95.csv
	 Reading 1643/1693: 	/scratch/frd_muziyao/SHUD-OpenMP/SHUD/Basins/heihe_x4/forcing/X101.65Y42.05.csv
	 Reading 1644/1693: 	/scratch/frd_muziyao/SHUD-OpenMP/SHUD/Basins/heihe_x4/forcing/X101.65Y42.15.csv
	 Reading 1645/1693: 	/scratch/frd_muziyao/SHUD-OpenMP/SHUD/Basins/heihe_x4/forcing/X101.65Y42.25.csv
	 Reading 1646/1693: 	/scratch/frd_muziyao/SHUD-OpenMP/SHUD/Basins/heihe_x4/forcing/X101.65Y42.35.csv
	 Reading 1647/1693: 	/scratch/frd_muziyao/SHUD-OpenMP/SHUD/Basins/heihe_x4/forcing/X101.65Y42.45.csv
	 Reading 1648/1693: 	/scratch/frd_muziyao/SHUD-OpenMP/SHUD/Basins/heihe_x4/forcing/X101.65Y42.55.csv
	 Reading 1649/1693: 	/scratch/frd_muziyao/SHUD-OpenMP/SHUD/Basins/heihe_x4/forcing/X101.75Y38.35.csv
	 Reading 1650/1693: 	/scratch/frd_muziyao/SHUD-OpenMP/SHUD/Basins/heihe_x4/forcing/X101.75Y38.45.csv
	 Reading 1651/1693: 	/scratch/frd_muziyao/SHUD-OpenMP/SHUD/Basins/heihe_x4/forcing/X101.75Y38.55.csv
	 Reading 1652/1693: 	/scratch/frd_muziyao/SHUD-OpenMP/SHUD/Basins/heihe_x4/forcing/X101.75Y38.65.csv
	 Reading 1653/1693: 	/scratch/frd_muziyao/SHUD-OpenMP/SHUD/Basins/heihe_x4/forcing/X101.75Y40.95.csv
	 Reading 1654/1693: 	/scratch/frd_muziyao/SHUD-OpenMP/SHUD/Basins/heihe_x4/forcing/X101.75Y41.05.csv
	 Reading 1655/1693: 	/scratch/frd_muziyao/SHUD-OpenMP/SHUD/Basins/heihe_x4/forcing/X101.75Y41.15.csv
	 Reading 1656/1693: 	/scratch/frd_muziyao/SHUD-OpenMP/SHUD/Basins/heihe_x4/forcing/X101.75Y41.25.csv
	 Reading 1657/1693: 	/scratch/frd_muziyao/SHUD-OpenMP/SHUD/Basins/heihe_x4/forcing/X101.75Y41.45.csv
	 Reading 1658/1693: 	/scratch/frd_muziyao/SHUD-OpenMP/SHUD/Basins/heihe_x4/forcing/X101.75Y41.55.csv
	 Reading 1659/1693: 	/scratch/frd_muziyao/SHUD-OpenMP/SHUD/Basins/heihe_x4/forcing/X101.75Y41.65.csv
	 Reading 1660/1693: 	/scratch/frd_muziyao/SHUD-OpenMP/SHUD/Basins/heihe_x4/forcing/X101.75Y41.75.csv
	 Reading 1661/1693: 	/scratch/frd_muziyao/SHUD-OpenMP/SHUD/Basins/heihe_x4/forcing/X101.75Y41.85.csv
	 Reading 1662/1693: 	/scratch/frd_muziyao/SHUD-OpenMP/SHUD/Basins/heihe_x4/forcing/X101.75Y41.95.csv
	 Reading 1663/1693: 	/scratch/frd_muziyao/SHUD-OpenMP/SHUD/Basins/heihe_x4/forcing/X101.75Y42.05.csv
	 Reading 1664/1693: 	/scratch/frd_muziyao/SHUD-OpenMP/SHUD/Basins/heihe_x4/forcing/X101.75Y42.15.csv
	 Reading 1665/1693: 	/scratch/frd_muziyao/SHUD-OpenMP/SHUD/Basins/heihe_x4/forcing/X101.75Y42.25.csv
	 Reading 1666/1693: 	/scratch/frd_muziyao/SHUD-OpenMP/SHUD/Basins/heihe_x4/forcing/X101.75Y42.35.csv
	 Reading 1667/1693: 	/scratch/frd_muziyao/SHUD-OpenMP/SHUD/Basins/heihe_x4/forcing/X101.75Y42.45.csv
	 Reading 1668/1693: 	/scratch/frd_muziyao/SHUD-OpenMP/SHUD/Basins/heihe_x4/forcing/X101.75Y42.55.csv
	 Reading 1669/1693: 	/scratch/frd_muziyao/SHUD-OpenMP/SHUD/Basins/heihe_x4/forcing/X101.85Y38.45.csv
	 Reading 1670/1693: 	/scratch/frd_muziyao/SHUD-OpenMP/SHUD/Basins/heihe_x4/forcing/X101.85Y38.55.csv
	 Reading 1671/1693: 	/scratch/frd_muziyao/SHUD-OpenMP/SHUD/Basins/heihe_x4/forcing/X101.85Y38.65.csv
	 Reading 1672/1693: 	/scratch/frd_muziyao/SHUD-OpenMP/SHUD/Basins/heihe_x4/forcing/X101.85Y41.55.csv
	 Reading 1673/1693: 	/scratch/frd_muziyao/SHUD-OpenMP/SHUD/Basins/heihe_x4/forcing/X101.85Y41.65.csv
	 Reading 1674/1693: 	/scratch/frd_muziyao/SHUD-OpenMP/SHUD/Basins/heihe_x4/forcing/X101.85Y41.75.csv
	 Reading 1675/1693: 	/scratch/frd_muziyao/SHUD-OpenMP/SHUD/Basins/heihe_x4/forcing/X101.85Y41.85.csv
	 Reading 1676/1693: 	/scratch/frd_muziyao/SHUD-OpenMP/SHUD/Basins/heihe_x4/forcing/X101.85Y41.95.csv
	 Reading 1677/1693: 	/scratch/frd_muziyao/SHUD-OpenMP/SHUD/Basins/heihe_x4/forcing/X101.85Y42.05.csv
	 Reading 1678/1693: 	/scratch/frd_muziyao/SHUD-OpenMP/SHUD/Basins/heihe_x4/forcing/X101.85Y42.15.csv
	 Reading 1679/1693: 	/scratch/frd_muziyao/SHUD-OpenMP/SHUD/Basins/heihe_x4/forcing/X101.85Y42.25.csv
	 Reading 1680/1693: 	/scratch/frd_muziyao/SHUD-OpenMP/SHUD/Basins/heihe_x4/forcing/X101.85Y42.35.csv
	 Reading 1681/1693: 	/scratch/frd_muziyao/SHUD-OpenMP/SHUD/Basins/heihe_x4/forcing/X101.85Y42.45.csv
	 Reading 1682/1693: 	/scratch/frd_muziyao/SHUD-OpenMP/SHUD/Basins/heihe_x4/forcing/X101.85Y42.55.csv
	 Reading 1683/1693: 	/scratch/frd_muziyao/SHUD-OpenMP/SHUD/Basins/heihe_x4/forcing/X101.95Y41.65.csv
	 Reading 1684/1693: 	/scratch/frd_muziyao/SHUD-OpenMP/SHUD/Basins/heihe_x4/forcing/X101.95Y41.75.csv
	 Reading 1685/1693: 	/scratch/frd_muziyao/SHUD-OpenMP/SHUD/Basins/heihe_x4/forcing/X101.95Y41.85.csv
	 Reading 1686/1693: 	/scratch/frd_muziyao/SHUD-OpenMP/SHUD/Basins/heihe_x4/forcing/X101.95Y41.95.csv
	 Reading 1687/1693: 	/scratch/frd_muziyao/SHUD-OpenMP/SHUD/Basins/heihe_x4/forcing/X101.95Y42.05.csv
	 Reading 1688/1693: 	/scratch/frd_muziyao/SHUD-OpenMP/SHUD/Basins/heihe_x4/forcing/X101.95Y42.15.csv
	 Reading 1689/1693: 	/scratch/frd_muziyao/SHUD-OpenMP/SHUD/Basins/heihe_x4/forcing/X101.95Y42.25.csv
	 Reading 1690/1693: 	/scratch/frd_muziyao/SHUD-OpenMP/SHUD/Basins/heihe_x4/forcing/X101.95Y42.35.csv
	 Reading 1691/1693: 	/scratch/frd_muziyao/SHUD-OpenMP/SHUD/Basins/heihe_x4/forcing/X101.95Y42.45.csv
	 Reading 1692/1693: 	/scratch/frd_muziyao/SHUD-OpenMP/SHUD/Basins/heihe_x4/forcing/X102.05Y42.25.csv
	 Reading 1693/1693: 	/scratch/frd_muziyao/SHUD-OpenMP/SHUD/Basins/heihe_x4/forcing/X102.05Y42.35.csv
10 	 Reading file: input/heihe_x4/heihe_x4.tsd.lai
11 	 Reading file: input/heihe_x4/heihe_x4.tsd.mf
12 	 Reading file: input/heihe_x4/heihe_x4.cfg.calib

Initializing data structure ... 
[NUMA] first-touch begin tag=hot.soa
[NUMA] first-touch begin tag=QeleSurf_flat
[NUMA] first-touch begin tag=Ele_AoS

openMP NVector: ON. No of Threads = 8
[NVEC_HYBRID] Config E2 fixed-tree DETERMINISTIC reduction overrides installed on ops table (SUMMATION slots dotprod/wrmsnorm[mask]/wl2norm/l1norm + aliased *local + wsqrsum[mask]local + dotprodmultilocal use block B=4096 + fixed binary-tree combine, Neumaier=0; non-summation min/maxnorm/invtest/constrmask/minquotient stay Tier-1 serial); element-wise ops stay stock-OpenMP.
[NVEC_HYBRID] Config E2 fixed-tree DETERMINISTIC reduction overrides installed on ops table (SUMMATION slots dotprod/wrmsnorm[mask]/wl2norm/l1norm + aliased *local + wsqrsum[mask]local + dotprodmultilocal use block B=4096 + fixed binary-tree combine, Neumaier=0; non-summation min/maxnorm/invtest/constrmask/minquotient stay Tier-1 serial); element-wise ops stay stock-OpenMP.
NVEC config: Config E2 (fixed-tree deterministic reductions; B=4096, Neumaier=0)
P1e startup: SHUD_RHS_THREADS=(unset) -> omp_set_num_threads(8); omp_get_max_threads=8

Global Implicit Mode: ON
[NUMA] first-touch begin tag=LoadIC
[NVEC_HYBRID] clone-propagation smoke assert: base=10 N_VClone=10 N_VCloneEmpty=10 -> PASS
[shud] linsol=spgmr source=env

========================================================
Summary:
	Project name:	 heihe_x4
 	Input path:	 input/heihe_x4
	Output path:	 output/heihe_x4.out
	Calibration file:	 input/heihe_x4/heihe_x4.cfg.calib
	Parameter file:	 input/heihe_x4/heihe_x4.cfg.para
	Model starts at: 1.00 day
	Model ends at: 91.00 day
	Model time step(max): 20.00 minutes
	Model total number of steps(minimum): 6480 
	Size of model: 	Ncell = 40046 	Nriver = 4257	 NSeg = 10361

	OpenMP enable. No of threads = 8

========================================================

Model Starting ... 

1.00 day 	 0.00% 	 15828275.45 s 	 15828275.45 s 	 0 
2.00 day 	 1.11% 	 4.36 s 	 4.36 s 	 386 
3.00 day 	 2.22% 	 4.08 s 	 4.08 s 	 321 
4.00 day 	 3.33% 	 4.24 s 	 4.24 s 	 359 
5.00 day 	 4.44% 	 4.21 s 	 4.21 s 	 368 
6.00 day 	 5.56% 	 4.19 s 	 4.19 s 	 358 
7.00 day 	 6.67% 	 4.16 s 	 4.16 s 	 347 
8.00 day 	 7.78% 	 4.19 s 	 4.19 s 	 338 
9.00 day 	 8.89% 	 3.88 s 	 3.88 s 	 284 
10.00 day 	 10.00% 	 3.89 s 	 3.89 s 	 287 
11.00 day 	 11.11% 	 3.89 s 	 3.89 s 	 285 
12.00 day 	 12.22% 	 3.98 s 	 3.98 s 	 306 
13.00 day 	 13.33% 	 4.04 s 	 4.04 s 	 323 
14.00 day 	 14.44% 	 4.10 s 	 4.10 s 	 337 
15.00 day 	 15.56% 	 4.15 s 	 4.15 s 	 350 
16.00 day 	 16.67% 	 4.14 s 	 4.14 s 	 348 
17.00 day 	 17.78% 	 4.26 s 	 4.26 s 	 369 
18.00 day 	 18.89% 	 4.30 s 	 4.30 s 	 381 
19.00 day 	 20.00% 	 4.31 s 	 4.31 s 	 388 
20.00 day 	 21.11% 	 4.35 s 	 4.35 s 	 399 
21.00 day 	 22.22% 	 4.47 s 	 4.47 s 	 410 
22.00 day 	 23.33% 	 7.44 s 	 7.44 s 	 412 
23.00 day 	 24.44% 	 4.57 s 	 4.57 s 	 452 
24.00 day 	 25.56% 	 4.34 s 	 4.34 s 	 402 
25.00 day 	 26.67% 	 4.44 s 	 4.44 s 	 410 
26.00 day 	 27.78% 	 4.46 s 	 4.46 s 	 427 
27.00 day 	 28.89% 	 4.48 s 	 4.48 s 	 430 
28.00 day 	 30.00% 	 4.48 s 	 4.48 s 	 406 
29.00 day 	 31.11% 	 4.45 s 	 4.45 s 	 406 
30.00 day 	 32.22% 	 4.37 s 	 4.37 s 	 398 
31.00 day 	 33.33% 	 4.82 s 	 4.82 s 	 397 
32.00 day 	 34.44% 	 4.41 s 	 4.41 s 	 410 
33.00 day 	 35.56% 	 4.43 s 	 4.43 s 	 419 
34.00 day 	 36.67% 	 4.51 s 	 4.51 s 	 428 
35.00 day 	 37.78% 	 4.48 s 	 4.48 s 	 432 
36.00 day 	 38.89% 	 4.71 s 	 4.71 s 	 432 
37.00 day 	 40.00% 	 4.64 s 	 4.64 s 	 438 
38.00 day 	 41.11% 	 4.70 s 	 4.70 s 	 472 
39.00 day 	 42.22% 	 4.51 s 	 4.51 s 	 419 
40.00 day 	 43.33% 	 4.52 s 	 4.52 s 	 415 
41.00 day 	 44.44% 	 4.72 s 	 4.72 s 	 427 
42.00 day 	 45.56% 	 4.83 s 	 4.83 s 	 434 
43.00 day 	 46.67% 	 4.42 s 	 4.42 s 	 381 
44.00 day 	 47.78% 	 4.38 s 	 4.38 s 	 395 
45.00 day 	 48.89% 	 4.32 s 	 4.32 s 	 393 
46.00 day 	 50.00% 	 4.33 s 	 4.33 s 	 401 
47.00 day 	 51.11% 	 4.30 s 	 4.30 s 	 394 
48.00 day 	 52.22% 	 4.31 s 	 4.31 s 	 382 
49.00 day 	 53.33% 	 4.36 s 	 4.36 s 	 392 
50.00 day 	 54.44% 	 4.51 s 	 4.51 s 	 414 
51.00 day 	 55.56% 	 4.38 s 	 4.38 s 	 403 
52.00 day 	 56.67% 	 4.55 s 	 4.55 s 	 397 
53.00 day 	 57.78% 	 4.33 s 	 4.33 s 	 385 
54.00 day 	 58.89% 	 4.53 s 	 4.53 s 	 438 
55.00 day 	 60.00% 	 4.49 s 	 4.49 s 	 427 
56.00 day 	 61.11% 	 4.49 s 	 4.49 s 	 439 
57.00 day 	 62.22% 	 4.64 s 	 4.64 s 	 443 
58.00 day 	 63.33% 	 4.51 s 	 4.51 s 	 449 
59.00 day 	 64.44% 	 4.49 s 	 4.49 s 	 444 
60.00 day 	 65.56% 	 4.52 s 	 4.52 s 	 450 
61.00 day 	 66.67% 	 4.57 s 	 4.57 s 	 444 
62.00 day 	 67.78% 	 4.56 s 	 4.56 s 	 432 
63.00 day 	 68.89% 	 4.55 s 	 4.55 s 	 432 
64.00 day 	 70.00% 	 4.63 s 	 4.63 s 	 432 
65.00 day 	 71.11% 	 4.58 s 	 4.58 s 	 432 
66.00 day 	 72.22% 	 4.48 s 	 4.48 s 	 432 
67.00 day 	 73.33% 	 4.48 s 	 4.48 s 	 432 
68.00 day 	 74.44% 	 4.47 s 	 4.47 s 	 432 
69.00 day 	 75.56% 	 4.53 s 	 4.53 s 	 432 
70.00 day 	 76.67% 	 4.61 s 	 4.61 s 	 432 
71.00 day 	 77.78% 	 4.79 s 	 4.79 s 	 452 
72.00 day 	 78.89% 	 4.69 s 	 4.69 s 	 446 
73.00 day 	 80.00% 	 4.56 s 	 4.56 s 	 452 
74.00 day 	 81.11% 	 4.51 s 	 4.51 s 	 447 
75.00 day 	 82.22% 	 4.49 s 	 4.49 s 	 432 
76.00 day 	 83.33% 	 4.57 s 	 4.57 s 	 432 
77.00 day 	 84.44% 	 4.44 s 	 4.44 s 	 432 
78.00 day 	 85.56% 	 4.53 s 	 4.53 s 	 454 
79.00 day 	 86.67% 	 4.51 s 	 4.51 s 	 447 
80.00 day 	 87.78% 	 4.46 s 	 4.46 s 	 432 
81.00 day 	 88.89% 	 4.62 s 	 4.62 s 	 455 
82.00 day 	 90.00% 	 4.61 s 	 4.61 s 	 448 
83.00 day 	 91.11% 	 4.88 s 	 4.88 s 	 491 
84.00 day 	 92.22% 	 4.69 s 	 4.69 s 	 468 
85.00 day 	 93.33% 	 4.56 s 	 4.56 s 	 448 
86.00 day 	 94.44% 	 4.65 s 	 4.65 s 	 477 
87.00 day 	 95.56% 	 4.95 s 	 4.95 s 	 482 
88.00 day 	 96.67% 	 4.85 s 	 4.85 s 	 507 
89.00 day 	 97.78% 	 4.83 s 	 4.83 s 	 494 
90.00 day 	 98.89% 	 4.85 s 	 4.85 s 	 526 
91.00 day 	 100.00% 	 4.75 s 	 4.75 s 	 509 

========================================================
Summary:
	Project name:	 heihe_x4
 	Input path:	 input/heihe_x4
	Output path:	 output/heihe_x4.out
	Calibration file:	 input/heihe_x4/heihe_x4.cfg.calib
	Parameter file:	 input/heihe_x4/heihe_x4.cfg.para
	Model starts at: 1.00 day
	Model ends at: 91.00 day
	Model time step(max): 20.00 minutes
	Model total number of steps(minimum): 6480 
	Size of model: 	Ncell = 40046 	Nriver = 4257	 NSeg = 10361

	OpenMP enable. No of threads = 8

========================================================

	Number of calls of f function:	 37300 

	Time used by model:	 405.388 seconds.


The successful end. 


Final Statistics.. 

lenrw   = 1617224     leniw   =    53
lenrwLS = 1492794     leniwLS =    42
nst     =  6574
nfe     =  6728     nfeLS   = 30572
nni     =  6727     nli     = 30572
nsetups =     0     netf    =     0
npe     =     0     nps     =     0
ncfn    =    50     ncfl    =  3688

