index	down	type	reservoir	BC	zbed	zbank	Length	BedSlope	avgRough	index	depth	bankslope	BottomWidth	Sinuosity	Rough	Cwr	KsatH	
1	2	5	-9999	0	-9999	0	1516.85	0.0004	0.000666667	0	8	1	100	1	0.000666667	0.6	6.94444e-05	
2	3	5	-9999	0	-9999	0	1497.64	0.00333859	0.000666667	0	8	1	100	1	0.000666667	0.6	6.94444e-05	
3	4	5	-9999	0	-9999	0	1590.68	0.00502928	0.000666667	0	8	1	100	1	0.000666667	0.6	6.94444e-05	
4	-1	5	-9999	0	-9999	0	1501.14	0.0004	0.000666667	0	8	1	100	1	0.000666667	0.6	6.94444e-05	
5	6	5	-9999	0	-9999	0	1910.31	0.00575823	0.000666667	0	8	1	100	1	0.000666667	0.6	6.94444e-05	
6	7	5	-9999	0	-9999	0	1914.68	0.0004	0.000666667	0	8	1	100	1	0.000666667	0.6	6.94444e-05	
7	8	5	-9999	0	-9999	0	1891.85	0.00740015	0.000666667	0	8	1	100	1	0.000666667	0.6	6.94444e-05	
8	1	5	-9999	0	-9999	0	1961.56	0.0004	0.000666667	0	8	1	100	1	0.000666667	0.6	6.94444e-05	
9	10	5	-9999	0	-9999	0	2119.16	0.0004	0.000666667	0	8	1	100	1	0.000666667	0.6	6.94444e-05	
10	11	5	-9999	0	-9999	0	2122.32	0.0004	0.000666667	0	8	1	100	1	0.000666667	0.6	6.94444e-05	
11	12	5	-9999	0	-9999	0	2076.15	0.0004	0.000666667	0	8	1	100	1	0.000666667	0.6	6.94444e-05	
12	13	5	-9999	0	-9999	0	2144.76	0.000932504	0.000666667	0	8	1	100	1	0.000666667	0.6	6.94444e-05	
13	14	5	-9999	0	-9999	0	2054.18	0.0004	0.000666667	0	8	1	100	1	0.000666667	0.6	6.94444e-05	
14	15	5	-9999	0	-9999	0	2122.27	0.0155494	0.000666667	0	8	1	100	1	0.000666667	0.6	6.94444e-05	
15	16	5	-9999	0	-9999	0	2075.66	0.0004	0.000666667	0	8	1	100	1	0.000666667	0.6	6.94444e-05	
16	5	5	-9999	0	-9999	0	2190.76	0.0004	0.000666667	0	8	1	100	1	0.000666667	0.6	6.94444e-05	
17	18	5	-9999	0	-9999	0	2469.81	0.00971734	0.000666667	0	8	1	100	1	0.000666667	0.6	6.94444e-05	
18	19	5	-9999	0	-9999	0	2379.28	0.00126089	0.000666667	0	8	1	100	1	0.000666667	0.6	6.94444e-05	
19	20	5	-9999	0	-9999	0	2421.84	0.0004	0.000666667	0	8	1	100	1	0.000666667	0.6	6.94444e-05	
20	21	5	-9999	0	-9999	0	2423.94	0.00123765	0.000666667	0	8	1	100	1	0.000666667	0.6	6.94444e-05	
21	22	5	-9999	0	-9999	0	2446.16	0.00122641	0.000666667	0	8	1	100	1	0.000666667	0.6	6.94444e-05	
22	23	5	-9999	0	-9999	0	2443.91	0.0020459	0.000666667	0	8	1	100	1	0.000666667	0.6	6.94444e-05	
23	24	5	-9999	0	-9999	0	2491.45	0.0004	0.000666667	0	8	1	100	1	0.000666667	0.6	6.94444e-05	
24	25	5	-9999	0	-9999	0	2400.53	0.000833149	0.000666667	0	8	1	100	1	0.000666667	0.6	6.94444e-05	
25	26	5	-9999	0	-9999	0	2469.23	0.00202492	0.000666667	0	8	1	100	1	0.000666667	0.6	6.94444e-05	
26	9	5	-9999	0	-9999	0	2400.22	0.00124988	0.000666667	0	8	1	100	1	0.000666667	0.6	6.94444e-05	
27	28	5	-9999	0	-9999	0	2312.38	0.0004	0.000666667	0	8	1	100	1	0.000666667	0.6	6.94444e-05	
28	29	5	-9999	0	-9999	0	2289.04	0.00393177	0.000666667	0	8	1	100	1	0.000666667	0.6	6.94444e-05	
29	30	5	-9999	0	-9999	0	2288.9	0.0004	0.000666667	0	8	1	100	1	0.000666667	0.6	6.94444e-05	
30	31	5	-9999	0	-9999	0	2195.76	0.00227711	0.000666667	0	8	1	100	1	0.000666667	0.6	6.94444e-05	
31	32	5	-9999	0	-9999	0	2241.55	0.00356896	0.000666667	0	8	1	100	1	0.000666667	0.6	6.94444e-05	
32	33	5	-9999	0	-9999	0	2334.33	0.0004	0.000666667	0	8	1	100	1	0.000666667	0.6	6.94444e-05	
33	34	5	-9999	0	-9999	0	2332.9	0.0004	0.000666667	0	8	1	100	1	0.000666667	0.6	6.94444e-05	
34	35	5	-9999	0	-9999	0	2264.7	0.000883118	0.000666667	0	8	1	100	1	0.000666667	0.6	6.94444e-05	
35	36	5	-9999	0	-9999	0	2334.06	0.0004	0.000666667	0	8	1	100	1	0.000666667	0.6	6.94444e-05	
36	37	5	-9999	0	-9999	0	2264.31	0.00264981	0.000666667	0	8	1	100	1	0.000666667	0.6	6.94444e-05	
37	38	5	-9999	0	-9999	0	2310.72	0.0038949	0.000666667	0	8	1	100	1	0.000666667	0.6	6.94444e-05	
38	39	5	-9999	0	-9999	0	2263.69	0.0004	0.000666667	0	8	1	100	1	0.000666667	0.6	6.94444e-05	
39	40	5	-9999	0	-9999	0	2241.29	0.000892344	0.000666667	0	8	1	100	1	0.000666667	0.6	6.94444e-05	
40	41	5	-9999	0	-9999	0	2334.38	0.00342703	0.000666667	0	8	1	100	1	0.000666667	0.6	6.94444e-05	
41	42	5	-9999	0	-9999	0	2240.66	0.0004	0.000666667	0	8	1	100	1	0.000666667	0.6	6.94444e-05	
42	43	5	-9999	0	-9999	0	2264.78	0.0004	0.000666667	0	8	1	100	1	0.000666667	0.6	6.94444e-05	
43	44	5	-9999	0	-9999	0	2260.86	0.00044231	0.000666667	0	8	1	100	1	0.000666667	0.6	6.94444e-05	
44	45	5	-9999	0	-9999	0	2333.89	0.00128541	0.000666667	0	8	1	100	1	0.000666667	0.6	6.94444e-05	
45	46	5	-9999	0	-9999	0	2330.96	0.00686412	0.000666667	0	8	1	100	1	0.000666667	0.6	6.94444e-05	
46	47	5	-9999	0	-9999	0	2261.41	0.0004	0.000666667	0	8	1	100	1	0.000666667	0.6	6.94444e-05	
47	48	5	-9999	0	-9999	0	2238.64	0.00491371	0.000666667	0	8	1	100	1	0.000666667	0.6	6.94444e-05	
48	17	5	-9999	0	-9999	0	2308.13	0.0004	0.000666667	0	8	1	100	1	0.000666667	0.6	6.94444e-05	
49	50	5	-9999	0	-9999	0	1989.72	0.00201033	0.000666667	0	8	1	100	1	0.000666667	0.6	6.94444e-05	
50	51	5	-9999	0	-9999	0	2082.12	0.0004	0.000666667	0	8	1	100	1	0.000666667	0.6	6.94444e-05	
51	52	5	-9999	0	-9999	0	1920.11	0.00312481	0.000666667	0	8	1	100	1	0.000666667	0.6	6.94444e-05	
52	53	5	-9999	0	-9999	0	2035.73	0.0004	0.000666667	0	8	1	100	1	0.000666667	0.6	6.94444e-05	
53	54	5	-9999	0	-9999	0	2035.27	0.0004	0.000666667	0	8	1	100	1	0.000666667	0.6	6.94444e-05	
54	55	5	-9999	0	-9999	0	2081.62	0.00480396	0.000666667	0	8	1	100	1	0.000666667	0.6	6.94444e-05	
55	56	5	-9999	0	-9999	0	1988.89	0.00402234	0.000666667	0	8	1	100	1	0.000666667	0.6	6.94444e-05	
56	27	5	-9999	0	-9999	0	2011.75	0.0004	0.000666667	0	8	1	100	1	0.000666667	0.6	6.94444e-05	
57	58	5	-9999	0	-9999	0	2546.17	0.0004	0.000666667	0	8	1	100	1	0.000666667	0.6	6.94444e-05	
58	59	5	-9999	0	-9999	0	2432.47	0.00411105	0.000666667	0	8	1	100	1	0.000666667	0.6	6.94444e-05	
59	60	5	-9999	0	-9999	0	2500.42	0.0011998	0.000666667	0	8	1	100	1	0.000666667	0.6	6.94444e-05	
60	61	5	-9999	0	-9999	0	2501.09	0.0004	0.000666667	0	8	1	100	1	0.000666667	0.6	6.94444e-05	
61	62	5	-9999	0	-9999	0	2477.19	0.00444051	0.000666667	0	8	1	100	1	0.000666667	0.6	6.94444e-05	
62	63	5	-9999	0	-9999	0	2523.39	0.0004	0.000666667	0	8	1	100	1	0.000666667	0.6	6.94444e-05	
63	64	5	-9999	0	-9999	0	2478.37	0.0044384	0.000666667	0	8	1	100	1	0.000666667	0.6	6.94444e-05	
64	65	5	-9999	0	-9999	0	2546.22	0.00314192	0.000666667	0	8	1	100	1	0.000666667	0.6	6.94444e-05	
65	66	5	-9999	0	-9999	0	2453.29	0.0004	0.000666667	0	8	1	100	1	0.000666667	0.6	6.94444e-05	
66	67	5	-9999	0	-9999	0	2499.54	0.00880162	0.000666667	0	8	1	100	1	0.000666667	0.6	6.94444e-05	
67	68	5	-9999	0	-9999	0	2476.45	0.0004	0.000666667	0	8	1	100	1	0.000666667	0.6	6.94444e-05	
68	69	5	-9999	0	-9999	0	2568.73	0.0004	0.000666667	0	8	1	100	1	0.000666667	0.6	6.94444e-05	
69	70	5	-9999	0	-9999	0	2476.04	0.0004	0.000666667	0	8	1	100	1	0.000666667	0.6	6.94444e-05	
70	71	5	-9999	0	-9999	0	2568.68	0.0004	0.000666667	0	8	1	100	1	0.000666667	0.6	6.94444e-05	
71	72	5	-9999	0	-9999	0	2498.91	0.00120052	0.000666667	0	8	1	100	1	0.000666667	0.6	6.94444e-05	
72	49	5	-9999	0	-9999	0	2452.57	0.000815473	0.000666667	0	8	1	100	1	0.000666667	0.6	6.94444e-05	
73	74	5	-9999	0	-9999	0	2339.16	0.0004	0.000666667	0	8	1	100	1	0.000666667	0.6	6.94444e-05	
74	57	5	-9999	0	-9999	0	2407.55	0.00581504	0.000666667	0	8	1	100	1	0.000666667	0.6	6.94444e-05	
75	76	5	-9999	0	-9999	0	2224.72	0.000449494	0.000666667	0	8	1	100	1	0.000666667	0.6	6.94444e-05	
76	77	5	-9999	0	-9999	0	2315.63	0.00215924	0.000666667	0	8	1	100	1	0.000666667	0.6	6.94444e-05	
77	78	5	-9999	0	-9999	0	2200.17	0.00363609	0.000666667	0	8	1	100	1	0.000666667	0.6	6.94444e-05	
78	73	5	-9999	0	-9999	0	2269.54	0.0004	0.000666667	0	8	1	100	1	0.000666667	0.6	6.94444e-05	
79	80	5	-9999	0	-9999	0	1787.15	0.0004	0.000666667	0	8	1	100	1	0.000666667	0.6	6.94444e-05	
80	81	5	-9999	0	-9999	0	1691.57	0.00650283	0.000666667	0	8	1	100	1	0.000666667	0.6	6.94444e-05	
81	82	5	-9999	0	-9999	0	1762.76	0.0004	0.000666667	0	8	1	100	1	0.000666667	0.6	6.94444e-05	
82	83	5	-9999	0	-9999	0	1832.13	0.00327488	0.000666667	0	8	1	100	1	0.000666667	0.6	6.94444e-05	
83	84	5	-9999	0	-9999	0	1760.54	0.00113602	0.000666667	0	8	1	100	1	0.000666667	0.6	6.94444e-05	
84	75	5	-9999	0	-9999	0	1692.25	0.00118186	0.000666667	0	8	1	100	1	0.000666667	0.6	6.94444e-05	
85	86	5	-9999	0	-9999	0	2442.98	0.0004	0.000666667	0	8	1	100	1	0.000666667	0.6	6.94444e-05	
86	87	5	-9999	0	-9999	0	2464.7	0.00405729	0.000666667	0	8	1	100	1	0.000666667	0.6	6.94444e-05	
87	88	5	-9999	0	-9999	0	2436.22	0.0004	0.000666667	0	8	1	100	1	0.000666667	0.6	6.94444e-05	
88	89	5	-9999	0	-9999	0	2529.58	0.00355791	0.000666667	0	8	1	100	1	0.000666667	0.6	6.94444e-05	
89	90	5	-9999	0	-9999	0	2431.46	0.00205638	0.000666667	0	8	1	100	1	0.000666667	0.6	6.94444e-05	
90	91	5	-9999	0	-9999	0	2435.15	0.0004	0.000666667	0	8	1	100	1	0.000666667	0.6	6.94444e-05	
91	92	5	-9999	0	-9999	0	2432.68	0.00287749	0.000666667	0	8	1	100	1	0.000666667	0.6	6.94444e-05	
92	93	5	-9999	0	-9999	0	2503.82	0.00239633	0.000666667	0	8	1	100	1	0.000666667	0.6	6.94444e-05	
93	94	5	-9999	0	-9999	0	2362.91	0.0004	0.000666667	0	8	1	100	1	0.000666667	0.6	6.94444e-05	
94	95	5	-9999	0	-9999	0	2455.81	0.000814395	0.000666667	0	8	1	100	1	0.000666667	0.6	6.94444e-05	
95	96	5	-9999	0	-9999	0	2508.39	0.00239198	0.000666667	0	8	1	100	1	0.000666667	0.6	6.94444e-05	
96	79	5	-9999	0	-9999	0	2458.23	0.0004	0.000666667	0	8	1	100	1	0.000666667	0.6	6.94444e-05	
97	98	5	-9999	0	-9999	0	2161.14	0.0004	0.000666667	0	8	1	100	1	0.000666667	0.6	6.94444e-05	
98	99	5	-9999	0	-9999	0	2235.19	0.00134217	0.000666667	0	8	1	100	1	0.000666667	0.6	6.94444e-05	
99	100	5	-9999	0	-9999	0	2165.48	0.000461791	0.000666667	0	8	1	100	1	0.000666667	0.6	6.94444e-05	
100	101	5	-9999	0	-9999	0	2096.98	0.000953751	0.000666667	0	8	1	100	1	0.000666667	0.6	6.94444e-05	
101	102	5	-9999	0	-9999	0	2232.03	0.000448022	0.000666667	0	8	1	100	1	0.000666667	0.6	6.94444e-05	
102	85	5	-9999	0	-9999	0	2158.45	0.000463295	0.000666667	0	8	1	100	1	0.000666667	0.6	6.94444e-05	
103	104	5	-9999	0	-9999	0	2331.01	0.0004	0.000666667	0	8	1	100	1	0.000666667	0.6	6.94444e-05	
104	105	5	-9999	0	-9999	0	2441.98	0.0004	0.000666667	0	8	1	100	1	0.000666667	0.6	6.94444e-05	
105	106	5	-9999	0	-9999	0	2366.08	0.00464904	0.000666667	0	8	1	100	1	0.000666667	0.6	6.94444e-05	
106	97	5	-9999	0	-9999	0	2341.12	0.000427146	0.000666667	0	8	1	100	1	0.000666667	0.6	6.94444e-05	
107	108	5	-9999	0	-9999	0	2302.81	0.000868505	0.000666667	0	8	1	100	1	0.000666667	0.6	6.94444e-05	
108	109	5	-9999	0	-9999	0	2282.38	0.0004	0.000666667	0	8	1	100	1	0.000666667	0.6	6.94444e-05	
109	110	5	-9999	0	-9999	0	2323.63	0.00602505	0.000666667	0	8	1	100	1	0.000666667	0.6	6.94444e-05	
110	111	5	-9999	0	-9999	0	2299.66	0.0004	0.000666667	0	8	1	100	1	0.000666667	0.6	6.94444e-05	
111	112	5	-9999	0	-9999	0	2252.82	0.00488278	0.000666667	0	8	1	100	1	0.000666667	0.6	6.94444e-05	
112	113	5	-9999	0	-9999	0	2340.22	0.0004	0.000666667	0	8	1	100	1	0.000666667	0.6	6.94444e-05	
113	114	5	-9999	0	-9999	0	2295.11	0.0004	0.000666667	0	8	1	100	1	0.000666667	0.6	6.94444e-05	
114	115	5	-9999	0	-9999	0	2268.89	0.0039667	0.000666667	0	8	1	100	1	0.000666667	0.6	6.94444e-05	
115	116	5	-9999	0	-9999	0	2254.51	0.0004	0.000666667	0	8	1	100	1	0.000666667	0.6	6.94444e-05	
116	117	5	-9999	0	-9999	0	2327.08	0.000429722	0.000666667	0	8	1	100	1	0.000666667	0.6	6.94444e-05	
117	118	5	-9999	0	-9999	0	2389.66	0.00502164	0.000666667	0	8	1	100	1	0.000666667	0.6	6.94444e-05	
118	119	5	-9999	0	-9999	0	2298.45	0.0004	0.000666667	0	8	1	100	1	0.000666667	0.6	6.94444e-05	
119	120	5	-9999	0	-9999	0	2230.12	0.00403565	0.000666667	0	8	1	100	1	0.000666667	0.6	6.94444e-05	
120	121	5	-9999	0	-9999	0	2306.04	0.00130093	0.000666667	0	8	1	100	1	0.000666667	0.6	6.94444e-05	
121	122	5	-9999	0	-9999	0	2287.84	0.000437093	0.000666667	0	8	1	100	1	0.000666667	0.6	6.94444e-05	
122	123	5	-9999	0	-9999	0	2353.07	0.000424978	0.000666667	0	8	1	100	1	0.000666667	0.6	6.94444e-05	
123	124	5	-9999	0	-9999	0	2251.99	0.00399647	0.000666667	0	8	1	100	1	0.000666667	0.6	6.94444e-05	
124	125	5	-9999	0	-9999	0	2341.68	0.0004	0.000666667	0	8	1	100	1	0.000666667	0.6	6.94444e-05	
125	126	5	-9999	0	-9999	0	2260.3	0.00176968	0.000666667	0	8	1	100	1	0.000666667	0.6	6.94444e-05	
126	127	5	-9999	0	-9999	0	2280.58	0.00263091	0.000666667	0	8	1	100	1	0.000666667	0.6	6.94444e-05	
127	128	5	-9999	0	-9999	0	2325.67	0.0004	0.000666667	0	8	1	100	1	0.000666667	0.6	6.94444e-05	
128	103	5	-9999	0	-9999	0	2326.06	0.00214956	0.000666667	0	8	1	100	1	0.000666667	0.6	6.94444e-05	
129	97	3	-9999	0	-9999	0	861.298	0.00464415	0.000666667	0	7	1	60	1	0.000666667	0.6	6.94444e-05	
130	131	3	-9999	0	-9999	0	1960.07	0.0004	0.000666667	0	7	1	60	1	0.000666667	0.6	6.94444e-05	
131	132	3	-9999	0	-9999	0	1911.61	0.0004	0.000666667	0	7	1	60	1	0.000666667	0.6	6.94444e-05	
132	133	3	-9999	0	-9999	0	1883.15	0.00265513	0.000666667	0	7	1	60	1	0.000666667	0.6	6.94444e-05	
133	129	3	-9999	0	-9999	0	1929.6	0.0004	0.000666667	0	7	1	60	1	0.000666667	0.6	6.94444e-05	
134	135	3	-9999	0	-9999	0	1674.77	0.000597096	0.000666667	0	7	1	60	1	0.000666667	0.6	6.94444e-05	
135	130	3	-9999	0	-9999	0	1765.96	0.0004	0.000666667	0	7	1	60	1	0.000666667	0.6	6.94444e-05	
136	137	3	-9999	0	-9999	0	2117.48	0.0004	0.000666667	0	7	1	60	1	0.000666667	0.6	6.94444e-05	
137	138	3	-9999	0	-9999	0	2022.88	0.0044491	0.000666667	0	7	1	60	1	0.000666667	0.6	6.94444e-05	
138	139	3	-9999	0	-9999	0	2050.89	0.00341315	0.000666667	0	7	1	60	1	0.000666667	0.6	6.94444e-05	
139	134	3	-9999	0	-9999	0	1978.03	0.0004	0.000666667	0	7	1	60	1	0.000666667	0.6	6.94444e-05	
140	136	3	-9999	0	-9999	0	2533.61	0.0004	0.000666667	0	7	1	60	1	0.000666667	0.6	6.94444e-05	
141	142	2	-9999	0	-9999	0	2628.86	0.00152157	0.000666667	0	6.5	1	40	1	0.000666667	0.6	6.94444e-05	
142	140	2	-9999	0	-9999	0	2605.69	0.000767551	0.000666667	0	6.5	1	40	1	0.000666667	0.6	6.94444e-05	
143	141	2	-9999	0	-9999	0	1000.4	0.00599763	0.000666667	0	6.5	1	40	1	0.000666667	0.6	6.94444e-05	
144	145	2	-9999	0	-9999	0	2626.77	0.00571044	0.000666667	0	6.5	1	40	1	0.000666667	0.6	6.94444e-05	
145	143	2	-9999	0	-9999	0	2627.85	0.0004	0.000666667	0	6.5	1	40	1	0.000666667	0.6	6.94444e-05	
146	147	2	-9999	0	-9999	0	1862.56	0.0004	0.000666667	0	6.5	1	40	1	0.000666667	0.6	6.94444e-05	
147	148	2	-9999	0	-9999	0	1833.14	0.00218204	0.000666667	0	6.5	1	40	1	0.000666667	0.6	6.94444e-05	
148	149	2	-9999	0	-9999	0	1835.84	0.0004	0.000666667	0	6.5	1	40	1	0.000666667	0.6	6.94444e-05	
149	144	2	-9999	0	-9999	0	1836.41	0.0004	0.000666667	0	6.5	1	40	1	0.000666667	0.6	6.94444e-05	
150	146	2	-9999	0	-9999	0	697.428	0.0004	0.000666667	0	6.5	1	40	1	0.000666667	0.6	6.94444e-05	
151	152	2	-9999	0	-9999	0	1882.94	0.00371758	0.000666667	0	6.5	1	40	1	0.000666667	0.6	6.94444e-05	
152	150	2	-9999	0	-9999	0	1834.74	0.00272519	0.000666667	0	6.5	1	40	1	0.000666667	0.6	6.94444e-05	
153	154	1	-9999	0	-9999	0	2375.54	0.00210478	0.000666667	0	6	1	20	1	0.000666667	0.6	6.94444e-05	
154	155	1	-9999	0	-9999	0	2426.7	0.014835	0.000666667	0	6	1	20	1	0.000666667	0.6	6.94444e-05	
155	156	1	-9999	0	-9999	0	2380.79	0.0058804	0.000666667	0	6	1	20	1	0.000666667	0.6	6.94444e-05	
156	157	1	-9999	0	-9999	0	2448.26	0.00326763	0.000666667	0	6	1	20	1	0.000666667	0.6	6.94444e-05	
157	158	1	-9999	0	-9999	0	2423.18	0.011555	0.000666667	0	6	1	20	1	0.000666667	0.6	6.94444e-05	
158	159	1	-9999	0	-9999	0	2445.36	0.00981452	0.000666667	0	6	1	20	1	0.000666667	0.6	6.94444e-05	
159	160	1	-9999	0	-9999	0	2420.18	0.00702427	0.000666667	0	6	1	20	1	0.000666667	0.6	6.94444e-05	
160	161	1	-9999	0	-9999	0	2422.52	0.00454072	0.000666667	0	6	1	20	1	0.000666667	0.6	6.94444e-05	
161	162	1	-9999	0	-9999	0	2394.86	0.0004	0.000666667	0	6	1	20	1	0.000666667	0.6	6.94444e-05	
162	151	1	-9999	0	-9999	0	2420.6	0.00165248	0.000666667	0	6	1	20	1	0.000666667	0.6	6.94444e-05	
163	164	3	-9999	0	-9999	0	2258.54	0.0004	0.000666667	0	7	1	60	1	0.000666667	0.6	6.94444e-05	
164	165	3	-9999	0	-9999	0	2327.47	0.00128895	0.000666667	0	7	1	60	1	0.000666667	0.6	6.94444e-05	
165	166	3	-9999	0	-9999	0	2348.63	0.00298046	0.000666667	0	7	1	60	1	0.000666667	0.6	6.94444e-05	
166	167	3	-9999	0	-9999	0	2276	0.0026362	0.000666667	0	7	1	60	1	0.000666667	0.6	6.94444e-05	
167	168	3	-9999	0	-9999	0	2305.24	0.00347036	0.000666667	0	7	1	60	1	0.000666667	0.6	6.94444e-05	
168	169	3	-9999	0	-9999	0	2278.5	0.0004	0.000666667	0	7	1	60	1	0.000666667	0.6	6.94444e-05	
169	170	3	-9999	0	-9999	0	2329.48	0.00600993	0.000666667	0	7	1	60	1	0.000666667	0.6	6.94444e-05	
170	171	3	-9999	0	-9999	0	2279.14	0.00219381	0.000666667	0	7	1	60	1	0.000666667	0.6	6.94444e-05	
171	172	3	-9999	0	-9999	0	2325.85	0.0004	0.000666667	0	7	1	60	1	0.000666667	0.6	6.94444e-05	
172	140	3	-9999	0	-9999	0	2235.29	0.0102895	0.000666667	0	7	1	60	1	0.000666667	0.6	6.94444e-05	
173	174	3	-9999	0	-9999	0	1579.53	0.0012662	0.000666667	0	7	1	60	1	0.000666667	0.6	6.94444e-05	
174	175	3	-9999	0	-9999	0	1465.21	0.00272999	0.000666667	0	7	1	60	1	0.000666667	0.6	6.94444e-05	
175	176	3	-9999	0	-9999	0	1467.05	0.00545314	0.000666667	0	7	1	60	1	0.000666667	0.6	6.94444e-05	
176	163	3	-9999	0	-9999	0	1556.02	0.003856	0.000666667	0	7	1	60	1	0.000666667	0.6	6.94444e-05	
177	178	3	-9999	0	-9999	0	1979.87	0.00101017	0.000666667	0	7	1	60	1	0.000666667	0.6	6.94444e-05	
178	173	3	-9999	0	-9999	0	2024.7	0.00395121	0.000666667	0	7	1	60	1	0.000666667	0.6	6.94444e-05	
179	180	3	-9999	0	-9999	0	1812.88	0.0004	0.000666667	0	7	1	60	1	0.000666667	0.6	6.94444e-05	
180	181	3	-9999	0	-9999	0	1790.44	0.00279262	0.000666667	0	7	1	60	1	0.000666667	0.6	6.94444e-05	
181	182	3	-9999	0	-9999	0	1815.23	0.00605982	0.000666667	0	7	1	60	1	0.000666667	0.6	6.94444e-05	
182	177	3	-9999	0	-9999	0	1791.72	0.0004	0.000666667	0	7	1	60	1	0.000666667	0.6	6.94444e-05	
183	179	2	-9999	0	-9999	0	1904.24	0.0004	0.000666667	0	6.5	1	40	1	0.000666667	0.6	6.94444e-05	
184	185	2	-9999	0	-9999	0	2277.93	0.0004	0.000666667	0	6.5	1	40	1	0.000666667	0.6	6.94444e-05	
185	186	2	-9999	0	-9999	0	2280.86	0.00482274	0.000666667	0	6.5	1	40	1	0.000666667	0.6	6.94444e-05	
186	187	2	-9999	0	-9999	0	2305.52	0.00433741	0.000666667	0	6.5	1	40	1	0.000666667	0.6	6.94444e-05	
187	188	2	-9999	0	-9999	0	2281.85	0.00701187	0.000666667	0	6.5	1	40	1	0.000666667	0.6	6.94444e-05	
188	189	2	-9999	0	-9999	0	2256.01	0.0004	0.000666667	0	6.5	1	40	1	0.000666667	0.6	6.94444e-05	
189	183	2	-9999	0	-9999	0	2327.47	0.00386687	0.000666667	0	6.5	1	40	1	0.000666667	0.6	6.94444e-05	
190	191	2	-9999	0	-9999	0	1882.27	0.00371891	0.000666667	0	6.5	1	40	1	0.000666667	0.6	6.94444e-05	
191	192	2	-9999	0	-9999	0	1860.98	0.00483617	0.000666667	0	6.5	1	40	1	0.000666667	0.6	6.94444e-05	
192	193	2	-9999	0	-9999	0	1928.82	0.00414762	0.000666667	0	6.5	1	40	1	0.000666667	0.6	6.94444e-05	
193	184	2	-9999	0	-9999	0	1885.16	0.00318276	0.000666667	0	6.5	1	40	1	0.000666667	0.6	6.94444e-05	
194	195	1	-9999	0	-9999	0	2419.08	0.00578733	0.000666667	0	6	1	20	1	0.000666667	0.6	6.94444e-05	
195	196	1	-9999	0	-9999	0	2417.39	0.00579138	0.000666667	0	6	1	20	1	0.000666667	0.6	6.94444e-05	
196	197	1	-9999	0	-9999	0	2395.99	0.00166946	0.000666667	0	6	1	20	1	0.000666667	0.6	6.94444e-05	
197	198	1	-9999	0	-9999	0	2394.96	0.0108562	0.000666667	0	6	1	20	1	0.000666667	0.6	6.94444e-05	
198	199	1	-9999	0	-9999	0	2391.82	0.00376283	0.000666667	0	6	1	20	1	0.000666667	0.6	6.94444e-05	
199	200	1	-9999	0	-9999	0	2467.5	0.00202634	0.000666667	0	6	1	20	1	0.000666667	0.6	6.94444e-05	
200	201	1	-9999	0	-9999	0	2398.99	0.0116716	0.000666667	0	6	1	20	1	0.000666667	0.6	6.94444e-05	
201	202	1	-9999	0	-9999	0	2445.07	0.00163595	0.000666667	0	6	1	20	1	0.000666667	0.6	6.94444e-05	
202	203	1	-9999	0	-9999	0	2441.84	0.00163811	0.000666667	0	6	1	20	1	0.000666667	0.6	6.94444e-05	
203	204	1	-9999	0	-9999	0	2327.51	0.00859288	0.000666667	0	6	1	20	1	0.000666667	0.6	6.94444e-05	
204	205	1	-9999	0	-9999	0	2466.15	0.00202745	0.000666667	0	6	1	20	1	0.000666667	0.6	6.94444e-05	
205	206	1	-9999	0	-9999	0	2445.39	0.00654292	0.000666667	0	6	1	20	1	0.000666667	0.6	6.94444e-05	
206	207	1	-9999	0	-9999	0	2374.26	0.0054754	0.000666667	0	6	1	20	1	0.000666667	0.6	6.94444e-05	
207	190	1	-9999	0	-9999	0	2395.65	0.0004	0.000666667	0	6	1	20	1	0.000666667	0.6	6.94444e-05	
208	151	2	-9999	0	-9999	0	2320.7	0.0004	0.000666667	0	6.5	1	40	1	0.000666667	0.6	6.94444e-05	
209	210	2	-9999	0	-9999	0	2496.37	0.000801163	0.000666667	0	6.5	1	40	1	0.000666667	0.6	6.94444e-05	
210	211	2	-9999	0	-9999	0	2491.03	0.00120432	0.000666667	0	6.5	1	40	1	0.000666667	0.6	6.94444e-05	
211	212	2	-9999	0	-9999	0	2472.08	0.0068768	0.000666667	0	6.5	1	40	1	0.000666667	0.6	6.94444e-05	
212	213	2	-9999	0	-9999	0	2469.07	0.00445512	0.000666667	0	6.5	1	40	1	0.000666667	0.6	6.94444e-05	
213	214	2	-9999	0	-9999	0	2472.34	0.00283132	0.000666667	0	6.5	1	40	1	0.000666667	0.6	6.94444e-05	
214	215	2	-9999	0	-9999	0	2449.42	0.00571563	0.000666667	0	6.5	1	40	1	0.000666667	0.6	6.94444e-05	
215	216	2	-9999	0	-9999	0	2473.18	0.00687373	0.000666667	0	6.5	1	40	1	0.000666667	0.6	6.94444e-05	
216	217	2	-9999	0	-9999	0	2495.35	0.00520969	0.000666667	0	6.5	1	40	1	0.000666667	0.6	6.94444e-05	
217	218	2	-9999	0	-9999	0	2447.2	0.00449494	0.000666667	0	6.5	1	40	1	0.000666667	0.6	6.94444e-05	
218	219	2	-9999	0	-9999	0	2425.17	0.00577279	0.000666667	0	6.5	1	40	1	0.000666667	0.6	6.94444e-05	
219	220	2	-9999	0	-9999	0	2471.97	0.00647256	0.000666667	0	6.5	1	40	1	0.000666667	0.6	6.94444e-05	
220	221	2	-9999	0	-9999	0	2539.2	0.00393825	0.000666667	0	6.5	1	40	1	0.000666667	0.6	6.94444e-05	
221	222	2	-9999	0	-9999	0	2450.71	0.00856896	0.000666667	0	6.5	1	40	1	0.000666667	0.6	6.94444e-05	
222	223	2	-9999	0	-9999	0	2407.34	0.00456936	0.000666667	0	6.5	1	40	1	0.000666667	0.6	6.94444e-05	
223	224	2	-9999	0	-9999	0	2539.29	0.00708859	0.000666667	0	6.5	1	40	1	0.000666667	0.6	6.94444e-05	
224	225	2	-9999	0	-9999	0	2424.61	0.00783631	0.000666667	0	6.5	1	40	1	0.000666667	0.6	6.94444e-05	
225	226	2	-9999	0	-9999	0	2493.45	0.0048126	0.000666667	0	6.5	1	40	1	0.000666667	0.6	6.94444e-05	
226	227	2	-9999	0	-9999	0	2448.55	0.00367564	0.000666667	0	6.5	1	40	1	0.000666667	0.6	6.94444e-05	
227	228	2	-9999	0	-9999	0	2405.21	0.00498918	0.000666667	0	6.5	1	40	1	0.000666667	0.6	6.94444e-05	
228	229	2	-9999	0	-9999	0	2521.44	0.00356938	0.000666667	0	6.5	1	40	1	0.000666667	0.6	6.94444e-05	
229	230	2	-9999	0	-9999	0	2465.51	0.00567835	0.000666667	0	6.5	1	40	1	0.000666667	0.6	6.94444e-05	
230	231	2	-9999	0	-9999	0	2511.95	0.0004	0.000666667	0	6.5	1	40	1	0.000666667	0.6	6.94444e-05	
231	232	2	-9999	0	-9999	0	2533.12	0.00236862	0.000666667	0	6.5	1	40	1	0.000666667	0.6	6.94444e-05	
232	233	2	-9999	0	-9999	0	2441.21	0.00163853	0.000666667	0	6.5	1	40	1	0.000666667	0.6	6.94444e-05	
233	234	2	-9999	0	-9999	0	2485.44	0.0004	0.000666667	0	6.5	1	40	1	0.000666667	0.6	6.94444e-05	
234	208	2	-9999	0	-9999	0	2415.68	0.00289773	0.000666667	0	6.5	1	40	1	0.000666667	0.6	6.94444e-05	
235	236	1	-9999	0	-9999	0	1697.64	0.00647956	0.000666667	0	6	1	20	1	0.000666667	0.6	6.94444e-05	
236	237	1	-9999	0	-9999	0	1722.27	0.00406441	0.000666667	0	6	1	20	1	0.000666667	0.6	6.94444e-05	
237	238	1	-9999	0	-9999	0	1765.63	0.0056637	0.000666667	0	6	1	20	1	0.000666667	0.6	6.94444e-05	
238	194	1	-9999	0	-9999	0	1720.25	0.00116262	0.000666667	0	6	1	20	1	0.000666667	0.6	6.94444e-05	
239	240	2	-9999	0	-9999	0	1976.72	0.00252945	0.000666667	0	6.5	1	40	1	0.000666667	0.6	6.94444e-05	
240	241	2	-9999	0	-9999	0	1861.25	0.00591	0.000666667	0	6.5	1	40	1	0.000666667	0.6	6.94444e-05	
241	242	2	-9999	0	-9999	0	1879.3	0.0004	0.000666667	0	6.5	1	40	1	0.000666667	0.6	6.94444e-05	
242	179	2	-9999	0	-9999	0	1928.89	0.00207373	0.000666667	0	6.5	1	40	1	0.000666667	0.6	6.94444e-05	
243	244	1	-9999	0	-9999	0	2350.3	0.00255287	0.000666667	0	6	1	20	1	0.000666667	0.6	6.94444e-05	
244	245	1	-9999	0	-9999	0	2345.83	0.000426289	0.000666667	0	6	1	20	1	0.000666667	0.6	6.94444e-05	
245	246	1	-9999	0	-9999	0	2281.2	0.00263019	0.000666667	0	6	1	20	1	0.000666667	0.6	6.94444e-05	
246	239	1	-9999	0	-9999	0	2299.82	0.000434816	0.000666667	0	6	1	20	1	0.000666667	0.6	6.94444e-05	
247	248	1	-9999	0	-9999	0	2543.27	0.00589791	0.000666667	0	6	1	20	1	0.000666667	0.6	6.94444e-05	
248	249	1	-9999	0	-9999	0	2449.89	0.00979638	0.000666667	0	6	1	20	1	0.000666667	0.6	6.94444e-05	
249	250	1	-9999	0	-9999	0	2515.63	0.000795028	0.000666667	0	6	1	20	1	0.000666667	0.6	6.94444e-05	
250	251	1	-9999	0	-9999	0	2492.73	0.00320933	0.000666667	0	6	1	20	1	0.000666667	0.6	6.94444e-05	
251	252	1	-9999	0	-9999	0	2514.1	0.00318205	0.000666667	0	6	1	20	1	0.000666667	0.6	6.94444e-05	
252	253	1	-9999	0	-9999	0	2464.14	0.0004	0.000666667	0	6	1	20	1	0.000666667	0.6	6.94444e-05	
253	254	1	-9999	0	-9999	0	2512.21	0.00119417	0.000666667	0	6	1	20	1	0.000666667	0.6	6.94444e-05	
254	208	1	-9999	0	-9999	0	2466.09	0.00243301	0.000666667	0	6	1	20	1	0.000666667	0.6	6.94444e-05	
255	256	1	-9999	0	-9999	0	2093.92	0.0004	0.000666667	0	6	1	20	1	0.000666667	0.6	6.94444e-05	
256	257	1	-9999	0	-9999	0	2114.24	0.000472983	0.000666667	0	6	1	20	1	0.000666667	0.6	6.94444e-05	
257	258	1	-9999	0	-9999	0	2140.36	0.0004	0.000666667	0	6	1	20	1	0.000666667	0.6	6.94444e-05	
258	259	1	-9999	0	-9999	0	2048.47	0.00146451	0.000666667	0	6	1	20	1	0.000666667	0.6	6.94444e-05	
259	260	1	-9999	0	-9999	0	2140.12	0.00420537	0.000666667	0	6	1	20	1	0.000666667	0.6	6.94444e-05	
260	261	1	-9999	0	-9999	0	2044.22	0.0004	0.000666667	0	6	1	20	1	0.000666667	0.6	6.94444e-05	
261	262	1	-9999	0	-9999	0	2073.31	0.0004	0.000666667	0	6	1	20	1	0.000666667	0.6	6.94444e-05	
262	263	1	-9999	0	-9999	0	2093.76	0.0042985	0.000666667	0	6	1	20	1	0.000666667	0.6	6.94444e-05	
263	264	1	-9999	0	-9999	0	2112.73	0.00141997	0.000666667	0	6	1	20	1	0.000666667	0.6	6.94444e-05	
264	265	1	-9999	0	-9999	0	2092.65	0.0004	0.000666667	0	6	1	20	1	0.000666667	0.6	6.94444e-05	
265	266	1	-9999	0	-9999	0	2113.29	0.0004	0.000666667	0	6	1	20	1	0.000666667	0.6	6.94444e-05	
266	150	1	-9999	0	-9999	0	2117.51	0.00566705	0.000666667	0	6	1	20	1	0.000666667	0.6	6.94444e-05	
267	268	1	-9999	0	-9999	0	2300.14	0.0004	0.000666667	0	6	1	20	1	0.000666667	0.6	6.94444e-05	
268	239	1	-9999	0	-9999	0	2203.89	0.000453744	0.000666667	0	6	1	20	1	0.000666667	0.6	6.94444e-05	
269	270	2	-9999	0	-9999	0	2554.57	0.00313164	0.000666667	0	6.5	1	40	1	0.000666667	0.6	6.94444e-05	
270	190	2	-9999	0	-9999	0	2511.95	0.00238859	0.000666667	0	6.5	1	40	1	0.000666667	0.6	6.94444e-05	
271	272	2	-9999	0	-9999	0	1906.58	0.00576949	0.000666667	0	6.5	1	40	1	0.000666667	0.6	6.94444e-05	
272	273	2	-9999	0	-9999	0	1883.6	0.00424718	0.000666667	0	6.5	1	40	1	0.000666667	0.6	6.94444e-05	
273	274	2	-9999	0	-9999	0	1883.63	0.00053089	0.000666667	0	6.5	1	40	1	0.000666667	0.6	6.94444e-05	
274	269	2	-9999	0	-9999	0	1954.4	0.00307	0.000666667	0	6.5	1	40	1	0.000666667	0.6	6.94444e-05	
275	184	1	-9999	0	-9999	0	232.269	0.0172214	0.000666667	0	6	1	20	1	0.000666667	0.6	6.94444e-05	
276	277	1	-9999	0	-9999	0	2141.47	0.0004	0.000666667	0	6	1	20	1	0.000666667	0.6	6.94444e-05	
277	278	1	-9999	0	-9999	0	2234.03	0.00179048	0.000666667	0	6	1	20	1	0.000666667	0.6	6.94444e-05	
278	279	1	-9999	0	-9999	0	2234.07	0.00581897	0.000666667	0	6	1	20	1	0.000666667	0.6	6.94444e-05	
279	143	1	-9999	0	-9999	0	2211.55	0.0004	0.000666667	0	6	1	20	1	0.000666667	0.6	6.94444e-05	
280	153	1	-9999	0	-9999	0	2191.03	0.00958453	0.000666667	0	6	1	20	1	0.000666667	0.6	6.94444e-05	
281	271	1	-9999	0	-9999	0	1325.9	0.00527944	0.000666667	0	6	1	20	1	0.000666667	0.6	6.94444e-05	
282	283	1	-9999	0	-9999	0	2328.11	0.00558393	0.000666667	0	6	1	20	1	0.000666667	0.6	6.94444e-05	
283	284	1	-9999	0	-9999	0	2373.99	0.00673972	0.000666667	0	6	1	20	1	0.000666667	0.6	6.94444e-05	
284	285	1	-9999	0	-9999	0	2303.12	0.00694709	0.000666667	0	6	1	20	1	0.000666667	0.6	6.94444e-05	
285	286	1	-9999	0	-9999	0	2281.71	0.00745055	0.000666667	0	6	1	20	1	0.000666667	0.6	6.94444e-05	
286	287	1	-9999	0	-9999	0	2395.48	0.00751416	0.000666667	0	6	1	20	1	0.000666667	0.6	6.94444e-05	
287	288	1	-9999	0	-9999	0	2372.99	0.00884958	0.000666667	0	6	1	20	1	0.000666667	0.6	6.94444e-05	
288	289	1	-9999	0	-9999	0	2278.77	0.00877666	0.000666667	0	6	1	20	1	0.000666667	0.6	6.94444e-05	
289	290	1	-9999	0	-9999	0	2325.44	0.00602038	0.000666667	0	6	1	20	1	0.000666667	0.6	6.94444e-05	
290	291	1	-9999	0	-9999	0	2351.48	0.00637896	0.000666667	0	6	1	20	1	0.000666667	0.6	6.94444e-05	
291	292	1	-9999	0	-9999	0	2305.49	0.00390372	0.000666667	0	6	1	20	1	0.000666667	0.6	6.94444e-05	
292	293	1	-9999	0	-9999	0	2328.54	0.00171782	0.000666667	0	6	1	20	1	0.000666667	0.6	6.94444e-05	
293	271	1	-9999	0	-9999	0	2375.74	0.0058929	0.000666667	0	6	1	20	1	0.000666667	0.6	6.94444e-05	
294	282	1	-9999	0	-9999	0	629.082	0.0004	0.000666667	0	6	1	20	1	0.000666667	0.6	6.94444e-05	
295	296	1	-9999	0	-9999	0	2978.42	0.00402898	0.000666667	0	6	1	20	1	0.000666667	0.6	6.94444e-05	
296	281	1	-9999	0	-9999	0	2955.38	0.00304529	0.000666667	0	6	1	20	1	0.000666667	0.6	6.94444e-05	
297	298	1	-9999	0	-9999	0	1606.65	0.000622412	0.000666667	0	6	1	20	1	0.000666667	0.6	6.94444e-05	
298	269	1	-9999	0	-9999	0	1652.62	0.00665612	0.000666667	0	6	1	20	1	0.000666667	0.6	6.94444e-05	
299	300	1	-9999	0	-9999	0	1718.52	0.00756467	0.000666667	0	6	1	20	1	0.000666667	0.6	6.94444e-05	
300	301	1	-9999	0	-9999	0	1697.91	0.0004	0.000666667	0	6	1	20	1	0.000666667	0.6	6.94444e-05	
301	302	1	-9999	0	-9999	0	1721.48	0.00580894	0.000666667	0	6	1	20	1	0.000666667	0.6	6.94444e-05	
302	303	1	-9999	0	-9999	0	1651.37	0.00242223	0.000666667	0	6	1	20	1	0.000666667	0.6	6.94444e-05	
303	304	1	-9999	0	-9999	0	1675.54	0.0004	0.000666667	0	6	1	20	1	0.000666667	0.6	6.94444e-05	
304	183	1	-9999	0	-9999	0	1743.89	0.00573431	0.000666667	0	6	1	20	1	0.000666667	0.6	6.94444e-05	
305	107	5	-9999	0	-9999	0	560.806	0.00891575	0.000666667	0	8	1	100	1	0.000666667	0.6	6.94444e-05	
306	307	5	-9999	0	-9999	0	2100.4	0.0004	0.000666667	0	8	1	100	1	0.000666667	0.6	6.94444e-05	
307	308	5	-9999	0	-9999	0	2018.16	0.003964	0.000666667	0	8	1	100	1	0.000666667	0.6	6.94444e-05	
308	309	5	-9999	0	-9999	0	2067.64	0.0004	0.000666667	0	8	1	100	1	0.000666667	0.6	6.94444e-05	
309	310	5	-9999	0	-9999	0	2010.88	0.00198918	0.000666667	0	8	1	100	1	0.000666667	0.6	6.94444e-05	
310	311	5	-9999	0	-9999	0	2060.24	0.000485379	0.000666667	0	8	1	100	1	0.000666667	0.6	6.94444e-05	
311	305	5	-9999	0	-9999	0	2031.69	0.0004922	0.000666667	0	8	1	100	1	0.000666667	0.6	6.94444e-05	
312	306	5	-9999	0	-9999	0	469.546	0.0004	0.000666667	0	8	1	100	1	0.000666667	0.6	6.94444e-05	
313	209	2	-9999	0	-9999	0	2073.17	0.00192941	0.000666667	0	6.5	1	40	1	0.000666667	0.6	6.94444e-05	
314	315	2	-9999	0	-9999	0	2311.28	0.00389394	0.000666667	0	6.5	1	40	1	0.000666667	0.6	6.94444e-05	
315	316	2	-9999	0	-9999	0	2354.8	0.00382198	0.000666667	0	6.5	1	40	1	0.000666667	0.6	6.94444e-05	
316	317	2	-9999	0	-9999	0	2330.25	0.00643707	0.000666667	0	6.5	1	40	1	0.000666667	0.6	6.94444e-05	
317	313	2	-9999	0	-9999	0	2356.26	0.00466841	0.000666667	0	6.5	1	40	1	0.000666667	0.6	6.94444e-05	
318	314	1	-9999	0	-9999	0	1399.31	0.0100049	0.000666667	0	6	1	20	1	0.000666667	0.6	6.94444e-05	
319	320	1	-9999	0	-9999	0	2005.28	0.00149605	0.000666667	0	6	1	20	1	0.000666667	0.6	6.94444e-05	
320	321	1	-9999	0	-9999	0	2028.09	0.00147922	0.000666667	0	6	1	20	1	0.000666667	0.6	6.94444e-05	
321	322	1	-9999	0	-9999	0	2078.4	0.00336798	0.000666667	0	6	1	20	1	0.000666667	0.6	6.94444e-05	
322	305	1	-9999	0	-9999	0	1962.84	0.0004	0.000666667	0	6	1	20	1	0.000666667	0.6	6.94444e-05	
323	324	1	-9999	0	-9999	0	1848.32	0.0004	0.000666667	0	6	1	20	1	0.000666667	0.6	6.94444e-05	
324	325	1	-9999	0	-9999	0	1897.85	0.00368839	0.000666667	0	6	1	20	1	0.000666667	0.6	6.94444e-05	
325	326	1	-9999	0	-9999	0	1852.01	0.00485958	0.000666667	0	6	1	20	1	0.000666667	0.6	6.94444e-05	
326	327	1	-9999	0	-9999	0	1876.73	0.00692693	0.000666667	0	6	1	20	1	0.000666667	0.6	6.94444e-05	
327	328	1	-9999	0	-9999	0	1917.09	0.00573786	0.000666667	0	6	1	20	1	0.000666667	0.6	6.94444e-05	
328	319	1	-9999	0	-9999	0	1842.09	0.00162858	0.000666667	0	6	1	20	1	0.000666667	0.6	6.94444e-05	
329	330	1	-9999	0	-9999	0	1935.7	0.00516608	0.000666667	0	6	1	20	1	0.000666667	0.6	6.94444e-05	
330	331	1	-9999	0	-9999	0	1845.84	0.0004	0.000666667	0	6	1	20	1	0.000666667	0.6	6.94444e-05	
331	332	1	-9999	0	-9999	0	1934.64	0.0113716	0.000666667	0	6	1	20	1	0.000666667	0.6	6.94444e-05	
332	333	1	-9999	0	-9999	0	1867.62	0.00428352	0.000666667	0	6	1	20	1	0.000666667	0.6	6.94444e-05	
333	334	1	-9999	0	-9999	0	1959.2	0.00306248	0.000666667	0	6	1	20	1	0.000666667	0.6	6.94444e-05	
334	323	1	-9999	0	-9999	0	1893.16	0.00686683	0.000666667	0	6	1	20	1	0.000666667	0.6	6.94444e-05	
335	336	1	-9999	0	-9999	0	2308.2	0.0056321	0.000666667	0	6	1	20	1	0.000666667	0.6	6.94444e-05	
336	337	1	-9999	0	-9999	0	2350.64	0.00127625	0.000666667	0	6	1	20	1	0.000666667	0.6	6.94444e-05	
337	338	1	-9999	0	-9999	0	2329.37	0.0038637	0.000666667	0	6	1	20	1	0.000666667	0.6	6.94444e-05	
338	339	1	-9999	0	-9999	0	2332.74	0.0115744	0.000666667	0	6	1	20	1	0.000666667	0.6	6.94444e-05	
339	340	1	-9999	0	-9999	0	2332.93	0.000857291	0.000666667	0	6	1	20	1	0.000666667	0.6	6.94444e-05	
340	341	1	-9999	0	-9999	0	2375.37	0.00336789	0.000666667	0	6	1	20	1	0.000666667	0.6	6.94444e-05	
341	342	1	-9999	0	-9999	0	2302.15	0.00130313	0.000666667	0	6	1	20	1	0.000666667	0.6	6.94444e-05	
342	255	1	-9999	0	-9999	0	2328.3	0.0012885	0.000666667	0	6	1	20	1	0.000666667	0.6	6.94444e-05	
343	344	1	-9999	0	-9999	0	1911.88	0.00261522	0.000666667	0	6	1	20	1	0.000666667	0.6	6.94444e-05	
344	345	1	-9999	0	-9999	0	1865.97	0.00321549	0.000666667	0	6	1	20	1	0.000666667	0.6	6.94444e-05	
345	346	1	-9999	0	-9999	0	1910	0.00366492	0.000666667	0	6	1	20	1	0.000666667	0.6	6.94444e-05	
346	347	1	-9999	0	-9999	0	1820.02	0.00714277	0.000666667	0	6	1	20	1	0.000666667	0.6	6.94444e-05	
347	348	1	-9999	0	-9999	0	1889.68	0.00370433	0.000666667	0	6	1	20	1	0.000666667	0.6	6.94444e-05	
348	335	1	-9999	0	-9999	0	1910.86	0.00104665	0.000666667	0	6	1	20	1	0.000666667	0.6	6.94444e-05	
349	350	1	-9999	0	-9999	0	2172.67	0.00690394	0.000666667	0	6	1	20	1	0.000666667	0.6	6.94444e-05	
350	343	1	-9999	0	-9999	0	2096.95	0.00429195	0.000666667	0	6	1	20	1	0.000666667	0.6	6.94444e-05	
351	352	1	-9999	0	-9999	0	1771.84	0.0004	0.000666667	0	6	1	20	1	0.000666667	0.6	6.94444e-05	
352	353	1	-9999	0	-9999	0	1770.06	0.00621447	0.000666667	0	6	1	20	1	0.000666667	0.6	6.94444e-05	
353	354	1	-9999	0	-9999	0	1774.41	0.00507212	0.000666667	0	6	1	20	1	0.000666667	0.6	6.94444e-05	
354	349	1	-9999	0	-9999	0	1795.55	0.00278467	0.000666667	0	6	1	20	1	0.000666667	0.6	6.94444e-05	
355	356	1	-9999	0	-9999	0	2380.01	0.00420166	0.000666667	0	6	1	20	1	0.000666667	0.6	6.94444e-05	
356	357	1	-9999	0	-9999	0	2377.53	0.00462666	0.000666667	0	6	1	20	1	0.000666667	0.6	6.94444e-05	
357	358	1	-9999	0	-9999	0	2310.72	0.00605873	0.000666667	0	6	1	20	1	0.000666667	0.6	6.94444e-05	
358	359	1	-9999	0	-9999	0	2424.54	0.00618674	0.000666667	0	6	1	20	1	0.000666667	0.6	6.94444e-05	
359	360	1	-9999	0	-9999	0	2371.63	0.00126495	0.000666667	0	6	1	20	1	0.000666667	0.6	6.94444e-05	
360	361	1	-9999	0	-9999	0	2335.81	0.00470929	0.000666667	0	6	1	20	1	0.000666667	0.6	6.94444e-05	
361	362	1	-9999	0	-9999	0	2400.87	0.0024991	0.000666667	0	6	1	20	1	0.000666667	0.6	6.94444e-05	
362	363	1	-9999	0	-9999	0	2383.27	0.000839183	0.000666667	0	6	1	20	1	0.000666667	0.6	6.94444e-05	
363	364	1	-9999	0	-9999	0	2382.42	0.00839481	0.000666667	0	6	1	20	1	0.000666667	0.6	6.94444e-05	
364	365	1	-9999	0	-9999	0	2379.65	0.00336184	0.000666667	0	6	1	20	1	0.000666667	0.6	6.94444e-05	
365	366	1	-9999	0	-9999	0	2317	0.00949502	0.000666667	0	6	1	20	1	0.000666667	0.6	6.94444e-05	
366	367	1	-9999	0	-9999	0	2412.25	0.00538917	0.000666667	0	6	1	20	1	0.000666667	0.6	6.94444e-05	
367	368	1	-9999	0	-9999	0	2434.24	0.00944851	0.000666667	0	6	1	20	1	0.000666667	0.6	6.94444e-05	
368	369	1	-9999	0	-9999	0	2366.46	0.00718373	0.000666667	0	6	1	20	1	0.000666667	0.6	6.94444e-05	
369	370	1	-9999	0	-9999	0	2429.98	0.0032922	0.000666667	0	6	1	20	1	0.000666667	0.6	6.94444e-05	
370	371	1	-9999	0	-9999	0	2328.47	0.0077304	0.000666667	0	6	1	20	1	0.000666667	0.6	6.94444e-05	
371	372	1	-9999	0	-9999	0	2379.83	0.00378179	0.000666667	0	6	1	20	1	0.000666667	0.6	6.94444e-05	
372	373	1	-9999	0	-9999	0	2357.89	0.00424107	0.000666667	0	6	1	20	1	0.000666667	0.6	6.94444e-05	
373	374	1	-9999	0	-9999	0	2382.73	0.006715	0.000666667	0	6	1	20	1	0.000666667	0.6	6.94444e-05	
374	375	1	-9999	0	-9999	0	2339.66	0.0034193	0.000666667	0	6	1	20	1	0.000666667	0.6	6.94444e-05	
375	376	1	-9999	0	-9999	0	2334.12	0.00299899	0.000666667	0	6	1	20	1	0.000666667	0.6	6.94444e-05	
376	377	1	-9999	0	-9999	0	2403.64	0.00956884	0.000666667	0	6	1	20	1	0.000666667	0.6	6.94444e-05	
377	378	1	-9999	0	-9999	0	2334.86	0.0051395	0.000666667	0	6	1	20	1	0.000666667	0.6	6.94444e-05	
378	379	1	-9999	0	-9999	0	2403.64	0.00083207	0.000666667	0	6	1	20	1	0.000666667	0.6	6.94444e-05	
379	380	1	-9999	0	-9999	0	2378.96	0.00714598	0.000666667	0	6	1	20	1	0.000666667	0.6	6.94444e-05	
380	329	1	-9999	0	-9999	0	2402.09	0.00291412	0.000666667	0	6	1	20	1	0.000666667	0.6	6.94444e-05	
381	382	1	-9999	0	-9999	0	1818.9	0.00604762	0.000666667	0	6	1	20	1	0.000666667	0.6	6.94444e-05	
382	383	1	-9999	0	-9999	0	1886.04	0.00424168	0.000666667	0	6	1	20	1	0.000666667	0.6	6.94444e-05	
383	384	1	-9999	0	-9999	0	1839.3	0.0004	0.000666667	0	6	1	20	1	0.000666667	0.6	6.94444e-05	
384	314	1	-9999	0	-9999	0	1885.9	0.0121958	0.000666667	0	6	1	20	1	0.000666667	0.6	6.94444e-05	
385	381	1	-9999	0	-9999	0	2955.9	0.00372137	0.000666667	0	6	1	20	1	0.000666667	0.6	6.94444e-05	
386	387	1	-9999	0	-9999	0	2126.87	0.00658244	0.000666667	0	6	1	20	1	0.000666667	0.6	6.94444e-05	
387	388	1	-9999	0	-9999	0	2081.08	0.00816883	0.000666667	0	6	1	20	1	0.000666667	0.6	6.94444e-05	
388	389	1	-9999	0	-9999	0	2117.38	0.000472282	0.000666667	0	6	1	20	1	0.000666667	0.6	6.94444e-05	
389	390	1	-9999	0	-9999	0	2098.02	0.0128693	0.000666667	0	6	1	20	1	0.000666667	0.6	6.94444e-05	
390	391	1	-9999	0	-9999	0	2148.24	0.000930997	0.000666667	0	6	1	20	1	0.000666667	0.6	6.94444e-05	
391	392	1	-9999	0	-9999	0	2099.71	0.0042863	0.000666667	0	6	1	20	1	0.000666667	0.6	6.94444e-05	
392	393	1	-9999	0	-9999	0	2101.54	0.00666178	0.000666667	0	6	1	20	1	0.000666667	0.6	6.94444e-05	
393	394	1	-9999	0	-9999	0	2076.93	0.0105926	0.000666667	0	6	1	20	1	0.000666667	0.6	6.94444e-05	
394	395	1	-9999	0	-9999	0	2166.89	0.00276895	0.000666667	0	6	1	20	1	0.000666667	0.6	6.94444e-05	
395	351	1	-9999	0	-9999	0	2072.53	0.00434251	0.000666667	0	6	1	20	1	0.000666667	0.6	6.94444e-05	
396	312	5	-9999	0	-9999	0	1612.88	0.00372004	0.000666667	0	8	1	100	1	0.000666667	0.6	6.94444e-05	
397	398	5	-9999	0	-9999	0	2170.46	0.000921463	0.000666667	0	8	1	100	1	0.000666667	0.6	6.94444e-05	
398	396	5	-9999	0	-9999	0	2223.86	0.000899338	0.000666667	0	8	1	100	1	0.000666667	0.6	6.94444e-05	
399	397	5	-9999	0	-9999	0	2823.62	0.00106247	0.000666667	0	8	1	100	1	0.000666667	0.6	6.94444e-05	
400	401	5	-9999	0	-9999	0	2553.06	0.00156675	0.000666667	0	8	1	100	1	0.000666667	0.6	6.94444e-05	
401	399	5	-9999	0	-9999	0	2593.8	0.000771071	0.000666667	0	8	1	100	1	0.000666667	0.6	6.94444e-05	
402	403	5	-9999	0	-9999	0	2079.88	0.00144239	0.000666667	0	8	1	100	1	0.000666667	0.6	6.94444e-05	
403	404	5	-9999	0	-9999	0	2122.34	0.00188471	0.000666667	0	8	1	100	1	0.000666667	0.6	6.94444e-05	
404	405	5	-9999	0	-9999	0	2104.35	0.000475206	0.000666667	0	8	1	100	1	0.000666667	0.6	6.94444e-05	
405	400	5	-9999	0	-9999	0	2080.31	0.0004	0.000666667	0	8	1	100	1	0.000666667	0.6	6.94444e-05	
406	402	5	-9999	0	-9999	0	2541.77	0.0004	0.000666667	0	8	1	100	1	0.000666667	0.6	6.94444e-05	
407	408	5	-9999	0	-9999	0	1538.31	0.0004	0.000666667	0	8	1	100	1	0.000666667	0.6	6.94444e-05	
408	406	5	-9999	0	-9999	0	1654.77	0.00302157	0.000666667	0	8	1	100	1	0.000666667	0.6	6.94444e-05	
409	407	5	-9999	0	-9999	0	465.983	0.008584	0.000666667	0	8	1	100	1	0.000666667	0.6	6.94444e-05	
410	411	5	-9999	0	-9999	0	2195.1	0.0004	0.000666667	0	8	1	100	1	0.000666667	0.6	6.94444e-05	
411	409	5	-9999	0	-9999	0	2168.84	0.00184431	0.000666667	0	8	1	100	1	0.000666667	0.6	6.94444e-05	
412	413	4	-9999	0	-9999	0	2336.84	0.000855856	0.000666667	0	7.5	1	80	1	0.000666667	0.6	6.94444e-05	
413	410	4	-9999	0	-9999	0	2407.47	0.00290761	0.000666667	0	7.5	1	80	1	0.000666667	0.6	6.94444e-05	
414	415	4	-9999	0	-9999	0	2714.97	0.00147331	0.000666667	0	7.5	1	80	1	0.000666667	0.6	6.94444e-05	
415	412	4	-9999	0	-9999	0	2664.75	0.0004	0.000666667	0	7.5	1	80	1	0.000666667	0.6	6.94444e-05	
416	417	4	-9999	0	-9999	0	2156.69	0.0004	0.000666667	0	7.5	1	80	1	0.000666667	0.6	6.94444e-05	
417	418	4	-9999	0	-9999	0	2057.31	0.0004	0.000666667	0	7.5	1	80	1	0.000666667	0.6	6.94444e-05	
418	419	4	-9999	0	-9999	0	2082.42	0.0004	0.000666667	0	7.5	1	80	1	0.000666667	0.6	6.94444e-05	
419	414	4	-9999	0	-9999	0	2058.39	0.0004	0.000666667	0	7.5	1	80	1	0.000666667	0.6	6.94444e-05	
420	416	4	-9999	0	-9999	0	116.534	0.0429061	0.000666667	0	7.5	1	80	1	0.000666667	0.6	6.94444e-05	
421	420	4	-9999	0	-9999	0	2554.19	0.00234908	0.000666667	0	7.5	1	80	1	0.000666667	0.6	6.94444e-05	
422	423	4	-9999	0	-9999	0	2312.5	0.00389189	0.000666667	0	7.5	1	80	1	0.000666667	0.6	6.94444e-05	
423	424	4	-9999	0	-9999	0	2246.19	0.0004	0.000666667	0	7.5	1	80	1	0.000666667	0.6	6.94444e-05	
424	425	4	-9999	0	-9999	0	2220.98	0.000450251	0.000666667	0	7.5	1	80	1	0.000666667	0.6	6.94444e-05	
425	421	4	-9999	0	-9999	0	2244.92	0.0004	0.000666667	0	7.5	1	80	1	0.000666667	0.6	6.94444e-05	
426	422	4	-9999	0	-9999	0	607.831	0.0004	0.000666667	0	7.5	1	80	1	0.000666667	0.6	6.94444e-05	
427	428	4	-9999	0	-9999	0	2148.15	0.0004	0.000666667	0	7.5	1	80	1	0.000666667	0.6	6.94444e-05	
428	426	4	-9999	0	-9999	0	2143.52	0.00513175	0.000666667	0	7.5	1	80	1	0.000666667	0.6	6.94444e-05	
429	427	4	-9999	0	-9999	0	1640.92	0.0004	0.000666667	0	7.5	1	80	1	0.000666667	0.6	6.94444e-05	
430	429	4	-9999	0	-9999	0	1120.99	0.00535243	0.000666667	0	7.5	1	80	1	0.000666667	0.6	6.94444e-05	
431	432	4	-9999	0	-9999	0	2081.88	0.0004	0.000666667	0	7.5	1	80	1	0.000666667	0.6	6.94444e-05	
432	430	4	-9999	0	-9999	0	2036.24	0.0009822	0.000666667	0	7.5	1	80	1	0.000666667	0.6	6.94444e-05	
433	431	4	-9999	0	-9999	0	70.8411	0.0988127	0.000666667	0	7.5	1	80	1	0.000666667	0.6	6.94444e-05	
434	435	4	-9999	0	-9999	0	1544.91	0.00388371	0.000666667	0	7.5	1	80	1	0.000666667	0.6	6.94444e-05	
435	436	4	-9999	0	-9999	0	1520.9	0.00591755	0.000666667	0	7.5	1	80	1	0.000666667	0.6	6.94444e-05	
436	437	4	-9999	0	-9999	0	1588.34	0.0004	0.000666667	0	7.5	1	80	1	0.000666667	0.6	6.94444e-05	
437	433	4	-9999	0	-9999	0	1566.63	0.00191493	0.000666667	0	7.5	1	80	1	0.000666667	0.6	6.94444e-05	
438	439	4	-9999	0	-9999	0	2202	0.00454132	0.000666667	0	7.5	1	80	1	0.000666667	0.6	6.94444e-05	
439	434	4	-9999	0	-9999	0	2144.87	0.0004	0.000666667	0	7.5	1	80	1	0.000666667	0.6	6.94444e-05	
440	438	4	-9999	0	-9999	0	2783.69	0.0004	0.000666667	0	7.5	1	80	1	0.000666667	0.6	6.94444e-05	
441	440	4	-9999	0	-9999	0	1912.97	0.00104549	0.000666667	0	7.5	1	80	1	0.000666667	0.6	6.94444e-05	
442	443	4	-9999	0	-9999	0	1963.44	0.0004	0.000666667	0	7.5	1	80	1	0.000666667	0.6	6.94444e-05	
443	444	4	-9999	0	-9999	0	2035.49	0.0004	0.000666667	0	7.5	1	80	1	0.000666667	0.6	6.94444e-05	
444	445	4	-9999	0	-9999	0	2012.59	0.00198749	0.000666667	0	7.5	1	80	1	0.000666667	0.6	6.94444e-05	
445	446	4	-9999	0	-9999	0	2042.37	0.00244814	0.000666667	0	7.5	1	80	1	0.000666667	0.6	6.94444e-05	
446	447	4	-9999	0	-9999	0	2079.97	0.0004	0.000666667	0	7.5	1	80	1	0.000666667	0.6	6.94444e-05	
447	441	4	-9999	0	-9999	0	2033.05	0.00590247	0.000666667	0	7.5	1	80	1	0.000666667	0.6	6.94444e-05	
448	442	4	-9999	0	-9999	0	1944	0.00154321	0.000666667	0	7.5	1	80	1	0.000666667	0.6	6.94444e-05	
449	450	4	-9999	0	-9999	0	2169.02	0.0004	0.000666667	0	7.5	1	80	1	0.000666667	0.6	6.94444e-05	
450	451	4	-9999	0	-9999	0	2106.2	0.0118697	0.000666667	0	7.5	1	80	1	0.000666667	0.6	6.94444e-05	
451	452	4	-9999	0	-9999	0	2150.75	0.0004	0.000666667	0	7.5	1	80	1	0.000666667	0.6	6.94444e-05	
452	453	4	-9999	0	-9999	0	2099.28	0.0004	0.000666667	0	7.5	1	80	1	0.000666667	0.6	6.94444e-05	
453	454	4	-9999	0	-9999	0	2081.12	0.00240255	0.000666667	0	7.5	1	80	1	0.000666667	0.6	6.94444e-05	
454	448	4	-9999	0	-9999	0	2171.42	0.0004	0.000666667	0	7.5	1	80	1	0.000666667	0.6	6.94444e-05	
455	456	4	-9999	0	-9999	0	2430.26	0.0004	0.000666667	0	7.5	1	80	1	0.000666667	0.6	6.94444e-05	
456	457	4	-9999	0	-9999	0	2478.53	0.0004	0.000666667	0	7.5	1	80	1	0.000666667	0.6	6.94444e-05	
457	458	4	-9999	0	-9999	0	2473.85	0.0125311	0.000666667	0	7.5	1	80	1	0.000666667	0.6	6.94444e-05	
458	459	4	-9999	0	-9999	0	2508.07	0.0004	0.000666667	0	7.5	1	80	1	0.000666667	0.6	6.94444e-05	
459	460	4	-9999	0	-9999	0	2485.08	0.00563362	0.000666667	0	7.5	1	80	1	0.000666667	0.6	6.94444e-05	
460	461	4	-9999	0	-9999	0	2530.25	0.0043474	0.000666667	0	7.5	1	80	1	0.000666667	0.6	6.94444e-05	
461	462	4	-9999	0	-9999	0	2430.5	0.00411438	0.000666667	0	7.5	1	80	1	0.000666667	0.6	6.94444e-05	
462	463	4	-9999	0	-9999	0	2505.82	0.0004	0.000666667	0	7.5	1	80	1	0.000666667	0.6	6.94444e-05	
463	464	4	-9999	0	-9999	0	2536.87	0.000788372	0.000666667	0	7.5	1	80	1	0.000666667	0.6	6.94444e-05	
464	465	4	-9999	0	-9999	0	2462.86	0.00406032	0.000666667	0	7.5	1	80	1	0.000666667	0.6	6.94444e-05	
465	466	4	-9999	0	-9999	0	2465.43	0.0004	0.000666667	0	7.5	1	80	1	0.000666667	0.6	6.94444e-05	
466	467	4	-9999	0	-9999	0	2469.32	0.00121491	0.000666667	0	7.5	1	80	1	0.000666667	0.6	6.94444e-05	
467	468	4	-9999	0	-9999	0	2499.79	0.0004	0.000666667	0	7.5	1	80	1	0.000666667	0.6	6.94444e-05	
468	469	4	-9999	0	-9999	0	2446.17	0.00204401	0.000666667	0	7.5	1	80	1	0.000666667	0.6	6.94444e-05	
469	470	4	-9999	0	-9999	0	2515.73	0.0043725	0.000666667	0	7.5	1	80	1	0.000666667	0.6	6.94444e-05	
470	471	4	-9999	0	-9999	0	2515.54	0.0004	0.000666667	0	7.5	1	80	1	0.000666667	0.6	6.94444e-05	
471	472	4	-9999	0	-9999	0	2403.81	0.000416007	0.000666667	0	7.5	1	80	1	0.000666667	0.6	6.94444e-05	
472	473	4	-9999	0	-9999	0	2510.23	0.0004	0.000666667	0	7.5	1	80	1	0.000666667	0.6	6.94444e-05	
473	474	4	-9999	0	-9999	0	2517.51	0.0004	0.000666667	0	7.5	1	80	1	0.000666667	0.6	6.94444e-05	
474	475	4	-9999	0	-9999	0	2465.55	0.0004	0.000666667	0	7.5	1	80	1	0.000666667	0.6	6.94444e-05	
475	476	4	-9999	0	-9999	0	2523.15	0.00475595	0.000666667	0	7.5	1	80	1	0.000666667	0.6	6.94444e-05	
476	477	4	-9999	0	-9999	0	2488.11	0.00321529	0.000666667	0	7.5	1	80	1	0.000666667	0.6	6.94444e-05	
477	478	4	-9999	0	-9999	0	2423.01	0.0004	0.000666667	0	7.5	1	80	1	0.000666667	0.6	6.94444e-05	
478	449	4	-9999	0	-9999	0	2514.21	0.0004	0.000666667	0	7.5	1	80	1	0.000666667	0.6	6.94444e-05	
479	480	5	-9999	0	-9999	0	2073.77	0.00964426	0.000666667	0	8	1	100	1	0.000666667	0.6	6.94444e-05	
480	481	5	-9999	0	-9999	0	1990.01	0.000502511	0.000666667	0	8	1	100	1	0.000666667	0.6	6.94444e-05	
481	482	5	-9999	0	-9999	0	2104.18	0.0004	0.000666667	0	8	1	100	1	0.000666667	0.6	6.94444e-05	
482	483	5	-9999	0	-9999	0	2033.26	0.00590186	0.000666667	0	8	1	100	1	0.000666667	0.6	6.94444e-05	
483	484	5	-9999	0	-9999	0	1989.59	0.0004	0.000666667	0	8	1	100	1	0.000666667	0.6	6.94444e-05	
484	410	5	-9999	0	-9999	0	2080.92	0.000961114	0.000666667	0	8	1	100	1	0.000666667	0.6	6.94444e-05	
485	486	5	-9999	0	-9999	0	2164.69	0.00184784	0.000666667	0	8	1	100	1	0.000666667	0.6	6.94444e-05	
486	487	5	-9999	0	-9999	0	2117.73	0.00141661	0.000666667	0	8	1	100	1	0.000666667	0.6	6.94444e-05	
487	488	5	-9999	0	-9999	0	2143.95	0.00279857	0.000666667	0	8	1	100	1	0.000666667	0.6	6.94444e-05	
488	489	5	-9999	0	-9999	0	2188.34	0.0004	0.000666667	0	8	1	100	1	0.000666667	0.6	6.94444e-05	
489	490	5	-9999	0	-9999	0	2084.18	0.00431825	0.000666667	0	8	1	100	1	0.000666667	0.6	6.94444e-05	
490	479	5	-9999	0	-9999	0	2175.52	0.0004	0.000666667	0	8	1	100	1	0.000666667	0.6	6.94444e-05	
491	492	3	-9999	0	-9999	0	1568.02	0.0004	0.000666667	0	7	1	60	1	0.000666667	0.6	6.94444e-05	
492	449	3	-9999	0	-9999	0	1679.95	0.0004	0.000666667	0	7	1	60	1	0.000666667	0.6	6.94444e-05	
493	429	1	-9999	0	-9999	0	1260.45	0.00079337	0.000666667	0	6	1	20	1	0.000666667	0.6	6.94444e-05	
494	495	3	-9999	0	-9999	0	2307.4	0.0004	0.000666667	0	7	1	60	1	0.000666667	0.6	6.94444e-05	
495	496	3	-9999	0	-9999	0	2335.05	0.0004	0.000666667	0	7	1	60	1	0.000666667	0.6	6.94444e-05	
496	497	3	-9999	0	-9999	0	2357.88	0.0004	0.000666667	0	7	1	60	1	0.000666667	0.6	6.94444e-05	
497	498	3	-9999	0	-9999	0	2312.04	0.000865037	0.000666667	0	7	1	60	1	0.000666667	0.6	6.94444e-05	
498	499	3	-9999	0	-9999	0	2292.71	0.0004	0.000666667	0	7	1	60	1	0.000666667	0.6	6.94444e-05	
499	491	3	-9999	0	-9999	0	2381.76	0.00335886	0.000666667	0	7	1	60	1	0.000666667	0.6	6.94444e-05	
500	494	3	-9999	0	-9999	0	491.424	0.0020349	0.000666667	0	7	1	60	1	0.000666667	0.6	6.94444e-05	
501	500	3	-9999	0	-9999	0	1963.36	0.000509331	0.000666667	0	7	1	60	1	0.000666667	0.6	6.94444e-05	
502	503	3	-9999	0	-9999	0	2175.99	0.0004	0.000666667	0	7	1	60	1	0.000666667	0.6	6.94444e-05	
503	501	3	-9999	0	-9999	0	2148.48	0.00232723	0.000666667	0	7	1	60	1	0.000666667	0.6	6.94444e-05	
504	502	3	-9999	0	-9999	0	1497.19	0.0004	0.000666667	0	7	1	60	1	0.000666667	0.6	6.94444e-05	
505	504	3	-9999	0	-9999	0	2973.86	0.00168132	0.000666667	0	7	1	60	1	0.000666667	0.6	6.94444e-05	
506	507	3	-9999	0	-9999	0	1539.36	0.0004	0.000666667	0	7	1	60	1	0.000666667	0.6	6.94444e-05	
507	505	3	-9999	0	-9999	0	1475.5	0.0004	0.000666667	0	7	1	60	1	0.000666667	0.6	6.94444e-05	
508	506	3	-9999	0	-9999	0	1497.15	0.000667934	0.000666667	0	7	1	60	1	0.000666667	0.6	6.94444e-05	
509	510	3	-9999	0	-9999	0	2663	0.0004	0.000666667	0	7	1	60	1	0.000666667	0.6	6.94444e-05	
510	508	3	-9999	0	-9999	0	2665.15	0.00150085	0.000666667	0	7	1	60	1	0.000666667	0.6	6.94444e-05	
511	509	3	-9999	0	-9999	0	788.487	0.00126825	0.000666667	0	7	1	60	1	0.000666667	0.6	6.94444e-05	
512	513	2	-9999	0	-9999	0	1887.87	0.00423757	0.000666667	0	6.5	1	40	1	0.000666667	0.6	6.94444e-05	
513	514	2	-9999	0	-9999	0	2000.89	0.0004	0.000666667	0	6.5	1	40	1	0.000666667	0.6	6.94444e-05	
514	515	2	-9999	0	-9999	0	1867.1	0.0004	0.000666667	0	6.5	1	40	1	0.000666667	0.6	6.94444e-05	
515	516	2	-9999	0	-9999	0	1962.93	0.0004	0.000666667	0	6.5	1	40	1	0.000666667	0.6	6.94444e-05	
516	517	2	-9999	0	-9999	0	1893.18	0.0004	0.000666667	0	6.5	1	40	1	0.000666667	0.6	6.94444e-05	
517	416	2	-9999	0	-9999	0	1998.37	0.00600488	0.000666667	0	6.5	1	40	1	0.000666667	0.6	6.94444e-05	
518	519	2	-9999	0	-9999	0	2119.01	0.000943835	0.000666667	0	6.5	1	40	1	0.000666667	0.6	6.94444e-05	
519	520	2	-9999	0	-9999	0	2195.7	0.00227718	0.000666667	0	6.5	1	40	1	0.000666667	0.6	6.94444e-05	
520	521	2	-9999	0	-9999	0	2214.9	0.0004	0.000666667	0	6.5	1	40	1	0.000666667	0.6	6.94444e-05	
521	512	2	-9999	0	-9999	0	2147.48	0.00325963	0.000666667	0	6.5	1	40	1	0.000666667	0.6	6.94444e-05	
522	523	1	-9999	0	-9999	0	1753.17	0.0004	0.000666667	0	6	1	20	1	0.000666667	0.6	6.94444e-05	
523	524	1	-9999	0	-9999	0	1751.99	0.00228312	0.000666667	0	6	1	20	1	0.000666667	0.6	6.94444e-05	
524	525	1	-9999	0	-9999	0	1794.64	0.0004	0.000666667	0	6	1	20	1	0.000666667	0.6	6.94444e-05	
525	399	1	-9999	0	-9999	0	1777.72	0.000562518	0.000666667	0	6	1	20	1	0.000666667	0.6	6.94444e-05	
526	527	2	-9999	0	-9999	0	2099.37	0.002858	0.000666667	0	6.5	1	40	1	0.000666667	0.6	6.94444e-05	
527	528	2	-9999	0	-9999	0	2171.5	0.0004	0.000666667	0	6.5	1	40	1	0.000666667	0.6	6.94444e-05	
528	529	2	-9999	0	-9999	0	2059.57	0.0004	0.000666667	0	6.5	1	40	1	0.000666667	0.6	6.94444e-05	
529	530	2	-9999	0	-9999	0	2105.3	0.00379994	0.000666667	0	6.5	1	40	1	0.000666667	0.6	6.94444e-05	
530	531	2	-9999	0	-9999	0	2052.66	0.0004	0.000666667	0	6.5	1	40	1	0.000666667	0.6	6.94444e-05	
531	509	2	-9999	0	-9999	0	2165.73	0.0083113	0.000666667	0	6.5	1	40	1	0.000666667	0.6	6.94444e-05	
532	533	2	-9999	0	-9999	0	1582.69	0.00442285	0.000666667	0	6.5	1	40	1	0.000666667	0.6	6.94444e-05	
533	526	2	-9999	0	-9999	0	1587.33	0.0004	0.000666667	0	6.5	1	40	1	0.000666667	0.6	6.94444e-05	
534	535	2	-9999	0	-9999	0	2077.35	0.0004	0.000666667	0	6.5	1	40	1	0.000666667	0.6	6.94444e-05	
535	532	2	-9999	0	-9999	0	2099.18	0.0004	0.000666667	0	6.5	1	40	1	0.000666667	0.6	6.94444e-05	
536	537	2	-9999	0	-9999	0	2709.5	0.0004	0.000666667	0	6.5	1	40	1	0.000666667	0.6	6.94444e-05	
537	534	2	-9999	0	-9999	0	2751.67	0.00109025	0.000666667	0	6.5	1	40	1	0.000666667	0.6	6.94444e-05	
538	539	1	-9999	0	-9999	0	2407.86	0.0004	0.000666667	0	6	1	20	1	0.000666667	0.6	6.94444e-05	
539	540	1	-9999	0	-9999	0	2353.6	0.00042488	0.000666667	0	6	1	20	1	0.000666667	0.6	6.94444e-05	
540	541	1	-9999	0	-9999	0	2283.72	0.000875764	0.000666667	0	6	1	20	1	0.000666667	0.6	6.94444e-05	
541	542	1	-9999	0	-9999	0	2382.03	0.00335848	0.000666667	0	6	1	20	1	0.000666667	0.6	6.94444e-05	
542	543	1	-9999	0	-9999	0	2348.42	0.00596144	0.000666667	0	6	1	20	1	0.000666667	0.6	6.94444e-05	
543	544	1	-9999	0	-9999	0	2397.47	0.00667371	0.000666667	0	6	1	20	1	0.000666667	0.6	6.94444e-05	
544	545	1	-9999	0	-9999	0	2307.02	0.00130038	0.000666667	0	6	1	20	1	0.000666667	0.6	6.94444e-05	
545	546	1	-9999	0	-9999	0	2382.26	0.0004	0.000666667	0	6	1	20	1	0.000666667	0.6	6.94444e-05	
546	547	1	-9999	0	-9999	0	2325.11	0.00129026	0.000666667	0	6	1	20	1	0.000666667	0.6	6.94444e-05	
547	548	1	-9999	0	-9999	0	2376.23	0.0012625	0.000666667	0	6	1	20	1	0.000666667	0.6	6.94444e-05	
548	549	1	-9999	0	-9999	0	2351.02	0.00170139	0.000666667	0	6	1	20	1	0.000666667	0.6	6.94444e-05	
549	550	1	-9999	0	-9999	0	2381.32	0.0012598	0.000666667	0	6	1	20	1	0.000666667	0.6	6.94444e-05	
550	551	1	-9999	0	-9999	0	2326.81	0.00257863	0.000666667	0	6	1	20	1	0.000666667	0.6	6.94444e-05	
551	552	1	-9999	0	-9999	0	2353.78	0.0004	0.000666667	0	6	1	20	1	0.000666667	0.6	6.94444e-05	
552	553	1	-9999	0	-9999	0	2378.57	0.00126126	0.000666667	0	6	1	20	1	0.000666667	0.6	6.94444e-05	
553	522	1	-9999	0	-9999	0	2301.45	0.00260706	0.000666667	0	6	1	20	1	0.000666667	0.6	6.94444e-05	
554	555	2	-9999	0	-9999	0	1940.45	0.00154603	0.000666667	0	6.5	1	40	1	0.000666667	0.6	6.94444e-05	
555	556	2	-9999	0	-9999	0	1864.52	0.00482697	0.000666667	0	6.5	1	40	1	0.000666667	0.6	6.94444e-05	
556	557	2	-9999	0	-9999	0	1887.28	0.0004	0.000666667	0	6.5	1	40	1	0.000666667	0.6	6.94444e-05	
557	558	2	-9999	0	-9999	0	1887.18	0.00052989	0.000666667	0	6.5	1	40	1	0.000666667	0.6	6.94444e-05	
558	559	2	-9999	0	-9999	0	1890.64	0.00211568	0.000666667	0	6.5	1	40	1	0.000666667	0.6	6.94444e-05	
559	560	2	-9999	0	-9999	0	1953.13	0.00358399	0.000666667	0	6.5	1	40	1	0.000666667	0.6	6.94444e-05	
560	561	2	-9999	0	-9999	0	1953.05	0.000512021	0.000666667	0	6.5	1	40	1	0.000666667	0.6	6.94444e-05	
561	536	2	-9999	0	-9999	0	1841	0.00271592	0.000666667	0	6.5	1	40	1	0.000666667	0.6	6.94444e-05	
562	563	1	-9999	0	-9999	0	1915.27	0.00417696	0.000666667	0	6	1	20	1	0.000666667	0.6	6.94444e-05	
563	508	1	-9999	0	-9999	0	1966.85	0.0004	0.000666667	0	6	1	20	1	0.000666667	0.6	6.94444e-05	
564	565	2	-9999	0	-9999	0	2239.76	0.0004	0.000666667	0	6.5	1	40	1	0.000666667	0.6	6.94444e-05	
565	566	2	-9999	0	-9999	0	2125.46	0.00141146	0.000666667	0	6.5	1	40	1	0.000666667	0.6	6.94444e-05	
566	567	2	-9999	0	-9999	0	2240.84	0.0004	0.000666667	0	6.5	1	40	1	0.000666667	0.6	6.94444e-05	
567	441	2	-9999	0	-9999	0	2175.73	0.00459616	0.000666667	0	6.5	1	40	1	0.000666667	0.6	6.94444e-05	
568	569	1	-9999	0	-9999	0	2235.11	0.00268443	0.000666667	0	6	1	20	1	0.000666667	0.6	6.94444e-05	
569	564	1	-9999	0	-9999	0	2308.38	0.00303243	0.000666667	0	6	1	20	1	0.000666667	0.6	6.94444e-05	
570	505	1	-9999	0	-9999	0	2820.38	0.00177281	0.000666667	0	6	1	20	1	0.000666667	0.6	6.94444e-05	
571	572	1	-9999	0	-9999	0	2115	0.00141844	0.000666667	0	6	1	20	1	0.000666667	0.6	6.94444e-05	
572	564	1	-9999	0	-9999	0	2145.94	0.00931994	0.000666667	0	6	1	20	1	0.000666667	0.6	6.94444e-05	
573	574	1	-9999	0	-9999	0	2138.32	0.00654721	0.000666667	0	6	1	20	1	0.000666667	0.6	6.94444e-05	
574	575	1	-9999	0	-9999	0	2212.39	0.008588	0.000666667	0	6	1	20	1	0.000666667	0.6	6.94444e-05	
575	576	1	-9999	0	-9999	0	2116.75	0.00755877	0.000666667	0	6	1	20	1	0.000666667	0.6	6.94444e-05	
576	577	1	-9999	0	-9999	0	2096.21	0.00858691	0.000666667	0	6	1	20	1	0.000666667	0.6	6.94444e-05	
577	578	1	-9999	0	-9999	0	2163.84	0.00970499	0.000666667	0	6	1	20	1	0.000666667	0.6	6.94444e-05	
578	579	1	-9999	0	-9999	0	2166.23	0.00784773	0.000666667	0	6	1	20	1	0.000666667	0.6	6.94444e-05	
579	580	1	-9999	0	-9999	0	2139.01	0.00981761	0.000666667	0	6	1	20	1	0.000666667	0.6	6.94444e-05	
580	562	1	-9999	0	-9999	0	2166.55	0.00369251	0.000666667	0	6	1	20	1	0.000666667	0.6	6.94444e-05	
581	582	1	-9999	0	-9999	0	1605.05	0.0004	0.000666667	0	6	1	20	1	0.000666667	0.6	6.94444e-05	
582	583	1	-9999	0	-9999	0	1541.84	0.00389146	0.000666667	0	6	1	20	1	0.000666667	0.6	6.94444e-05	
583	584	1	-9999	0	-9999	0	1672.51	0.00298951	0.000666667	0	6	1	20	1	0.000666667	0.6	6.94444e-05	
584	409	1	-9999	0	-9999	0	1558.08	0.0004	0.000666667	0	6	1	20	1	0.000666667	0.6	6.94444e-05	
585	586	1	-9999	0	-9999	0	1980.27	0.0100996	0.000666667	0	6	1	20	1	0.000666667	0.6	6.94444e-05	
586	587	1	-9999	0	-9999	0	2069.79	0.00434826	0.000666667	0	6	1	20	1	0.000666667	0.6	6.94444e-05	
587	588	1	-9999	0	-9999	0	1950.18	0.011281	0.000666667	0	6	1	20	1	0.000666667	0.6	6.94444e-05	
588	589	1	-9999	0	-9999	0	1956.8	0.00664351	0.000666667	0	6	1	20	1	0.000666667	0.6	6.94444e-05	
589	590	1	-9999	0	-9999	0	1953.63	0.0112611	0.000666667	0	6	1	20	1	0.000666667	0.6	6.94444e-05	
590	591	1	-9999	0	-9999	0	2046.29	0.0136833	0.000666667	0	6	1	20	1	0.000666667	0.6	6.94444e-05	
591	592	1	-9999	0	-9999	0	2053.16	0.0116893	0.000666667	0	6	1	20	1	0.000666667	0.6	6.94444e-05	
592	430	1	-9999	0	-9999	0	1981.32	0.0004	0.000666667	0	6	1	20	1	0.000666667	0.6	6.94444e-05	
593	594	1	-9999	0	-9999	0	2046.83	0.0004	0.000666667	0	6	1	20	1	0.000666667	0.6	6.94444e-05	
594	595	1	-9999	0	-9999	0	2162.39	0.033759	0.000666667	0	6	1	20	1	0.000666667	0.6	6.94444e-05	
595	596	1	-9999	0	-9999	0	2069.98	0.0130436	0.000666667	0	6	1	20	1	0.000666667	0.6	6.94444e-05	
596	597	1	-9999	0	-9999	0	2024.35	0.0202534	0.000666667	0	6	1	20	1	0.000666667	0.6	6.94444e-05	
597	598	1	-9999	0	-9999	0	2096.4	0.0004	0.000666667	0	6	1	20	1	0.000666667	0.6	6.94444e-05	
598	571	1	-9999	0	-9999	0	2101.01	0.011899	0.000666667	0	6	1	20	1	0.000666667	0.6	6.94444e-05	
599	600	1	-9999	0	-9999	0	1938.52	0.00309514	0.000666667	0	6	1	20	1	0.000666667	0.6	6.94444e-05	
600	581	1	-9999	0	-9999	0	2051.66	0.0004	0.000666667	0	6	1	20	1	0.000666667	0.6	6.94444e-05	
601	573	1	-9999	0	-9999	0	1510.05	0.0105957	0.000666667	0	6	1	20	1	0.000666667	0.6	6.94444e-05	
602	601	1	-9999	0	-9999	0	1072.15	0.00373081	0.000666667	0	6	1	20	1	0.000666667	0.6	6.94444e-05	
603	604	1	-9999	0	-9999	0	2021.69	0.0153337	0.000666667	0	6	1	20	1	0.000666667	0.6	6.94444e-05	
604	605	1	-9999	0	-9999	0	2093.59	0.00668707	0.000666667	0	6	1	20	1	0.000666667	0.6	6.94444e-05	
605	606	1	-9999	0	-9999	0	2026.13	0.0153001	0.000666667	0	6	1	20	1	0.000666667	0.6	6.94444e-05	
606	607	1	-9999	0	-9999	0	2044.86	0.0141819	0.000666667	0	6	1	20	1	0.000666667	0.6	6.94444e-05	
607	608	1	-9999	0	-9999	0	2022.1	0.013847	0.000666667	0	6	1	20	1	0.000666667	0.6	6.94444e-05	
608	609	1	-9999	0	-9999	0	2116.97	0.00755796	0.000666667	0	6	1	20	1	0.000666667	0.6	6.94444e-05	
609	610	1	-9999	0	-9999	0	2046.3	0.0122172	0.000666667	0	6	1	20	1	0.000666667	0.6	6.94444e-05	
610	611	1	-9999	0	-9999	0	2026.93	0.0004	0.000666667	0	6	1	20	1	0.000666667	0.6	6.94444e-05	
611	612	1	-9999	0	-9999	0	2049.91	0.0136592	0.000666667	0	6	1	20	1	0.000666667	0.6	6.94444e-05	
612	500	1	-9999	0	-9999	0	2000.93	0.0119945	0.000666667	0	6	1	20	1	0.000666667	0.6	6.94444e-05	
613	614	1	-9999	0	-9999	0	2417.82	0.0136486	0.000666667	0	6	1	20	1	0.000666667	0.6	6.94444e-05	
614	593	1	-9999	0	-9999	0	2373.27	0.0021068	0.000666667	0	6	1	20	1	0.000666667	0.6	6.94444e-05	
615	536	1	-9999	0	-9999	0	1584.97	0.0025237	0.000666667	0	6	1	20	1	0.000666667	0.6	6.94444e-05	
616	615	1	-9999	0	-9999	0	374.812	0.0004	0.000666667	0	6	1	20	1	0.000666667	0.6	6.94444e-05	
617	618	1	-9999	0	-9999	0	2006.17	0.0004	0.000666667	0	6	1	20	1	0.000666667	0.6	6.94444e-05	
618	619	1	-9999	0	-9999	0	2097.41	0.0004	0.000666667	0	6	1	20	1	0.000666667	0.6	6.94444e-05	
619	620	1	-9999	0	-9999	0	2048.03	0.0019531	0.000666667	0	6	1	20	1	0.000666667	0.6	6.94444e-05	
620	621	1	-9999	0	-9999	0	2050.29	0.0004	0.000666667	0	6	1	20	1	0.000666667	0.6	6.94444e-05	
621	622	1	-9999	0	-9999	0	2152.05	0.00557609	0.000666667	0	6	1	20	1	0.000666667	0.6	6.94444e-05	
622	623	1	-9999	0	-9999	0	2037.73	0.0004	0.000666667	0	6	1	20	1	0.000666667	0.6	6.94444e-05	
623	624	1	-9999	0	-9999	0	2055.88	0.00340487	0.000666667	0	6	1	20	1	0.000666667	0.6	6.94444e-05	
624	493	1	-9999	0	-9999	0	2055.81	0.000972851	0.000666667	0	6	1	20	1	0.000666667	0.6	6.94444e-05	
625	626	1	-9999	0	-9999	0	2839.01	0.0004	0.000666667	0	6	1	20	1	0.000666667	0.6	6.94444e-05	
626	502	1	-9999	0	-9999	0	2886.87	0.00242477	0.000666667	0	6	1	20	1	0.000666667	0.6	6.94444e-05	
627	494	1	-9999	0	-9999	0	1124.59	0.0053353	0.000666667	0	6	1	20	1	0.000666667	0.6	6.94444e-05	
628	629	1	-9999	0	-9999	0	2961.77	0.000675271	0.000666667	0	6	1	20	1	0.000666667	0.6	6.94444e-05	
629	627	1	-9999	0	-9999	0	2893.52	0.0044928	0.000666667	0	6	1	20	1	0.000666667	0.6	6.94444e-05	
630	506	1	-9999	0	-9999	0	1566.78	0.0004	0.000666667	0	6	1	20	1	0.000666667	0.6	6.94444e-05	
631	632	1	-9999	0	-9999	0	2096.54	0.0100165	0.000666667	0	6	1	20	1	0.000666667	0.6	6.94444e-05	
632	633	1	-9999	0	-9999	0	2005.22	0.0104727	0.000666667	0	6	1	20	1	0.000666667	0.6	6.94444e-05	
633	634	1	-9999	0	-9999	0	2046.54	0.00439766	0.000666667	0	6	1	20	1	0.000666667	0.6	6.94444e-05	
634	491	1	-9999	0	-9999	0	2067.18	0.0101588	0.000666667	0	6	1	20	1	0.000666667	0.6	6.94444e-05	
635	636	1	-9999	0	-9999	0	2912.68	0.00755317	0.000666667	0	6	1	20	1	0.000666667	0.6	6.94444e-05	
636	412	1	-9999	0	-9999	0	2899.77	0.0004	0.000666667	0	6	1	20	1	0.000666667	0.6	6.94444e-05	
637	638	5	-9999	0	-9999	0	1978.99	0.0004	0.000666667	0	8	1	100	1	0.000666667	0.6	6.94444e-05	
638	639	5	-9999	0	-9999	0	1983.83	0.00151223	0.000666667	0	8	1	100	1	0.000666667	0.6	6.94444e-05	
639	640	5	-9999	0	-9999	0	1936.8	0.0030979	0.000666667	0	8	1	100	1	0.000666667	0.6	6.94444e-05	
640	641	5	-9999	0	-9999	0	1933.02	0.0004	0.000666667	0	8	1	100	1	0.000666667	0.6	6.94444e-05	
641	642	5	-9999	0	-9999	0	1935.31	0.00206685	0.000666667	0	8	1	100	1	0.000666667	0.6	6.94444e-05	
642	485	5	-9999	0	-9999	0	2001.34	0.001499	0.000666667	0	8	1	100	1	0.000666667	0.6	6.94444e-05	
643	644	5	-9999	0	-9999	0	2118.24	0.00141627	0.000666667	0	8	1	100	1	0.000666667	0.6	6.94444e-05	
644	645	5	-9999	0	-9999	0	2047.01	0.000977034	0.000666667	0	8	1	100	1	0.000666667	0.6	6.94444e-05	
645	646	5	-9999	0	-9999	0	2046.92	0.000977075	0.000666667	0	8	1	100	1	0.000666667	0.6	6.94444e-05	
646	647	5	-9999	0	-9999	0	2115.22	0.000945528	0.000666667	0	8	1	100	1	0.000666667	0.6	6.94444e-05	
647	648	5	-9999	0	-9999	0	2054.66	0.0034069	0.000666667	0	8	1	100	1	0.000666667	0.6	6.94444e-05	
648	649	5	-9999	0	-9999	0	2119	0.0004	0.000666667	0	8	1	100	1	0.000666667	0.6	6.94444e-05	
649	650	5	-9999	0	-9999	0	2068.06	0.00145064	0.000666667	0	8	1	100	1	0.000666667	0.6	6.94444e-05	
650	651	5	-9999	0	-9999	0	2075.65	0.00289066	0.000666667	0	8	1	100	1	0.000666667	0.6	6.94444e-05	
651	652	5	-9999	0	-9999	0	2075.55	0.0004	0.000666667	0	8	1	100	1	0.000666667	0.6	6.94444e-05	
652	637	5	-9999	0	-9999	0	2075.41	0.00963668	0.000666667	0	8	1	100	1	0.000666667	0.6	6.94444e-05	
653	654	5	-9999	0	-9999	0	2423.39	0.0004	0.000666667	0	8	1	100	1	0.000666667	0.6	6.94444e-05	
654	655	5	-9999	0	-9999	0	2406.56	0.00373978	0.000666667	0	8	1	100	1	0.000666667	0.6	6.94444e-05	
655	656	5	-9999	0	-9999	0	2417.37	0.0119965	0.000666667	0	8	1	100	1	0.000666667	0.6	6.94444e-05	
656	657	5	-9999	0	-9999	0	2435.29	0.0004	0.000666667	0	8	1	100	1	0.000666667	0.6	6.94444e-05	
657	658	5	-9999	0	-9999	0	2342.54	0.00384199	0.000666667	0	8	1	100	1	0.000666667	0.6	6.94444e-05	
658	659	5	-9999	0	-9999	0	2431.84	0.0004	0.000666667	0	8	1	100	1	0.000666667	0.6	6.94444e-05	
659	660	5	-9999	0	-9999	0	2387.66	0.00837639	0.000666667	0	8	1	100	1	0.000666667	0.6	6.94444e-05	
660	661	5	-9999	0	-9999	0	2444.75	0.00531752	0.000666667	0	8	1	100	1	0.000666667	0.6	6.94444e-05	
661	662	5	-9999	0	-9999	0	2410.04	0.00041493	0.000666667	0	8	1	100	1	0.000666667	0.6	6.94444e-05	
662	663	5	-9999	0	-9999	0	2320.21	0.0004	0.000666667	0	8	1	100	1	0.000666667	0.6	6.94444e-05	
663	664	5	-9999	0	-9999	0	2359.74	0.0004	0.000666667	0	8	1	100	1	0.000666667	0.6	6.94444e-05	
664	665	5	-9999	0	-9999	0	2467.72	0.0004	0.000666667	0	8	1	100	1	0.000666667	0.6	6.94444e-05	
665	666	5	-9999	0	-9999	0	2360.82	0.00593013	0.000666667	0	8	1	100	1	0.000666667	0.6	6.94444e-05	
666	667	5	-9999	0	-9999	0	2421.93	0.00206447	0.000666667	0	8	1	100	1	0.000666667	0.6	6.94444e-05	
667	668	5	-9999	0	-9999	0	2397.58	0.0004	0.000666667	0	8	1	100	1	0.000666667	0.6	6.94444e-05	
668	643	5	-9999	0	-9999	0	2471.34	0.00242783	0.000666667	0	8	1	100	1	0.000666667	0.6	6.94444e-05	
669	511	2	-9999	0	-9999	0	2451.77	0.0004	0.000666667	0	6.5	1	40	1	0.000666667	0.6	6.94444e-05	
670	671	1	-9999	0	-9999	0	2057.14	0.0004	0.000666667	0	6	1	20	1	0.000666667	0.6	6.94444e-05	
671	672	1	-9999	0	-9999	0	2047.3	0.00683828	0.000666667	0	6	1	20	1	0.000666667	0.6	6.94444e-05	
672	673	1	-9999	0	-9999	0	2029.23	0.0004	0.000666667	0	6	1	20	1	0.000666667	0.6	6.94444e-05	
673	674	1	-9999	0	-9999	0	2091.57	0.00478109	0.000666667	0	6	1	20	1	0.000666667	0.6	6.94444e-05	
674	675	1	-9999	0	-9999	0	2098.63	0.0004	0.000666667	0	6	1	20	1	0.000666667	0.6	6.94444e-05	
675	676	1	-9999	0	-9999	0	2073.3	0.000964644	0.000666667	0	6	1	20	1	0.000666667	0.6	6.94444e-05	
676	677	1	-9999	0	-9999	0	2010.58	0.00248685	0.000666667	0	6	1	20	1	0.000666667	0.6	6.94444e-05	
677	678	1	-9999	0	-9999	0	2079.14	0.0004	0.000666667	0	6	1	20	1	0.000666667	0.6	6.94444e-05	
678	679	1	-9999	0	-9999	0	2059.86	0.00436923	0.000666667	0	6	1	20	1	0.000666667	0.6	6.94444e-05	
679	669	1	-9999	0	-9999	0	2099.69	0.00333383	0.000666667	0	6	1	20	1	0.000666667	0.6	6.94444e-05	
680	681	2	-9999	0	-9999	0	1860.91	0.00107474	0.000666667	0	6.5	1	40	1	0.000666667	0.6	6.94444e-05	
681	682	2	-9999	0	-9999	0	1774.31	0.0011272	0.000666667	0	6.5	1	40	1	0.000666667	0.6	6.94444e-05	
682	683	2	-9999	0	-9999	0	1818.7	0.0004	0.000666667	0	6.5	1	40	1	0.000666667	0.6	6.94444e-05	
683	684	2	-9999	0	-9999	0	1771.8	0.0004	0.000666667	0	6.5	1	40	1	0.000666667	0.6	6.94444e-05	
684	685	2	-9999	0	-9999	0	1822.23	0.0071341	0.000666667	0	6.5	1	40	1	0.000666667	0.6	6.94444e-05	
685	518	2	-9999	0	-9999	0	1778.88	0.0004	0.000666667	0	6.5	1	40	1	0.000666667	0.6	6.94444e-05	
686	687	2	-9999	0	-9999	0	1725.63	0.0004	0.000666667	0	6.5	1	40	1	0.000666667	0.6	6.94444e-05	
687	688	2	-9999	0	-9999	0	1681.17	0.00594825	0.000666667	0	6.5	1	40	1	0.000666667	0.6	6.94444e-05	
688	689	2	-9999	0	-9999	0	1768.61	0.00565416	0.000666667	0	6.5	1	40	1	0.000666667	0.6	6.94444e-05	
689	690	2	-9999	0	-9999	0	1727.9	0.0004	0.000666667	0	6.5	1	40	1	0.000666667	0.6	6.94444e-05	
690	691	2	-9999	0	-9999	0	1725.31	0.00463684	0.000666667	0	6.5	1	40	1	0.000666667	0.6	6.94444e-05	
691	680	2	-9999	0	-9999	0	1744.37	0.0004	0.000666667	0	6.5	1	40	1	0.000666667	0.6	6.94444e-05	
692	693	2	-9999	0	-9999	0	2007.92	0.00996055	0.000666667	0	6.5	1	40	1	0.000666667	0.6	6.94444e-05	
693	694	2	-9999	0	-9999	0	2097.68	0.0004	0.000666667	0	6.5	1	40	1	0.000666667	0.6	6.94444e-05	
694	695	2	-9999	0	-9999	0	2143.16	0.0004	0.000666667	0	6.5	1	40	1	0.000666667	0.6	6.94444e-05	
695	696	2	-9999	0	-9999	0	2053.05	0.00292249	0.000666667	0	6.5	1	40	1	0.000666667	0.6	6.94444e-05	
696	697	2	-9999	0	-9999	0	2074.43	0.00144618	0.000666667	0	6.5	1	40	1	0.000666667	0.6	6.94444e-05	
697	686	2	-9999	0	-9999	0	2030.01	0.0004	0.000666667	0	6.5	1	40	1	0.000666667	0.6	6.94444e-05	
698	699	1	-9999	0	-9999	0	2162.58	0.00184964	0.000666667	0	6	1	20	1	0.000666667	0.6	6.94444e-05	
699	700	1	-9999	0	-9999	0	2099.99	0.0004	0.000666667	0	6	1	20	1	0.000666667	0.6	6.94444e-05	
700	701	1	-9999	0	-9999	0	2119.13	0.00330324	0.000666667	0	6	1	20	1	0.000666667	0.6	6.94444e-05	
701	485	1	-9999	0	-9999	0	2191.16	0.0004	0.000666667	0	6	1	20	1	0.000666667	0.6	6.94444e-05	
702	692	2	-9999	0	-9999	0	2824.98	0.0004	0.000666667	0	6.5	1	40	1	0.000666667	0.6	6.94444e-05	
703	704	2	-9999	0	-9999	0	2008.38	0.0039833	0.000666667	0	6.5	1	40	1	0.000666667	0.6	6.94444e-05	
704	511	2	-9999	0	-9999	0	2002.39	0.0004	0.000666667	0	6.5	1	40	1	0.000666667	0.6	6.94444e-05	
705	703	2	-9999	0	-9999	0	1908.79	0.00209557	0.000666667	0	6.5	1	40	1	0.000666667	0.6	6.94444e-05	
706	707	2	-9999	0	-9999	0	2242	0.0044603	0.000666667	0	6.5	1	40	1	0.000666667	0.6	6.94444e-05	
707	708	2	-9999	0	-9999	0	2213.05	0.00090373	0.000666667	0	6.5	1	40	1	0.000666667	0.6	6.94444e-05	
708	709	2	-9999	0	-9999	0	2163.62	0.00323531	0.000666667	0	6.5	1	40	1	0.000666667	0.6	6.94444e-05	
709	669	2	-9999	0	-9999	0	2194.72	0.000455639	0.000666667	0	6.5	1	40	1	0.000666667	0.6	6.94444e-05	
710	711	2	-9999	0	-9999	0	2147.63	0.00139689	0.000666667	0	6.5	1	40	1	0.000666667	0.6	6.94444e-05	
711	712	2	-9999	0	-9999	0	2032.1	0.0019684	0.000666667	0	6.5	1	40	1	0.000666667	0.6	6.94444e-05	
712	713	2	-9999	0	-9999	0	2030.75	0.00196971	0.000666667	0	6.5	1	40	1	0.000666667	0.6	6.94444e-05	
713	706	2	-9999	0	-9999	0	2073.76	0.0004	0.000666667	0	6.5	1	40	1	0.000666667	0.6	6.94444e-05	
714	715	2	-9999	0	-9999	0	2099.81	0.00428609	0.000666667	0	6.5	1	40	1	0.000666667	0.6	6.94444e-05	
715	716	2	-9999	0	-9999	0	2002.05	0.0004	0.000666667	0	6.5	1	40	1	0.000666667	0.6	6.94444e-05	
716	717	2	-9999	0	-9999	0	2098.24	0.00142977	0.000666667	0	6.5	1	40	1	0.000666667	0.6	6.94444e-05	
717	718	2	-9999	0	-9999	0	2082.81	0.00192048	0.000666667	0	6.5	1	40	1	0.000666667	0.6	6.94444e-05	
718	719	2	-9999	0	-9999	0	2075.22	0.00144563	0.000666667	0	6.5	1	40	1	0.000666667	0.6	6.94444e-05	
719	720	2	-9999	0	-9999	0	2070.12	0.0004	0.000666667	0	6.5	1	40	1	0.000666667	0.6	6.94444e-05	
720	721	2	-9999	0	-9999	0	2077.35	0.00240692	0.000666667	0	6.5	1	40	1	0.000666667	0.6	6.94444e-05	
721	705	2	-9999	0	-9999	0	2121.64	0.0004	0.000666667	0	6.5	1	40	1	0.000666667	0.6	6.94444e-05	
722	723	2	-9999	0	-9999	0	1941.6	0.00103008	0.000666667	0	6.5	1	40	1	0.000666667	0.6	6.94444e-05	
723	714	2	-9999	0	-9999	0	1864.03	0.000536474	0.000666667	0	6.5	1	40	1	0.000666667	0.6	6.94444e-05	
724	725	1	-9999	0	-9999	0	2332.91	0.00342919	0.000666667	0	6	1	20	1	0.000666667	0.6	6.94444e-05	
725	726	1	-9999	0	-9999	0	2242.74	0.000891768	0.000666667	0	6	1	20	1	0.000666667	0.6	6.94444e-05	
726	727	1	-9999	0	-9999	0	2216.01	0.0004	0.000666667	0	6	1	20	1	0.000666667	0.6	6.94444e-05	
727	728	1	-9999	0	-9999	0	2305.93	0.0004	0.000666667	0	6	1	20	1	0.000666667	0.6	6.94444e-05	
728	729	1	-9999	0	-9999	0	2281.69	0.0004	0.000666667	0	6	1	20	1	0.000666667	0.6	6.94444e-05	
729	705	1	-9999	0	-9999	0	2288.78	0.0004	0.000666667	0	6	1	20	1	0.000666667	0.6	6.94444e-05	
730	731	1	-9999	0	-9999	0	2384.16	0.000419434	0.000666667	0	6	1	20	1	0.000666667	0.6	6.94444e-05	
731	732	1	-9999	0	-9999	0	2404.25	0.00499117	0.000666667	0	6	1	20	1	0.000666667	0.6	6.94444e-05	
732	733	1	-9999	0	-9999	0	2380	0.000420168	0.000666667	0	6	1	20	1	0.000666667	0.6	6.94444e-05	
733	734	1	-9999	0	-9999	0	2408.97	0.00166046	0.000666667	0	6	1	20	1	0.000666667	0.6	6.94444e-05	
734	735	1	-9999	0	-9999	0	2396.18	0.0004	0.000666667	0	6	1	20	1	0.000666667	0.6	6.94444e-05	
735	670	1	-9999	0	-9999	0	2422.59	0.00288947	0.000666667	0	6	1	20	1	0.000666667	0.6	6.94444e-05	
736	737	1	-9999	0	-9999	0	1652.5	0.00181543	0.000666667	0	6	1	20	1	0.000666667	0.6	6.94444e-05	
737	738	1	-9999	0	-9999	0	1655.07	0.00241681	0.000666667	0	6	1	20	1	0.000666667	0.6	6.94444e-05	
738	739	1	-9999	0	-9999	0	1684.35	0.0017811	0.000666667	0	6	1	20	1	0.000666667	0.6	6.94444e-05	
739	722	1	-9999	0	-9999	0	1636.04	0.0004	0.000666667	0	6	1	20	1	0.000666667	0.6	6.94444e-05	
740	741	2	-9999	0	-9999	0	2190.5	0.00502168	0.000666667	0	6.5	1	40	1	0.000666667	0.6	6.94444e-05	
741	742	2	-9999	0	-9999	0	2237.32	0.00804534	0.000666667	0	6.5	1	40	1	0.000666667	0.6	6.94444e-05	
742	743	2	-9999	0	-9999	0	2188.84	0.00685295	0.000666667	0	6.5	1	40	1	0.000666667	0.6	6.94444e-05	
743	744	2	-9999	0	-9999	0	2171.17	0.00046058	0.000666667	0	6.5	1	40	1	0.000666667	0.6	6.94444e-05	
744	745	2	-9999	0	-9999	0	2235.57	0.00805165	0.000666667	0	6.5	1	40	1	0.000666667	0.6	6.94444e-05	
745	746	2	-9999	0	-9999	0	2219.06	0.00180256	0.000666667	0	6.5	1	40	1	0.000666667	0.6	6.94444e-05	
746	747	2	-9999	0	-9999	0	2144.06	0.00419764	0.000666667	0	6.5	1	40	1	0.000666667	0.6	6.94444e-05	
747	748	2	-9999	0	-9999	0	2189.55	0.0004	0.000666667	0	6.5	1	40	1	0.000666667	0.6	6.94444e-05	
748	749	2	-9999	0	-9999	0	2169.12	0.0059932	0.000666667	0	6.5	1	40	1	0.000666667	0.6	6.94444e-05	
749	554	2	-9999	0	-9999	0	2234.98	0.00223716	0.000666667	0	6.5	1	40	1	0.000666667	0.6	6.94444e-05	
750	740	1	-9999	0	-9999	0	1683.58	0.00475177	0.000666667	0	6	1	20	1	0.000666667	0.6	6.94444e-05	
751	752	1	-9999	0	-9999	0	2369.68	0.00843996	0.000666667	0	6	1	20	1	0.000666667	0.6	6.94444e-05	
752	753	1	-9999	0	-9999	0	2395.29	0.00834973	0.000666667	0	6	1	20	1	0.000666667	0.6	6.94444e-05	
753	754	1	-9999	0	-9999	0	2339.16	0.00983258	0.000666667	0	6	1	20	1	0.000666667	0.6	6.94444e-05	
754	755	1	-9999	0	-9999	0	2343.44	0.00725431	0.000666667	0	6	1	20	1	0.000666667	0.6	6.94444e-05	
755	756	1	-9999	0	-9999	0	2387.32	0.0121475	0.000666667	0	6	1	20	1	0.000666667	0.6	6.94444e-05	
756	757	1	-9999	0	-9999	0	2335.75	0.0059938	0.000666667	0	6	1	20	1	0.000666667	0.6	6.94444e-05	
757	758	1	-9999	0	-9999	0	2356.95	0.00636416	0.000666667	0	6	1	20	1	0.000666667	0.6	6.94444e-05	
758	759	1	-9999	0	-9999	0	2410.98	0.005392	0.000666667	0	6	1	20	1	0.000666667	0.6	6.94444e-05	
759	760	1	-9999	0	-9999	0	2430.73	0.00905078	0.000666667	0	6	1	20	1	0.000666667	0.6	6.94444e-05	
760	761	1	-9999	0	-9999	0	2337.98	0.0119761	0.000666667	0	6	1	20	1	0.000666667	0.6	6.94444e-05	
761	762	1	-9999	0	-9999	0	2419.03	0.0111615	0.000666667	0	6	1	20	1	0.000666667	0.6	6.94444e-05	
762	763	1	-9999	0	-9999	0	2304.94	0.0138832	0.000666667	0	6	1	20	1	0.000666667	0.6	6.94444e-05	
763	764	1	-9999	0	-9999	0	2398.74	0.00125066	0.000666667	0	6	1	20	1	0.000666667	0.6	6.94444e-05	
764	740	1	-9999	0	-9999	0	2327.44	0.0128897	0.000666667	0	6	1	20	1	0.000666667	0.6	6.94444e-05	
765	766	1	-9999	0	-9999	0	2370.27	0.00759408	0.000666667	0	6	1	20	1	0.000666667	0.6	6.94444e-05	
766	767	1	-9999	0	-9999	0	2459.84	0.00365878	0.000666667	0	6	1	20	1	0.000666667	0.6	6.94444e-05	
767	768	1	-9999	0	-9999	0	2400.13	0.00249987	0.000666667	0	6	1	20	1	0.000666667	0.6	6.94444e-05	
768	769	1	-9999	0	-9999	0	2378.24	0.00378431	0.000666667	0	6	1	20	1	0.000666667	0.6	6.94444e-05	
769	770	1	-9999	0	-9999	0	2425.14	0.00494817	0.000666667	0	6	1	20	1	0.000666667	0.6	6.94444e-05	
770	771	1	-9999	0	-9999	0	2359.42	0.00635749	0.000666667	0	6	1	20	1	0.000666667	0.6	6.94444e-05	
771	772	1	-9999	0	-9999	0	2376.39	0.0159907	0.000666667	0	6	1	20	1	0.000666667	0.6	6.94444e-05	
772	773	1	-9999	0	-9999	0	2357.66	0.0076347	0.000666667	0	6	1	20	1	0.000666667	0.6	6.94444e-05	
773	774	1	-9999	0	-9999	0	2326.33	0.0077375	0.000666667	0	6	1	20	1	0.000666667	0.6	6.94444e-05	
774	775	1	-9999	0	-9999	0	2421.49	0.00371672	0.000666667	0	6	1	20	1	0.000666667	0.6	6.94444e-05	
775	776	1	-9999	0	-9999	0	2418.61	0.0004	0.000666667	0	6	1	20	1	0.000666667	0.6	6.94444e-05	
776	777	1	-9999	0	-9999	0	2452.06	0.0101955	0.000666667	0	6	1	20	1	0.000666667	0.6	6.94444e-05	
777	778	1	-9999	0	-9999	0	2309.68	0.00995808	0.000666667	0	6	1	20	1	0.000666667	0.6	6.94444e-05	
778	779	1	-9999	0	-9999	0	2385.89	0.00041913	0.000666667	0	6	1	20	1	0.000666667	0.6	6.94444e-05	
779	780	1	-9999	0	-9999	0	2385.61	0.00503015	0.000666667	0	6	1	20	1	0.000666667	0.6	6.94444e-05	
780	781	1	-9999	0	-9999	0	2401.75	0.00291454	0.000666667	0	6	1	20	1	0.000666667	0.6	6.94444e-05	
781	782	1	-9999	0	-9999	0	2445.89	0.00204424	0.000666667	0	6	1	20	1	0.000666667	0.6	6.94444e-05	
782	783	1	-9999	0	-9999	0	2403.96	0.00124794	0.000666667	0	6	1	20	1	0.000666667	0.6	6.94444e-05	
783	784	1	-9999	0	-9999	0	2316.32	0.0004	0.000666667	0	6	1	20	1	0.000666667	0.6	6.94444e-05	
784	710	1	-9999	0	-9999	0	2432.9	0.00452135	0.000666667	0	6	1	20	1	0.000666667	0.6	6.94444e-05	
785	786	2	-9999	0	-9999	0	1617.02	0.0004	0.000666667	0	6.5	1	40	1	0.000666667	0.6	6.94444e-05	
786	787	2	-9999	0	-9999	0	1705.34	0.0216966	0.000666667	0	6.5	1	40	1	0.000666667	0.6	6.94444e-05	
787	788	2	-9999	0	-9999	0	1662.39	0.0004	0.000666667	0	6.5	1	40	1	0.000666667	0.6	6.94444e-05	
788	789	2	-9999	0	-9999	0	1753.52	0.00684337	0.000666667	0	6.5	1	40	1	0.000666667	0.6	6.94444e-05	
789	790	2	-9999	0	-9999	0	1655.43	0.0004	0.000666667	0	6.5	1	40	1	0.000666667	0.6	6.94444e-05	
790	702	2	-9999	0	-9999	0	1659.41	0.00301312	0.000666667	0	6.5	1	40	1	0.000666667	0.6	6.94444e-05	
791	792	1	-9999	0	-9999	0	2291.75	0.00174539	0.000666667	0	6	1	20	1	0.000666667	0.6	6.94444e-05	
792	793	1	-9999	0	-9999	0	2328.36	0.00472437	0.000666667	0	6	1	20	1	0.000666667	0.6	6.94444e-05	
793	794	1	-9999	0	-9999	0	2332.57	0.00128613	0.000666667	0	6	1	20	1	0.000666667	0.6	6.94444e-05	
794	795	1	-9999	0	-9999	0	2271.25	0.0096863	0.000666667	0	6	1	20	1	0.000666667	0.6	6.94444e-05	
795	796	1	-9999	0	-9999	0	2265.39	0.00706279	0.000666667	0	6	1	20	1	0.000666667	0.6	6.94444e-05	
796	797	1	-9999	0	-9999	0	2354.93	0.0080682	0.000666667	0	6	1	20	1	0.000666667	0.6	6.94444e-05	
797	798	1	-9999	0	-9999	0	2290.6	0.00654849	0.000666667	0	6	1	20	1	0.000666667	0.6	6.94444e-05	
798	799	1	-9999	0	-9999	0	2381.59	0.00335909	0.000666667	0	6	1	20	1	0.000666667	0.6	6.94444e-05	
799	800	1	-9999	0	-9999	0	2379.97	0.00924382	0.000666667	0	6	1	20	1	0.000666667	0.6	6.94444e-05	
800	801	1	-9999	0	-9999	0	2285.9	0.00218732	0.000666667	0	6	1	20	1	0.000666667	0.6	6.94444e-05	
801	802	1	-9999	0	-9999	0	2304.51	0.012584	0.000666667	0	6	1	20	1	0.000666667	0.6	6.94444e-05	
802	803	1	-9999	0	-9999	0	2242.57	0.00624282	0.000666667	0	6	1	20	1	0.000666667	0.6	6.94444e-05	
803	804	1	-9999	0	-9999	0	2357.77	0.000424129	0.000666667	0	6	1	20	1	0.000666667	0.6	6.94444e-05	
804	805	1	-9999	0	-9999	0	2332.12	0.00385915	0.000666667	0	6	1	20	1	0.000666667	0.6	6.94444e-05	
805	806	1	-9999	0	-9999	0	2283.74	0.00262727	0.000666667	0	6	1	20	1	0.000666667	0.6	6.94444e-05	
806	724	1	-9999	0	-9999	0	2305.14	0.000433812	0.000666667	0	6	1	20	1	0.000666667	0.6	6.94444e-05	
807	808	1	-9999	0	-9999	0	1939.07	0.0004	0.000666667	0	6	1	20	1	0.000666667	0.6	6.94444e-05	
808	809	1	-9999	0	-9999	0	2055.53	0.00145948	0.000666667	0	6	1	20	1	0.000666667	0.6	6.94444e-05	
809	810	1	-9999	0	-9999	0	1942.54	0.0004	0.000666667	0	6	1	20	1	0.000666667	0.6	6.94444e-05	
810	617	1	-9999	0	-9999	0	2033.85	0.00835852	0.000666667	0	6	1	20	1	0.000666667	0.6	6.94444e-05	
811	812	1	-9999	0	-9999	0	1962.12	0.0004	0.000666667	0	6	1	20	1	0.000666667	0.6	6.94444e-05	
812	813	1	-9999	0	-9999	0	1980.01	0.0004	0.000666667	0	6	1	20	1	0.000666667	0.6	6.94444e-05	
813	814	1	-9999	0	-9999	0	2037.8	0.00294435	0.000666667	0	6	1	20	1	0.000666667	0.6	6.94444e-05	
814	815	1	-9999	0	-9999	0	1961.92	0.0004	0.000666667	0	6	1	20	1	0.000666667	0.6	6.94444e-05	
815	816	1	-9999	0	-9999	0	1979.87	0.00252542	0.000666667	0	6	1	20	1	0.000666667	0.6	6.94444e-05	
816	807	1	-9999	0	-9999	0	1914.97	0.0020888	0.000666667	0	6	1	20	1	0.000666667	0.6	6.94444e-05	
817	818	1	-9999	0	-9999	0	2984.27	0.00100527	0.000666667	0	6	1	20	1	0.000666667	0.6	6.94444e-05	
818	819	1	-9999	0	-9999	0	1495.33	0.00401248	0.000666667	0	6	1	20	1	0.000666667	0.6	6.94444e-05	
819	722	1	-9999	0	-9999	0	1518.09	0.000658724	0.000666667	0	6	1	20	1	0.000666667	0.6	6.94444e-05	
820	821	1	-9999	0	-9999	0	1885.6	0.003182	0.000666667	0	6	1	20	1	0.000666667	0.6	6.94444e-05	
821	822	1	-9999	0	-9999	0	1861.39	0.0004	0.000666667	0	6	1	20	1	0.000666667	0.6	6.94444e-05	
822	823	1	-9999	0	-9999	0	1842.29	0.00325682	0.000666667	0	6	1	20	1	0.000666667	0.6	6.94444e-05	
823	710	1	-9999	0	-9999	0	1866.29	0.00214329	0.000666667	0	6	1	20	1	0.000666667	0.6	6.94444e-05	
824	825	1	-9999	0	-9999	0	2990.12	0.00167217	0.000666667	0	6	1	20	1	0.000666667	0.6	6.94444e-05	
825	817	1	-9999	0	-9999	0	2968.36	0.0004	0.000666667	0	6	1	20	1	0.000666667	0.6	6.94444e-05	
826	455	4	-9999	0	-9999	0	1397.31	0.0004	0.000666667	0	7.5	1	80	1	0.000666667	0.6	6.94444e-05	
827	826	4	-9999	0	-9999	0	2759.87	0.0004	0.000666667	0	7.5	1	80	1	0.000666667	0.6	6.94444e-05	
828	827	4	-9999	0	-9999	0	326.218	0.0337198	0.000666667	0	7.5	1	80	1	0.000666667	0.6	6.94444e-05	
829	828	4	-9999	0	-9999	0	2401.95	0.00124898	0.000666667	0	7.5	1	80	1	0.000666667	0.6	6.94444e-05	
830	829	4	-9999	0	-9999	0	116.847	0.0171164	0.000666667	0	7.5	1	80	1	0.000666667	0.6	6.94444e-05	
831	830	4	-9999	0	-9999	0	2253.65	0.000887449	0.000666667	0	7.5	1	80	1	0.000666667	0.6	6.94444e-05	
832	833	4	-9999	0	-9999	0	2145.38	0.00326282	0.000666667	0	7.5	1	80	1	0.000666667	0.6	6.94444e-05	
833	834	4	-9999	0	-9999	0	2098.31	0.00428916	0.000666667	0	7.5	1	80	1	0.000666667	0.6	6.94444e-05	
834	835	4	-9999	0	-9999	0	2109.27	0.00284458	0.000666667	0	7.5	1	80	1	0.000666667	0.6	6.94444e-05	
835	836	4	-9999	0	-9999	0	2109.27	0.00379278	0.000666667	0	7.5	1	80	1	0.000666667	0.6	6.94444e-05	
836	837	4	-9999	0	-9999	0	2057.41	0.00437442	0.000666667	0	7.5	1	80	1	0.000666667	0.6	6.94444e-05	
837	838	4	-9999	0	-9999	0	2076.92	0.00288889	0.000666667	0	7.5	1	80	1	0.000666667	0.6	6.94444e-05	
838	839	4	-9999	0	-9999	0	2116.04	0.00519839	0.000666667	0	7.5	1	80	1	0.000666667	0.6	6.94444e-05	
839	840	4	-9999	0	-9999	0	2128.37	0.00234922	0.000666667	0	7.5	1	80	1	0.000666667	0.6	6.94444e-05	
840	841	4	-9999	0	-9999	0	2169.19	0.00138301	0.000666667	0	7.5	1	80	1	0.000666667	0.6	6.94444e-05	
841	842	4	-9999	0	-9999	0	2096.22	0.00429344	0.000666667	0	7.5	1	80	1	0.000666667	0.6	6.94444e-05	
842	843	4	-9999	0	-9999	0	2076.43	0.00626073	0.000666667	0	7.5	1	80	1	0.000666667	0.6	6.94444e-05	
843	831	4	-9999	0	-9999	0	2097.56	0.00238373	0.000666667	0	7.5	1	80	1	0.000666667	0.6	6.94444e-05	
844	845	4	-9999	0	-9999	0	1999.67	0.00650108	0.000666667	0	7.5	1	80	1	0.000666667	0.6	6.94444e-05	
845	846	4	-9999	0	-9999	0	2070.99	0.00289717	0.000666667	0	7.5	1	80	1	0.000666667	0.6	6.94444e-05	
846	847	4	-9999	0	-9999	0	2020.65	0.00197956	0.000666667	0	7.5	1	80	1	0.000666667	0.6	6.94444e-05	
847	832	4	-9999	0	-9999	0	2025.37	0.00691233	0.000666667	0	7.5	1	80	1	0.000666667	0.6	6.94444e-05	
848	844	4	-9999	0	-9999	0	1058.32	0.000944894	0.000666667	0	7.5	1	80	1	0.000666667	0.6	6.94444e-05	
849	848	4	-9999	0	-9999	0	2226.71	0.00898187	0.000666667	0	7.5	1	80	1	0.000666667	0.6	6.94444e-05	
850	851	4	-9999	0	-9999	0	2448.57	0.00612602	0.000666667	0	7.5	1	80	1	0.000666667	0.6	6.94444e-05	
851	852	4	-9999	0	-9999	0	2415.87	0.0070368	0.000666667	0	7.5	1	80	1	0.000666667	0.6	6.94444e-05	
852	853	4	-9999	0	-9999	0	2465.93	0.007705	0.000666667	0	7.5	1	80	1	0.000666667	0.6	6.94444e-05	
853	849	4	-9999	0	-9999	0	2441.01	0.008603	0.000666667	0	7.5	1	80	1	0.000666667	0.6	6.94444e-05	
854	855	5	-9999	0	-9999	0	2340.61	0.00469962	0.000666667	0	8	1	100	1	0.000666667	0.6	6.94444e-05	
855	653	5	-9999	0	-9999	0	2405.53	0.0004	0.000666667	0	8	1	100	1	0.000666667	0.6	6.94444e-05	
856	857	5	-9999	0	-9999	0	2606.8	0.00230167	0.000666667	0	8	1	100	1	0.000666667	0.6	6.94444e-05	
857	854	5	-9999	0	-9999	0	2713.49	0.0004	0.000666667	0	8	1	100	1	0.000666667	0.6	6.94444e-05	
858	856	5	-9999	0	-9999	0	2129.87	0.0004	0.000666667	0	8	1	100	1	0.000666667	0.6	6.94444e-05	
859	860	3	-9999	0	-9999	0	2275.86	0.0004	0.000666667	0	7	1	60	1	0.000666667	0.6	6.94444e-05	
860	861	3	-9999	0	-9999	0	2202.66	0.00226998	0.000666667	0	7	1	60	1	0.000666667	0.6	6.94444e-05	
861	862	3	-9999	0	-9999	0	2234.82	0.00268477	0.000666667	0	7	1	60	1	0.000666667	0.6	6.94444e-05	
862	863	3	-9999	0	-9999	0	2193.03	0.000911978	0.000666667	0	7	1	60	1	0.000666667	0.6	6.94444e-05	
863	864	3	-9999	0	-9999	0	2268.91	0.00484814	0.000666667	0	7	1	60	1	0.000666667	0.6	6.94444e-05	
864	831	3	-9999	0	-9999	0	2252.31	0.0039959	0.000666667	0	7	1	60	1	0.000666667	0.6	6.94444e-05	
865	866	4	-9999	0	-9999	0	2271.5	0.000440237	0.000666667	0	7.5	1	80	1	0.000666667	0.6	6.94444e-05	
866	867	4	-9999	0	-9999	0	2360.62	0.00635425	0.000666667	0	7.5	1	80	1	0.000666667	0.6	6.94444e-05	
867	868	4	-9999	0	-9999	0	2293.87	0.000435944	0.000666667	0	7.5	1	80	1	0.000666667	0.6	6.94444e-05	
868	854	4	-9999	0	-9999	0	2340.81	0.0004	0.000666667	0	7.5	1	80	1	0.000666667	0.6	6.94444e-05	
869	1104	3	-9999	0	-9999	0	1522.7	0.000656727	0.000666667	0	7	1	60	1	0.000666667	0.6	6.94444e-05	
870	871	3	-9999	0	-9999	0	1946.07	0.0004	0.000666667	0	7	1	60	1	0.000666667	0.6	6.94444e-05	
871	872	3	-9999	0	-9999	0	2000.99	0.0104948	0.000666667	0	7	1	60	1	0.000666667	0.6	6.94444e-05	
872	873	3	-9999	0	-9999	0	2035.51	0.0004	0.000666667	0	7	1	60	1	0.000666667	0.6	6.94444e-05	
873	869	3	-9999	0	-9999	0	1970.58	0.0004	0.000666667	0	7	1	60	1	0.000666667	0.6	6.94444e-05	
874	870	3	-9999	0	-9999	0	2062.92	0.0004	0.000666667	0	7	1	60	1	0.000666667	0.6	6.94444e-05	
875	874	3	-9999	0	-9999	0	116.875	0.0004	0.000666667	0	7	1	60	1	0.000666667	0.6	6.94444e-05	
876	877	3	-9999	0	-9999	0	2129.82	0.00140857	0.000666667	0	7	1	60	1	0.000666667	0.6	6.94444e-05	
877	875	3	-9999	0	-9999	0	2246.55	0.00445126	0.000666667	0	7	1	60	1	0.000666667	0.6	6.94444e-05	
878	879	3	-9999	0	-9999	0	1820.74	0.0004	0.000666667	0	7	1	60	1	0.000666667	0.6	6.94444e-05	
879	880	3	-9999	0	-9999	0	1799.45	0.0004	0.000666667	0	7	1	60	1	0.000666667	0.6	6.94444e-05	
880	881	3	-9999	0	-9999	0	1873.7	0.0004	0.000666667	0	7	1	60	1	0.000666667	0.6	6.94444e-05	
881	882	3	-9999	0	-9999	0	1825.09	0.00164376	0.000666667	0	7	1	60	1	0.000666667	0.6	6.94444e-05	
882	883	3	-9999	0	-9999	0	1758.24	0.002275	0.000666667	0	7	1	60	1	0.000666667	0.6	6.94444e-05	
883	455	3	-9999	0	-9999	0	1867.17	0.00160671	0.000666667	0	7	1	60	1	0.000666667	0.6	6.94444e-05	
884	878	3	-9999	0	-9999	0	1942.22	0.0004	0.000666667	0	7	1	60	1	0.000666667	0.6	6.94444e-05	
885	886	3	-9999	0	-9999	0	2097.13	0.000476841	0.000666667	0	7	1	60	1	0.000666667	0.6	6.94444e-05	
886	884	3	-9999	0	-9999	0	2072.72	0.00144737	0.000666667	0	7	1	60	1	0.000666667	0.6	6.94444e-05	
887	888	2	-9999	0	-9999	0	1701.11	0.0004	0.000666667	0	6.5	1	40	1	0.000666667	0.6	6.94444e-05	
888	889	2	-9999	0	-9999	0	1728.42	0.00404994	0.000666667	0	6.5	1	40	1	0.000666667	0.6	6.94444e-05	
889	890	2	-9999	0	-9999	0	1728.35	0.00231435	0.000666667	0	6.5	1	40	1	0.000666667	0.6	6.94444e-05	
890	878	2	-9999	0	-9999	0	1703.97	0.000586865	0.000666667	0	6.5	1	40	1	0.000666667	0.6	6.94444e-05	
891	892	2	-9999	0	-9999	0	2107.95	0.00521834	0.000666667	0	6.5	1	40	1	0.000666667	0.6	6.94444e-05	
892	893	2	-9999	0	-9999	0	2029.73	0.000985351	0.000666667	0	6.5	1	40	1	0.000666667	0.6	6.94444e-05	
893	894	2	-9999	0	-9999	0	2130.32	0.00187765	0.000666667	0	6.5	1	40	1	0.000666667	0.6	6.94444e-05	
894	895	2	-9999	0	-9999	0	2057.05	0.00486134	0.000666667	0	6.5	1	40	1	0.000666667	0.6	6.94444e-05	
895	896	2	-9999	0	-9999	0	2104.07	0.0004	0.000666667	0	6.5	1	40	1	0.000666667	0.6	6.94444e-05	
896	897	2	-9999	0	-9999	0	2052	0.00048733	0.000666667	0	6.5	1	40	1	0.000666667	0.6	6.94444e-05	
897	898	2	-9999	0	-9999	0	2051.91	0.00243676	0.000666667	0	6.5	1	40	1	0.000666667	0.6	6.94444e-05	
898	887	2	-9999	0	-9999	0	2102.02	0.00237866	0.000666667	0	6.5	1	40	1	0.000666667	0.6	6.94444e-05	
899	900	3	-9999	0	-9999	0	2382.38	0.0390366	0.000666667	0	7	1	60	1	0.000666667	0.6	6.94444e-05	
900	901	3	-9999	0	-9999	0	2291.63	0.0349097	0.000666667	0	7	1	60	1	0.000666667	0.6	6.94444e-05	
901	902	3	-9999	0	-9999	0	2310.26	0.0541064	0.000666667	0	7	1	60	1	0.000666667	0.6	6.94444e-05	
902	903	3	-9999	0	-9999	0	2387.67	0.030155	0.000666667	0	7	1	60	1	0.000666667	0.6	6.94444e-05	
903	904	3	-9999	0	-9999	0	2350	0.0238298	0.000666667	0	7	1	60	1	0.000666667	0.6	6.94444e-05	
904	905	3	-9999	0	-9999	0	2338.29	0.0252322	0.000666667	0	7	1	60	1	0.000666667	0.6	6.94444e-05	
905	906	3	-9999	0	-9999	0	2321.12	0.0232646	0.000666667	0	7	1	60	1	0.000666667	0.6	6.94444e-05	
906	907	3	-9999	0	-9999	0	2388.88	0.0154884	0.000666667	0	7	1	60	1	0.000666667	0.6	6.94444e-05	
907	908	3	-9999	0	-9999	0	2364.24	0.0181877	0.000666667	0	7	1	60	1	0.000666667	0.6	6.94444e-05	
908	909	3	-9999	0	-9999	0	2314.99	0.012959	0.000666667	0	7	1	60	1	0.000666667	0.6	6.94444e-05	
909	910	3	-9999	0	-9999	0	2333.76	0.0214247	0.000666667	0	7	1	60	1	0.000666667	0.6	6.94444e-05	
910	911	3	-9999	0	-9999	0	2410.79	0.0128588	0.000666667	0	7	1	60	1	0.000666667	0.6	6.94444e-05	
911	912	3	-9999	0	-9999	0	2297.24	0.0152357	0.000666667	0	7	1	60	1	0.000666667	0.6	6.94444e-05	
912	913	3	-9999	0	-9999	0	2373.27	0.00505631	0.000666667	0	7	1	60	1	0.000666667	0.6	6.94444e-05	
913	914	3	-9999	0	-9999	0	2310.5	0.011253	0.000666667	0	7	1	60	1	0.000666667	0.6	6.94444e-05	
914	915	3	-9999	0	-9999	0	2376.62	0.00589073	0.000666667	0	7	1	60	1	0.000666667	0.6	6.94444e-05	
915	916	3	-9999	0	-9999	0	2285.72	0.0157499	0.000666667	0	7	1	60	1	0.000666667	0.6	6.94444e-05	
916	917	3	-9999	0	-9999	0	2355.39	0.0004	0.000666667	0	7	1	60	1	0.000666667	0.6	6.94444e-05	
917	918	3	-9999	0	-9999	0	2405.86	0.00872869	0.000666667	0	7	1	60	1	0.000666667	0.6	6.94444e-05	
918	919	3	-9999	0	-9999	0	2332.41	0.00300119	0.000666667	0	7	1	60	1	0.000666667	0.6	6.94444e-05	
919	920	3	-9999	0	-9999	0	2304.44	0.00260367	0.000666667	0	7	1	60	1	0.000666667	0.6	6.94444e-05	
920	921	3	-9999	0	-9999	0	2332.04	0.0047169	0.000666667	0	7	1	60	1	0.000666667	0.6	6.94444e-05	
921	922	3	-9999	0	-9999	0	2377.35	0.00504763	0.000666667	0	7	1	60	1	0.000666667	0.6	6.94444e-05	
922	923	3	-9999	0	-9999	0	2380.53	0.000840148	0.000666667	0	7	1	60	1	0.000666667	0.6	6.94444e-05	
923	924	3	-9999	0	-9999	0	2333.24	0.00128577	0.000666667	0	7	1	60	1	0.000666667	0.6	6.94444e-05	
924	925	3	-9999	0	-9999	0	2331.5	0.00343126	0.000666667	0	7	1	60	1	0.000666667	0.6	6.94444e-05	
925	926	3	-9999	0	-9999	0	2360.45	0.00254189	0.000666667	0	7	1	60	1	0.000666667	0.6	6.94444e-05	
926	927	3	-9999	0	-9999	0	2378.29	0.00084094	0.000666667	0	7	1	60	1	0.000666667	0.6	6.94444e-05	
927	928	3	-9999	0	-9999	0	2313.13	0.0004	0.000666667	0	7	1	60	1	0.000666667	0.6	6.94444e-05	
928	885	3	-9999	0	-9999	0	2353.7	0.00722266	0.000666667	0	7	1	60	1	0.000666667	0.6	6.94444e-05	
929	826	2	-9999	0	-9999	0	2964.68	0.00371035	0.000666667	0	6.5	1	40	1	0.000666667	0.6	6.94444e-05	
930	931	2	-9999	0	-9999	0	2498.55	0.00520302	0.000666667	0	6.5	1	40	1	0.000666667	0.6	6.94444e-05	
931	932	2	-9999	0	-9999	0	2477.32	0.00565128	0.000666667	0	6.5	1	40	1	0.000666667	0.6	6.94444e-05	
932	933	2	-9999	0	-9999	0	2529.44	0.00593017	0.000666667	0	6.5	1	40	1	0.000666667	0.6	6.94444e-05	
933	934	2	-9999	0	-9999	0	2444.1	0.00327319	0.000666667	0	6.5	1	40	1	0.000666667	0.6	6.94444e-05	
934	935	2	-9999	0	-9999	0	2528.02	0.00474679	0.000666667	0	6.5	1	40	1	0.000666667	0.6	6.94444e-05	
935	936	2	-9999	0	-9999	0	2456.34	0.00529242	0.000666667	0	6.5	1	40	1	0.000666667	0.6	6.94444e-05	
936	937	2	-9999	0	-9999	0	2574.18	0.00388473	0.000666667	0	6.5	1	40	1	0.000666667	0.6	6.94444e-05	
937	938	2	-9999	0	-9999	0	2458.61	0.00691447	0.000666667	0	6.5	1	40	1	0.000666667	0.6	6.94444e-05	
938	939	2	-9999	0	-9999	0	2429.2	0.00164663	0.000666667	0	6.5	1	40	1	0.000666667	0.6	6.94444e-05	
939	940	2	-9999	0	-9999	0	2472.83	0.00202197	0.000666667	0	6.5	1	40	1	0.000666667	0.6	6.94444e-05	
940	941	2	-9999	0	-9999	0	2495.43	0.00440806	0.000666667	0	6.5	1	40	1	0.000666667	0.6	6.94444e-05	
941	942	2	-9999	0	-9999	0	2466.09	0.0004	0.000666667	0	6.5	1	40	1	0.000666667	0.6	6.94444e-05	
942	943	2	-9999	0	-9999	0	2587.61	0.00502394	0.000666667	0	6.5	1	40	1	0.000666667	0.6	6.94444e-05	
943	944	2	-9999	0	-9999	0	2472.12	0.0004	0.000666667	0	6.5	1	40	1	0.000666667	0.6	6.94444e-05	
944	945	2	-9999	0	-9999	0	2468.78	0.00243035	0.000666667	0	6.5	1	40	1	0.000666667	0.6	6.94444e-05	
945	929	2	-9999	0	-9999	0	2468.7	0.0004	0.000666667	0	6.5	1	40	1	0.000666667	0.6	6.94444e-05	
946	947	1	-9999	0	-9999	0	2099.38	0.0004	0.000666667	0	6	1	20	1	0.000666667	0.6	6.94444e-05	
947	948	1	-9999	0	-9999	0	2146.39	0.00698849	0.000666667	0	6	1	20	1	0.000666667	0.6	6.94444e-05	
948	949	1	-9999	0	-9999	0	2032.56	0.00245995	0.000666667	0	6	1	20	1	0.000666667	0.6	6.94444e-05	
949	870	1	-9999	0	-9999	0	2118.59	0.0004	0.000666667	0	6	1	20	1	0.000666667	0.6	6.94444e-05	
950	951	1	-9999	0	-9999	0	2902.98	0.00310026	0.000666667	0	6	1	20	1	0.000666667	0.6	6.94444e-05	
951	884	1	-9999	0	-9999	0	2904.37	0.00172154	0.000666667	0	6	1	20	1	0.000666667	0.6	6.94444e-05	
952	953	1	-9999	0	-9999	0	1712.13	0.00116814	0.000666667	0	6	1	20	1	0.000666667	0.6	6.94444e-05	
953	954	1	-9999	0	-9999	0	1736.45	0.0004	0.000666667	0	6	1	20	1	0.000666667	0.6	6.94444e-05	
954	955	1	-9999	0	-9999	0	1780.44	0.00336996	0.000666667	0	6	1	20	1	0.000666667	0.6	6.94444e-05	
955	875	1	-9999	0	-9999	0	1751.49	0.00171283	0.000666667	0	6	1	20	1	0.000666667	0.6	6.94444e-05	
956	957	1	-9999	0	-9999	0	2035.04	0.0004	0.000666667	0	6	1	20	1	0.000666667	0.6	6.94444e-05	
957	950	1	-9999	0	-9999	0	2015.37	0.0004	0.000666667	0	6	1	20	1	0.000666667	0.6	6.94444e-05	
958	952	1	-9999	0	-9999	0	1734.86	0.0004	0.000666667	0	6	1	20	1	0.000666667	0.6	6.94444e-05	
959	960	1	-9999	0	-9999	0	1660.66	0.00240868	0.000666667	0	6	1	20	1	0.000666667	0.6	6.94444e-05	
960	961	1	-9999	0	-9999	0	1704.47	0.00528024	0.000666667	0	6	1	20	1	0.000666667	0.6	6.94444e-05	
961	962	1	-9999	0	-9999	0	1681.67	0.0004	0.000666667	0	6	1	20	1	0.000666667	0.6	6.94444e-05	
962	963	1	-9999	0	-9999	0	1796.89	0.00500866	0.000666667	0	6	1	20	1	0.000666667	0.6	6.94444e-05	
963	964	1	-9999	0	-9999	0	1679.93	0.00238105	0.000666667	0	6	1	20	1	0.000666667	0.6	6.94444e-05	
964	829	1	-9999	0	-9999	0	1657.06	0.00362088	0.000666667	0	6	1	20	1	0.000666667	0.6	6.94444e-05	
965	887	1	-9999	0	-9999	0	2845.58	0.0004	0.000666667	0	6	1	20	1	0.000666667	0.6	6.94444e-05	
966	967	1	-9999	0	-9999	0	1912.71	0.00418256	0.000666667	0	6	1	20	1	0.000666667	0.6	6.94444e-05	
967	968	1	-9999	0	-9999	0	1888.24	0.0004	0.000666667	0	6	1	20	1	0.000666667	0.6	6.94444e-05	
968	969	1	-9999	0	-9999	0	1953.11	0.00256002	0.000666667	0	6	1	20	1	0.000666667	0.6	6.94444e-05	
969	970	1	-9999	0	-9999	0	1904.38	0.00315064	0.000666667	0	6	1	20	1	0.000666667	0.6	6.94444e-05	
970	971	1	-9999	0	-9999	0	1863.58	0.0004	0.000666667	0	6	1	20	1	0.000666667	0.6	6.94444e-05	
971	885	1	-9999	0	-9999	0	1912.12	0.00418383	0.000666667	0	6	1	20	1	0.000666667	0.6	6.94444e-05	
972	973	1	-9999	0	-9999	0	1933.9	0.00879051	0.000666667	0	6	1	20	1	0.000666667	0.6	6.94444e-05	
973	974	1	-9999	0	-9999	0	1938.73	0.0004	0.000666667	0	6	1	20	1	0.000666667	0.6	6.94444e-05	
974	975	1	-9999	0	-9999	0	1863.9	0.00536509	0.000666667	0	6	1	20	1	0.000666667	0.6	6.94444e-05	
975	976	1	-9999	0	-9999	0	1961.2	0.00662861	0.000666667	0	6	1	20	1	0.000666667	0.6	6.94444e-05	
976	977	1	-9999	0	-9999	0	1915.61	0.00678637	0.000666667	0	6	1	20	1	0.000666667	0.6	6.94444e-05	
977	959	1	-9999	0	-9999	0	1925.06	0.0004	0.000666667	0	6	1	20	1	0.000666667	0.6	6.94444e-05	
978	979	1	-9999	0	-9999	0	2729.07	0.00439711	0.000666667	0	6	1	20	1	0.000666667	0.6	6.94444e-05	
979	965	1	-9999	0	-9999	0	2824.61	0.00212419	0.000666667	0	6	1	20	1	0.000666667	0.6	6.94444e-05	
980	981	1	-9999	0	-9999	0	2368.9	0.0156191	0.000666667	0	6	1	20	1	0.000666667	0.6	6.94444e-05	
981	982	1	-9999	0	-9999	0	2440.26	0.00696649	0.000666667	0	6	1	20	1	0.000666667	0.6	6.94444e-05	
982	983	1	-9999	0	-9999	0	2412.52	0.00621757	0.000666667	0	6	1	20	1	0.000666667	0.6	6.94444e-05	
983	849	1	-9999	0	-9999	0	2343.73	0.0098134	0.000666667	0	6	1	20	1	0.000666667	0.6	6.94444e-05	
984	985	1	-9999	0	-9999	0	1901.57	0.000525883	0.000666667	0	6	1	20	1	0.000666667	0.6	6.94444e-05	
985	986	1	-9999	0	-9999	0	1974.45	0.00303882	0.000666667	0	6	1	20	1	0.000666667	0.6	6.94444e-05	
986	987	1	-9999	0	-9999	0	1851.45	0.00216047	0.000666667	0	6	1	20	1	0.000666667	0.6	6.94444e-05	
987	988	1	-9999	0	-9999	0	1943.96	0.00308648	0.000666667	0	6	1	20	1	0.000666667	0.6	6.94444e-05	
988	989	1	-9999	0	-9999	0	1877.21	0.00426164	0.000666667	0	6	1	20	1	0.000666667	0.6	6.94444e-05	
989	990	1	-9999	0	-9999	0	1994.04	0.000501496	0.000666667	0	6	1	20	1	0.000666667	0.6	6.94444e-05	
990	991	1	-9999	0	-9999	0	1969.71	0.00304613	0.000666667	0	6	1	20	1	0.000666667	0.6	6.94444e-05	
991	830	1	-9999	0	-9999	0	1896.8	0.00158161	0.000666667	0	6	1	20	1	0.000666667	0.6	6.94444e-05	
992	993	1	-9999	0	-9999	0	1725.53	0.00289766	0.000666667	0	6	1	20	1	0.000666667	0.6	6.94444e-05	
993	785	1	-9999	0	-9999	0	1733.87	0.0004	0.000666667	0	6	1	20	1	0.000666667	0.6	6.94444e-05	
994	992	1	-9999	0	-9999	0	1144.73	0.0004	0.000666667	0	6	1	20	1	0.000666667	0.6	6.94444e-05	
995	996	1	-9999	0	-9999	0	2070.42	0.00338096	0.000666667	0	6	1	20	1	0.000666667	0.6	6.94444e-05	
996	997	1	-9999	0	-9999	0	2117.49	0.00425031	0.000666667	0	6	1	20	1	0.000666667	0.6	6.94444e-05	
997	998	1	-9999	0	-9999	0	2082.31	0.00192095	0.000666667	0	6	1	20	1	0.000666667	0.6	6.94444e-05	
998	999	1	-9999	0	-9999	0	2021.78	0.00148384	0.000666667	0	6	1	20	1	0.000666667	0.6	6.94444e-05	
999	1000	1	-9999	0	-9999	0	2079.11	0.00336682	0.000666667	0	6	1	20	1	0.000666667	0.6	6.94444e-05	
1000	984	1	-9999	0	-9999	0	2064.02	0.00290695	0.000666667	0	6	1	20	1	0.000666667	0.6	6.94444e-05	
1001	1002	1	-9999	0	-9999	0	1588.82	0.0004	0.000666667	0	6	1	20	1	0.000666667	0.6	6.94444e-05	
1002	1003	1	-9999	0	-9999	0	1661.39	0.00421333	0.000666667	0	6	1	20	1	0.000666667	0.6	6.94444e-05	
1003	1004	1	-9999	0	-9999	0	1591.54	0.0004	0.000666667	0	6	1	20	1	0.000666667	0.6	6.94444e-05	
1004	785	1	-9999	0	-9999	0	1634.31	0.0004	0.000666667	0	6	1	20	1	0.000666667	0.6	6.94444e-05	
1005	1006	1	-9999	0	-9999	0	1939.18	0.0004	0.000666667	0	6	1	20	1	0.000666667	0.6	6.94444e-05	
1006	1007	1	-9999	0	-9999	0	1897.78	0.00105386	0.000666667	0	6	1	20	1	0.000666667	0.6	6.94444e-05	
1007	1008	1	-9999	0	-9999	0	1940.44	0.00257674	0.000666667	0	6	1	20	1	0.000666667	0.6	6.94444e-05	
1008	1001	1	-9999	0	-9999	0	1943.21	0.0004	0.000666667	0	6	1	20	1	0.000666667	0.6	6.94444e-05	
1009	1010	1	-9999	0	-9999	0	2606.09	0.0004	0.000666667	0	6	1	20	1	0.000666667	0.6	6.94444e-05	
1010	958	1	-9999	0	-9999	0	2635.13	0.00265641	0.000666667	0	6	1	20	1	0.000666667	0.6	6.94444e-05	
1011	1012	4	-9999	0	-9999	0	2469.38	0.0137686	0.000666667	0	7.5	1	80	1	0.000666667	0.6	6.94444e-05	
1012	1013	4	-9999	0	-9999	0	2430.1	0.0111106	0.000666667	0	7.5	1	80	1	0.000666667	0.6	6.94444e-05	
1013	1014	4	-9999	0	-9999	0	2415.31	0.00786649	0.000666667	0	7.5	1	80	1	0.000666667	0.6	6.94444e-05	
1014	1015	4	-9999	0	-9999	0	2402.42	0.00832495	0.000666667	0	7.5	1	80	1	0.000666667	0.6	6.94444e-05	
1015	1016	4	-9999	0	-9999	0	2494.89	0.00761558	0.000666667	0	7.5	1	80	1	0.000666667	0.6	6.94444e-05	
1016	1017	4	-9999	0	-9999	0	2493.38	0.00802125	0.000666667	0	7.5	1	80	1	0.000666667	0.6	6.94444e-05	
1017	1018	4	-9999	0	-9999	0	2402.58	0.0108217	0.000666667	0	7.5	1	80	1	0.000666667	0.6	6.94444e-05	
1018	1019	4	-9999	0	-9999	0	2405.94	0.0103909	0.000666667	0	7.5	1	80	1	0.000666667	0.6	6.94444e-05	
1019	1020	4	-9999	0	-9999	0	2445.11	0.00858859	0.000666667	0	7.5	1	80	1	0.000666667	0.6	6.94444e-05	
1020	850	4	-9999	0	-9999	0	2469.66	0.0101228	0.000666667	0	7.5	1	80	1	0.000666667	0.6	6.94444e-05	
1021	1022	4	-9999	0	-9999	0	2527.01	0.0241392	0.000666667	0	7.5	1	80	1	0.000666667	0.6	6.94444e-05	
1022	1023	4	-9999	0	-9999	0	2436.02	0.0262724	0.000666667	0	7.5	1	80	1	0.000666667	0.6	6.94444e-05	
1023	1024	4	-9999	0	-9999	0	2421.85	0.0272519	0.000666667	0	7.5	1	80	1	0.000666667	0.6	6.94444e-05	
1024	1025	4	-9999	0	-9999	0	2524.7	0.00673349	0.000666667	0	7.5	1	80	1	0.000666667	0.6	6.94444e-05	
1025	1026	4	-9999	0	-9999	0	2479.06	0.0004	0.000666667	0	7.5	1	80	1	0.000666667	0.6	6.94444e-05	
1026	1027	4	-9999	0	-9999	0	2463.45	0.0121781	0.000666667	0	7.5	1	80	1	0.000666667	0.6	6.94444e-05	
1027	1028	4	-9999	0	-9999	0	2504.67	0.0375298	0.000666667	0	7.5	1	80	1	0.000666667	0.6	6.94444e-05	
1028	1029	4	-9999	0	-9999	0	2434.69	0.0041073	0.000666667	0	7.5	1	80	1	0.000666667	0.6	6.94444e-05	
1029	1030	4	-9999	0	-9999	0	2467.16	0.0004	0.000666667	0	7.5	1	80	1	0.000666667	0.6	6.94444e-05	
1030	1031	4	-9999	0	-9999	0	2533.5	0.00710479	0.000666667	0	7.5	1	80	1	0.000666667	0.6	6.94444e-05	
1031	1032	4	-9999	0	-9999	0	2496.11	0.0144225	0.000666667	0	7.5	1	80	1	0.000666667	0.6	6.94444e-05	
1032	1033	4	-9999	0	-9999	0	2443.86	0.00818376	0.000666667	0	7.5	1	80	1	0.000666667	0.6	6.94444e-05	
1033	1034	4	-9999	0	-9999	0	2440.39	0.00409771	0.000666667	0	7.5	1	80	1	0.000666667	0.6	6.94444e-05	
1034	1011	4	-9999	0	-9999	0	2519.8	0.01389	0.000666667	0	7.5	1	80	1	0.000666667	0.6	6.94444e-05	
1035	1021	4	-9999	0	-9999	0	394.632	0.0004	0.000666667	0	7.5	1	80	1	0.000666667	0.6	6.94444e-05	
1036	1035	4	-9999	0	-9999	0	2631.78	0.0136789	0.000666667	0	7.5	1	80	1	0.000666667	0.6	6.94444e-05	
1037	1038	4	-9999	0	-9999	0	2599.43	0.00730929	0.000666667	0	7.5	1	80	1	0.000666667	0.6	6.94444e-05	
1038	1036	4	-9999	0	-9999	0	2716.28	0.00699487	0.000666667	0	7.5	1	80	1	0.000666667	0.6	6.94444e-05	
1039	1040	5	-9999	0	-9999	0	2247.16	0.0004	0.000666667	0	8	1	100	1	0.000666667	0.6	6.94444e-05	
1040	858	5	-9999	0	-9999	0	2302.22	0.000868726	0.000666667	0	8	1	100	1	0.000666667	0.6	6.94444e-05	
1041	1042	5	-9999	0	-9999	0	2134.36	0.00421672	0.000666667	0	8	1	100	1	0.000666667	0.6	6.94444e-05	
1042	1043	5	-9999	0	-9999	0	2184.61	0.0004	0.000666667	0	8	1	100	1	0.000666667	0.6	6.94444e-05	
1043	1044	5	-9999	0	-9999	0	2169.5	0.0004	0.000666667	0	8	1	100	1	0.000666667	0.6	6.94444e-05	
1044	1039	5	-9999	0	-9999	0	2094.6	0.00668387	0.000666667	0	8	1	100	1	0.000666667	0.6	6.94444e-05	
1045	1046	5	-9999	0	-9999	0	2144.53	0.0004	0.000666667	0	8	1	100	1	0.000666667	0.6	6.94444e-05	
1046	1041	5	-9999	0	-9999	0	2094.02	0.000477551	0.000666667	0	8	1	100	1	0.000666667	0.6	6.94444e-05	
1047	1048	5	-9999	0	-9999	0	1562.44	0.0004	0.000666667	0	8	1	100	1	0.000666667	0.6	6.94444e-05	
1048	1045	5	-9999	0	-9999	0	1543.09	0.0004	0.000666667	0	8	1	100	1	0.000666667	0.6	6.94444e-05	
1049	1050	5	-9999	0	-9999	0	2240.07	0.00223207	0.000666667	0	8	1	100	1	0.000666667	0.6	6.94444e-05	
1050	1047	5	-9999	0	-9999	0	2353.41	0.00424915	0.000666667	0	8	1	100	1	0.000666667	0.6	6.94444e-05	
1051	1052	5	-9999	0	-9999	0	1541.83	0.00843155	0.000666667	0	8	1	100	1	0.000666667	0.6	6.94444e-05	
1052	1049	5	-9999	0	-9999	0	1559.23	0.0004	0.000666667	0	8	1	100	1	0.000666667	0.6	6.94444e-05	
1053	1054	5	-9999	0	-9999	0	1602.97	0.0112292	0.000666667	0	8	1	100	1	0.000666667	0.6	6.94444e-05	
1054	1051	5	-9999	0	-9999	0	1559.33	0.0004	0.000666667	0	8	1	100	1	0.000666667	0.6	6.94444e-05	
1055	1053	5	-9999	0	-9999	0	1706.31	0.0004	0.000666667	0	8	1	100	1	0.000666667	0.6	6.94444e-05	
1056	1055	5	-9999	0	-9999	0	2588.25	0.0004	0.000666667	0	8	1	100	1	0.000666667	0.6	6.94444e-05	
1057	1058	5	-9999	0	-9999	0	1899.77	0.00947485	0.000666667	0	8	1	100	1	0.000666667	0.6	6.94444e-05	
1058	1059	5	-9999	0	-9999	0	1865.6	0.0004	0.000666667	0	8	1	100	1	0.000666667	0.6	6.94444e-05	
1059	1060	5	-9999	0	-9999	0	1842.29	0.0004	0.000666667	0	8	1	100	1	0.000666667	0.6	6.94444e-05	
1060	1061	5	-9999	0	-9999	0	1953.76	0.003071	0.000666667	0	8	1	100	1	0.000666667	0.6	6.94444e-05	
1061	1062	5	-9999	0	-9999	0	1840.27	0.0004	0.000666667	0	8	1	100	1	0.000666667	0.6	6.94444e-05	
1062	1063	5	-9999	0	-9999	0	1949.94	0.00256419	0.000666667	0	8	1	100	1	0.000666667	0.6	6.94444e-05	
1063	1064	5	-9999	0	-9999	0	1910.64	0.0004	0.000666667	0	8	1	100	1	0.000666667	0.6	6.94444e-05	
1064	1056	5	-9999	0	-9999	0	1830.78	0.00273107	0.000666667	0	8	1	100	1	0.000666667	0.6	6.94444e-05	
1065	865	4	-9999	0	-9999	0	2490.73	0.00321191	0.000666667	0	7.5	1	80	1	0.000666667	0.6	6.94444e-05	
1066	1067	3	-9999	0	-9999	0	2084.79	0.00239832	0.000666667	0	7	1	60	1	0.000666667	0.6	6.94444e-05	
1067	1065	3	-9999	0	-9999	0	2144.89	0.00279734	0.000666667	0	7	1	60	1	0.000666667	0.6	6.94444e-05	
1068	1069	3	-9999	0	-9999	0	1906.09	0.00629563	0.000666667	0	7	1	60	1	0.000666667	0.6	6.94444e-05	
1069	1066	3	-9999	0	-9999	0	1846.11	0.0004	0.000666667	0	7	1	60	1	0.000666667	0.6	6.94444e-05	
1070	1071	3	-9999	0	-9999	0	1683.6	0.0004	0.000666667	0	7	1	60	1	0.000666667	0.6	6.94444e-05	
1071	1072	3	-9999	0	-9999	0	1667.38	0.00239897	0.000666667	0	7	1	60	1	0.000666667	0.6	6.94444e-05	
1072	1073	3	-9999	0	-9999	0	1730.75	0.0004	0.000666667	0	7	1	60	1	0.000666667	0.6	6.94444e-05	
1073	1068	3	-9999	0	-9999	0	1639.8	0.0004	0.000666667	0	7	1	60	1	0.000666667	0.6	6.94444e-05	
1074	1075	3	-9999	0	-9999	0	2490.39	0.000803087	0.000666667	0	7	1	60	1	0.000666667	0.6	6.94444e-05	
1075	1076	3	-9999	0	-9999	0	2479.05	0.0004	0.000666667	0	7	1	60	1	0.000666667	0.6	6.94444e-05	
1076	1077	3	-9999	0	-9999	0	2550.47	0.00470501	0.000666667	0	7	1	60	1	0.000666667	0.6	6.94444e-05	
1077	1070	3	-9999	0	-9999	0	2459.61	0.00447225	0.000666667	0	7	1	60	1	0.000666667	0.6	6.94444e-05	
1078	1079	3	-9999	0	-9999	0	2405.82	0.0137167	0.000666667	0	7	1	60	1	0.000666667	0.6	6.94444e-05	
1079	1080	3	-9999	0	-9999	0	2379.18	0.0222766	0.000666667	0	7	1	60	1	0.000666667	0.6	6.94444e-05	
1080	1081	3	-9999	0	-9999	0	2380.9	0.0138603	0.000666667	0	7	1	60	1	0.000666667	0.6	6.94444e-05	
1081	1082	3	-9999	0	-9999	0	2401.65	0.0183208	0.000666667	0	7	1	60	1	0.000666667	0.6	6.94444e-05	
1082	1083	3	-9999	0	-9999	0	2365.16	0.0160666	0.000666667	0	7	1	60	1	0.000666667	0.6	6.94444e-05	
1083	1084	3	-9999	0	-9999	0	2420.46	0.0181783	0.000666667	0	7	1	60	1	0.000666667	0.6	6.94444e-05	
1084	1085	3	-9999	0	-9999	0	2446.6	0.0118532	0.000666667	0	7	1	60	1	0.000666667	0.6	6.94444e-05	
1085	1086	3	-9999	0	-9999	0	2383.69	0.0109075	0.000666667	0	7	1	60	1	0.000666667	0.6	6.94444e-05	
1086	1087	3	-9999	0	-9999	0	2381.74	0.0167944	0.000666667	0	7	1	60	1	0.000666667	0.6	6.94444e-05	
1087	1088	3	-9999	0	-9999	0	2411.24	0.0145154	0.000666667	0	7	1	60	1	0.000666667	0.6	6.94444e-05	
1088	1089	3	-9999	0	-9999	0	2348.33	0.0140526	0.000666667	0	7	1	60	1	0.000666667	0.6	6.94444e-05	
1089	1090	3	-9999	0	-9999	0	2398.76	0.0158415	0.000666667	0	7	1	60	1	0.000666667	0.6	6.94444e-05	
1090	1091	3	-9999	0	-9999	0	2378.66	0.0121917	0.000666667	0	7	1	60	1	0.000666667	0.6	6.94444e-05	
1091	1092	3	-9999	0	-9999	0	2397.82	0.0175159	0.000666667	0	7	1	60	1	0.000666667	0.6	6.94444e-05	
1092	1093	3	-9999	0	-9999	0	2405.92	0.0128849	0.000666667	0	7	1	60	1	0.000666667	0.6	6.94444e-05	
1093	1094	3	-9999	0	-9999	0	2365.31	0.0164883	0.000666667	0	7	1	60	1	0.000666667	0.6	6.94444e-05	
1094	1095	3	-9999	0	-9999	0	2356.33	0.015278	0.000666667	0	7	1	60	1	0.000666667	0.6	6.94444e-05	
1095	1096	3	-9999	0	-9999	0	2377.23	0.0130404	0.000666667	0	7	1	60	1	0.000666667	0.6	6.94444e-05	
1096	1097	3	-9999	0	-9999	0	2453.36	0.00937488	0.000666667	0	7	1	60	1	0.000666667	0.6	6.94444e-05	
1097	1098	3	-9999	0	-9999	0	2422.35	0.00495387	0.000666667	0	7	1	60	1	0.000666667	0.6	6.94444e-05	
1098	1099	3	-9999	0	-9999	0	2380.15	0.00252085	0.000666667	0	7	1	60	1	0.000666667	0.6	6.94444e-05	
1099	1100	3	-9999	0	-9999	0	2399.55	0.00541769	0.000666667	0	7	1	60	1	0.000666667	0.6	6.94444e-05	
1100	1101	3	-9999	0	-9999	0	2400.99	0.00458144	0.000666667	0	7	1	60	1	0.000666667	0.6	6.94444e-05	
1101	1102	3	-9999	0	-9999	0	2376.68	0.00168302	0.000666667	0	7	1	60	1	0.000666667	0.6	6.94444e-05	
1102	1103	3	-9999	0	-9999	0	2352.13	0.00340118	0.000666667	0	7	1	60	1	0.000666667	0.6	6.94444e-05	
1103	859	3	-9999	0	-9999	0	2405.62	0.00748249	0.000666667	0	7	1	60	1	0.000666667	0.6	6.94444e-05	
1104	1105	3	-9999	0	-9999	0	1949.56	0.00205175	0.000666667	0	7	1	60	1	0.000666667	0.6	6.94444e-05	
1105	1074	3	-9999	0	-9999	0	1867	0.0004	0.000666667	0	7	1	60	1	0.000666667	0.6	6.94444e-05	
1106	1041	2	-9999	0	-9999	0	1218.26	0.0004	0.000666667	0	6.5	1	40	1	0.000666667	0.6	6.94444e-05	
1107	1108	2	-9999	0	-9999	0	1963.92	0.00203674	0.000666667	0	6.5	1	40	1	0.000666667	0.6	6.94444e-05	
1108	1109	2	-9999	0	-9999	0	1989.96	0.0004	0.000666667	0	6.5	1	40	1	0.000666667	0.6	6.94444e-05	
1109	1110	2	-9999	0	-9999	0	2019.38	0.00544722	0.000666667	0	6.5	1	40	1	0.000666667	0.6	6.94444e-05	
1110	1106	2	-9999	0	-9999	0	1967.17	0.00254172	0.000666667	0	6.5	1	40	1	0.000666667	0.6	6.94444e-05	
1111	1112	2	-9999	0	-9999	0	2425.49	0.000412288	0.000666667	0	6.5	1	40	1	0.000666667	0.6	6.94444e-05	
1112	1113	2	-9999	0	-9999	0	2531.91	0.00394959	0.000666667	0	6.5	1	40	1	0.000666667	0.6	6.94444e-05	
1113	1114	2	-9999	0	-9999	0	2523.11	0.00118901	0.000666667	0	6.5	1	40	1	0.000666667	0.6	6.94444e-05	
1114	1115	2	-9999	0	-9999	0	2435.57	0.00533757	0.000666667	0	6.5	1	40	1	0.000666667	0.6	6.94444e-05	
1115	1116	2	-9999	0	-9999	0	2461.56	0.0004	0.000666667	0	6.5	1	40	1	0.000666667	0.6	6.94444e-05	
1116	1117	2	-9999	0	-9999	0	2463.13	0.00405987	0.000666667	0	6.5	1	40	1	0.000666667	0.6	6.94444e-05	
1117	1118	2	-9999	0	-9999	0	2503.39	0.00279621	0.000666667	0	6.5	1	40	1	0.000666667	0.6	6.94444e-05	
1118	1107	2	-9999	0	-9999	0	2443.74	0.00204605	0.000666667	0	6.5	1	40	1	0.000666667	0.6	6.94444e-05	
1119	1111	2	-9999	0	-9999	0	1679.94	0.00297629	0.000666667	0	6.5	1	40	1	0.000666667	0.6	6.94444e-05	
1120	1121	2	-9999	0	-9999	0	2474.86	0.00161625	0.000666667	0	6.5	1	40	1	0.000666667	0.6	6.94444e-05	
1121	1119	2	-9999	0	-9999	0	2453.78	0.00203768	0.000666667	0	6.5	1	40	1	0.000666667	0.6	6.94444e-05	
1122	1123	1	-9999	0	-9999	0	2176.85	0.00643132	0.000666667	0	6	1	20	1	0.000666667	0.6	6.94444e-05	
1123	1124	1	-9999	0	-9999	0	2159.43	0.00324159	0.000666667	0	6	1	20	1	0.000666667	0.6	6.94444e-05	
1124	1125	1	-9999	0	-9999	0	2112.16	0.0018938	0.000666667	0	6	1	20	1	0.000666667	0.6	6.94444e-05	
1125	1120	1	-9999	0	-9999	0	2132.93	0.00187536	0.000666667	0	6	1	20	1	0.000666667	0.6	6.94444e-05	
1126	876	3	-9999	0	-9999	0	1139.74	0.00263219	0.000666667	0	7	1	60	1	0.000666667	0.6	6.94444e-05	
1127	1128	3	-9999	0	-9999	0	2258.77	0.00619806	0.000666667	0	7	1	60	1	0.000666667	0.6	6.94444e-05	
1128	1129	3	-9999	0	-9999	0	2289.64	0.000873499	0.000666667	0	7	1	60	1	0.000666667	0.6	6.94444e-05	
1129	1130	3	-9999	0	-9999	0	2305.64	0.00563836	0.000666667	0	7	1	60	1	0.000666667	0.6	6.94444e-05	
1130	1126	3	-9999	0	-9999	0	2331.43	0.0004	0.000666667	0	7	1	60	1	0.000666667	0.6	6.94444e-05	
1131	1132	3	-9999	0	-9999	0	2493.63	0.00481226	0.000666667	0	7	1	60	1	0.000666667	0.6	6.94444e-05	
1132	1133	3	-9999	0	-9999	0	2392.35	0.00167199	0.000666667	0	7	1	60	1	0.000666667	0.6	6.94444e-05	
1133	1134	3	-9999	0	-9999	0	2493.41	0.0028074	0.000666667	0	7	1	60	1	0.000666667	0.6	6.94444e-05	
1134	1135	3	-9999	0	-9999	0	2526.39	0.00158329	0.000666667	0	7	1	60	1	0.000666667	0.6	6.94444e-05	
1135	1136	3	-9999	0	-9999	0	2456.42	0.00447806	0.000666667	0	7	1	60	1	0.000666667	0.6	6.94444e-05	
1136	1137	3	-9999	0	-9999	0	2459.62	0.000813133	0.000666667	0	7	1	60	1	0.000666667	0.6	6.94444e-05	
1137	1138	3	-9999	0	-9999	0	2428.27	0.00329452	0.000666667	0	7	1	60	1	0.000666667	0.6	6.94444e-05	
1138	1139	3	-9999	0	-9999	0	2545.08	0.00314332	0.000666667	0	7	1	60	1	0.000666667	0.6	6.94444e-05	
1139	1140	3	-9999	0	-9999	0	2366.4	0.00422582	0.000666667	0	7	1	60	1	0.000666667	0.6	6.94444e-05	
1140	1141	3	-9999	0	-9999	0	2481.53	0.00483572	0.000666667	0	7	1	60	1	0.000666667	0.6	6.94444e-05	
1141	1142	3	-9999	0	-9999	0	2525.14	0.0004	0.000666667	0	7	1	60	1	0.000666667	0.6	6.94444e-05	
1142	1065	3	-9999	0	-9999	0	2455.14	0.00570232	0.000666667	0	7	1	60	1	0.000666667	0.6	6.94444e-05	
1143	1144	2	-9999	0	-9999	0	2270.51	0.00308301	0.000666667	0	6.5	1	40	1	0.000666667	0.6	6.94444e-05	
1144	1145	2	-9999	0	-9999	0	2383.85	0.00377541	0.000666667	0	6.5	1	40	1	0.000666667	0.6	6.94444e-05	
1145	1146	2	-9999	0	-9999	0	2355.67	0.000849016	0.000666667	0	6.5	1	40	1	0.000666667	0.6	6.94444e-05	
1146	1147	2	-9999	0	-9999	0	2282.18	0.00701085	0.000666667	0	6.5	1	40	1	0.000666667	0.6	6.94444e-05	
1147	1148	2	-9999	0	-9999	0	2296.01	0.00217769	0.000666667	0	6.5	1	40	1	0.000666667	0.6	6.94444e-05	
1148	1149	2	-9999	0	-9999	0	2309.89	0.00519505	0.000666667	0	6.5	1	40	1	0.000666667	0.6	6.94444e-05	
1149	1150	2	-9999	0	-9999	0	2339.36	0.000854936	0.000666667	0	6.5	1	40	1	0.000666667	0.6	6.94444e-05	
1150	1151	2	-9999	0	-9999	0	2332.36	0.00343	0.000666667	0	6.5	1	40	1	0.000666667	0.6	6.94444e-05	
1151	1152	2	-9999	0	-9999	0	2314.56	0.00216024	0.000666667	0	6.5	1	40	1	0.000666667	0.6	6.94444e-05	
1152	1127	2	-9999	0	-9999	0	2293.36	0.00392438	0.000666667	0	6.5	1	40	1	0.000666667	0.6	6.94444e-05	
1153	1154	3	-9999	0	-9999	0	1840.88	0.0004	0.000666667	0	7	1	60	1	0.000666667	0.6	6.94444e-05	
1154	1056	3	-9999	0	-9999	0	1889.79	0.00687907	0.000666667	0	7	1	60	1	0.000666667	0.6	6.94444e-05	
1155	1156	3	-9999	0	-9999	0	2350.96	0.0259468	0.000666667	0	7	1	60	1	0.000666667	0.6	6.94444e-05	
1156	1157	3	-9999	0	-9999	0	2340.34	0.00811849	0.000666667	0	7	1	60	1	0.000666667	0.6	6.94444e-05	
1157	1158	3	-9999	0	-9999	0	2360.74	0.0326168	0.000666667	0	7	1	60	1	0.000666667	0.6	6.94444e-05	
1158	1159	3	-9999	0	-9999	0	2368.71	0.0278632	0.000666667	0	7	1	60	1	0.000666667	0.6	6.94444e-05	
1159	1160	3	-9999	0	-9999	0	2395.29	0.0100197	0.000666667	0	7	1	60	1	0.000666667	0.6	6.94444e-05	
1160	1161	3	-9999	0	-9999	0	2421.96	0.0280764	0.000666667	0	7	1	60	1	0.000666667	0.6	6.94444e-05	
1161	1162	3	-9999	0	-9999	0	2304.69	0.0186576	0.000666667	0	7	1	60	1	0.000666667	0.6	6.94444e-05	
1162	1163	3	-9999	0	-9999	0	2387.11	0.0230404	0.000666667	0	7	1	60	1	0.000666667	0.6	6.94444e-05	
1163	1164	3	-9999	0	-9999	0	2368.43	0.0202666	0.000666667	0	7	1	60	1	0.000666667	0.6	6.94444e-05	
1164	1165	3	-9999	0	-9999	0	2325.05	0.0258059	0.000666667	0	7	1	60	1	0.000666667	0.6	6.94444e-05	
1165	1166	3	-9999	0	-9999	0	2392.92	0.0213129	0.000666667	0	7	1	60	1	0.000666667	0.6	6.94444e-05	
1166	1167	3	-9999	0	-9999	0	2343.67	0.0183473	0.000666667	0	7	1	60	1	0.000666667	0.6	6.94444e-05	
1167	1168	3	-9999	0	-9999	0	2381.57	0.0109172	0.000666667	0	7	1	60	1	0.000666667	0.6	6.94444e-05	
1168	1169	3	-9999	0	-9999	0	2428.69	0.0127641	0.000666667	0	7	1	60	1	0.000666667	0.6	6.94444e-05	
1169	1170	3	-9999	0	-9999	0	2369.78	0.0021099	0.000666667	0	7	1	60	1	0.000666667	0.6	6.94444e-05	
1170	1171	3	-9999	0	-9999	0	2262.23	0.00707267	0.000666667	0	7	1	60	1	0.000666667	0.6	6.94444e-05	
1171	1172	3	-9999	0	-9999	0	2380.97	0.00125999	0.000666667	0	7	1	60	1	0.000666667	0.6	6.94444e-05	
1172	1173	3	-9999	0	-9999	0	2429.83	0.0107003	0.000666667	0	7	1	60	1	0.000666667	0.6	6.94444e-05	
1173	1174	3	-9999	0	-9999	0	2318.1	0.000862776	0.000666667	0	7	1	60	1	0.000666667	0.6	6.94444e-05	
1174	1175	3	-9999	0	-9999	0	2401.41	0.00416422	0.000666667	0	7	1	60	1	0.000666667	0.6	6.94444e-05	
1175	1176	3	-9999	0	-9999	0	2382.18	0.0025187	0.000666667	0	7	1	60	1	0.000666667	0.6	6.94444e-05	
1176	1177	3	-9999	0	-9999	0	2333.06	0.00300035	0.000666667	0	7	1	60	1	0.000666667	0.6	6.94444e-05	
1177	1178	3	-9999	0	-9999	0	2387.16	0.00209454	0.000666667	0	7	1	60	1	0.000666667	0.6	6.94444e-05	
1178	1131	3	-9999	0	-9999	0	2350.51	0.0004	0.000666667	0	7	1	60	1	0.000666667	0.6	6.94444e-05	
1179	891	2	-9999	0	-9999	0	1891.9	0.0004	0.000666667	0	6.5	1	40	1	0.000666667	0.6	6.94444e-05	
1180	1179	1	-9999	0	-9999	0	1182.55	0.00507377	0.000666667	0	6	1	20	1	0.000666667	0.6	6.94444e-05	
1181	1049	1	-9999	0	-9999	0	1426.52	0.00350502	0.000666667	0	6	1	20	1	0.000666667	0.6	6.94444e-05	
1182	1183	1	-9999	0	-9999	0	1595.13	0.0004	0.000666667	0	6	1	20	1	0.000666667	0.6	6.94444e-05	
1183	1184	1	-9999	0	-9999	0	1595.05	0.00376163	0.000666667	0	6	1	20	1	0.000666667	0.6	6.94444e-05	
1184	1185	1	-9999	0	-9999	0	1622.7	0.0104764	0.000666667	0	6	1	20	1	0.000666667	0.6	6.94444e-05	
1185	1180	1	-9999	0	-9999	0	1617.68	0.000618168	0.000666667	0	6	1	20	1	0.000666667	0.6	6.94444e-05	
1186	1187	1	-9999	0	-9999	0	2078.27	0.00240584	0.000666667	0	6	1	20	1	0.000666667	0.6	6.94444e-05	
1187	1188	1	-9999	0	-9999	0	1973.68	0.0004	0.000666667	0	6	1	20	1	0.000666667	0.6	6.94444e-05	
1188	1189	1	-9999	0	-9999	0	2020.88	0.00296901	0.000666667	0	6	1	20	1	0.000666667	0.6	6.94444e-05	
1189	1190	1	-9999	0	-9999	0	2019.13	0.00297158	0.000666667	0	6	1	20	1	0.000666667	0.6	6.94444e-05	
1190	1191	1	-9999	0	-9999	0	1991.17	0.00502217	0.000666667	0	6	1	20	1	0.000666667	0.6	6.94444e-05	
1191	1192	1	-9999	0	-9999	0	2036.43	0.000982113	0.000666667	0	6	1	20	1	0.000666667	0.6	6.94444e-05	
1192	1193	1	-9999	0	-9999	0	2020.77	0.00197944	0.000666667	0	6	1	20	1	0.000666667	0.6	6.94444e-05	
1193	1194	1	-9999	0	-9999	0	2095.48	0.0004	0.000666667	0	6	1	20	1	0.000666667	0.6	6.94444e-05	
1194	1195	1	-9999	0	-9999	0	2011.65	0.00149131	0.000666667	0	6	1	20	1	0.000666667	0.6	6.94444e-05	
1195	1181	1	-9999	0	-9999	0	1985.33	0.00352586	0.000666667	0	6	1	20	1	0.000666667	0.6	6.94444e-05	
1196	1197	2	-9999	0	-9999	0	1701.27	0.00352678	0.000666667	0	6.5	1	40	1	0.000666667	0.6	6.94444e-05	
1197	1198	2	-9999	0	-9999	0	1657.63	0.00844579	0.000666667	0	6.5	1	40	1	0.000666667	0.6	6.94444e-05	
1198	1199	2	-9999	0	-9999	0	1652.12	0.0036317	0.000666667	0	6.5	1	40	1	0.000666667	0.6	6.94444e-05	
1199	1143	2	-9999	0	-9999	0	1633.03	0.00244944	0.000666667	0	6.5	1	40	1	0.000666667	0.6	6.94444e-05	
1200	1201	2	-9999	0	-9999	0	1825.85	0.00109538	0.000666667	0	6.5	1	40	1	0.000666667	0.6	6.94444e-05	
1201	1202	2	-9999	0	-9999	0	1901.19	0.00315592	0.000666667	0	6.5	1	40	1	0.000666667	0.6	6.94444e-05	
1202	1203	2	-9999	0	-9999	0	1916.34	0.00260915	0.000666667	0	6.5	1	40	1	0.000666667	0.6	6.94444e-05	
1203	1204	2	-9999	0	-9999	0	1869.07	0.0004	0.000666667	0	6.5	1	40	1	0.000666667	0.6	6.94444e-05	
1204	1205	2	-9999	0	-9999	0	1849.92	0.00270282	0.000666667	0	6.5	1	40	1	0.000666667	0.6	6.94444e-05	
1205	1120	2	-9999	0	-9999	0	1916.07	0.000521902	0.000666667	0	6.5	1	40	1	0.000666667	0.6	6.94444e-05	
1206	1207	1	-9999	0	-9999	0	2448.9	0.0273592	0.000666667	0	6	1	20	1	0.000666667	0.6	6.94444e-05	
1207	1208	1	-9999	0	-9999	0	2473.44	0.0181933	0.000666667	0	6	1	20	1	0.000666667	0.6	6.94444e-05	
1208	1209	1	-9999	0	-9999	0	2430.05	0.0209872	0.000666667	0	6	1	20	1	0.000666667	0.6	6.94444e-05	
1209	1210	1	-9999	0	-9999	0	2522.42	0.0241832	0.000666667	0	6	1	20	1	0.000666667	0.6	6.94444e-05	
1210	1211	1	-9999	0	-9999	0	2388.39	0.0121421	0.000666667	0	6	1	20	1	0.000666667	0.6	6.94444e-05	
1211	1212	1	-9999	0	-9999	0	2503.41	0.0191738	0.000666667	0	6	1	20	1	0.000666667	0.6	6.94444e-05	
1212	1213	1	-9999	0	-9999	0	2525.82	0.0071264	0.000666667	0	6	1	20	1	0.000666667	0.6	6.94444e-05	
1213	1214	1	-9999	0	-9999	0	2455.72	0.0097731	0.000666667	0	6	1	20	1	0.000666667	0.6	6.94444e-05	
1214	1215	1	-9999	0	-9999	0	2469.08	0.00486011	0.000666667	0	6	1	20	1	0.000666667	0.6	6.94444e-05	
1215	1216	1	-9999	0	-9999	0	2412.1	0.00497492	0.000666667	0	6	1	20	1	0.000666667	0.6	6.94444e-05	
1216	1217	1	-9999	0	-9999	0	2498.68	0.00400212	0.000666667	0	6	1	20	1	0.000666667	0.6	6.94444e-05	
1217	1218	1	-9999	0	-9999	0	2453.17	0.00448399	0.000666667	0	6	1	20	1	0.000666667	0.6	6.94444e-05	
1218	1219	1	-9999	0	-9999	0	2428.5	0.0004	0.000666667	0	6	1	20	1	0.000666667	0.6	6.94444e-05	
1219	1220	1	-9999	0	-9999	0	2462.09	0.00731087	0.000666667	0	6	1	20	1	0.000666667	0.6	6.94444e-05	
1220	1221	1	-9999	0	-9999	0	2433.72	0.00410893	0.000666667	0	6	1	20	1	0.000666667	0.6	6.94444e-05	
1221	1222	1	-9999	0	-9999	0	2526.05	0.0004	0.000666667	0	6	1	20	1	0.000666667	0.6	6.94444e-05	
1222	1223	1	-9999	0	-9999	0	2410.59	0.00746706	0.000666667	0	6	1	20	1	0.000666667	0.6	6.94444e-05	
1223	1186	1	-9999	0	-9999	0	2480.27	0.00161273	0.000666667	0	6	1	20	1	0.000666667	0.6	6.94444e-05	
1224	1225	2	-9999	0	-9999	0	1691.67	0.00118226	0.000666667	0	6.5	1	40	1	0.000666667	0.6	6.94444e-05	
1225	859	2	-9999	0	-9999	0	1657.59	0.00844598	0.000666667	0	6.5	1	40	1	0.000666667	0.6	6.94444e-05	
1226	1227	2	-9999	0	-9999	0	2042.75	0.00587442	0.000666667	0	6.5	1	40	1	0.000666667	0.6	6.94444e-05	
1227	1224	2	-9999	0	-9999	0	2117.2	0.00425089	0.000666667	0	6.5	1	40	1	0.000666667	0.6	6.94444e-05	
1228	1229	1	-9999	0	-9999	0	1583.45	0.0004	0.000666667	0	6	1	20	1	0.000666667	0.6	6.94444e-05	
1229	1230	1	-9999	0	-9999	0	1607.8	0.00684163	0.000666667	0	6	1	20	1	0.000666667	0.6	6.94444e-05	
1230	1231	1	-9999	0	-9999	0	1635.51	0.0018343	0.000666667	0	6	1	20	1	0.000666667	0.6	6.94444e-05	
1231	1179	1	-9999	0	-9999	0	1664.82	0.00660734	0.000666667	0	6	1	20	1	0.000666667	0.6	6.94444e-05	
1232	1233	1	-9999	0	-9999	0	2245.07	0.0102447	0.000666667	0	6	1	20	1	0.000666667	0.6	6.94444e-05	
1233	1234	1	-9999	0	-9999	0	2314.68	0.000432026	0.000666667	0	6	1	20	1	0.000666667	0.6	6.94444e-05	
1234	1235	1	-9999	0	-9999	0	2178.24	0.00596813	0.000666667	0	6	1	20	1	0.000666667	0.6	6.94444e-05	
1235	1236	1	-9999	0	-9999	0	2289.96	0.00655034	0.000666667	0	6	1	20	1	0.000666667	0.6	6.94444e-05	
1236	1237	1	-9999	0	-9999	0	2241.08	0.00356971	0.000666667	0	6	1	20	1	0.000666667	0.6	6.94444e-05	
1237	1226	1	-9999	0	-9999	0	2281.34	0.00613674	0.000666667	0	6	1	20	1	0.000666667	0.6	6.94444e-05	
1238	1239	1	-9999	0	-9999	0	2409.08	0.0004	0.000666667	0	6	1	20	1	0.000666667	0.6	6.94444e-05	
1239	1240	1	-9999	0	-9999	0	2426.47	0.00947877	0.000666667	0	6	1	20	1	0.000666667	0.6	6.94444e-05	
1240	1241	1	-9999	0	-9999	0	2460.92	0.000812704	0.000666667	0	6	1	20	1	0.000666667	0.6	6.94444e-05	
1241	1242	1	-9999	0	-9999	0	2471.65	0.0032367	0.000666667	0	6	1	20	1	0.000666667	0.6	6.94444e-05	
1242	1243	1	-9999	0	-9999	0	2473.21	0.002426	0.000666667	0	6	1	20	1	0.000666667	0.6	6.94444e-05	
1243	946	1	-9999	0	-9999	0	2427.58	0.0037074	0.000666667	0	6	1	20	1	0.000666667	0.6	6.94444e-05	
1244	930	2	-9999	0	-9999	0	1693.67	0.00590435	0.000666667	0	6.5	1	40	1	0.000666667	0.6	6.94444e-05	
1245	1246	1	-9999	0	-9999	0	1541.79	0.00648598	0.000666667	0	6	1	20	1	0.000666667	0.6	6.94444e-05	
1246	1247	1	-9999	0	-9999	0	1470.15	0.00272081	0.000666667	0	6	1	20	1	0.000666667	0.6	6.94444e-05	
1247	1248	1	-9999	0	-9999	0	1543.38	0.00129586	0.000666667	0	6	1	20	1	0.000666667	0.6	6.94444e-05	
1248	1238	1	-9999	0	-9999	0	1539.91	0.0004	0.000666667	0	6	1	20	1	0.000666667	0.6	6.94444e-05	
1249	1244	2	-9999	0	-9999	0	2734.58	0.00767942	0.000666667	0	6.5	1	40	1	0.000666667	0.6	6.94444e-05	
1250	1251	2	-9999	0	-9999	0	1636.42	0.0004	0.000666667	0	6.5	1	40	1	0.000666667	0.6	6.94444e-05	
1251	1249	2	-9999	0	-9999	0	1538.44	0.0130002	0.000666667	0	6.5	1	40	1	0.000666667	0.6	6.94444e-05	
1252	1253	2	-9999	0	-9999	0	2384.03	0.00713077	0.000666667	0	6.5	1	40	1	0.000666667	0.6	6.94444e-05	
1253	1254	2	-9999	0	-9999	0	2410.11	0.00165967	0.000666667	0	6.5	1	40	1	0.000666667	0.6	6.94444e-05	
1254	1255	2	-9999	0	-9999	0	2406.39	0.00374004	0.000666667	0	6.5	1	40	1	0.000666667	0.6	6.94444e-05	
1255	1256	2	-9999	0	-9999	0	2404.53	0.00124765	0.000666667	0	6.5	1	40	1	0.000666667	0.6	6.94444e-05	
1256	1257	2	-9999	0	-9999	0	2385.2	0.00628877	0.000666667	0	6.5	1	40	1	0.000666667	0.6	6.94444e-05	
1257	1258	2	-9999	0	-9999	0	2409.4	0.00124512	0.000666667	0	6.5	1	40	1	0.000666667	0.6	6.94444e-05	
1258	1259	2	-9999	0	-9999	0	2425.04	0.00412365	0.000666667	0	6.5	1	40	1	0.000666667	0.6	6.94444e-05	
1259	1260	2	-9999	0	-9999	0	2400.49	0.00749845	0.000666667	0	6.5	1	40	1	0.000666667	0.6	6.94444e-05	
1260	1261	2	-9999	0	-9999	0	2429.8	0.0004	0.000666667	0	6.5	1	40	1	0.000666667	0.6	6.94444e-05	
1261	1127	2	-9999	0	-9999	0	2411.88	0.00538999	0.000666667	0	6.5	1	40	1	0.000666667	0.6	6.94444e-05	
1262	1263	1	-9999	0	-9999	0	2216.16	0.011732	0.000666667	0	6	1	20	1	0.000666667	0.6	6.94444e-05	
1263	1249	1	-9999	0	-9999	0	2224.84	0.0116862	0.000666667	0	6	1	20	1	0.000666667	0.6	6.94444e-05	
1264	1265	1	-9999	0	-9999	0	2192.22	0.0136848	0.000666667	0	6	1	20	1	0.000666667	0.6	6.94444e-05	
1265	1266	1	-9999	0	-9999	0	2263.8	0.0004	0.000666667	0	6	1	20	1	0.000666667	0.6	6.94444e-05	
1266	1267	1	-9999	0	-9999	0	2269.16	0.00661039	0.000666667	0	6	1	20	1	0.000666667	0.6	6.94444e-05	
1267	1252	1	-9999	0	-9999	0	2242.64	0.00178361	0.000666667	0	6	1	20	1	0.000666667	0.6	6.94444e-05	
1268	1269	1	-9999	0	-9999	0	2217.31	0.000450997	0.000666667	0	6	1	20	1	0.000666667	0.6	6.94444e-05	
1269	1270	1	-9999	0	-9999	0	2245.51	0.002672	0.000666667	0	6	1	20	1	0.000666667	0.6	6.94444e-05	
1270	1271	1	-9999	0	-9999	0	2269.92	0.0070487	0.000666667	0	6	1	20	1	0.000666667	0.6	6.94444e-05	
1271	1272	1	-9999	0	-9999	0	2352.91	0.0004	0.000666667	0	6	1	20	1	0.000666667	0.6	6.94444e-05	
1272	1273	1	-9999	0	-9999	0	2186.28	0.00640356	0.000666667	0	6	1	20	1	0.000666667	0.6	6.94444e-05	
1273	1274	1	-9999	0	-9999	0	2299.49	0.00347903	0.000666667	0	6	1	20	1	0.000666667	0.6	6.94444e-05	
1274	1275	1	-9999	0	-9999	0	2291.93	0.00523575	0.000666667	0	6	1	20	1	0.000666667	0.6	6.94444e-05	
1275	1276	1	-9999	0	-9999	0	2223.8	0.0004	0.000666667	0	6	1	20	1	0.000666667	0.6	6.94444e-05	
1276	1277	1	-9999	0	-9999	0	2258.91	0.0044269	0.000666667	0	6	1	20	1	0.000666667	0.6	6.94444e-05	
1277	1278	1	-9999	0	-9999	0	2213.46	0.00768028	0.000666667	0	6	1	20	1	0.000666667	0.6	6.94444e-05	
1278	1279	1	-9999	0	-9999	0	2236.05	0.00268331	0.000666667	0	6	1	20	1	0.000666667	0.6	6.94444e-05	
1279	1055	1	-9999	0	-9999	0	2303.87	0.00217026	0.000666667	0	6	1	20	1	0.000666667	0.6	6.94444e-05	
1280	1281	2	-9999	0	-9999	0	1973.38	0.045607	0.000666667	0	6.5	1	40	1	0.000666667	0.6	6.94444e-05	
1281	1282	2	-9999	0	-9999	0	1990.29	0.0522536	0.000666667	0	6.5	1	40	1	0.000666667	0.6	6.94444e-05	
1282	1283	2	-9999	0	-9999	0	1886.45	0.0418775	0.000666667	0	6.5	1	40	1	0.000666667	0.6	6.94444e-05	
1283	1284	2	-9999	0	-9999	0	1982.6	0.0282457	0.000666667	0	6.5	1	40	1	0.000666667	0.6	6.94444e-05	
1284	1285	2	-9999	0	-9999	0	1959.85	0.0132663	0.000666667	0	6.5	1	40	1	0.000666667	0.6	6.94444e-05	
1285	1286	2	-9999	0	-9999	0	1959.73	0.014798	0.000666667	0	6.5	1	40	1	0.000666667	0.6	6.94444e-05	
1286	1287	2	-9999	0	-9999	0	1935.12	0.0165364	0.000666667	0	6.5	1	40	1	0.000666667	0.6	6.94444e-05	
1287	1250	2	-9999	0	-9999	0	2008.5	0.0179238	0.000666667	0	6.5	1	40	1	0.000666667	0.6	6.94444e-05	
1288	1289	1	-9999	0	-9999	0	1763.29	0.00680545	0.000666667	0	6	1	20	1	0.000666667	0.6	6.94444e-05	
1289	1290	1	-9999	0	-9999	0	1852.01	0.00863929	0.000666667	0	6	1	20	1	0.000666667	0.6	6.94444e-05	
1290	1291	1	-9999	0	-9999	0	1793.74	0.00947738	0.000666667	0	6	1	20	1	0.000666667	0.6	6.94444e-05	
1291	1292	1	-9999	0	-9999	0	1830.91	0.0114697	0.000666667	0	6	1	20	1	0.000666667	0.6	6.94444e-05	
1292	1293	1	-9999	0	-9999	0	1770.01	0.00338981	0.000666667	0	6	1	20	1	0.000666667	0.6	6.94444e-05	
1293	1252	1	-9999	0	-9999	0	1840.74	0.00434607	0.000666667	0	6	1	20	1	0.000666667	0.6	6.94444e-05	
1294	1295	1	-9999	0	-9999	0	2023.95	0.00345858	0.000666667	0	6	1	20	1	0.000666667	0.6	6.94444e-05	
1295	1296	1	-9999	0	-9999	0	2061.79	0.00533518	0.000666667	0	6	1	20	1	0.000666667	0.6	6.94444e-05	
1296	1297	1	-9999	0	-9999	0	1940.92	0.00669784	0.000666667	0	6	1	20	1	0.000666667	0.6	6.94444e-05	
1297	1298	1	-9999	0	-9999	0	2057.87	0.00145782	0.000666667	0	6	1	20	1	0.000666667	0.6	6.94444e-05	
1298	1299	1	-9999	0	-9999	0	2031.42	0.00246133	0.000666667	0	6	1	20	1	0.000666667	0.6	6.94444e-05	
1299	1300	1	-9999	0	-9999	0	2045.8	0.00342164	0.000666667	0	6	1	20	1	0.000666667	0.6	6.94444e-05	
1300	1301	1	-9999	0	-9999	0	2085.69	0.00287675	0.000666667	0	6	1	20	1	0.000666667	0.6	6.94444e-05	
1301	1302	1	-9999	0	-9999	0	2019.27	0.0004	0.000666667	0	6	1	20	1	0.000666667	0.6	6.94444e-05	
1302	1303	1	-9999	0	-9999	0	2038.29	0.00834031	0.000666667	0	6	1	20	1	0.000666667	0.6	6.94444e-05	
1303	1119	1	-9999	0	-9999	0	2015.49	0.00198463	0.000666667	0	6	1	20	1	0.000666667	0.6	6.94444e-05	
1304	1305	1	-9999	0	-9999	0	2220.79	0.0184619	0.000666667	0	6	1	20	1	0.000666667	0.6	6.94444e-05	
1305	1306	1	-9999	0	-9999	0	2284.9	0.00306359	0.000666667	0	6	1	20	1	0.000666667	0.6	6.94444e-05	
1306	1307	1	-9999	0	-9999	0	2220.46	0.0004	0.000666667	0	6	1	20	1	0.000666667	0.6	6.94444e-05	
1307	1308	1	-9999	0	-9999	0	2265.68	0.00617917	0.000666667	0	6	1	20	1	0.000666667	0.6	6.94444e-05	
1308	1309	1	-9999	0	-9999	0	2253.75	0.00354964	0.000666667	0	6	1	20	1	0.000666667	0.6	6.94444e-05	
1309	1310	1	-9999	0	-9999	0	2337.04	0.000427891	0.000666667	0	6	1	20	1	0.000666667	0.6	6.94444e-05	
1310	1311	1	-9999	0	-9999	0	2261.65	0.00574801	0.000666667	0	6	1	20	1	0.000666667	0.6	6.94444e-05	
1311	1312	1	-9999	0	-9999	0	2181.37	0.00458428	0.000666667	0	6	1	20	1	0.000666667	0.6	6.94444e-05	
1312	1313	1	-9999	0	-9999	0	2270.24	0.00176193	0.000666667	0	6	1	20	1	0.000666667	0.6	6.94444e-05	
1313	1245	1	-9999	0	-9999	0	2259.53	0.000885139	0.000666667	0	6	1	20	1	0.000666667	0.6	6.94444e-05	
1314	1315	1	-9999	0	-9999	0	2018.34	0.0004	0.000666667	0	6	1	20	1	0.000666667	0.6	6.94444e-05	
1315	1316	1	-9999	0	-9999	0	2112.66	0.00426004	0.000666667	0	6	1	20	1	0.000666667	0.6	6.94444e-05	
1316	1317	1	-9999	0	-9999	0	2062.16	0.00145479	0.000666667	0	6	1	20	1	0.000666667	0.6	6.94444e-05	
1317	1051	1	-9999	0	-9999	0	2016.9	0.0054539	0.000666667	0	6	1	20	1	0.000666667	0.6	6.94444e-05	
1318	865	2	-9999	0	-9999	0	1680.6	0.00595024	0.000666667	0	6.5	1	40	1	0.000666667	0.6	6.94444e-05	
1319	1320	1	-9999	0	-9999	0	2432.3	0.0197345	0.000666667	0	6	1	20	1	0.000666667	0.6	6.94444e-05	
1320	1321	1	-9999	0	-9999	0	2397.71	0.0158485	0.000666667	0	6	1	20	1	0.000666667	0.6	6.94444e-05	
1321	1322	1	-9999	0	-9999	0	2422.88	0.0173348	0.000666667	0	6	1	20	1	0.000666667	0.6	6.94444e-05	
1322	980	1	-9999	0	-9999	0	2453.74	0.0130413	0.000666667	0	6	1	20	1	0.000666667	0.6	6.94444e-05	
1323	1324	1	-9999	0	-9999	0	1814.3	0.0004	0.000666667	0	6	1	20	1	0.000666667	0.6	6.94444e-05	
1324	1325	1	-9999	0	-9999	0	1768.87	0.011872	0.000666667	0	6	1	20	1	0.000666667	0.6	6.94444e-05	
1325	1326	1	-9999	0	-9999	0	1809.04	0.0004	0.000666667	0	6	1	20	1	0.000666667	0.6	6.94444e-05	
1326	1327	1	-9999	0	-9999	0	1754.88	0.010827	0.000666667	0	6	1	20	1	0.000666667	0.6	6.94444e-05	
1327	1328	1	-9999	0	-9999	0	1808.91	0.0004	0.000666667	0	6	1	20	1	0.000666667	0.6	6.94444e-05	
1328	1314	1	-9999	0	-9999	0	1794.75	0.0501463	0.000666667	0	6	1	20	1	0.000666667	0.6	6.94444e-05	
1329	1330	1	-9999	0	-9999	0	1641.59	0.00121833	0.000666667	0	6	1	20	1	0.000666667	0.6	6.94444e-05	
1330	1323	1	-9999	0	-9999	0	1734.03	0.00288346	0.000666667	0	6	1	20	1	0.000666667	0.6	6.94444e-05	
1331	1332	1	-9999	0	-9999	0	1948.33	0.0123182	0.000666667	0	6	1	20	1	0.000666667	0.6	6.94444e-05	
1332	1224	1	-9999	0	-9999	0	1917.47	0.0004	0.000666667	0	6	1	20	1	0.000666667	0.6	6.94444e-05	
1333	1334	1	-9999	0	-9999	0	2375.04	0.00799988	0.000666667	0	6	1	20	1	0.000666667	0.6	6.94444e-05	
1334	1319	1	-9999	0	-9999	0	2456.78	0.00976889	0.000666667	0	6	1	20	1	0.000666667	0.6	6.94444e-05	
1335	1336	1	-9999	0	-9999	0	1893.85	0.00158408	0.000666667	0	6	1	20	1	0.000666667	0.6	6.94444e-05	
1336	1337	1	-9999	0	-9999	0	1799.46	0.00333433	0.000666667	0	6	1	20	1	0.000666667	0.6	6.94444e-05	
1337	1338	1	-9999	0	-9999	0	1779.95	0.008989	0.000666667	0	6	1	20	1	0.000666667	0.6	6.94444e-05	
1338	1339	1	-9999	0	-9999	0	1869.13	0.00642009	0.000666667	0	6	1	20	1	0.000666667	0.6	6.94444e-05	
1339	1340	1	-9999	0	-9999	0	1805.68	0.00443046	0.000666667	0	6	1	20	1	0.000666667	0.6	6.94444e-05	
1340	1226	1	-9999	0	-9999	0	1856.02	0.00215515	0.000666667	0	6	1	20	1	0.000666667	0.6	6.94444e-05	
1341	1342	1	-9999	0	-9999	0	2684.65	0.00595982	0.000666667	0	6	1	20	1	0.000666667	0.6	6.94444e-05	
1342	1329	1	-9999	0	-9999	0	2722.77	0.00624364	0.000666667	0	6	1	20	1	0.000666667	0.6	6.94444e-05	
1343	1344	1	-9999	0	-9999	0	1809.95	0.003315	0.000666667	0	6	1	20	1	0.000666667	0.6	6.94444e-05	
1344	1047	1	-9999	0	-9999	0	1848.6	0.00865519	0.000666667	0	6	1	20	1	0.000666667	0.6	6.94444e-05	
1345	1346	1	-9999	0	-9999	0	1969.61	0.00558485	0.000666667	0	6	1	20	1	0.000666667	0.6	6.94444e-05	
1346	1331	1	-9999	0	-9999	0	2014.96	0.000496288	0.000666667	0	6	1	20	1	0.000666667	0.6	6.94444e-05	
1347	1348	1	-9999	0	-9999	0	2233.1	0.0004	0.000666667	0	6	1	20	1	0.000666667	0.6	6.94444e-05	
1348	1349	1	-9999	0	-9999	0	2149.35	0.0004	0.000666667	0	6	1	20	1	0.000666667	0.6	6.94444e-05	
1349	1350	1	-9999	0	-9999	0	2128.15	0.00234945	0.000666667	0	6	1	20	1	0.000666667	0.6	6.94444e-05	
1350	1351	1	-9999	0	-9999	0	2202.94	0.00408546	0.000666667	0	6	1	20	1	0.000666667	0.6	6.94444e-05	
1351	1352	1	-9999	0	-9999	0	2173.31	0.00460127	0.000666667	0	6	1	20	1	0.000666667	0.6	6.94444e-05	
1352	1353	1	-9999	0	-9999	0	2101.66	0.00808884	0.000666667	0	6	1	20	1	0.000666667	0.6	6.94444e-05	
1353	1354	1	-9999	0	-9999	0	2246.16	0.0004	0.000666667	0	6	1	20	1	0.000666667	0.6	6.94444e-05	
1354	1355	1	-9999	0	-9999	0	2181.22	0.0022923	0.000666667	0	6	1	20	1	0.000666667	0.6	6.94444e-05	
1355	1356	1	-9999	0	-9999	0	2112.81	0.00236651	0.000666667	0	6	1	20	1	0.000666667	0.6	6.94444e-05	
1356	1318	1	-9999	0	-9999	0	2174.29	0.00551905	0.000666667	0	6	1	20	1	0.000666667	0.6	6.94444e-05	
1357	1011	1	-9999	0	-9999	0	511.441	0.0156421	0.000666667	0	6	1	20	1	0.000666667	0.6	6.94444e-05	
1358	1318	1	-9999	0	-9999	0	1118.78	0.00715068	0.000666667	0	6	1	20	1	0.000666667	0.6	6.94444e-05	
1359	1360	1	-9999	0	-9999	0	2352.75	0.00467538	0.000666667	0	6	1	20	1	0.000666667	0.6	6.94444e-05	
1360	1343	1	-9999	0	-9999	0	2300.56	0.00391209	0.000666667	0	6	1	20	1	0.000666667	0.6	6.94444e-05	
1361	1053	1	-9999	0	-9999	0	2106.24	0.0004	0.000666667	0	6	1	20	1	0.000666667	0.6	6.94444e-05	
1362	1363	1	-9999	0	-9999	0	1722.77	0.0127701	0.000666667	0	6	1	20	1	0.000666667	0.6	6.94444e-05	
1363	1357	1	-9999	0	-9999	0	1700	0.0294118	0.000666667	0	6	1	20	1	0.000666667	0.6	6.94444e-05	
1364	1365	1	-9999	0	-9999	0	2297.66	0.0639783	0.000666667	0	6	1	20	1	0.000666667	0.6	6.94444e-05	
1365	1366	1	-9999	0	-9999	0	2313.09	0.0293979	0.000666667	0	6	1	20	1	0.000666667	0.6	6.94444e-05	
1366	1367	1	-9999	0	-9999	0	2281.52	0.0582945	0.000666667	0	6	1	20	1	0.000666667	0.6	6.94444e-05	
1367	1036	1	-9999	0	-9999	0	2285.12	0.0603908	0.000666667	0	6	1	20	1	0.000666667	0.6	6.94444e-05	
1368	1057	5	-9999	0	-9999	0	2842.07	0.0004	0.000666667	0	8	1	100	1	0.000666667	0.6	6.94444e-05	
1369	1368	5	-9999	0	-9999	0	423.038	0.0236385	0.000666667	0	8	1	100	1	0.000666667	0.6	6.94444e-05	
1370	1371	5	-9999	0	-9999	0	1465.57	0.0004	0.000666667	0	8	1	100	1	0.000666667	0.6	6.94444e-05	
1371	1369	5	-9999	0	-9999	0	1576.96	0.00317065	0.000666667	0	8	1	100	1	0.000666667	0.6	6.94444e-05	
1372	1373	5	-9999	0	-9999	0	2429.44	0.0004	0.000666667	0	8	1	100	1	0.000666667	0.6	6.94444e-05	
1373	1374	5	-9999	0	-9999	0	2425.47	0.00288604	0.000666667	0	8	1	100	1	0.000666667	0.6	6.94444e-05	
1374	1375	5	-9999	0	-9999	0	2404.52	0.0004	0.000666667	0	8	1	100	1	0.000666667	0.6	6.94444e-05	
1375	1370	5	-9999	0	-9999	0	2491.22	0.0040141	0.000666667	0	8	1	100	1	0.000666667	0.6	6.94444e-05	
1376	1377	5	-9999	0	-9999	0	2986.87	0.0004	0.000666667	0	8	1	100	1	0.000666667	0.6	6.94444e-05	
1377	1372	5	-9999	0	-9999	0	2996.35	0.0016687	0.000666667	0	8	1	100	1	0.000666667	0.6	6.94444e-05	
1378	1379	5	-9999	0	-9999	0	1519.27	0.0004	0.000666667	0	8	1	100	1	0.000666667	0.6	6.94444e-05	
1379	1380	5	-9999	0	-9999	0	1545.8	0.0004	0.000666667	0	8	1	100	1	0.000666667	0.6	6.94444e-05	
1380	1381	5	-9999	0	-9999	0	1460.5	0.00479288	0.000666667	0	8	1	100	1	0.000666667	0.6	6.94444e-05	
1381	1376	5	-9999	0	-9999	0	1564.68	0.00830842	0.000666667	0	8	1	100	1	0.000666667	0.6	6.94444e-05	
1382	1378	5	-9999	0	-9999	0	1772.34	0.00620647	0.000666667	0	8	1	100	1	0.000666667	0.6	6.94444e-05	
1383	1384	5	-9999	0	-9999	0	1683.57	0.0004	0.000666667	0	8	1	100	1	0.000666667	0.6	6.94444e-05	
1384	1382	5	-9999	0	-9999	0	1617.56	0.00309107	0.000666667	0	8	1	100	1	0.000666667	0.6	6.94444e-05	
1385	1383	5	-9999	0	-9999	0	2035.02	0.00343977	0.000666667	0	8	1	100	1	0.000666667	0.6	6.94444e-05	
1386	1387	5	-9999	0	-9999	0	2290.98	0.0004	0.000666667	0	8	1	100	1	0.000666667	0.6	6.94444e-05	
1387	1388	5	-9999	0	-9999	0	2230.99	0.00672347	0.000666667	0	8	1	100	1	0.000666667	0.6	6.94444e-05	
1388	1389	5	-9999	0	-9999	0	2270.23	0.00704776	0.000666667	0	8	1	100	1	0.000666667	0.6	6.94444e-05	
1389	1390	5	-9999	0	-9999	0	2192.32	0.000456139	0.000666667	0	8	1	100	1	0.000666667	0.6	6.94444e-05	
1390	1391	5	-9999	0	-9999	0	2190.22	0.0004	0.000666667	0	8	1	100	1	0.000666667	0.6	6.94444e-05	
1391	1392	5	-9999	0	-9999	0	2197.86	0.00181995	0.000666667	0	8	1	100	1	0.000666667	0.6	6.94444e-05	
1392	1393	5	-9999	0	-9999	0	2239.1	0.00446608	0.000666667	0	8	1	100	1	0.000666667	0.6	6.94444e-05	
1393	1385	5	-9999	0	-9999	0	2242.83	0.0004	0.000666667	0	8	1	100	1	0.000666667	0.6	6.94444e-05	
1394	1386	5	-9999	0	-9999	0	1846.94	0.00433149	0.000666667	0	8	1	100	1	0.000666667	0.6	6.94444e-05	
1395	1396	5	-9999	0	-9999	0	1709.27	0.0004	0.000666667	0	8	1	100	1	0.000666667	0.6	6.94444e-05	
1396	1394	5	-9999	0	-9999	0	1656.02	0.0004	0.000666667	0	8	1	100	1	0.000666667	0.6	6.94444e-05	
1397	1398	5	-9999	0	-9999	0	1710.51	0.00116924	0.000666667	0	8	1	100	1	0.000666667	0.6	6.94444e-05	
1398	1399	5	-9999	0	-9999	0	1761.71	0.000567629	0.000666667	0	8	1	100	1	0.000666667	0.6	6.94444e-05	
1399	1400	5	-9999	0	-9999	0	1732.92	0.0004	0.000666667	0	8	1	100	1	0.000666667	0.6	6.94444e-05	
1400	1395	5	-9999	0	-9999	0	1780.06	0.0004	0.000666667	0	8	1	100	1	0.000666667	0.6	6.94444e-05	
1401	1402	5	-9999	0	-9999	0	1661.65	0.00661992	0.000666667	0	8	1	100	1	0.000666667	0.6	6.94444e-05	
1402	1403	5	-9999	0	-9999	0	1690.41	0.00236629	0.000666667	0	8	1	100	1	0.000666667	0.6	6.94444e-05	
1403	1404	5	-9999	0	-9999	0	1632.67	0.00122499	0.000666667	0	8	1	100	1	0.000666667	0.6	6.94444e-05	
1404	1405	5	-9999	0	-9999	0	1694.21	0.0004	0.000666667	0	8	1	100	1	0.000666667	0.6	6.94444e-05	
1405	1406	5	-9999	0	-9999	0	1673.56	0.0004	0.000666667	0	8	1	100	1	0.000666667	0.6	6.94444e-05	
1406	1397	5	-9999	0	-9999	0	1753.79	0.0131144	0.000666667	0	8	1	100	1	0.000666667	0.6	6.94444e-05	
1407	1408	4	-9999	0	-9999	0	1608.98	0.022996	0.000666667	0	7.5	1	80	1	0.000666667	0.6	6.94444e-05	
1408	1409	4	-9999	0	-9999	0	1701.44	0.0129302	0.000666667	0	7.5	1	80	1	0.000666667	0.6	6.94444e-05	
1409	1410	4	-9999	0	-9999	0	1720.31	0.0116259	0.000666667	0	7.5	1	80	1	0.000666667	0.6	6.94444e-05	
1410	1411	4	-9999	0	-9999	0	1740.54	0.0212578	0.000666667	0	7.5	1	80	1	0.000666667	0.6	6.94444e-05	
1411	1412	4	-9999	0	-9999	0	1672.43	0.00478346	0.000666667	0	7.5	1	80	1	0.000666667	0.6	6.94444e-05	
1412	1037	4	-9999	0	-9999	0	1649.63	0.0121239	0.000666667	0	7.5	1	80	1	0.000666667	0.6	6.94444e-05	
1413	1407	4	-9999	0	-9999	0	468.365	0.0004	0.000666667	0	7.5	1	80	1	0.000666667	0.6	6.94444e-05	
1414	1415	4	-9999	0	-9999	0	2230.9	0.00717201	0.000666667	0	7.5	1	80	1	0.000666667	0.6	6.94444e-05	
1415	1416	4	-9999	0	-9999	0	2160.8	0.0004	0.000666667	0	7.5	1	80	1	0.000666667	0.6	6.94444e-05	
1416	1417	4	-9999	0	-9999	0	2264.6	0.0340015	0.000666667	0	7.5	1	80	1	0.000666667	0.6	6.94444e-05	
1417	1413	4	-9999	0	-9999	0	2169.91	0.0179731	0.000666667	0	7.5	1	80	1	0.000666667	0.6	6.94444e-05	
1418	1414	4	-9999	0	-9999	0	449.652	0.0200155	0.000666667	0	7.5	1	80	1	0.000666667	0.6	6.94444e-05	
1419	1420	4	-9999	0	-9999	0	2601.44	0.00730365	0.000666667	0	7.5	1	80	1	0.000666667	0.6	6.94444e-05	
1420	1418	4	-9999	0	-9999	0	2566.99	0.0179199	0.000666667	0	7.5	1	80	1	0.000666667	0.6	6.94444e-05	
1421	1422	4	-9999	0	-9999	0	1983.62	0.00907433	0.000666667	0	7.5	1	80	1	0.000666667	0.6	6.94444e-05	
1422	1419	4	-9999	0	-9999	0	1983.55	0.00302488	0.000666667	0	7.5	1	80	1	0.000666667	0.6	6.94444e-05	
1423	1424	4	-9999	0	-9999	0	1745.58	0.00229151	0.000666667	0	7.5	1	80	1	0.000666667	0.6	6.94444e-05	
1424	1425	4	-9999	0	-9999	0	1827.43	0.00492494	0.000666667	0	7.5	1	80	1	0.000666667	0.6	6.94444e-05	
1425	1426	4	-9999	0	-9999	0	1796.7	0.0189236	0.000666667	0	7.5	1	80	1	0.000666667	0.6	6.94444e-05	
1426	1421	4	-9999	0	-9999	0	1849.9	0.0129737	0.000666667	0	7.5	1	80	1	0.000666667	0.6	6.94444e-05	
1427	1423	4	-9999	0	-9999	0	209.717	0.00476832	0.000666667	0	7.5	1	80	1	0.000666667	0.6	6.94444e-05	
1428	1429	4	-9999	0	-9999	0	2638.14	0.0121298	0.000666667	0	7.5	1	80	1	0.000666667	0.6	6.94444e-05	
1429	1427	4	-9999	0	-9999	0	2644	0.00680787	0.000666667	0	7.5	1	80	1	0.000666667	0.6	6.94444e-05	
1430	1431	3	-9999	0	-9999	0	2122.77	0.0320336	0.000666667	0	7	1	60	1	0.000666667	0.6	6.94444e-05	
1431	1078	3	-9999	0	-9999	0	2147.23	0.0582145	0.000666667	0	7	1	60	1	0.000666667	0.6	6.94444e-05	
1432	1433	3	-9999	0	-9999	0	1535.49	0.0110714	0.000666667	0	7	1	60	1	0.000666667	0.6	6.94444e-05	
1433	1430	3	-9999	0	-9999	0	1560.03	0.055127	0.000666667	0	7	1	60	1	0.000666667	0.6	6.94444e-05	
1434	1435	3	-9999	0	-9999	0	1683.46	0.0213845	0.000666667	0	7	1	60	1	0.000666667	0.6	6.94444e-05	
1435	1436	3	-9999	0	-9999	0	1708.03	0.0169787	0.000666667	0	7	1	60	1	0.000666667	0.6	6.94444e-05	
1436	1437	3	-9999	0	-9999	0	1749.28	0.0142916	0.000666667	0	7	1	60	1	0.000666667	0.6	6.94444e-05	
1437	1438	3	-9999	0	-9999	0	1685.23	0.0492515	0.000666667	0	7	1	60	1	0.000666667	0.6	6.94444e-05	
1438	1439	3	-9999	0	-9999	0	1701.92	0.04113	0.000666667	0	7	1	60	1	0.000666667	0.6	6.94444e-05	
1439	1432	3	-9999	0	-9999	0	1677.27	0.0101355	0.000666667	0	7	1	60	1	0.000666667	0.6	6.94444e-05	
1440	1441	2	-9999	0	-9999	0	1749.17	0.0377322	0.000666667	0	6.5	1	40	1	0.000666667	0.6	6.94444e-05	
1441	1442	2	-9999	0	-9999	0	1759.66	0.054556	0.000666667	0	6.5	1	40	1	0.000666667	0.6	6.94444e-05	
1442	1443	2	-9999	0	-9999	0	1724.88	0.088702	0.000666667	0	6.5	1	40	1	0.000666667	0.6	6.94444e-05	
1443	1434	2	-9999	0	-9999	0	1724.09	0.0672821	0.000666667	0	6.5	1	40	1	0.000666667	0.6	6.94444e-05	
1444	1445	2	-9999	0	-9999	0	2433.87	0.0390325	0.000666667	0	6.5	1	40	1	0.000666667	0.6	6.94444e-05	
1445	1440	2	-9999	0	-9999	0	2452.37	0.0313982	0.000666667	0	6.5	1	40	1	0.000666667	0.6	6.94444e-05	
1446	1447	2	-9999	0	-9999	0	2087.46	0.00143716	0.000666667	0	6.5	1	40	1	0.000666667	0.6	6.94444e-05	
1447	1448	2	-9999	0	-9999	0	2111.91	0.00142052	0.000666667	0	6.5	1	40	1	0.000666667	0.6	6.94444e-05	
1448	1449	2	-9999	0	-9999	0	2091.23	0.0004	0.000666667	0	6.5	1	40	1	0.000666667	0.6	6.94444e-05	
1449	1385	2	-9999	0	-9999	0	2163.22	0.00416047	0.000666667	0	6.5	1	40	1	0.000666667	0.6	6.94444e-05	
1450	1446	2	-9999	0	-9999	0	1054.07	0.00474354	0.000666667	0	6.5	1	40	1	0.000666667	0.6	6.94444e-05	
1451	1450	2	-9999	0	-9999	0	938.94	0.0004	0.000666667	0	6.5	1	40	1	0.000666667	0.6	6.94444e-05	
1452	1453	2	-9999	0	-9999	0	2617.89	0.0004	0.000666667	0	6.5	1	40	1	0.000666667	0.6	6.94444e-05	
1453	1451	2	-9999	0	-9999	0	2607.09	0.00191785	0.000666667	0	6.5	1	40	1	0.000666667	0.6	6.94444e-05	
1454	1455	2	-9999	0	-9999	0	1531.88	0.0228477	0.000666667	0	6.5	1	40	1	0.000666667	0.6	6.94444e-05	
1455	1456	2	-9999	0	-9999	0	1479	0.0004	0.000666667	0	6.5	1	40	1	0.000666667	0.6	6.94444e-05	
1456	1457	2	-9999	0	-9999	0	1594.21	0.0043909	0.000666667	0	6.5	1	40	1	0.000666667	0.6	6.94444e-05	
1457	1452	2	-9999	0	-9999	0	1486.64	0.0004	0.000666667	0	6.5	1	40	1	0.000666667	0.6	6.94444e-05	
1458	1459	2	-9999	0	-9999	0	1691.96	0.00709236	0.000666667	0	6.5	1	40	1	0.000666667	0.6	6.94444e-05	
1459	1460	2	-9999	0	-9999	0	1671.12	0.0004	0.000666667	0	6.5	1	40	1	0.000666667	0.6	6.94444e-05	
1460	1461	2	-9999	0	-9999	0	1707.12	0.00995826	0.000666667	0	6.5	1	40	1	0.000666667	0.6	6.94444e-05	
1461	1462	2	-9999	0	-9999	0	1752.56	0.0004	0.000666667	0	6.5	1	40	1	0.000666667	0.6	6.94444e-05	
1462	1463	2	-9999	0	-9999	0	1714.9	0.0004	0.000666667	0	6.5	1	40	1	0.000666667	0.6	6.94444e-05	
1463	1454	2	-9999	0	-9999	0	1686.59	0.0004	0.000666667	0	6.5	1	40	1	0.000666667	0.6	6.94444e-05	
1464	1465	2	-9999	0	-9999	0	2311.25	0.0004	0.000666667	0	6.5	1	40	1	0.000666667	0.6	6.94444e-05	
1465	1466	2	-9999	0	-9999	0	2231.89	0.0004	0.000666667	0	6.5	1	40	1	0.000666667	0.6	6.94444e-05	
1466	1467	2	-9999	0	-9999	0	2228.31	0.00359017	0.000666667	0	6.5	1	40	1	0.000666667	0.6	6.94444e-05	
1467	1468	2	-9999	0	-9999	0	2247.19	0.003115	0.000666667	0	6.5	1	40	1	0.000666667	0.6	6.94444e-05	
1468	1469	2	-9999	0	-9999	0	2271.66	0.0004	0.000666667	0	6.5	1	40	1	0.000666667	0.6	6.94444e-05	
1469	1470	2	-9999	0	-9999	0	2273.57	0.0004	0.000666667	0	6.5	1	40	1	0.000666667	0.6	6.94444e-05	
1470	1471	2	-9999	0	-9999	0	2282.99	0.00219011	0.000666667	0	6.5	1	40	1	0.000666667	0.6	6.94444e-05	
1471	1458	2	-9999	0	-9999	0	2230.11	0.00403567	0.000666667	0	6.5	1	40	1	0.000666667	0.6	6.94444e-05	
1472	1464	1	-9999	0	-9999	0	468.281	0.00213547	0.000666667	0	6	1	20	1	0.000666667	0.6	6.94444e-05	
1473	1472	1	-9999	0	-9999	0	1602.77	0.00249568	0.000666667	0	6	1	20	1	0.000666667	0.6	6.94444e-05	
1474	1475	3	-9999	0	-9999	0	2364.78	0.00634308	0.000666667	0	7	1	60	1	0.000666667	0.6	6.94444e-05	
1475	1476	3	-9999	0	-9999	0	2269.98	0.00176213	0.000666667	0	7	1	60	1	0.000666667	0.6	6.94444e-05	
1476	1477	3	-9999	0	-9999	0	2315.11	0.0038875	0.000666667	0	7	1	60	1	0.000666667	0.6	6.94444e-05	
1477	1478	3	-9999	0	-9999	0	2286.22	0.0004	0.000666667	0	7	1	60	1	0.000666667	0.6	6.94444e-05	
1478	1479	3	-9999	0	-9999	0	2339.43	0.004702	0.000666667	0	7	1	60	1	0.000666667	0.6	6.94444e-05	
1479	1394	3	-9999	0	-9999	0	2359.91	0.00296622	0.000666667	0	7	1	60	1	0.000666667	0.6	6.94444e-05	
1480	1481	3	-9999	0	-9999	0	2490.68	0.00200748	0.000666667	0	7	1	60	1	0.000666667	0.6	6.94444e-05	
1481	1153	3	-9999	0	-9999	0	2518.79	0.00714628	0.000666667	0	7	1	60	1	0.000666667	0.6	6.94444e-05	
1482	1483	3	-9999	0	-9999	0	1682.54	0.0059434	0.000666667	0	7	1	60	1	0.000666667	0.6	6.94444e-05	
1483	1480	3	-9999	0	-9999	0	1769.42	0.00282578	0.000666667	0	7	1	60	1	0.000666667	0.6	6.94444e-05	
1484	1485	3	-9999	0	-9999	0	2399.44	0.0045844	0.000666667	0	7	1	60	1	0.000666667	0.6	6.94444e-05	
1485	1486	3	-9999	0	-9999	0	2348.12	0.00596222	0.000666667	0	7	1	60	1	0.000666667	0.6	6.94444e-05	
1486	1487	3	-9999	0	-9999	0	2389.51	0.00795143	0.000666667	0	7	1	60	1	0.000666667	0.6	6.94444e-05	
1487	1488	3	-9999	0	-9999	0	2440.39	0.000409771	0.000666667	0	7	1	60	1	0.000666667	0.6	6.94444e-05	
1488	1489	3	-9999	0	-9999	0	2415.6	0.00124193	0.000666667	0	7	1	60	1	0.000666667	0.6	6.94444e-05	
1489	1482	3	-9999	0	-9999	0	2339.85	0.00256427	0.000666667	0	7	1	60	1	0.000666667	0.6	6.94444e-05	
1490	1491	3	-9999	0	-9999	0	2388.02	0.00670011	0.000666667	0	7	1	60	1	0.000666667	0.6	6.94444e-05	
1491	1484	3	-9999	0	-9999	0	2411.17	0.00497684	0.000666667	0	7	1	60	1	0.000666667	0.6	6.94444e-05	
1492	1493	2	-9999	0	-9999	0	2016.92	0.017849	0.000666667	0	6.5	1	40	1	0.000666667	0.6	6.94444e-05	
1493	1494	2	-9999	0	-9999	0	2119.75	0.0377402	0.000666667	0	6.5	1	40	1	0.000666667	0.6	6.94444e-05	
1494	1495	2	-9999	0	-9999	0	2067.89	0.0391704	0.000666667	0	6.5	1	40	1	0.000666667	0.6	6.94444e-05	
1495	1434	2	-9999	0	-9999	0	2114.98	0.028369	0.000666667	0	6.5	1	40	1	0.000666667	0.6	6.94444e-05	
1496	1497	2	-9999	0	-9999	0	1936.8	0.0206526	0.000666667	0	6.5	1	40	1	0.000666667	0.6	6.94444e-05	
1497	1498	2	-9999	0	-9999	0	1850.29	0.0286441	0.000666667	0	6.5	1	40	1	0.000666667	0.6	6.94444e-05	
1498	1499	2	-9999	0	-9999	0	1893.4	0.0227105	0.000666667	0	6.5	1	40	1	0.000666667	0.6	6.94444e-05	
1499	1500	2	-9999	0	-9999	0	1985.81	0.0266894	0.000666667	0	6.5	1	40	1	0.000666667	0.6	6.94444e-05	
1500	1501	2	-9999	0	-9999	0	1930.45	0.0155404	0.000666667	0	6.5	1	40	1	0.000666667	0.6	6.94444e-05	
1501	1490	2	-9999	0	-9999	0	1915.65	0.0120064	0.000666667	0	6.5	1	40	1	0.000666667	0.6	6.94444e-05	
1502	1503	1	-9999	0	-9999	0	2689.77	0.00185889	0.000666667	0	6	1	20	1	0.000666667	0.6	6.94444e-05	
1503	1370	1	-9999	0	-9999	0	2755.56	0.00435482	0.000666667	0	6	1	20	1	0.000666667	0.6	6.94444e-05	
1504	1505	1	-9999	0	-9999	0	1749.69	0.0004	0.000666667	0	6	1	20	1	0.000666667	0.6	6.94444e-05	
1505	1502	1	-9999	0	-9999	0	1773.65	0.00338285	0.000666667	0	6	1	20	1	0.000666667	0.6	6.94444e-05	
1506	1504	1	-9999	0	-9999	0	2452.45	0.0004	0.000666667	0	6	1	20	1	0.000666667	0.6	6.94444e-05	
1507	1196	2	-9999	0	-9999	0	1448.25	0.00414294	0.000666667	0	6.5	1	40	1	0.000666667	0.6	6.94444e-05	
1508	1509	1	-9999	0	-9999	0	2490.2	0.00401574	0.000666667	0	6	1	20	1	0.000666667	0.6	6.94444e-05	
1509	1506	1	-9999	0	-9999	0	2495.84	0.0004	0.000666667	0	6	1	20	1	0.000666667	0.6	6.94444e-05	
1510	1511	1	-9999	0	-9999	0	2147.16	0.00838317	0.000666667	0	6	1	20	1	0.000666667	0.6	6.94444e-05	
1511	1512	1	-9999	0	-9999	0	2107.37	0.00284715	0.000666667	0	6	1	20	1	0.000666667	0.6	6.94444e-05	
1512	1513	1	-9999	0	-9999	0	2088.24	0.00430985	0.000666667	0	6	1	20	1	0.000666667	0.6	6.94444e-05	
1513	1196	1	-9999	0	-9999	0	2133.45	0.00609341	0.000666667	0	6	1	20	1	0.000666667	0.6	6.94444e-05	
1514	1515	1	-9999	0	-9999	0	2374.63	0.00589566	0.000666667	0	6	1	20	1	0.000666667	0.6	6.94444e-05	
1515	1516	1	-9999	0	-9999	0	2401.09	0.0004	0.000666667	0	6	1	20	1	0.000666667	0.6	6.94444e-05	
1516	1517	1	-9999	0	-9999	0	2378.44	0.00462487	0.000666667	0	6	1	20	1	0.000666667	0.6	6.94444e-05	
1517	1518	1	-9999	0	-9999	0	2485.93	0.00160906	0.000666667	0	6	1	20	1	0.000666667	0.6	6.94444e-05	
1518	1519	1	-9999	0	-9999	0	2418.05	0.00165422	0.000666667	0	6	1	20	1	0.000666667	0.6	6.94444e-05	
1519	1520	1	-9999	0	-9999	0	2367.22	0.00380193	0.000666667	0	6	1	20	1	0.000666667	0.6	6.94444e-05	
1520	1521	1	-9999	0	-9999	0	2388.09	0.00209373	0.000666667	0	6	1	20	1	0.000666667	0.6	6.94444e-05	
1521	1522	1	-9999	0	-9999	0	2420.73	0.00289169	0.000666667	0	6	1	20	1	0.000666667	0.6	6.94444e-05	
1522	1523	1	-9999	0	-9999	0	2350.86	0.0004	0.000666667	0	6	1	20	1	0.000666667	0.6	6.94444e-05	
1523	1395	1	-9999	0	-9999	0	2415.04	0.0086955	0.000666667	0	6	1	20	1	0.000666667	0.6	6.94444e-05	
1524	1525	2	-9999	0	-9999	0	2141.76	0.0004	0.000666667	0	6.5	1	40	1	0.000666667	0.6	6.94444e-05	
1525	1526	2	-9999	0	-9999	0	2090.74	0.00478298	0.000666667	0	6.5	1	40	1	0.000666667	0.6	6.94444e-05	
1526	1527	2	-9999	0	-9999	0	2041.52	0.00342882	0.000666667	0	6.5	1	40	1	0.000666667	0.6	6.94444e-05	
1527	1528	2	-9999	0	-9999	0	2158.5	0.00416956	0.000666667	0	6.5	1	40	1	0.000666667	0.6	6.94444e-05	
1528	1529	2	-9999	0	-9999	0	2141.39	0.00186795	0.000666667	0	6.5	1	40	1	0.000666667	0.6	6.94444e-05	
1529	1530	2	-9999	0	-9999	0	2039.41	0.000490337	0.000666667	0	6.5	1	40	1	0.000666667	0.6	6.94444e-05	
1530	1531	2	-9999	0	-9999	0	2095.81	0.00763428	0.000666667	0	6.5	1	40	1	0.000666667	0.6	6.94444e-05	
1531	1464	2	-9999	0	-9999	0	2060.08	0.000970836	0.000666667	0	6.5	1	40	1	0.000666667	0.6	6.94444e-05	
1532	1533	2	-9999	0	-9999	0	1878.11	0.00798677	0.000666667	0	6.5	1	40	1	0.000666667	0.6	6.94444e-05	
1533	1382	2	-9999	0	-9999	0	1966.6	0.0004	0.000666667	0	6.5	1	40	1	0.000666667	0.6	6.94444e-05	
1534	1524	1	-9999	0	-9999	0	1055.84	0.00852404	0.000666667	0	6	1	20	1	0.000666667	0.6	6.94444e-05	
1535	1536	1	-9999	0	-9999	0	2102.47	0.0161715	0.000666667	0	6	1	20	1	0.000666667	0.6	6.94444e-05	
1536	1537	1	-9999	0	-9999	0	2145.68	0.0125834	0.000666667	0	6	1	20	1	0.000666667	0.6	6.94444e-05	
1537	1538	1	-9999	0	-9999	0	2170.15	0.0115199	0.000666667	0	6	1	20	1	0.000666667	0.6	6.94444e-05	
1538	1510	1	-9999	0	-9999	0	2139.72	0.00607557	0.000666667	0	6	1	20	1	0.000666667	0.6	6.94444e-05	
1539	1540	1	-9999	0	-9999	0	1985.13	0.00805993	0.000666667	0	6	1	20	1	0.000666667	0.6	6.94444e-05	
1540	1541	1	-9999	0	-9999	0	1911.31	0.00575522	0.000666667	0	6	1	20	1	0.000666667	0.6	6.94444e-05	
1541	1542	1	-9999	0	-9999	0	1894.23	0.00686294	0.000666667	0	6	1	20	1	0.000666667	0.6	6.94444e-05	
1542	1543	1	-9999	0	-9999	0	1982.89	0.0004	0.000666667	0	6	1	20	1	0.000666667	0.6	6.94444e-05	
1543	1544	1	-9999	0	-9999	0	1886.46	0.00795141	0.000666667	0	6	1	20	1	0.000666667	0.6	6.94444e-05	
1544	1545	1	-9999	0	-9999	0	1890.15	0.0026453	0.000666667	0	6	1	20	1	0.000666667	0.6	6.94444e-05	
1545	1546	1	-9999	0	-9999	0	1969.2	0.0004	0.000666667	0	6	1	20	1	0.000666667	0.6	6.94444e-05	
1546	1122	1	-9999	0	-9999	0	1953.84	0.00102362	0.000666667	0	6	1	20	1	0.000666667	0.6	6.94444e-05	
1547	1548	1	-9999	0	-9999	0	1919.83	0.0098967	0.000666667	0	6	1	20	1	0.000666667	0.6	6.94444e-05	
1548	1549	1	-9999	0	-9999	0	1819.27	0.00439737	0.000666667	0	6	1	20	1	0.000666667	0.6	6.94444e-05	
1549	1550	1	-9999	0	-9999	0	1843.8	0.00325415	0.000666667	0	6	1	20	1	0.000666667	0.6	6.94444e-05	
1550	1551	1	-9999	0	-9999	0	1847.62	0.0004	0.000666667	0	6	1	20	1	0.000666667	0.6	6.94444e-05	
1551	1552	1	-9999	0	-9999	0	1815.84	0.00110142	0.000666667	0	6	1	20	1	0.000666667	0.6	6.94444e-05	
1552	1508	1	-9999	0	-9999	0	1846.25	0.0004	0.000666667	0	6	1	20	1	0.000666667	0.6	6.94444e-05	
1553	1547	1	-9999	0	-9999	0	782.815	0.0004	0.000666667	0	6	1	20	1	0.000666667	0.6	6.94444e-05	
1554	1454	1	-9999	0	-9999	0	1357.98	0.0004	0.000666667	0	6	1	20	1	0.000666667	0.6	6.94444e-05	
1555	1556	1	-9999	0	-9999	0	2174.22	0.00597914	0.000666667	0	6	1	20	1	0.000666667	0.6	6.94444e-05	
1556	1557	1	-9999	0	-9999	0	2260.79	0.00928881	0.000666667	0	6	1	20	1	0.000666667	0.6	6.94444e-05	
1557	1558	1	-9999	0	-9999	0	2249.47	0.00311184	0.000666667	0	6	1	20	1	0.000666667	0.6	6.94444e-05	
1558	1559	1	-9999	0	-9999	0	2271.94	0.00660229	0.000666667	0	6	1	20	1	0.000666667	0.6	6.94444e-05	
1559	1560	1	-9999	0	-9999	0	2173.61	0.0128818	0.000666667	0	6	1	20	1	0.000666667	0.6	6.94444e-05	
1560	1200	1	-9999	0	-9999	0	2269.75	0.0004	0.000666667	0	6	1	20	1	0.000666667	0.6	6.94444e-05	
1561	1562	1	-9999	0	-9999	0	1781.92	0.0207641	0.000666667	0	6	1	20	1	0.000666667	0.6	6.94444e-05	
1562	1563	1	-9999	0	-9999	0	1775.92	0.00788323	0.000666667	0	6	1	20	1	0.000666667	0.6	6.94444e-05	
1563	1564	1	-9999	0	-9999	0	1711.77	0.0004	0.000666667	0	6	1	20	1	0.000666667	0.6	6.94444e-05	
1564	1565	1	-9999	0	-9999	0	1753.06	0.0004	0.000666667	0	6	1	20	1	0.000666667	0.6	6.94444e-05	
1565	1566	1	-9999	0	-9999	0	1794.95	0.0116995	0.000666667	0	6	1	20	1	0.000666667	0.6	6.94444e-05	
1566	1514	1	-9999	0	-9999	0	1760.65	0.0004	0.000666667	0	6	1	20	1	0.000666667	0.6	6.94444e-05	
1567	1554	1	-9999	0	-9999	0	1758.28	0.0004	0.000666667	0	6	1	20	1	0.000666667	0.6	6.94444e-05	
1568	1569	1	-9999	0	-9999	0	1726.13	0.019118	0.000666667	0	6	1	20	1	0.000666667	0.6	6.94444e-05	
1569	1570	1	-9999	0	-9999	0	1637.39	0.00427511	0.000666667	0	6	1	20	1	0.000666667	0.6	6.94444e-05	
1570	1571	1	-9999	0	-9999	0	1677.12	0.0004	0.000666667	0	6	1	20	1	0.000666667	0.6	6.94444e-05	
1571	1572	1	-9999	0	-9999	0	1681.01	0.0004	0.000666667	0	6	1	20	1	0.000666667	0.6	6.94444e-05	
1572	1573	1	-9999	0	-9999	0	1734.06	0.00634349	0.000666667	0	6	1	20	1	0.000666667	0.6	6.94444e-05	
1573	1378	1	-9999	0	-9999	0	1686.9	0.00711366	0.000666667	0	6	1	20	1	0.000666667	0.6	6.94444e-05	
1574	1575	1	-9999	0	-9999	0	2268.99	0.0202733	0.000666667	0	6	1	20	1	0.000666667	0.6	6.94444e-05	
1575	1576	1	-9999	0	-9999	0	2338.66	0.00940708	0.000666667	0	6	1	20	1	0.000666667	0.6	6.94444e-05	
1576	1577	1	-9999	0	-9999	0	2355.34	0.00849135	0.000666667	0	6	1	20	1	0.000666667	0.6	6.94444e-05	
1577	1578	1	-9999	0	-9999	0	2334.48	0.00599705	0.000666667	0	6	1	20	1	0.000666667	0.6	6.94444e-05	
1578	1579	1	-9999	0	-9999	0	2345.7	0.00596837	0.000666667	0	6	1	20	1	0.000666667	0.6	6.94444e-05	
1579	1580	1	-9999	0	-9999	0	2324.84	0.0034411	0.000666667	0	6	1	20	1	0.000666667	0.6	6.94444e-05	
1580	1581	1	-9999	0	-9999	0	2309.55	0.00736073	0.000666667	0	6	1	20	1	0.000666667	0.6	6.94444e-05	
1581	1200	1	-9999	0	-9999	0	2296.11	0.00304864	0.000666667	0	6	1	20	1	0.000666667	0.6	6.94444e-05	
1582	1583	2	-9999	0	-9999	0	2033.96	0.0314656	0.000666667	0	6.5	1	40	1	0.000666667	0.6	6.94444e-05	
1583	1584	2	-9999	0	-9999	0	1924.67	0.0311741	0.000666667	0	6.5	1	40	1	0.000666667	0.6	6.94444e-05	
1584	1585	2	-9999	0	-9999	0	1918.72	0.0312708	0.000666667	0	6.5	1	40	1	0.000666667	0.6	6.94444e-05	
1585	1421	2	-9999	0	-9999	0	1988.69	0.038719	0.000666667	0	6.5	1	40	1	0.000666667	0.6	6.94444e-05	
1586	1587	1	-9999	0	-9999	0	2236.32	0.0004	0.000666667	0	6	1	20	1	0.000666667	0.6	6.94444e-05	
1587	1588	1	-9999	0	-9999	0	2189.49	0.00228364	0.000666667	0	6	1	20	1	0.000666667	0.6	6.94444e-05	
1588	1589	1	-9999	0	-9999	0	2225.96	0.0004	0.000666667	0	6	1	20	1	0.000666667	0.6	6.94444e-05	
1589	1532	1	-9999	0	-9999	0	2281.85	0.00438242	0.000666667	0	6	1	20	1	0.000666667	0.6	6.94444e-05	
1590	1591	1	-9999	0	-9999	0	2053.44	0.00925277	0.000666667	0	6	1	20	1	0.000666667	0.6	6.94444e-05	
1591	1555	1	-9999	0	-9999	0	2053.33	0.0136364	0.000666667	0	6	1	20	1	0.000666667	0.6	6.94444e-05	
1592	1586	1	-9999	0	-9999	0	1422.12	0.0105476	0.000666667	0	6	1	20	1	0.000666667	0.6	6.94444e-05	
1593	1594	1	-9999	0	-9999	0	1722.22	0.0004	0.000666667	0	6	1	20	1	0.000666667	0.6	6.94444e-05	
1594	1595	1	-9999	0	-9999	0	1804.77	0.00387862	0.000666667	0	6	1	20	1	0.000666667	0.6	6.94444e-05	
1595	1596	1	-9999	0	-9999	0	1718.18	0.0004	0.000666667	0	6	1	20	1	0.000666667	0.6	6.94444e-05	
1596	1553	1	-9999	0	-9999	0	1724.07	0.00116005	0.000666667	0	6	1	20	1	0.000666667	0.6	6.94444e-05	
1597	1473	1	-9999	0	-9999	0	2025.62	0.000493676	0.000666667	0	6	1	20	1	0.000666667	0.6	6.94444e-05	
1598	1599	1	-9999	0	-9999	0	2318.97	0.00560595	0.000666667	0	6	1	20	1	0.000666667	0.6	6.94444e-05	
1599	1600	1	-9999	0	-9999	0	2405.24	0.000415759	0.000666667	0	6	1	20	1	0.000666667	0.6	6.94444e-05	
1600	1601	1	-9999	0	-9999	0	2384.51	0.0004	0.000666667	0	6	1	20	1	0.000666667	0.6	6.94444e-05	
1601	1602	1	-9999	0	-9999	0	2472	0.00202265	0.000666667	0	6	1	20	1	0.000666667	0.6	6.94444e-05	
1602	1603	1	-9999	0	-9999	0	2409.84	0.0004	0.000666667	0	6	1	20	1	0.000666667	0.6	6.94444e-05	
1603	1604	1	-9999	0	-9999	0	2396.04	0.000417355	0.000666667	0	6	1	20	1	0.000666667	0.6	6.94444e-05	
1604	1605	1	-9999	0	-9999	0	2320.23	0.00344793	0.000666667	0	6	1	20	1	0.000666667	0.6	6.94444e-05	
1605	1532	1	-9999	0	-9999	0	2401.78	0.0004	0.000666667	0	6	1	20	1	0.000666667	0.6	6.94444e-05	
1606	1607	1	-9999	0	-9999	0	1529.38	0.00653858	0.000666667	0	6	1	20	1	0.000666667	0.6	6.94444e-05	
1607	1608	1	-9999	0	-9999	0	1533.36	0.00456513	0.000666667	0	6	1	20	1	0.000666667	0.6	6.94444e-05	
1608	1609	1	-9999	0	-9999	0	1506.7	0.0004	0.000666667	0	6	1	20	1	0.000666667	0.6	6.94444e-05	
1609	1592	1	-9999	0	-9999	0	1623.87	0.0004	0.000666667	0	6	1	20	1	0.000666667	0.6	6.94444e-05	
1610	1611	2	-9999	0	-9999	0	2355.75	0.0174042	0.000666667	0	6.5	1	40	1	0.000666667	0.6	6.94444e-05	
1611	1612	2	-9999	0	-9999	0	2371.83	0.027405	0.000666667	0	6.5	1	40	1	0.000666667	0.6	6.94444e-05	
1612	1613	2	-9999	0	-9999	0	2299.6	0.0260915	0.000666667	0	6.5	1	40	1	0.000666667	0.6	6.94444e-05	
1613	1614	2	-9999	0	-9999	0	2371.43	0.0265662	0.000666667	0	6.5	1	40	1	0.000666667	0.6	6.94444e-05	
1614	1615	2	-9999	0	-9999	0	2350.37	0.0161677	0.000666667	0	6.5	1	40	1	0.000666667	0.6	6.94444e-05	
1615	1616	2	-9999	0	-9999	0	2356.51	0.030978	0.000666667	0	6.5	1	40	1	0.000666667	0.6	6.94444e-05	
1616	1617	2	-9999	0	-9999	0	2331.7	0.0201569	0.000666667	0	6.5	1	40	1	0.000666667	0.6	6.94444e-05	
1617	1618	2	-9999	0	-9999	0	2356.24	0.0195227	0.000666667	0	6.5	1	40	1	0.000666667	0.6	6.94444e-05	
1618	1619	2	-9999	0	-9999	0	2337.55	0.0201065	0.000666667	0	6.5	1	40	1	0.000666667	0.6	6.94444e-05	
1619	1620	2	-9999	0	-9999	0	2380.62	0.0210029	0.000666667	0	6.5	1	40	1	0.000666667	0.6	6.94444e-05	
1620	1621	2	-9999	0	-9999	0	2287.94	0.0201054	0.000666667	0	6.5	1	40	1	0.000666667	0.6	6.94444e-05	
1621	1622	2	-9999	0	-9999	0	2367.54	0.0223861	0.000666667	0	6.5	1	40	1	0.000666667	0.6	6.94444e-05	
1622	1623	2	-9999	0	-9999	0	2410.62	0.00871146	0.000666667	0	6.5	1	40	1	0.000666667	0.6	6.94444e-05	
1623	1624	2	-9999	0	-9999	0	2338.62	0.00555882	0.000666667	0	6.5	1	40	1	0.000666667	0.6	6.94444e-05	
1624	1625	2	-9999	0	-9999	0	2387.68	0.00502581	0.000666667	0	6.5	1	40	1	0.000666667	0.6	6.94444e-05	
1625	1626	2	-9999	0	-9999	0	2315.69	0.00345469	0.000666667	0	6.5	1	40	1	0.000666667	0.6	6.94444e-05	
1626	1627	2	-9999	0	-9999	0	2317.46	0.00302055	0.000666667	0	6.5	1	40	1	0.000666667	0.6	6.94444e-05	
1627	1628	2	-9999	0	-9999	0	2336.11	0.0004	0.000666667	0	6.5	1	40	1	0.000666667	0.6	6.94444e-05	
1628	1629	2	-9999	0	-9999	0	2298.24	0.0004	0.000666667	0	6.5	1	40	1	0.000666667	0.6	6.94444e-05	
1629	1480	2	-9999	0	-9999	0	2415.06	0.00786731	0.000666667	0	6.5	1	40	1	0.000666667	0.6	6.94444e-05	
1630	1631	2	-9999	0	-9999	0	1910.22	0.03141	0.000666667	0	6.5	1	40	1	0.000666667	0.6	6.94444e-05	
1631	1632	2	-9999	0	-9999	0	1955.4	0.0184106	0.000666667	0	6.5	1	40	1	0.000666667	0.6	6.94444e-05	
1632	1633	2	-9999	0	-9999	0	1961.46	0.0321188	0.000666667	0	6.5	1	40	1	0.000666667	0.6	6.94444e-05	
1633	1634	2	-9999	0	-9999	0	1893.52	0.0211247	0.000666667	0	6.5	1	40	1	0.000666667	0.6	6.94444e-05	
1634	1635	2	-9999	0	-9999	0	1893.39	0.020598	0.000666667	0	6.5	1	40	1	0.000666667	0.6	6.94444e-05	
1635	1636	2	-9999	0	-9999	0	1985.81	0.0146036	0.000666667	0	6.5	1	40	1	0.000666667	0.6	6.94444e-05	
1636	1637	2	-9999	0	-9999	0	1936.44	0.0123939	0.000666667	0	6.5	1	40	1	0.000666667	0.6	6.94444e-05	
1637	1490	2	-9999	0	-9999	0	1911.73	0.0156926	0.000666667	0	6.5	1	40	1	0.000666667	0.6	6.94444e-05	
1638	1639	2	-9999	0	-9999	0	2074.71	0.0004	0.000666667	0	6.5	1	40	1	0.000666667	0.6	6.94444e-05	
1639	1640	2	-9999	0	-9999	0	1984.19	0.0393107	0.000666667	0	6.5	1	40	1	0.000666667	0.6	6.94444e-05	
1640	1641	2	-9999	0	-9999	0	1965.51	0.0356141	0.000666667	0	6.5	1	40	1	0.000666667	0.6	6.94444e-05	
1641	1642	2	-9999	0	-9999	0	1954.99	0.0388748	0.000666667	0	6.5	1	40	1	0.000666667	0.6	6.94444e-05	
1642	1643	2	-9999	0	-9999	0	2004.08	0.0359268	0.000666667	0	6.5	1	40	1	0.000666667	0.6	6.94444e-05	
1643	1644	2	-9999	0	-9999	0	2018.54	0.0648984	0.000666667	0	6.5	1	40	1	0.000666667	0.6	6.94444e-05	
1644	1645	2	-9999	0	-9999	0	1981.17	0.0429039	0.000666667	0	6.5	1	40	1	0.000666667	0.6	6.94444e-05	
1645	899	2	-9999	0	-9999	0	2041.06	0.0514439	0.000666667	0	6.5	1	40	1	0.000666667	0.6	6.94444e-05	
1646	1647	1	-9999	0	-9999	0	2294.91	0.0004	0.000666667	0	6	1	20	1	0.000666667	0.6	6.94444e-05	
1647	1648	1	-9999	0	-9999	0	2278.3	0.00614494	0.000666667	0	6	1	20	1	0.000666667	0.6	6.94444e-05	
1648	1649	1	-9999	0	-9999	0	2317.28	0.00388387	0.000666667	0	6	1	20	1	0.000666667	0.6	6.94444e-05	
1649	1598	1	-9999	0	-9999	0	2333.56	0.0004	0.000666667	0	6	1	20	1	0.000666667	0.6	6.94444e-05	
1650	1651	1	-9999	0	-9999	0	1745.65	0.0801994	0.000666667	0	6	1	20	1	0.000666667	0.6	6.94444e-05	
1651	1440	1	-9999	0	-9999	0	1667.29	0.0701736	0.000666667	0	6	1	20	1	0.000666667	0.6	6.94444e-05	
1652	1653	1	-9999	0	-9999	0	2296.48	0.0822998	0.000666667	0	6	1	20	1	0.000666667	0.6	6.94444e-05	
1653	1654	1	-9999	0	-9999	0	2205.54	0.0711845	0.000666667	0	6	1	20	1	0.000666667	0.6	6.94444e-05	
1654	1655	1	-9999	0	-9999	0	2249.14	0.0631351	0.000666667	0	6	1	20	1	0.000666667	0.6	6.94444e-05	
1655	1656	1	-9999	0	-9999	0	2306.75	0.0723963	0.000666667	0	6	1	20	1	0.000666667	0.6	6.94444e-05	
1656	1657	1	-9999	0	-9999	0	2325.24	0.0541881	0.000666667	0	6	1	20	1	0.000666667	0.6	6.94444e-05	
1657	1658	1	-9999	0	-9999	0	2263.23	0.0379988	0.000666667	0	6	1	20	1	0.000666667	0.6	6.94444e-05	
1658	1659	1	-9999	0	-9999	0	2312.34	0.0255153	0.000666667	0	6	1	20	1	0.000666667	0.6	6.94444e-05	
1659	1660	1	-9999	0	-9999	0	2289.48	0.00960918	0.000666667	0	6	1	20	1	0.000666667	0.6	6.94444e-05	
1660	1661	1	-9999	0	-9999	0	2257.01	0.0150642	0.000666667	0	6	1	20	1	0.000666667	0.6	6.94444e-05	
1661	1662	1	-9999	0	-9999	0	2241.97	0.00981281	0.000666667	0	6	1	20	1	0.000666667	0.6	6.94444e-05	
1662	1663	1	-9999	0	-9999	0	2241.82	0.00713707	0.000666667	0	6	1	20	1	0.000666667	0.6	6.94444e-05	
1663	1664	1	-9999	0	-9999	0	2313.42	0.00691616	0.000666667	0	6	1	20	1	0.000666667	0.6	6.94444e-05	
1664	1665	1	-9999	0	-9999	0	2266.07	0.00529551	0.000666667	0	6	1	20	1	0.000666667	0.6	6.94444e-05	
1665	1507	1	-9999	0	-9999	0	2269.65	0.00704955	0.000666667	0	6	1	20	1	0.000666667	0.6	6.94444e-05	
1666	1667	1	-9999	0	-9999	0	2393.29	0.0910879	0.000666667	0	6	1	20	1	0.000666667	0.6	6.94444e-05	
1667	1668	1	-9999	0	-9999	0	2329.36	0.0824259	0.000666667	0	6	1	20	1	0.000666667	0.6	6.94444e-05	
1668	1669	1	-9999	0	-9999	0	2380.58	0.0651102	0.000666667	0	6	1	20	1	0.000666667	0.6	6.94444e-05	
1669	1670	1	-9999	0	-9999	0	2394.26	0.0605616	0.000666667	0	6	1	20	1	0.000666667	0.6	6.94444e-05	
1670	1671	1	-9999	0	-9999	0	2414.05	0.0550942	0.000666667	0	6	1	20	1	0.000666667	0.6	6.94444e-05	
1671	1672	1	-9999	0	-9999	0	2396.24	0.0605114	0.000666667	0	6	1	20	1	0.000666667	0.6	6.94444e-05	
1672	1673	1	-9999	0	-9999	0	2385.11	0.0461194	0.000666667	0	6	1	20	1	0.000666667	0.6	6.94444e-05	
1673	1535	1	-9999	0	-9999	0	2318.18	0.0301961	0.000666667	0	6	1	20	1	0.000666667	0.6	6.94444e-05	
1674	1675	1	-9999	0	-9999	0	2360.26	0.0804996	0.000666667	0	6	1	20	1	0.000666667	0.6	6.94444e-05	
1675	1676	1	-9999	0	-9999	0	2466.64	0.0535141	0.000666667	0	6	1	20	1	0.000666667	0.6	6.94444e-05	
1676	1677	1	-9999	0	-9999	0	2505.73	0.0391104	0.000666667	0	6	1	20	1	0.000666667	0.6	6.94444e-05	
1677	1582	1	-9999	0	-9999	0	2407.06	0.0565005	0.000666667	0	6	1	20	1	0.000666667	0.6	6.94444e-05	
1678	1679	2	-9999	0	-9999	0	2329.58	0.0399214	0.000666667	0	6.5	1	40	1	0.000666667	0.6	6.94444e-05	
1679	1680	2	-9999	0	-9999	0	2374.74	0.0619015	0.000666667	0	6.5	1	40	1	0.000666667	0.6	6.94444e-05	
1680	1681	2	-9999	0	-9999	0	2409.34	0.0502211	0.000666667	0	6.5	1	40	1	0.000666667	0.6	6.94444e-05	
1681	899	2	-9999	0	-9999	0	2349.9	0.0583003	0.000666667	0	6.5	1	40	1	0.000666667	0.6	6.94444e-05	
1682	1524	1	-9999	0	-9999	0	1225.81	0.0146842	0.000666667	0	6	1	20	1	0.000666667	0.6	6.94444e-05	
1683	1413	2	-9999	0	-9999	0	1178.42	0.0653417	0.000666667	0	6.5	1	40	1	0.000666667	0.6	6.94444e-05	
1684	1685	1	-9999	0	-9999	0	1801.71	0.0004	0.000666667	0	6	1	20	1	0.000666667	0.6	6.94444e-05	
1685	1368	1	-9999	0	-9999	0	1813.02	0.00882504	0.000666667	0	6	1	20	1	0.000666667	0.6	6.94444e-05	
1686	1507	1	-9999	0	-9999	0	2475.55	0.0072711	0.000666667	0	6	1	20	1	0.000666667	0.6	6.94444e-05	
1687	1688	2	-9999	0	-9999	0	1990.1	0.0316567	0.000666667	0	6.5	1	40	1	0.000666667	0.6	6.94444e-05	
1688	1689	2	-9999	0	-9999	0	1950.65	0.032297	0.000666667	0	6.5	1	40	1	0.000666667	0.6	6.94444e-05	
1689	1690	2	-9999	0	-9999	0	2001.22	0.037477	0.000666667	0	6.5	1	40	1	0.000666667	0.6	6.94444e-05	
1690	1582	2	-9999	0	-9999	0	1980.72	0.0459429	0.000666667	0	6.5	1	40	1	0.000666667	0.6	6.94444e-05	
1691	1692	1	-9999	0	-9999	0	2117.44	0.00944536	0.000666667	0	6	1	20	1	0.000666667	0.6	6.94444e-05	
1692	1693	1	-9999	0	-9999	0	2170.29	0.000460768	0.000666667	0	6	1	20	1	0.000666667	0.6	6.94444e-05	
1693	1694	1	-9999	0	-9999	0	2143.8	0.006064	0.000666667	0	6	1	20	1	0.000666667	0.6	6.94444e-05	
1694	1695	1	-9999	0	-9999	0	2117.32	0.00566754	0.000666667	0	6	1	20	1	0.000666667	0.6	6.94444e-05	
1695	1696	1	-9999	0	-9999	0	2117.28	0.00897377	0.000666667	0	6	1	20	1	0.000666667	0.6	6.94444e-05	
1696	1697	1	-9999	0	-9999	0	2124.82	0.0004	0.000666667	0	6	1	20	1	0.000666667	0.6	6.94444e-05	
1697	1698	1	-9999	0	-9999	0	2098.37	0.00571872	0.000666667	0	6	1	20	1	0.000666667	0.6	6.94444e-05	
1698	1682	1	-9999	0	-9999	0	2168.34	0.00461182	0.000666667	0	6	1	20	1	0.000666667	0.6	6.94444e-05	
1699	1700	1	-9999	0	-9999	0	1598.12	0.009386	0.000666667	0	6	1	20	1	0.000666667	0.6	6.94444e-05	
1700	1691	1	-9999	0	-9999	0	1501.66	0.0004	0.000666667	0	6	1	20	1	0.000666667	0.6	6.94444e-05	
1701	1702	2	-9999	0	-9999	0	1602.54	0.0287045	0.000666667	0	6.5	1	40	1	0.000666667	0.6	6.94444e-05	
1702	1703	2	-9999	0	-9999	0	1511.86	0.0370404	0.000666667	0	6.5	1	40	1	0.000666667	0.6	6.94444e-05	
1703	1704	2	-9999	0	-9999	0	1564.9	0.0383412	0.000666667	0	6.5	1	40	1	0.000666667	0.6	6.94444e-05	
1704	1687	2	-9999	0	-9999	0	1591.39	0.036446	0.000666667	0	6.5	1	40	1	0.000666667	0.6	6.94444e-05	
1705	1706	1	-9999	0	-9999	0	1459.27	0.00411166	0.000666667	0	6	1	20	1	0.000666667	0.6	6.94444e-05	
1706	1597	1	-9999	0	-9999	0	1557.32	0.0004	0.000666667	0	6	1	20	1	0.000666667	0.6	6.94444e-05	
1707	1708	2	-9999	0	-9999	0	1701.17	0.0293916	0.000666667	0	6.5	1	40	1	0.000666667	0.6	6.94444e-05	
1708	1701	2	-9999	0	-9999	0	1687.36	0.0391143	0.000666667	0	6.5	1	40	1	0.000666667	0.6	6.94444e-05	
1709	1710	2	-9999	0	-9999	0	2175.46	0.0271207	0.000666667	0	6.5	1	40	1	0.000666667	0.6	6.94444e-05	
1710	1711	2	-9999	0	-9999	0	2247.06	0.0307068	0.000666667	0	6.5	1	40	1	0.000666667	0.6	6.94444e-05	
1711	1712	2	-9999	0	-9999	0	2175.33	0.0317193	0.000666667	0	6.5	1	40	1	0.000666667	0.6	6.94444e-05	
1712	1078	2	-9999	0	-9999	0	2248.89	0.100494	0.000666667	0	6.5	1	40	1	0.000666667	0.6	6.94444e-05	
1713	1268	1	-9999	0	-9999	0	2897.41	0.00414163	0.000666667	0	6	1	20	1	0.000666667	0.6	6.94444e-05	
1714	1715	1	-9999	0	-9999	0	2178.48	0.0197385	0.000666667	0	6	1	20	1	0.000666667	0.6	6.94444e-05	
1715	1716	1	-9999	0	-9999	0	2134.93	0.00562078	0.000666667	0	6	1	20	1	0.000666667	0.6	6.94444e-05	
1716	1717	1	-9999	0	-9999	0	2118.02	0.00802638	0.000666667	0	6	1	20	1	0.000666667	0.6	6.94444e-05	
1717	1718	1	-9999	0	-9999	0	2179.97	0.00366977	0.000666667	0	6	1	20	1	0.000666667	0.6	6.94444e-05	
1718	1719	1	-9999	0	-9999	0	2183.76	0.0004	0.000666667	0	6	1	20	1	0.000666667	0.6	6.94444e-05	
1719	1720	1	-9999	0	-9999	0	2155.36	0.0004	0.000666667	0	6	1	20	1	0.000666667	0.6	6.94444e-05	
1720	1721	1	-9999	0	-9999	0	2170.24	0.00506856	0.000666667	0	6	1	20	1	0.000666667	0.6	6.94444e-05	
1721	1684	1	-9999	0	-9999	0	2104.05	0.00617856	0.000666667	0	6	1	20	1	0.000666667	0.6	6.94444e-05	
1722	1723	2	-9999	0	-9999	0	2140	0.038785	0.000666667	0	6.5	1	40	1	0.000666667	0.6	6.94444e-05	
1723	1724	2	-9999	0	-9999	0	2128.97	0.08126	0.000666667	0	6.5	1	40	1	0.000666667	0.6	6.94444e-05	
1724	1725	2	-9999	0	-9999	0	2093.13	0.0320095	0.000666667	0	6.5	1	40	1	0.000666667	0.6	6.94444e-05	
1725	1726	2	-9999	0	-9999	0	2140.2	0.0808337	0.000666667	0	6.5	1	40	1	0.000666667	0.6	6.94444e-05	
1726	1727	2	-9999	0	-9999	0	2136.17	0.0571116	0.000666667	0	6.5	1	40	1	0.000666667	0.6	6.94444e-05	
1727	1728	2	-9999	0	-9999	0	2137.99	0.0594015	0.000666667	0	6.5	1	40	1	0.000666667	0.6	6.94444e-05	
1728	1729	2	-9999	0	-9999	0	2132.14	0.037052	0.000666667	0	6.5	1	40	1	0.000666667	0.6	6.94444e-05	
1729	1683	2	-9999	0	-9999	0	2105.65	0.0341936	0.000666667	0	6.5	1	40	1	0.000666667	0.6	6.94444e-05	
1730	1568	1	-9999	0	-9999	0	117.089	0.0004	0.000666667	0	6	1	20	1	0.000666667	0.6	6.94444e-05	
1731	1705	1	-9999	0	-9999	0	2727.94	0.00146631	0.000666667	0	6	1	20	1	0.000666667	0.6	6.94444e-05	
1732	1733	1	-9999	0	-9999	0	2442.55	0.0904792	0.000666667	0	6	1	20	1	0.000666667	0.6	6.94444e-05	
1733	1734	1	-9999	0	-9999	0	2534.99	0.0737676	0.000666667	0	6	1	20	1	0.000666667	0.6	6.94444e-05	
1734	1735	1	-9999	0	-9999	0	2466.98	0.0701263	0.000666667	0	6	1	20	1	0.000666667	0.6	6.94444e-05	
1735	1736	1	-9999	0	-9999	0	2458.07	0.0711941	0.000666667	0	6	1	20	1	0.000666667	0.6	6.94444e-05	
1736	1737	1	-9999	0	-9999	0	2539.48	0.0610361	0.000666667	0	6	1	20	1	0.000666667	0.6	6.94444e-05	
1737	1738	1	-9999	0	-9999	0	2459.68	0.0585443	0.000666667	0	6	1	20	1	0.000666667	0.6	6.94444e-05	
1738	1739	1	-9999	0	-9999	0	2442.49	0.0319347	0.000666667	0	6	1	20	1	0.000666667	0.6	6.94444e-05	
1739	1740	1	-9999	0	-9999	0	2523.6	0.0138691	0.000666667	0	6	1	20	1	0.000666667	0.6	6.94444e-05	
1740	1741	1	-9999	0	-9999	0	2500.61	0.0131968	0.000666667	0	6	1	20	1	0.000666667	0.6	6.94444e-05	
1741	1742	1	-9999	0	-9999	0	2422.97	0.0119688	0.000666667	0	6	1	20	1	0.000666667	0.6	6.94444e-05	
1742	1743	1	-9999	0	-9999	0	2505.83	0.0079814	0.000666667	0	6	1	20	1	0.000666667	0.6	6.94444e-05	
1743	1264	1	-9999	0	-9999	0	2477.43	0.00605466	0.000666667	0	6	1	20	1	0.000666667	0.6	6.94444e-05	
1744	1745	1	-9999	0	-9999	0	1781.89	0.0695889	0.000666667	0	6	1	20	1	0.000666667	0.6	6.94444e-05	
1745	1746	1	-9999	0	-9999	0	1888.58	0.0767773	0.000666667	0	6	1	20	1	0.000666667	0.6	6.94444e-05	
1746	1747	1	-9999	0	-9999	0	1861.93	0.0569302	0.000666667	0	6	1	20	1	0.000666667	0.6	6.94444e-05	
1747	1423	1	-9999	0	-9999	0	1853.87	0.0647295	0.000666667	0	6	1	20	1	0.000666667	0.6	6.94444e-05	
1748	1749	1	-9999	0	-9999	0	2263.45	0.0362278	0.000666667	0	6	1	20	1	0.000666667	0.6	6.94444e-05	
1749	1750	1	-9999	0	-9999	0	2257.31	0.0252513	0.000666667	0	6	1	20	1	0.000666667	0.6	6.94444e-05	
1750	1751	1	-9999	0	-9999	0	2217.88	0.0211914	0.000666667	0	6	1	20	1	0.000666667	0.6	6.94444e-05	
1751	1752	1	-9999	0	-9999	0	2265.01	0.015894	0.000666667	0	6	1	20	1	0.000666667	0.6	6.94444e-05	
1752	1753	1	-9999	0	-9999	0	2236.36	0.0138618	0.000666667	0	6	1	20	1	0.000666667	0.6	6.94444e-05	
1753	1754	1	-9999	0	-9999	0	2225.19	0.0103362	0.000666667	0	6	1	20	1	0.000666667	0.6	6.94444e-05	
1754	1755	1	-9999	0	-9999	0	2196.67	0.00728375	0.000666667	0	6	1	20	1	0.000666667	0.6	6.94444e-05	
1755	1756	1	-9999	0	-9999	0	2238.02	0.0107238	0.000666667	0	6	1	20	1	0.000666667	0.6	6.94444e-05	
1756	1757	1	-9999	0	-9999	0	2260.56	0.00353895	0.000666667	0	6	1	20	1	0.000666667	0.6	6.94444e-05	
1757	1686	1	-9999	0	-9999	0	2243.38	0.00846936	0.000666667	0	6	1	20	1	0.000666667	0.6	6.94444e-05	
1758	1759	1	-9999	0	-9999	0	2462.71	0.0856779	0.000666667	0	6	1	20	1	0.000666667	0.6	6.94444e-05	
1759	1760	1	-9999	0	-9999	0	2530.31	0.077856	0.000666667	0	6	1	20	1	0.000666667	0.6	6.94444e-05	
1760	1761	1	-9999	0	-9999	0	2493.26	0.064574	0.000666667	0	6	1	20	1	0.000666667	0.6	6.94444e-05	
1761	1427	1	-9999	0	-9999	0	2474.95	0.0569708	0.000666667	0	6	1	20	1	0.000666667	0.6	6.94444e-05	
1762	1763	1	-9999	0	-9999	0	1745.49	0.0401034	0.000666667	0	6	1	20	1	0.000666667	0.6	6.94444e-05	
1763	1707	1	-9999	0	-9999	0	1794.69	0.0351035	0.000666667	0	6	1	20	1	0.000666667	0.6	6.94444e-05	
1764	1765	1	-9999	0	-9999	0	2365.9	0.0557927	0.000666667	0	6	1	20	1	0.000666667	0.6	6.94444e-05	
1765	1766	1	-9999	0	-9999	0	2303.84	0.051653	0.000666667	0	6	1	20	1	0.000666667	0.6	6.94444e-05	
1766	1767	1	-9999	0	-9999	0	2322.28	0.0421999	0.000666667	0	6	1	20	1	0.000666667	0.6	6.94444e-05	
1767	1768	1	-9999	0	-9999	0	2375.23	0.0522055	0.000666667	0	6	1	20	1	0.000666667	0.6	6.94444e-05	
1768	1769	1	-9999	0	-9999	0	2356.27	0.0352252	0.000666667	0	6	1	20	1	0.000666667	0.6	6.94444e-05	
1769	1770	1	-9999	0	-9999	0	2339.29	0.0286412	0.000666667	0	6	1	20	1	0.000666667	0.6	6.94444e-05	
1770	1771	1	-9999	0	-9999	0	2320.41	0.0344767	0.000666667	0	6	1	20	1	0.000666667	0.6	6.94444e-05	
1771	1772	1	-9999	0	-9999	0	2384.47	0.0339698	0.000666667	0	6	1	20	1	0.000666667	0.6	6.94444e-05	
1772	1773	1	-9999	0	-9999	0	2329.54	0.0326244	0.000666667	0	6	1	20	1	0.000666667	0.6	6.94444e-05	
1773	1774	1	-9999	0	-9999	0	2293.77	0.071062	0.000666667	0	6	1	20	1	0.000666667	0.6	6.94444e-05	
1774	1775	1	-9999	0	-9999	0	2308.62	0.0337864	0.000666667	0	6	1	20	1	0.000666667	0.6	6.94444e-05	
1775	1776	1	-9999	0	-9999	0	2384.23	0.0478141	0.000666667	0	6	1	20	1	0.000666667	0.6	6.94444e-05	
1776	1777	1	-9999	0	-9999	0	2385.57	0.0373076	0.000666667	0	6	1	20	1	0.000666667	0.6	6.94444e-05	
1777	1430	1	-9999	0	-9999	0	2334.6	0.0565407	0.000666667	0	6	1	20	1	0.000666667	0.6	6.94444e-05	
1778	1779	1	-9999	0	-9999	0	2723.97	0.0576364	0.000666667	0	6	1	20	1	0.000666667	0.6	6.94444e-05	
1779	1722	1	-9999	0	-9999	0	2723.83	0.0565381	0.000666667	0	6	1	20	1	0.000666667	0.6	6.94444e-05	
1780	1781	1	-9999	0	-9999	0	1714.08	0.0705918	0.000666667	0	6	1	20	1	0.000666667	0.6	6.94444e-05	
1781	1782	1	-9999	0	-9999	0	1754.32	0.0347713	0.000666667	0	6	1	20	1	0.000666667	0.6	6.94444e-05	
1782	1783	1	-9999	0	-9999	0	1685.33	0.083663	0.000666667	0	6	1	20	1	0.000666667	0.6	6.94444e-05	
1783	1722	1	-9999	0	-9999	0	1754.02	0.0746856	0.000666667	0	6	1	20	1	0.000666667	0.6	6.94444e-05	
1784	1785	1	-9999	0	-9999	0	2392.95	0.0555799	0.000666667	0	6	1	20	1	0.000666667	0.6	6.94444e-05	
1785	1786	1	-9999	0	-9999	0	2347.84	0.044722	0.000666667	0	6	1	20	1	0.000666667	0.6	6.94444e-05	
1786	1787	1	-9999	0	-9999	0	2366.77	0.0397166	0.000666667	0	6	1	20	1	0.000666667	0.6	6.94444e-05	
1787	1707	1	-9999	0	-9999	0	2294.92	0.0300664	0.000666667	0	6	1	20	1	0.000666667	0.6	6.94444e-05	
1788	1789	1	-9999	0	-9999	0	2094.65	0.0558565	0.000666667	0	6	1	20	1	0.000666667	0.6	6.94444e-05	
1789	1790	1	-9999	0	-9999	0	2157.38	0.100585	0.000666667	0	6	1	20	1	0.000666667	0.6	6.94444e-05	
1790	1791	1	-9999	0	-9999	0	2146.02	0.104379	0.000666667	0	6	1	20	1	0.000666667	0.6	6.94444e-05	
1791	1792	1	-9999	0	-9999	0	2213.53	0.0862876	0.000666667	0	6	1	20	1	0.000666667	0.6	6.94444e-05	
1792	1793	1	-9999	0	-9999	0	2153.06	0.0817441	0.000666667	0	6	1	20	1	0.000666667	0.6	6.94444e-05	
1793	1280	1	-9999	0	-9999	0	2105.56	0.0655408	0.000666667	0	6	1	20	1	0.000666667	0.6	6.94444e-05	
1794	1795	1	-9999	0	-9999	0	1865.08	0.0970466	0.000666667	0	6	1	20	1	0.000666667	0.6	6.94444e-05	
1795	1796	1	-9999	0	-9999	0	1889.58	0.0635062	0.000666667	0	6	1	20	1	0.000666667	0.6	6.94444e-05	
1796	1797	1	-9999	0	-9999	0	1897.2	0.067995	0.000666667	0	6	1	20	1	0.000666667	0.6	6.94444e-05	
1797	1414	1	-9999	0	-9999	0	1945.82	0.0760603	0.000666667	0	6	1	20	1	0.000666667	0.6	6.94444e-05	
1798	1799	1	-9999	0	-9999	0	2105.27	0.0498748	0.000666667	0	6	1	20	1	0.000666667	0.6	6.94444e-05	
1799	1701	1	-9999	0	-9999	0	2060.14	0.0509674	0.000666667	0	6	1	20	1	0.000666667	0.6	6.94444e-05	
1800	1801	1	-9999	0	-9999	0	1970.46	0.00608994	0.000666667	0	6	1	20	1	0.000666667	0.6	6.94444e-05	
1801	1802	1	-9999	0	-9999	0	1964.57	0.0061082	0.000666667	0	6	1	20	1	0.000666667	0.6	6.94444e-05	
1802	1803	1	-9999	0	-9999	0	1943.73	0.00617369	0.000666667	0	6	1	20	1	0.000666667	0.6	6.94444e-05	
1803	1534	1	-9999	0	-9999	0	1896.43	0.00685499	0.000666667	0	6	1	20	1	0.000666667	0.6	6.94444e-05	
1804	1805	1	-9999	0	-9999	0	1772.51	0.0586737	0.000666667	0	6	1	20	1	0.000666667	0.6	6.94444e-05	
1805	1419	1	-9999	0	-9999	0	1721.48	0.124892	0.000666667	0	6	1	20	1	0.000666667	0.6	6.94444e-05	
1806	1807	1	-9999	0	-9999	0	2027.19	0.136643	0.000666667	0	6	1	20	1	0.000666667	0.6	6.94444e-05	
1807	1432	1	-9999	0	-9999	0	1915.78	0.164946	0.000666667	0	6	1	20	1	0.000666667	0.6	6.94444e-05	
1808	1809	1	-9999	0	-9999	0	2047.31	0.142626	0.000666667	0	6	1	20	1	0.000666667	0.6	6.94444e-05	
1809	1810	1	-9999	0	-9999	0	1979.27	0.12732	0.000666667	0	6	1	20	1	0.000666667	0.6	6.94444e-05	
1810	1811	1	-9999	0	-9999	0	2007.55	0.095141	0.000666667	0	6	1	20	1	0.000666667	0.6	6.94444e-05	
1811	1709	1	-9999	0	-9999	0	2047.09	0.092326	0.000666667	0	6	1	20	1	0.000666667	0.6	6.94444e-05	
1812	1813	1	-9999	0	-9999	0	2951.13	0.0565885	0.000666667	0	6	1	20	1	0.000666667	0.6	6.94444e-05	
1813	1814	1	-9999	0	-9999	0	1516.83	0.0540602	0.000666667	0	6	1	20	1	0.000666667	0.6	6.94444e-05	
1814	1687	1	-9999	0	-9999	0	1520.8	0.0460284	0.000666667	0	6	1	20	1	0.000666667	0.6	6.94444e-05	
1815	1816	1	-9999	0	-9999	0	1941.73	0.0705555	0.000666667	0	6	1	20	1	0.000666667	0.6	6.94444e-05	
1816	1817	1	-9999	0	-9999	0	2058.76	0.0616877	0.000666667	0	6	1	20	1	0.000666667	0.6	6.94444e-05	
1817	1818	1	-9999	0	-9999	0	2037.81	0.0750806	0.000666667	0	6	1	20	1	0.000666667	0.6	6.94444e-05	
1818	1280	1	-9999	0	-9999	0	2001.75	0.0629449	0.000666667	0	6	1	20	1	0.000666667	0.6	6.94444e-05	
1819	1820	1	-9999	0	-9999	0	1843.26	0.100908	0.000666667	0	6	1	20	1	0.000666667	0.6	6.94444e-05	
1820	1821	1	-9999	0	-9999	0	1798.07	0.0678507	0.000666667	0	6	1	20	1	0.000666667	0.6	6.94444e-05	
1821	1822	1	-9999	0	-9999	0	1767.9	0.0712708	0.000666667	0	6	1	20	1	0.000666667	0.6	6.94444e-05	
1822	1823	1	-9999	0	-9999	0	1817.14	0.0577832	0.000666667	0	6	1	20	1	0.000666667	0.6	6.94444e-05	
1823	1824	1	-9999	0	-9999	0	1771.9	0.0428917	0.000666667	0	6	1	20	1	0.000666667	0.6	6.94444e-05	
1824	1418	1	-9999	0	-9999	0	1838.08	0.0729022	0.000666667	0	6	1	20	1	0.000666667	0.6	6.94444e-05	
1825	1683	1	-9999	0	-9999	0	1967.74	0.130098	0.000666667	0	6	1	20	1	0.000666667	0.6	6.94444e-05	
1826	1827	1	-9999	0	-9999	0	2911.26	0.0783165	0.000666667	0	6	1	20	1	0.000666667	0.6	6.94444e-05	
1827	1828	1	-9999	0	-9999	0	1523.9	0.0584026	0.000666667	0	6	1	20	1	0.000666667	0.6	6.94444e-05	
1828	1407	1	-9999	0	-9999	0	1476.73	0.121891	0.000666667	0	6	1	20	1	0.000666667	0.6	6.94444e-05	
1829	1830	1	-9999	0	-9999	0	2208.3	0.0842275	0.000666667	0	6	1	20	1	0.000666667	0.6	6.94444e-05	
1830	1831	1	-9999	0	-9999	0	2244.5	0.0748497	0.000666667	0	6	1	20	1	0.000666667	0.6	6.94444e-05	
1831	1832	1	-9999	0	-9999	0	2216.51	0.0654183	0.000666667	0	6	1	20	1	0.000666667	0.6	6.94444e-05	
1832	1709	1	-9999	0	-9999	0	2156.08	0.0533375	0.000666667	0	6	1	20	1	0.000666667	0.6	6.94444e-05	
1833	1834	5	-9999	0	-9999	0	2969.84	0.00437733	0.000666667	0	8	1	100	1	0.000666667	0.6	6.94444e-05	
1834	1401	5	-9999	0	-9999	0	2988.4	0.0004	0.000666667	0	8	1	100	1	0.000666667	0.6	6.94444e-05	
1835	1836	5	-9999	0	-9999	0	2919.3	0.00274038	0.000666667	0	8	1	100	1	0.000666667	0.6	6.94444e-05	
1836	1833	5	-9999	0	-9999	0	2868.09	0.0004	0.000666667	0	8	1	100	1	0.000666667	0.6	6.94444e-05	
1837	1838	5	-9999	0	-9999	0	2826.36	0.0004	0.000666667	0	8	1	100	1	0.000666667	0.6	6.94444e-05	
1838	1835	5	-9999	0	-9999	0	2749.84	0.00981876	0.000666667	0	8	1	100	1	0.000666667	0.6	6.94444e-05	
1839	1837	5	-9999	0	-9999	0	1608.51	0.0004	0.000666667	0	8	1	100	1	0.000666667	0.6	6.94444e-05	
1840	1839	5	-9999	0	-9999	0	796.298	0.0364185	0.000666667	0	8	1	100	1	0.000666667	0.6	6.94444e-05	
1841	1840	5	-9999	0	-9999	0	568.217	0.0004	0.000666667	0	8	1	100	1	0.000666667	0.6	6.94444e-05	
1842	1843	5	-9999	0	-9999	0	2332.23	0.0004	0.000666667	0	8	1	100	1	0.000666667	0.6	6.94444e-05	
1843	1841	5	-9999	0	-9999	0	2424.6	0.0074239	0.000666667	0	8	1	100	1	0.000666667	0.6	6.94444e-05	
1844	1845	4	-9999	0	-9999	0	2376.13	0.0004	0.000666667	0	7.5	1	80	1	0.000666667	0.6	6.94444e-05	
1845	1846	4	-9999	0	-9999	0	2411.95	0.00746283	0.000666667	0	7.5	1	80	1	0.000666667	0.6	6.94444e-05	
1846	1847	4	-9999	0	-9999	0	2316.99	0.0004	0.000666667	0	7.5	1	80	1	0.000666667	0.6	6.94444e-05	
1847	1842	4	-9999	0	-9999	0	2389.16	0.00627836	0.000666667	0	7.5	1	80	1	0.000666667	0.6	6.94444e-05	
1848	1842	5	-9999	0	-9999	0	958.793	0.0260745	0.000666667	0	8	1	100	1	0.000666667	0.6	6.94444e-05	
1849	1850	5	-9999	0	-9999	0	2954.91	0.0004	0.000666667	0	8	1	100	1	0.000666667	0.6	6.94444e-05	
1850	1848	5	-9999	0	-9999	0	2912.3	0.0004	0.000666667	0	8	1	100	1	0.000666667	0.6	6.94444e-05	
1851	1852	5	-9999	0	-9999	0	2064.38	0.00145322	0.000666667	0	8	1	100	1	0.000666667	0.6	6.94444e-05	
1852	1849	5	-9999	0	-9999	0	2167.39	0.0004	0.000666667	0	8	1	100	1	0.000666667	0.6	6.94444e-05	
1853	1854	5	-9999	0	-9999	0	2362.85	0.00253931	0.000666667	0	8	1	100	1	0.000666667	0.6	6.94444e-05	
1854	1855	5	-9999	0	-9999	0	2333.29	0.0004	0.000666667	0	8	1	100	1	0.000666667	0.6	6.94444e-05	
1855	1856	5	-9999	0	-9999	0	2301.67	0.00347574	0.000666667	0	8	1	100	1	0.000666667	0.6	6.94444e-05	
1856	1851	5	-9999	0	-9999	0	2317.34	0.00129459	0.000666667	0	8	1	100	1	0.000666667	0.6	6.94444e-05	
1857	1428	4	-9999	0	-9999	0	1875.41	0.0138636	0.000666667	0	7.5	1	80	1	0.000666667	0.6	6.94444e-05	
1858	1857	4	-9999	0	-9999	0	2422.35	0.00908208	0.000666667	0	7.5	1	80	1	0.000666667	0.6	6.94444e-05	
1859	1860	4	-9999	0	-9999	0	2192.43	0.0228057	0.000666667	0	7.5	1	80	1	0.000666667	0.6	6.94444e-05	
1860	1861	4	-9999	0	-9999	0	2202.9	0.0226974	0.000666667	0	7.5	1	80	1	0.000666667	0.6	6.94444e-05	
1861	1862	4	-9999	0	-9999	0	2194.95	0.00865622	0.000666667	0	7.5	1	80	1	0.000666667	0.6	6.94444e-05	
1862	1858	4	-9999	0	-9999	0	2247.9	0.0173495	0.000666667	0	7.5	1	80	1	0.000666667	0.6	6.94444e-05	
1863	1864	3	-9999	0	-9999	0	2023.84	0.0108704	0.000666667	0	7	1	60	1	0.000666667	0.6	6.94444e-05	
1864	1865	3	-9999	0	-9999	0	1939.97	0.00412378	0.000666667	0	7	1	60	1	0.000666667	0.6	6.94444e-05	
1865	1866	3	-9999	0	-9999	0	1985.03	0.0115867	0.000666667	0	7	1	60	1	0.000666667	0.6	6.94444e-05	
1866	1859	3	-9999	0	-9999	0	1892.44	0.022722	0.000666667	0	7	1	60	1	0.000666667	0.6	6.94444e-05	
1867	1868	3	-9999	0	-9999	0	1728.14	0.00752256	0.000666667	0	7	1	60	1	0.000666667	0.6	6.94444e-05	
1868	1863	3	-9999	0	-9999	0	1673.53	0.00717046	0.000666667	0	7	1	60	1	0.000666667	0.6	6.94444e-05	
1869	1870	3	-9999	0	-9999	0	2021.5	0.00692556	0.000666667	0	7	1	60	1	0.000666667	0.6	6.94444e-05	
1870	1871	3	-9999	0	-9999	0	2050.33	0.00877908	0.000666667	0	7	1	60	1	0.000666667	0.6	6.94444e-05	
1871	1872	3	-9999	0	-9999	0	2082.06	0.00624381	0.000666667	0	7	1	60	1	0.000666667	0.6	6.94444e-05	
1872	1873	3	-9999	0	-9999	0	2056.72	0.00388969	0.000666667	0	7	1	60	1	0.000666667	0.6	6.94444e-05	
1873	1874	3	-9999	0	-9999	0	2100.17	0.0128561	0.000666667	0	7	1	60	1	0.000666667	0.6	6.94444e-05	
1874	1867	3	-9999	0	-9999	0	2014.07	0.00744762	0.000666667	0	7	1	60	1	0.000666667	0.6	6.94444e-05	
1875	1869	3	-9999	0	-9999	0	701.758	0.00142499	0.000666667	0	7	1	60	1	0.000666667	0.6	6.94444e-05	
1876	1877	3	-9999	0	-9999	0	2098.93	0.00524076	0.000666667	0	7	1	60	1	0.000666667	0.6	6.94444e-05	
1877	1878	3	-9999	0	-9999	0	2159.69	0.00324121	0.000666667	0	7	1	60	1	0.000666667	0.6	6.94444e-05	
1878	1879	3	-9999	0	-9999	0	2085.03	0.0004	0.000666667	0	7	1	60	1	0.000666667	0.6	6.94444e-05	
1879	1875	3	-9999	0	-9999	0	2080.41	0.00336472	0.000666667	0	7	1	60	1	0.000666667	0.6	6.94444e-05	
1880	1881	3	-9999	0	-9999	0	1576.06	0.0329937	0.000666667	0	7	1	60	1	0.000666667	0.6	6.94444e-05	
1881	1882	3	-9999	0	-9999	0	1636.13	0.012224	0.000666667	0	7	1	60	1	0.000666667	0.6	6.94444e-05	
1882	1883	3	-9999	0	-9999	0	1568.33	0.0420829	0.000666667	0	7	1	60	1	0.000666667	0.6	6.94444e-05	
1883	1859	3	-9999	0	-9999	0	1640.36	0.0365774	0.000666667	0	7	1	60	1	0.000666667	0.6	6.94444e-05	
1884	1880	3	-9999	0	-9999	0	2646.64	0.0188919	0.000666667	0	7	1	60	1	0.000666667	0.6	6.94444e-05	
1885	1884	2	-9999	0	-9999	0	1875.33	0.0229294	0.000666667	0	6.5	1	40	1	0.000666667	0.6	6.94444e-05	
1886	1885	2	-9999	0	-9999	0	2641.33	0.027259	0.000666667	0	6.5	1	40	1	0.000666667	0.6	6.94444e-05	
1887	1888	2	-9999	0	-9999	0	2149.9	0.00930275	0.000666667	0	6.5	1	40	1	0.000666667	0.6	6.94444e-05	
1888	1889	2	-9999	0	-9999	0	2181.06	0.0119208	0.000666667	0	6.5	1	40	1	0.000666667	0.6	6.94444e-05	
1889	1890	2	-9999	0	-9999	0	2232.18	0.00940786	0.000666667	0	6.5	1	40	1	0.000666667	0.6	6.94444e-05	
1890	1891	2	-9999	0	-9999	0	2146.12	0.00792127	0.000666667	0	6.5	1	40	1	0.000666667	0.6	6.94444e-05	
1891	1892	2	-9999	0	-9999	0	2125.67	0.00846792	0.000666667	0	6.5	1	40	1	0.000666667	0.6	6.94444e-05	
1892	1893	2	-9999	0	-9999	0	2208.5	0.0190175	0.000666667	0	6.5	1	40	1	0.000666667	0.6	6.94444e-05	
1893	1894	2	-9999	0	-9999	0	2191.6	0.0146012	0.000666667	0	6.5	1	40	1	0.000666667	0.6	6.94444e-05	
1894	1895	2	-9999	0	-9999	0	2155.01	0.013457	0.000666667	0	6.5	1	40	1	0.000666667	0.6	6.94444e-05	
1895	1896	2	-9999	0	-9999	0	2227.13	0.0152663	0.000666667	0	6.5	1	40	1	0.000666667	0.6	6.94444e-05	
1896	1886	2	-9999	0	-9999	0	2109.88	0.0203803	0.000666667	0	6.5	1	40	1	0.000666667	0.6	6.94444e-05	
1897	1898	2	-9999	0	-9999	0	1964.75	0.00916147	0.000666667	0	6.5	1	40	1	0.000666667	0.6	6.94444e-05	
1898	1887	2	-9999	0	-9999	0	1919.56	0.0067724	0.000666667	0	6.5	1	40	1	0.000666667	0.6	6.94444e-05	
1899	1897	2	-9999	0	-9999	0	234.5	0.0004	0.000666667	0	6.5	1	40	1	0.000666667	0.6	6.94444e-05	
1900	1899	2	-9999	0	-9999	0	1149.81	0.00521826	0.000666667	0	6.5	1	40	1	0.000666667	0.6	6.94444e-05	
1901	1902	2	-9999	0	-9999	0	2165.83	0.0078492	0.000666667	0	6.5	1	40	1	0.000666667	0.6	6.94444e-05	
1902	1903	2	-9999	0	-9999	0	2100.12	0.00714246	0.000666667	0	6.5	1	40	1	0.000666667	0.6	6.94444e-05	
1903	1904	2	-9999	0	-9999	0	2155.69	0.00974167	0.000666667	0	6.5	1	40	1	0.000666667	0.6	6.94444e-05	
1904	1900	2	-9999	0	-9999	0	2050.8	0.0112151	0.000666667	0	6.5	1	40	1	0.000666667	0.6	6.94444e-05	
1905	1906	2	-9999	0	-9999	0	2345.29	0.00341109	0.000666667	0	6.5	1	40	1	0.000666667	0.6	6.94444e-05	
1906	1907	2	-9999	0	-9999	0	2316.13	0.00518105	0.000666667	0	6.5	1	40	1	0.000666667	0.6	6.94444e-05	
1907	1908	2	-9999	0	-9999	0	2320.26	0.00517183	0.000666667	0	6.5	1	40	1	0.000666667	0.6	6.94444e-05	
1908	1909	2	-9999	0	-9999	0	2419.02	0.0004	0.000666667	0	6.5	1	40	1	0.000666667	0.6	6.94444e-05	
1909	1910	2	-9999	0	-9999	0	2317.95	0.00431416	0.000666667	0	6.5	1	40	1	0.000666667	0.6	6.94444e-05	
1910	1401	2	-9999	0	-9999	0	2387.72	0.00125643	0.000666667	0	6.5	1	40	1	0.000666667	0.6	6.94444e-05	
1911	1901	2	-9999	0	-9999	0	2249.86	0.0111118	0.000666667	0	6.5	1	40	1	0.000666667	0.6	6.94444e-05	
1912	1913	2	-9999	0	-9999	0	2422.68	0.00660425	0.000666667	0	6.5	1	40	1	0.000666667	0.6	6.94444e-05	
1913	1914	2	-9999	0	-9999	0	2483.66	0.00201316	0.000666667	0	6.5	1	40	1	0.000666667	0.6	6.94444e-05	
1914	1915	2	-9999	0	-9999	0	2452.12	0.00611715	0.000666667	0	6.5	1	40	1	0.000666667	0.6	6.94444e-05	
1915	1905	2	-9999	0	-9999	0	2521.95	0.00237911	0.000666667	0	6.5	1	40	1	0.000666667	0.6	6.94444e-05	
1916	1851	1	-9999	0	-9999	0	72.163	0.0004	0.000666667	0	6	1	20	1	0.000666667	0.6	6.94444e-05	
1917	1918	2	-9999	0	-9999	0	1965.74	0.00864814	0.000666667	0	6.5	1	40	1	0.000666667	0.6	6.94444e-05	
1918	1919	2	-9999	0	-9999	0	2010.87	0.00646485	0.000666667	0	6.5	1	40	1	0.000666667	0.6	6.94444e-05	
1919	1920	2	-9999	0	-9999	0	2000.75	0.007997	0.000666667	0	6.5	1	40	1	0.000666667	0.6	6.94444e-05	
1920	1921	2	-9999	0	-9999	0	2029.53	0.00640541	0.000666667	0	6.5	1	40	1	0.000666667	0.6	6.94444e-05	
1921	1922	2	-9999	0	-9999	0	1986.41	0.0130889	0.000666667	0	6.5	1	40	1	0.000666667	0.6	6.94444e-05	
1922	1911	2	-9999	0	-9999	0	1965.99	0.0081384	0.000666667	0	6.5	1	40	1	0.000666667	0.6	6.94444e-05	
1923	1924	2	-9999	0	-9999	0	2958.14	0.00642295	0.000666667	0	6.5	1	40	1	0.000666667	0.6	6.94444e-05	
1924	1925	2	-9999	0	-9999	0	1473.36	0.00814464	0.000666667	0	6.5	1	40	1	0.000666667	0.6	6.94444e-05	
1925	1912	2	-9999	0	-9999	0	1565.8	0.0025546	0.000666667	0	6.5	1	40	1	0.000666667	0.6	6.94444e-05	
1926	1927	2	-9999	0	-9999	0	2387.97	0.0318262	0.000666667	0	6.5	1	40	1	0.000666667	0.6	6.94444e-05	
1927	1928	2	-9999	0	-9999	0	2276.4	0.0650149	0.000666667	0	6.5	1	40	1	0.000666667	0.6	6.94444e-05	
1928	1929	2	-9999	0	-9999	0	2357.99	0.0347753	0.000666667	0	6.5	1	40	1	0.000666667	0.6	6.94444e-05	
1929	1930	2	-9999	0	-9999	0	2323.48	0.0314184	0.000666667	0	6.5	1	40	1	0.000666667	0.6	6.94444e-05	
1930	1931	2	-9999	0	-9999	0	2371.66	0.03584	0.000666667	0	6.5	1	40	1	0.000666667	0.6	6.94444e-05	
1931	1932	2	-9999	0	-9999	0	2376.27	0.0420827	0.000666667	0	6.5	1	40	1	0.000666667	0.6	6.94444e-05	
1932	1933	2	-9999	0	-9999	0	2313.15	0.0289648	0.000666667	0	6.5	1	40	1	0.000666667	0.6	6.94444e-05	
1933	1934	2	-9999	0	-9999	0	2317.04	0.0129476	0.000666667	0	6.5	1	40	1	0.000666667	0.6	6.94444e-05	
1934	1935	2	-9999	0	-9999	0	2353.38	0.0327188	0.000666667	0	6.5	1	40	1	0.000666667	0.6	6.94444e-05	
1935	1936	2	-9999	0	-9999	0	2385.21	0.026832	0.000666667	0	6.5	1	40	1	0.000666667	0.6	6.94444e-05	
1936	1937	2	-9999	0	-9999	0	2397.72	0.0233556	0.000666667	0	6.5	1	40	1	0.000666667	0.6	6.94444e-05	
1937	1938	2	-9999	0	-9999	0	2284.76	0.0249479	0.000666667	0	6.5	1	40	1	0.000666667	0.6	6.94444e-05	
1938	1939	2	-9999	0	-9999	0	2358.59	0.024591	0.000666667	0	6.5	1	40	1	0.000666667	0.6	6.94444e-05	
1939	1940	2	-9999	0	-9999	0	2329.43	0.0141666	0.000666667	0	6.5	1	40	1	0.000666667	0.6	6.94444e-05	
1940	1941	2	-9999	0	-9999	0	2358.61	0.0004	0.000666667	0	6.5	1	40	1	0.000666667	0.6	6.94444e-05	
1941	1942	2	-9999	0	-9999	0	2356.13	0.0135816	0.000666667	0	6.5	1	40	1	0.000666667	0.6	6.94444e-05	
1942	1943	2	-9999	0	-9999	0	2367.26	0.00549159	0.000666667	0	6.5	1	40	1	0.000666667	0.6	6.94444e-05	
1943	1923	2	-9999	0	-9999	0	2288.02	0.00743001	0.000666667	0	6.5	1	40	1	0.000666667	0.6	6.94444e-05	
1944	1945	1	-9999	0	-9999	0	2518.13	0.00436832	0.000666667	0	6	1	20	1	0.000666667	0.6	6.94444e-05	
1945	1916	1	-9999	0	-9999	0	2445.74	0.00286213	0.000666667	0	6	1	20	1	0.000666667	0.6	6.94444e-05	
1946	1947	1	-9999	0	-9999	0	2047.63	0.0190464	0.000666667	0	6	1	20	1	0.000666667	0.6	6.94444e-05	
1947	1917	1	-9999	0	-9999	0	2119.65	0.023117	0.000666667	0	6	1	20	1	0.000666667	0.6	6.94444e-05	
1948	1848	3	-9999	0	-9999	0	2026.11	0.0004	0.000666667	0	7	1	60	1	0.000666667	0.6	6.94444e-05	
1949	1950	3	-9999	0	-9999	0	2082.71	0.00288086	0.000666667	0	7	1	60	1	0.000666667	0.6	6.94444e-05	
1950	1951	3	-9999	0	-9999	0	2046.39	0.0004	0.000666667	0	7	1	60	1	0.000666667	0.6	6.94444e-05	
1951	1952	3	-9999	0	-9999	0	2023.61	0.00247083	0.000666667	0	7	1	60	1	0.000666667	0.6	6.94444e-05	
1952	1948	3	-9999	0	-9999	0	2050.64	0.00438888	0.000666667	0	7	1	60	1	0.000666667	0.6	6.94444e-05	
1953	1954	3	-9999	0	-9999	0	2241.55	0.00579957	0.000666667	0	7	1	60	1	0.000666667	0.6	6.94444e-05	
1954	1955	3	-9999	0	-9999	0	2295.89	0.0004	0.000666667	0	7	1	60	1	0.000666667	0.6	6.94444e-05	
1955	1956	3	-9999	0	-9999	0	2275.35	0.00219746	0.000666667	0	7	1	60	1	0.000666667	0.6	6.94444e-05	
1956	1957	3	-9999	0	-9999	0	2284.47	0.00525285	0.000666667	0	7	1	60	1	0.000666667	0.6	6.94444e-05	
1957	1958	3	-9999	0	-9999	0	2313.37	0.0004	0.000666667	0	7	1	60	1	0.000666667	0.6	6.94444e-05	
1958	1959	3	-9999	0	-9999	0	2272.68	0.000880019	0.000666667	0	7	1	60	1	0.000666667	0.6	6.94444e-05	
1959	1960	3	-9999	0	-9999	0	2333.41	0.00471412	0.000666667	0	7	1	60	1	0.000666667	0.6	6.94444e-05	
1960	1949	3	-9999	0	-9999	0	2272.35	0.0004	0.000666667	0	7	1	60	1	0.000666667	0.6	6.94444e-05	
1961	1962	3	-9999	0	-9999	0	2349.12	0.0157505	0.000666667	0	7	1	60	1	0.000666667	0.6	6.94444e-05	
1962	1963	3	-9999	0	-9999	0	2346.59	0.0110799	0.000666667	0	7	1	60	1	0.000666667	0.6	6.94444e-05	
1963	1964	3	-9999	0	-9999	0	2310.33	0.0077911	0.000666667	0	7	1	60	1	0.000666667	0.6	6.94444e-05	
1964	1965	3	-9999	0	-9999	0	2409.94	0.0141082	0.000666667	0	7	1	60	1	0.000666667	0.6	6.94444e-05	
1965	1966	3	-9999	0	-9999	0	2369.28	0.0126621	0.000666667	0	7	1	60	1	0.000666667	0.6	6.94444e-05	
1966	1967	3	-9999	0	-9999	0	2258.61	0.0132825	0.000666667	0	7	1	60	1	0.000666667	0.6	6.94444e-05	
1967	1968	3	-9999	0	-9999	0	2364.39	0.00803591	0.000666667	0	7	1	60	1	0.000666667	0.6	6.94444e-05	
1968	1969	3	-9999	0	-9999	0	2339.43	0.018808	0.000666667	0	7	1	60	1	0.000666667	0.6	6.94444e-05	
1969	1970	3	-9999	0	-9999	0	2364.04	0.0105751	0.000666667	0	7	1	60	1	0.000666667	0.6	6.94444e-05	
1970	1971	3	-9999	0	-9999	0	2298.24	0.0108779	0.000666667	0	7	1	60	1	0.000666667	0.6	6.94444e-05	
1971	1972	3	-9999	0	-9999	0	2406.71	0.00540156	0.000666667	0	7	1	60	1	0.000666667	0.6	6.94444e-05	
1972	1973	3	-9999	0	-9999	0	2299.93	0.00826111	0.000666667	0	7	1	60	1	0.000666667	0.6	6.94444e-05	
1973	1974	3	-9999	0	-9999	0	2383.65	0.0016781	0.000666667	0	7	1	60	1	0.000666667	0.6	6.94444e-05	
1974	1975	3	-9999	0	-9999	0	2315.87	0.00561345	0.000666667	0	7	1	60	1	0.000666667	0.6	6.94444e-05	
1975	1976	3	-9999	0	-9999	0	2385.65	0.0004	0.000666667	0	7	1	60	1	0.000666667	0.6	6.94444e-05	
1976	1474	3	-9999	0	-9999	0	2340.25	0.00769149	0.000666667	0	7	1	60	1	0.000666667	0.6	6.94444e-05	
1977	1978	2	-9999	0	-9999	0	1930.8	0.0233064	0.000666667	0	6.5	1	40	1	0.000666667	0.6	6.94444e-05	
1978	1492	2	-9999	0	-9999	0	1982.11	0.0615507	0.000666667	0	6.5	1	40	1	0.000666667	0.6	6.94444e-05	
1979	1980	2	-9999	0	-9999	0	2061.12	0.0101886	0.000666667	0	6.5	1	40	1	0.000666667	0.6	6.94444e-05	
1980	1981	2	-9999	0	-9999	0	2116.78	0.0406277	0.000666667	0	6.5	1	40	1	0.000666667	0.6	6.94444e-05	
1981	1982	2	-9999	0	-9999	0	2153.3	0.0246133	0.000666667	0	6.5	1	40	1	0.000666667	0.6	6.94444e-05	
1982	1983	2	-9999	0	-9999	0	2040.22	0.0284282	0.000666667	0	6.5	1	40	1	0.000666667	0.6	6.94444e-05	
1983	1984	2	-9999	0	-9999	0	2011.22	0.0213801	0.000666667	0	6.5	1	40	1	0.000666667	0.6	6.94444e-05	
1984	1977	2	-9999	0	-9999	0	2109.92	0.0170622	0.000666667	0	6.5	1	40	1	0.000666667	0.6	6.94444e-05	
1985	1986	1	-9999	0	-9999	0	2146.73	0.0260862	0.000666667	0	6	1	20	1	0.000666667	0.6	6.94444e-05	
1986	1496	1	-9999	0	-9999	0	2047.94	0.0292977	0.000666667	0	6	1	20	1	0.000666667	0.6	6.94444e-05	
1987	1988	3	-9999	0	-9999	0	1968.72	0.0213337	0.000666667	0	7	1	60	1	0.000666667	0.6	6.94444e-05	
1988	1989	3	-9999	0	-9999	0	1991.94	0.0336356	0.000666667	0	7	1	60	1	0.000666667	0.6	6.94444e-05	
1989	1990	3	-9999	0	-9999	0	1958.66	0.0704562	0.000666667	0	7	1	60	1	0.000666667	0.6	6.94444e-05	
1990	1991	3	-9999	0	-9999	0	1966.98	0.0213525	0.000666667	0	7	1	60	1	0.000666667	0.6	6.94444e-05	
1991	1992	3	-9999	0	-9999	0	1948.48	0.0143701	0.000666667	0	7	1	60	1	0.000666667	0.6	6.94444e-05	
1992	1155	3	-9999	0	-9999	0	1947.83	0.0636605	0.000666667	0	7	1	60	1	0.000666667	0.6	6.94444e-05	
1993	1987	3	-9999	0	-9999	0	1652.41	0.044783	0.000666667	0	7	1	60	1	0.000666667	0.6	6.94444e-05	
1994	1995	3	-9999	0	-9999	0	1596.68	0.00688927	0.000666667	0	7	1	60	1	0.000666667	0.6	6.94444e-05	
1995	1996	3	-9999	0	-9999	0	1704.22	0.0375537	0.000666667	0	7	1	60	1	0.000666667	0.6	6.94444e-05	
1996	1997	3	-9999	0	-9999	0	1607.29	0.00808813	0.000666667	0	7	1	60	1	0.000666667	0.6	6.94444e-05	
1997	1993	3	-9999	0	-9999	0	1681.36	0.0327116	0.000666667	0	7	1	60	1	0.000666667	0.6	6.94444e-05	
1998	1999	2	-9999	0	-9999	0	1953.89	0.0276372	0.000666667	0	6.5	1	40	1	0.000666667	0.6	6.94444e-05	
1999	1994	2	-9999	0	-9999	0	2048.57	0.033682	0.000666667	0	6.5	1	40	1	0.000666667	0.6	6.94444e-05	
2000	2001	2	-9999	0	-9999	0	2248.55	0.0111183	0.000666667	0	6.5	1	40	1	0.000666667	0.6	6.94444e-05	
2001	2002	2	-9999	0	-9999	0	2203.18	0.00907778	0.000666667	0	6.5	1	40	1	0.000666667	0.6	6.94444e-05	
2002	2003	2	-9999	0	-9999	0	2250.43	0.0004	0.000666667	0	6.5	1	40	1	0.000666667	0.6	6.94444e-05	
2003	2004	2	-9999	0	-9999	0	2203.7	0.033126	0.000666667	0	6.5	1	40	1	0.000666667	0.6	6.94444e-05	
2004	2005	2	-9999	0	-9999	0	2234.86	0.014766	0.000666667	0	6.5	1	40	1	0.000666667	0.6	6.94444e-05	
2005	2006	2	-9999	0	-9999	0	2152.94	0.0004	0.000666667	0	6.5	1	40	1	0.000666667	0.6	6.94444e-05	
2006	2007	2	-9999	0	-9999	0	2234.57	0.0295359	0.000666667	0	6.5	1	40	1	0.000666667	0.6	6.94444e-05	
2007	1979	2	-9999	0	-9999	0	2237.73	0.0183221	0.000666667	0	6.5	1	40	1	0.000666667	0.6	6.94444e-05	
2008	2009	2	-9999	0	-9999	0	2126.89	0.00987359	0.000666667	0	6.5	1	40	1	0.000666667	0.6	6.94444e-05	
2009	2000	2	-9999	0	-9999	0	2065.7	0.0135547	0.000666667	0	6.5	1	40	1	0.000666667	0.6	6.94444e-05	
2010	2008	2	-9999	0	-9999	0	733.057	0.027283	0.000666667	0	6.5	1	40	1	0.000666667	0.6	6.94444e-05	
2011	2010	2	-9999	0	-9999	0	117.322	0.0004	0.000666667	0	6.5	1	40	1	0.000666667	0.6	6.94444e-05	
2012	2013	1	-9999	0	-9999	0	2416.44	0.00827664	0.000666667	0	6	1	20	1	0.000666667	0.6	6.94444e-05	
2013	2014	1	-9999	0	-9999	0	2499.89	0.0024001	0.000666667	0	6	1	20	1	0.000666667	0.6	6.94444e-05	
2014	2015	1	-9999	0	-9999	0	2440.69	0.00327776	0.000666667	0	6	1	20	1	0.000666667	0.6	6.94444e-05	
2015	1839	1	-9999	0	-9999	0	2388.86	0.0146513	0.000666667	0	6	1	20	1	0.000666667	0.6	6.94444e-05	
2016	2017	2	-9999	0	-9999	0	2468.48	0.018635	0.000666667	0	6.5	1	40	1	0.000666667	0.6	6.94444e-05	
2017	2018	2	-9999	0	-9999	0	2393.99	0.0384296	0.000666667	0	6.5	1	40	1	0.000666667	0.6	6.94444e-05	
2018	2019	2	-9999	0	-9999	0	2425.34	0.0263881	0.000666667	0	6.5	1	40	1	0.000666667	0.6	6.94444e-05	
2019	2020	2	-9999	0	-9999	0	2467.28	0.0214811	0.000666667	0	6.5	1	40	1	0.000666667	0.6	6.94444e-05	
2020	2021	2	-9999	0	-9999	0	2443.33	0.0196453	0.000666667	0	6.5	1	40	1	0.000666667	0.6	6.94444e-05	
2021	2022	2	-9999	0	-9999	0	2529.29	0.0264896	0.000666667	0	6.5	1	40	1	0.000666667	0.6	6.94444e-05	
2022	2023	2	-9999	0	-9999	0	2420.47	0.0210703	0.000666667	0	6.5	1	40	1	0.000666667	0.6	6.94444e-05	
2023	2024	2	-9999	0	-9999	0	2447.26	0.0167534	0.000666667	0	6.5	1	40	1	0.000666667	0.6	6.94444e-05	
2024	2025	2	-9999	0	-9999	0	2473.87	0.0274873	0.000666667	0	6.5	1	40	1	0.000666667	0.6	6.94444e-05	
2025	2026	2	-9999	0	-9999	0	2477.98	0.0234061	0.000666667	0	6.5	1	40	1	0.000666667	0.6	6.94444e-05	
2026	2027	2	-9999	0	-9999	0	2389.39	0.0234369	0.000666667	0	6.5	1	40	1	0.000666667	0.6	6.94444e-05	
2027	1496	2	-9999	0	-9999	0	2463.16	0.0320726	0.000666667	0	6.5	1	40	1	0.000666667	0.6	6.94444e-05	
2028	2029	1	-9999	0	-9999	0	2646.79	0.00604505	0.000666667	0	6	1	20	1	0.000666667	0.6	6.94444e-05	
2029	1912	1	-9999	0	-9999	0	2727.94	0.00403234	0.000666667	0	6	1	20	1	0.000666667	0.6	6.94444e-05	
2030	1917	2	-9999	0	-9999	0	1311.79	0.0091478	0.000666667	0	6.5	1	40	1	0.000666667	0.6	6.94444e-05	
2031	2032	1	-9999	0	-9999	0	2342.35	0.0422653	0.000666667	0	6	1	20	1	0.000666667	0.6	6.94444e-05	
2032	2033	1	-9999	0	-9999	0	2402.83	0.0362073	0.000666667	0	6	1	20	1	0.000666667	0.6	6.94444e-05	
2033	2034	1	-9999	0	-9999	0	2402.56	0.0233085	0.000666667	0	6	1	20	1	0.000666667	0.6	6.94444e-05	
2034	2035	1	-9999	0	-9999	0	2339.33	0.0239384	0.000666667	0	6	1	20	1	0.000666667	0.6	6.94444e-05	
2035	2036	1	-9999	0	-9999	0	2372.68	0.018123	0.000666667	0	6	1	20	1	0.000666667	0.6	6.94444e-05	
2036	2037	1	-9999	0	-9999	0	2415.24	0.0078667	0.000666667	0	6	1	20	1	0.000666667	0.6	6.94444e-05	
2037	2038	1	-9999	0	-9999	0	2387.94	0.00251262	0.000666667	0	6	1	20	1	0.000666667	0.6	6.94444e-05	
2038	2039	1	-9999	0	-9999	0	2394.55	0.0104403	0.000666667	0	6	1	20	1	0.000666667	0.6	6.94444e-05	
2039	2040	1	-9999	0	-9999	0	2453	0.00611496	0.000666667	0	6	1	20	1	0.000666667	0.6	6.94444e-05	
2040	2028	1	-9999	0	-9999	0	2346.8	0.00809614	0.000666667	0	6	1	20	1	0.000666667	0.6	6.94444e-05	
2041	1875	2	-9999	0	-9999	0	2649.05	0.0271795	0.000666667	0	6.5	1	40	1	0.000666667	0.6	6.94444e-05	
2042	2043	1	-9999	0	-9999	0	1923.03	0.0135204	0.000666667	0	6	1	20	1	0.000666667	0.6	6.94444e-05	
2043	2044	1	-9999	0	-9999	0	1970.3	0.00456783	0.000666667	0	6	1	20	1	0.000666667	0.6	6.94444e-05	
2044	2045	1	-9999	0	-9999	0	2031.18	0.00787718	0.000666667	0	6	1	20	1	0.000666667	0.6	6.94444e-05	
2045	2046	1	-9999	0	-9999	0	1976.93	0.00961084	0.000666667	0	6	1	20	1	0.000666667	0.6	6.94444e-05	
2046	2047	1	-9999	0	-9999	0	1918.08	0.00886301	0.000666667	0	6	1	20	1	0.000666667	0.6	6.94444e-05	
2047	1923	1	-9999	0	-9999	0	1987.76	0.0050308	0.000666667	0	6	1	20	1	0.000666667	0.6	6.94444e-05	
2048	2049	2	-9999	0	-9999	0	1974.79	0.0557021	0.000666667	0	6.5	1	40	1	0.000666667	0.6	6.94444e-05	
2049	2050	2	-9999	0	-9999	0	1913.67	0.0402368	0.000666667	0	6.5	1	40	1	0.000666667	0.6	6.94444e-05	
2050	2051	2	-9999	0	-9999	0	1999.28	0.0335121	0.000666667	0	6.5	1	40	1	0.000666667	0.6	6.94444e-05	
2051	2016	2	-9999	0	-9999	0	1931.54	0.0331343	0.000666667	0	6.5	1	40	1	0.000666667	0.6	6.94444e-05	
2052	2053	1	-9999	0	-9999	0	2340.55	0.0465703	0.000666667	0	6	1	20	1	0.000666667	0.6	6.94444e-05	
2053	2054	1	-9999	0	-9999	0	2414.96	0.0430649	0.000666667	0	6	1	20	1	0.000666667	0.6	6.94444e-05	
2054	2055	1	-9999	0	-9999	0	2394.46	0.049698	0.000666667	0	6	1	20	1	0.000666667	0.6	6.94444e-05	
2055	2056	1	-9999	0	-9999	0	2475.45	0.0500919	0.000666667	0	6	1	20	1	0.000666667	0.6	6.94444e-05	
2056	2057	1	-9999	0	-9999	0	2337.61	0.0547567	0.000666667	0	6	1	20	1	0.000666667	0.6	6.94444e-05	
2057	1867	1	-9999	0	-9999	0	2425.53	0.0457632	0.000666667	0	6	1	20	1	0.000666667	0.6	6.94444e-05	
2058	2059	1	-9999	0	-9999	0	2037.77	0.0206108	0.000666667	0	6	1	20	1	0.000666667	0.6	6.94444e-05	
2059	2060	1	-9999	0	-9999	0	2024.09	0.0276667	0.000666667	0	6	1	20	1	0.000666667	0.6	6.94444e-05	
2060	2061	1	-9999	0	-9999	0	2078.16	0.0182854	0.000666667	0	6	1	20	1	0.000666667	0.6	6.94444e-05	
2061	2011	1	-9999	0	-9999	0	2035.19	0.0226024	0.000666667	0	6	1	20	1	0.000666667	0.6	6.94444e-05	
2062	2063	1	-9999	0	-9999	0	2457.51	0.028891	0.000666667	0	6	1	20	1	0.000666667	0.6	6.94444e-05	
2063	2064	1	-9999	0	-9999	0	2373.69	0.0328602	0.000666667	0	6	1	20	1	0.000666667	0.6	6.94444e-05	
2064	2065	1	-9999	0	-9999	0	2481.91	0.0294129	0.000666667	0	6	1	20	1	0.000666667	0.6	6.94444e-05	
2065	2066	1	-9999	0	-9999	0	2369.21	0.0223704	0.000666667	0	6	1	20	1	0.000666667	0.6	6.94444e-05	
2066	2067	1	-9999	0	-9999	0	2450.17	0.0285695	0.000666667	0	6	1	20	1	0.000666667	0.6	6.94444e-05	
2067	2068	1	-9999	0	-9999	0	2486.41	0.0450449	0.000666667	0	6	1	20	1	0.000666667	0.6	6.94444e-05	
2068	2069	1	-9999	0	-9999	0	2443.35	0.0294678	0.000666667	0	6	1	20	1	0.000666667	0.6	6.94444e-05	
2069	2070	1	-9999	0	-9999	0	2418.49	0.0310111	0.000666667	0	6	1	20	1	0.000666667	0.6	6.94444e-05	
2070	2071	1	-9999	0	-9999	0	2418.41	0.0301851	0.000666667	0	6	1	20	1	0.000666667	0.6	6.94444e-05	
2071	2072	1	-9999	0	-9999	0	2375.25	0.0366277	0.000666667	0	6	1	20	1	0.000666667	0.6	6.94444e-05	
2072	2073	1	-9999	0	-9999	0	2424.57	0.0239217	0.000666667	0	6	1	20	1	0.000666667	0.6	6.94444e-05	
2073	1985	1	-9999	0	-9999	0	2455.42	0.0309519	0.000666667	0	6	1	20	1	0.000666667	0.6	6.94444e-05	
2074	2075	1	-9999	0	-9999	0	1852.62	0.0264491	0.000666667	0	6	1	20	1	0.000666667	0.6	6.94444e-05	
2075	2076	1	-9999	0	-9999	0	1832.19	0.0382056	0.000666667	0	6	1	20	1	0.000666667	0.6	6.94444e-05	
2076	2077	1	-9999	0	-9999	0	1890.82	0.0322612	0.000666667	0	6	1	20	1	0.000666667	0.6	6.94444e-05	
2077	2008	1	-9999	0	-9999	0	1863.74	0.028974	0.000666667	0	6	1	20	1	0.000666667	0.6	6.94444e-05	
2078	2079	1	-9999	0	-9999	0	1843.4	0.136704	0.000666667	0	6	1	20	1	0.000666667	0.6	6.94444e-05	
2079	2080	1	-9999	0	-9999	0	1849.97	0.0837852	0.000666667	0	6	1	20	1	0.000666667	0.6	6.94444e-05	
2080	2081	1	-9999	0	-9999	0	1883.93	0.0796208	0.000666667	0	6	1	20	1	0.000666667	0.6	6.94444e-05	
2081	2082	1	-9999	0	-9999	0	1872.63	0.058207	0.000666667	0	6	1	20	1	0.000666667	0.6	6.94444e-05	
2082	2083	1	-9999	0	-9999	0	1879.17	0.0473612	0.000666667	0	6	1	20	1	0.000666667	0.6	6.94444e-05	
2083	1998	1	-9999	0	-9999	0	1913.28	0.0386771	0.000666667	0	6	1	20	1	0.000666667	0.6	6.94444e-05	
2084	2085	1	-9999	0	-9999	0	1891.08	0.0898956	0.000666667	0	6	1	20	1	0.000666667	0.6	6.94444e-05	
2085	2086	1	-9999	0	-9999	0	1821.21	0.0873047	0.000666667	0	6	1	20	1	0.000666667	0.6	6.94444e-05	
2086	2087	1	-9999	0	-9999	0	1819.33	0.106633	0.000666667	0	6	1	20	1	0.000666667	0.6	6.94444e-05	
2087	1492	1	-9999	0	-9999	0	1840	0.0760868	0.000666667	0	6	1	20	1	0.000666667	0.6	6.94444e-05	
2088	2089	1	-9999	0	-9999	0	2263.58	0.0128116	0.000666667	0	6	1	20	1	0.000666667	0.6	6.94444e-05	
2089	2030	1	-9999	0	-9999	0	2286.3	0.0170581	0.000666667	0	6	1	20	1	0.000666667	0.6	6.94444e-05	
2090	2091	1	-9999	0	-9999	0	2034.87	0.0108115	0.000666667	0	6	1	20	1	0.000666667	0.6	6.94444e-05	
2091	2030	1	-9999	0	-9999	0	1920.27	0.0119775	0.000666667	0	6	1	20	1	0.000666667	0.6	6.94444e-05	
2092	1444	1	-9999	0	-9999	0	1262.38	0.133875	0.000666667	0	6	1	20	1	0.000666667	0.6	6.94444e-05	
2093	2094	2	-9999	0	-9999	0	2423.17	0.0206341	0.000666667	0	6.5	1	40	1	0.000666667	0.6	6.94444e-05	
2094	2095	2	-9999	0	-9999	0	2453.99	0.01467	0.000666667	0	6.5	1	40	1	0.000666667	0.6	6.94444e-05	
2095	2096	2	-9999	0	-9999	0	2383.96	0.0167788	0.000666667	0	6.5	1	40	1	0.000666667	0.6	6.94444e-05	
2096	2097	2	-9999	0	-9999	0	2443.61	0.0163692	0.000666667	0	6.5	1	40	1	0.000666667	0.6	6.94444e-05	
2097	2098	2	-9999	0	-9999	0	2390.11	0.0217563	0.000666667	0	6.5	1	40	1	0.000666667	0.6	6.94444e-05	
2098	1858	2	-9999	0	-9999	0	2455.84	0.0166949	0.000666667	0	6.5	1	40	1	0.000666667	0.6	6.94444e-05	
2099	2093	2	-9999	0	-9999	0	144.05	0.0004	0.000666667	0	6.5	1	40	1	0.000666667	0.6	6.94444e-05	
2100	2101	2	-9999	0	-9999	0	2044.29	0.0361984	0.000666667	0	6.5	1	40	1	0.000666667	0.6	6.94444e-05	
2101	2102	2	-9999	0	-9999	0	1968.02	0.0503044	0.000666667	0	6.5	1	40	1	0.000666667	0.6	6.94444e-05	
2102	2103	2	-9999	0	-9999	0	1955.62	0.0782362	0.000666667	0	6.5	1	40	1	0.000666667	0.6	6.94444e-05	
2103	1678	2	-9999	0	-9999	0	1967.79	0.0584412	0.000666667	0	6.5	1	40	1	0.000666667	0.6	6.94444e-05	
2104	2105	2	-9999	0	-9999	0	1659.93	0.0240974	0.000666667	0	6.5	1	40	1	0.000666667	0.6	6.94444e-05	
2105	2099	2	-9999	0	-9999	0	1588.34	0.0163693	0.000666667	0	6.5	1	40	1	0.000666667	0.6	6.94444e-05	
2106	2107	1	-9999	0	-9999	0	2124.9	0.00188244	0.000666667	0	6	1	20	1	0.000666667	0.6	6.94444e-05	
2107	2108	1	-9999	0	-9999	0	2194.05	0.0218774	0.000666667	0	6	1	20	1	0.000666667	0.6	6.94444e-05	
2108	2109	1	-9999	0	-9999	0	2068.17	0.0116045	0.000666667	0	6	1	20	1	0.000666667	0.6	6.94444e-05	
2109	2110	1	-9999	0	-9999	0	2154.29	0.00789123	0.000666667	0	6	1	20	1	0.000666667	0.6	6.94444e-05	
2110	2111	1	-9999	0	-9999	0	2204.04	0.0127039	0.000666667	0	6	1	20	1	0.000666667	0.6	6.94444e-05	
2111	1849	1	-9999	0	-9999	0	2107.25	0.00569462	0.000666667	0	6	1	20	1	0.000666667	0.6	6.94444e-05	
2112	1994	2	-9999	0	-9999	0	541.244	0.0591231	0.000666667	0	6.5	1	40	1	0.000666667	0.6	6.94444e-05	
2113	1610	2	-9999	0	-9999	0	886.469	0.0868615	0.000666667	0	6.5	1	40	1	0.000666667	0.6	6.94444e-05	
2114	2115	2	-9999	0	-9999	0	2324.99	0.0313979	0.000666667	0	6.5	1	40	1	0.000666667	0.6	6.94444e-05	
2115	2116	2	-9999	0	-9999	0	2424.62	0.028458	0.000666667	0	6.5	1	40	1	0.000666667	0.6	6.94444e-05	
2116	2117	2	-9999	0	-9999	0	2461.21	0.0195026	0.000666667	0	6.5	1	40	1	0.000666667	0.6	6.94444e-05	
2117	2104	2	-9999	0	-9999	0	2391.08	0.0204928	0.000666667	0	6.5	1	40	1	0.000666667	0.6	6.94444e-05	
2118	2106	1	-9999	0	-9999	0	2596.06	0.013482	0.000666667	0	6	1	20	1	0.000666667	0.6	6.94444e-05	
2119	2118	1	-9999	0	-9999	0	942.292	0.00424497	0.000666667	0	6	1	20	1	0.000666667	0.6	6.94444e-05	
2120	2121	1	-9999	0	-9999	0	1696.49	0.000589451	0.000666667	0	6	1	20	1	0.000666667	0.6	6.94444e-05	
2121	2122	1	-9999	0	-9999	0	1610.26	0.00993631	0.000666667	0	6	1	20	1	0.000666667	0.6	6.94444e-05	
2122	2123	1	-9999	0	-9999	0	1641.14	0.0004	0.000666667	0	6	1	20	1	0.000666667	0.6	6.94444e-05	
2123	1474	1	-9999	0	-9999	0	1636.89	0.0004	0.000666667	0	6	1	20	1	0.000666667	0.6	6.94444e-05	
2124	1863	2	-9999	0	-9999	0	496.148	0.114885	0.000666667	0	6.5	1	40	1	0.000666667	0.6	6.94444e-05	
2125	2126	2	-9999	0	-9999	0	2924.58	0.0557346	0.000666667	0	6.5	1	40	1	0.000666667	0.6	6.94444e-05	
2126	2127	2	-9999	0	-9999	0	1474.4	0.0440856	0.000666667	0	6.5	1	40	1	0.000666667	0.6	6.94444e-05	
2127	1638	2	-9999	0	-9999	0	1566.96	0.0536068	0.000666667	0	6.5	1	40	1	0.000666667	0.6	6.94444e-05	
2128	1884	2	-9999	0	-9999	0	863.983	0.0300932	0.000666667	0	6.5	1	40	1	0.000666667	0.6	6.94444e-05	
2129	2130	1	-9999	0	-9999	0	1831.52	0.0218398	0.000666667	0	6	1	20	1	0.000666667	0.6	6.94444e-05	
2130	2119	1	-9999	0	-9999	0	1802.66	0.0138684	0.000666667	0	6	1	20	1	0.000666667	0.6	6.94444e-05	
2131	2132	2	-9999	0	-9999	0	2091.68	0.0320317	0.000666667	0	6.5	1	40	1	0.000666667	0.6	6.94444e-05	
2132	2133	2	-9999	0	-9999	0	2078.68	0.0158755	0.000666667	0	6.5	1	40	1	0.000666667	0.6	6.94444e-05	
2133	2134	2	-9999	0	-9999	0	2109.76	0.0270174	0.000666667	0	6.5	1	40	1	0.000666667	0.6	6.94444e-05	
2134	2135	2	-9999	0	-9999	0	2113.9	0.0212877	0.000666667	0	6.5	1	40	1	0.000666667	0.6	6.94444e-05	
2135	2136	2	-9999	0	-9999	0	2111.74	0.00615605	0.000666667	0	6.5	1	40	1	0.000666667	0.6	6.94444e-05	
2136	2137	2	-9999	0	-9999	0	2006.41	0.0353867	0.000666667	0	6.5	1	40	1	0.000666667	0.6	6.94444e-05	
2137	2138	2	-9999	0	-9999	0	2105.27	0.0261249	0.000666667	0	6.5	1	40	1	0.000666667	0.6	6.94444e-05	
2138	2139	2	-9999	0	-9999	0	2156.7	0.0250383	0.000666667	0	6.5	1	40	1	0.000666667	0.6	6.94444e-05	
2139	2140	2	-9999	0	-9999	0	2094.34	0.0324684	0.000666667	0	6.5	1	40	1	0.000666667	0.6	6.94444e-05	
2140	2141	2	-9999	0	-9999	0	2013.78	0.0258221	0.000666667	0	6.5	1	40	1	0.000666667	0.6	6.94444e-05	
2141	2142	2	-9999	0	-9999	0	2072.99	0.0328028	0.000666667	0	6.5	1	40	1	0.000666667	0.6	6.94444e-05	
2142	2100	2	-9999	0	-9999	0	2165.43	0.0300172	0.000666667	0	6.5	1	40	1	0.000666667	0.6	6.94444e-05	
2143	2144	1	-9999	0	-9999	0	1624.36	0.064641	0.000666667	0	6	1	20	1	0.000666667	0.6	6.94444e-05	
2144	2145	1	-9999	0	-9999	0	1732.7	0.0623306	0.000666667	0	6	1	20	1	0.000666667	0.6	6.94444e-05	
2145	2146	1	-9999	0	-9999	0	1642.3	0.057237	0.000666667	0	6	1	20	1	0.000666667	0.6	6.94444e-05	
2146	2016	1	-9999	0	-9999	0	1660.37	0.0608297	0.000666667	0	6	1	20	1	0.000666667	0.6	6.94444e-05	
2147	2148	1	-9999	0	-9999	0	2407.68	0.0377957	0.000666667	0	6	1	20	1	0.000666667	0.6	6.94444e-05	
2148	2149	1	-9999	0	-9999	0	2315.01	0.0449241	0.000666667	0	6	1	20	1	0.000666667	0.6	6.94444e-05	
2149	2150	1	-9999	0	-9999	0	2364.46	0.0401784	0.000666667	0	6	1	20	1	0.000666667	0.6	6.94444e-05	
2150	2151	1	-9999	0	-9999	0	2393.47	0.0417804	0.000666667	0	6	1	20	1	0.000666667	0.6	6.94444e-05	
2151	2152	1	-9999	0	-9999	0	2381.52	0.04199	0.000666667	0	6	1	20	1	0.000666667	0.6	6.94444e-05	
2152	1886	1	-9999	0	-9999	0	2314.47	0.0501195	0.000666667	0	6	1	20	1	0.000666667	0.6	6.94444e-05	
2153	2154	1	-9999	0	-9999	0	2098.53	0.0524177	0.000666667	0	6	1	20	1	0.000666667	0.6	6.94444e-05	
2154	2155	1	-9999	0	-9999	0	2141.32	0.0350251	0.000666667	0	6	1	20	1	0.000666667	0.6	6.94444e-05	
2155	2156	1	-9999	0	-9999	0	2190.3	0.0465689	0.000666667	0	6	1	20	1	0.000666667	0.6	6.94444e-05	
2156	2124	1	-9999	0	-9999	0	2129.64	0.0469563	0.000666667	0	6	1	20	1	0.000666667	0.6	6.94444e-05	
2157	2158	1	-9999	0	-9999	0	1761.86	0.0221357	0.000666667	0	6	1	20	1	0.000666667	0.6	6.94444e-05	
2158	2159	1	-9999	0	-9999	0	1687.42	0.0100745	0.000666667	0	6	1	20	1	0.000666667	0.6	6.94444e-05	
2159	2160	1	-9999	0	-9999	0	1669.22	0.0191706	0.000666667	0	6	1	20	1	0.000666667	0.6	6.94444e-05	
2160	2161	1	-9999	0	-9999	0	1705.48	0.0146586	0.000666667	0	6	1	20	1	0.000666667	0.6	6.94444e-05	
2161	2162	1	-9999	0	-9999	0	1759.39	0.0153463	0.000666667	0	6	1	20	1	0.000666667	0.6	6.94444e-05	
2162	2011	1	-9999	0	-9999	0	1719.02	0.0174518	0.000666667	0	6	1	20	1	0.000666667	0.6	6.94444e-05	
2163	2164	1	-9999	0	-9999	0	2084.62	0.0220664	0.000666667	0	6	1	20	1	0.000666667	0.6	6.94444e-05	
2164	2165	1	-9999	0	-9999	0	2161.46	0.0272964	0.000666667	0	6	1	20	1	0.000666667	0.6	6.94444e-05	
2165	2166	1	-9999	0	-9999	0	2005.85	0.0234315	0.000666667	0	6	1	20	1	0.000666667	0.6	6.94444e-05	
2166	2167	1	-9999	0	-9999	0	2123.07	0.0329711	0.000666667	0	6	1	20	1	0.000666667	0.6	6.94444e-05	
2167	2168	1	-9999	0	-9999	0	2154.29	0.0232095	0.000666667	0	6	1	20	1	0.000666667	0.6	6.94444e-05	
2168	2169	1	-9999	0	-9999	0	2073.34	0.0110932	0.000666667	0	6	1	20	1	0.000666667	0.6	6.94444e-05	
2169	2170	1	-9999	0	-9999	0	2079.69	0.0100977	0.000666667	0	6	1	20	1	0.000666667	0.6	6.94444e-05	
2170	2113	1	-9999	0	-9999	0	2094.62	0.0214836	0.000666667	0	6	1	20	1	0.000666667	0.6	6.94444e-05	
2171	1869	1	-9999	0	-9999	0	1818.5	0.0560902	0.000666667	0	6	1	20	1	0.000666667	0.6	6.94444e-05	
2172	2173	1	-9999	0	-9999	0	2450.2	0.0620358	0.000666667	0	6	1	20	1	0.000666667	0.6	6.94444e-05	
2173	2174	1	-9999	0	-9999	0	2497.35	0.0576612	0.000666667	0	6	1	20	1	0.000666667	0.6	6.94444e-05	
2174	2175	1	-9999	0	-9999	0	2427.25	0.0473788	0.000666667	0	6	1	20	1	0.000666667	0.6	6.94444e-05	
2175	2176	1	-9999	0	-9999	0	2472.72	0.0448898	0.000666667	0	6	1	20	1	0.000666667	0.6	6.94444e-05	
2176	2177	1	-9999	0	-9999	0	2511.19	0.034645	0.000666667	0	6	1	20	1	0.000666667	0.6	6.94444e-05	
2177	2178	1	-9999	0	-9999	0	2486.34	0.0474593	0.000666667	0	6	1	20	1	0.000666667	0.6	6.94444e-05	
2178	2179	1	-9999	0	-9999	0	2492.73	0.0401166	0.000666667	0	6	1	20	1	0.000666667	0.6	6.94444e-05	
2179	2180	1	-9999	0	-9999	0	2431.28	0.0378401	0.000666667	0	6	1	20	1	0.000666667	0.6	6.94444e-05	
2180	2181	1	-9999	0	-9999	0	2431.11	0.0370201	0.000666667	0	6	1	20	1	0.000666667	0.6	6.94444e-05	
2181	2182	1	-9999	0	-9999	0	2505.08	0.0379229	0.000666667	0	6	1	20	1	0.000666667	0.6	6.94444e-05	
2182	2183	1	-9999	0	-9999	0	2437.05	0.0365196	0.000666667	0	6	1	20	1	0.000666667	0.6	6.94444e-05	
2183	1206	1	-9999	0	-9999	0	2554.05	0.0360212	0.000666667	0	6	1	20	1	0.000666667	0.6	6.94444e-05	
2184	2185	1	-9999	0	-9999	0	2192.3	0.132281	0.000666667	0	6	1	20	1	0.000666667	0.6	6.94444e-05	
2185	2186	1	-9999	0	-9999	0	2170.12	0.0935433	0.000666667	0	6	1	20	1	0.000666667	0.6	6.94444e-05	
2186	2187	1	-9999	0	-9999	0	2208.61	0.0697272	0.000666667	0	6	1	20	1	0.000666667	0.6	6.94444e-05	
2187	1998	1	-9999	0	-9999	0	2165.36	0.0595743	0.000666667	0	6	1	20	1	0.000666667	0.6	6.94444e-05	
2188	2189	1	-9999	0	-9999	0	2099.92	0.0961942	0.000666667	0	6	1	20	1	0.000666667	0.6	6.94444e-05	
2189	2190	1	-9999	0	-9999	0	2070.71	0.0497413	0.000666667	0	6	1	20	1	0.000666667	0.6	6.94444e-05	
2190	2191	1	-9999	0	-9999	0	2023.22	0.0879786	0.000666667	0	6	1	20	1	0.000666667	0.6	6.94444e-05	
2191	2192	1	-9999	0	-9999	0	2099.44	0.0547764	0.000666667	0	6	1	20	1	0.000666667	0.6	6.94444e-05	
2192	2193	1	-9999	0	-9999	0	1998.99	0.0175088	0.000666667	0	6	1	20	1	0.000666667	0.6	6.94444e-05	
2193	1987	1	-9999	0	-9999	0	2097.98	0.0910401	0.000666667	0	6	1	20	1	0.000666667	0.6	6.94444e-05	
2194	2195	1	-9999	0	-9999	0	1795.97	0.0378626	0.000666667	0	6	1	20	1	0.000666667	0.6	6.94444e-05	
2195	2196	1	-9999	0	-9999	0	1895.06	0.049075	0.000666667	0	6	1	20	1	0.000666667	0.6	6.94444e-05	
2196	2197	1	-9999	0	-9999	0	1831.59	0.0535055	0.000666667	0	6	1	20	1	0.000666667	0.6	6.94444e-05	
2197	2128	1	-9999	0	-9999	0	1874.45	0.051215	0.000666667	0	6	1	20	1	0.000666667	0.6	6.94444e-05	
2198	2199	1	-9999	0	-9999	0	1518.43	0.0461001	0.000666667	0	6	1	20	1	0.000666667	0.6	6.94444e-05	
2199	2200	1	-9999	0	-9999	0	1583.18	0.0397934	0.000666667	0	6	1	20	1	0.000666667	0.6	6.94444e-05	
2200	2201	1	-9999	0	-9999	0	1596.25	0.0357087	0.000666667	0	6	1	20	1	0.000666667	0.6	6.94444e-05	
2201	2124	1	-9999	0	-9999	0	1488.46	0.0705425	0.000666667	0	6	1	20	1	0.000666667	0.6	6.94444e-05	
2202	2203	1	-9999	0	-9999	0	2808.64	0.0427252	0.000666667	0	6	1	20	1	0.000666667	0.6	6.94444e-05	
2203	1885	1	-9999	0	-9999	0	2808.42	0.0512744	0.000666667	0	6	1	20	1	0.000666667	0.6	6.94444e-05	
2204	2205	1	-9999	0	-9999	0	1567.88	0.0344414	0.000666667	0	6	1	20	1	0.000666667	0.6	6.94444e-05	
2205	2206	1	-9999	0	-9999	0	1653.82	0.0290238	0.000666667	0	6	1	20	1	0.000666667	0.6	6.94444e-05	
2206	2207	1	-9999	0	-9999	0	1603.72	0.0212007	0.000666667	0	6	1	20	1	0.000666667	0.6	6.94444e-05	
2207	2010	1	-9999	0	-9999	0	1587.82	0.0245619	0.000666667	0	6	1	20	1	0.000666667	0.6	6.94444e-05	
2208	2209	1	-9999	0	-9999	0	1586.04	0.0775516	0.000666667	0	6	1	20	1	0.000666667	0.6	6.94444e-05	
2209	2000	1	-9999	0	-9999	0	1671.96	0.0412689	0.000666667	0	6	1	20	1	0.000666667	0.6	6.94444e-05	
2210	2211	1	-9999	0	-9999	0	2073.31	0.0265276	0.000666667	0	6	1	20	1	0.000666667	0.6	6.94444e-05	
2211	2212	1	-9999	0	-9999	0	2190.52	0.0378905	0.000666667	0	6	1	20	1	0.000666667	0.6	6.94444e-05	
2212	2213	1	-9999	0	-9999	0	2215.15	0.0442407	0.000666667	0	6	1	20	1	0.000666667	0.6	6.94444e-05	
2213	2214	1	-9999	0	-9999	0	2104.24	0.0275634	0.000666667	0	6	1	20	1	0.000666667	0.6	6.94444e-05	
2214	2215	1	-9999	0	-9999	0	2153.57	0.0287895	0.000666667	0	6	1	20	1	0.000666667	0.6	6.94444e-05	
2215	2216	1	-9999	0	-9999	0	2140.71	0.0266267	0.000666667	0	6	1	20	1	0.000666667	0.6	6.94444e-05	
2216	2217	1	-9999	0	-9999	0	2171.66	0.0198006	0.000666667	0	6	1	20	1	0.000666667	0.6	6.94444e-05	
2217	1630	1	-9999	0	-9999	0	2165.44	0.0309406	0.000666667	0	6	1	20	1	0.000666667	0.6	6.94444e-05	
2218	2131	1	-9999	0	-9999	0	1170.68	0.037585	0.000666667	0	6	1	20	1	0.000666667	0.6	6.94444e-05	
2219	2220	1	-9999	0	-9999	0	2264.88	0.018544	0.000666667	0	6	1	20	1	0.000666667	0.6	6.94444e-05	
2220	2221	1	-9999	0	-9999	0	2246.52	0.0311594	0.000666667	0	6	1	20	1	0.000666667	0.6	6.94444e-05	
2221	2222	1	-9999	0	-9999	0	2271.09	0.0268594	0.000666667	0	6	1	20	1	0.000666667	0.6	6.94444e-05	
2222	1887	1	-9999	0	-9999	0	2178.4	0.0284612	0.000666667	0	6	1	20	1	0.000666667	0.6	6.94444e-05	
2223	2224	1	-9999	0	-9999	0	1865.86	0.0921829	0.000666667	0	6	1	20	1	0.000666667	0.6	6.94444e-05	
2224	2225	1	-9999	0	-9999	0	1920.68	0.0885105	0.000666667	0	6	1	20	1	0.000666667	0.6	6.94444e-05	
2225	2226	1	-9999	0	-9999	0	1830.15	0.0617434	0.000666667	0	6	1	20	1	0.000666667	0.6	6.94444e-05	
2226	2227	1	-9999	0	-9999	0	1883.85	0.042997	0.000666667	0	6	1	20	1	0.000666667	0.6	6.94444e-05	
2227	2228	1	-9999	0	-9999	0	1895.76	0.0574968	0.000666667	0	6	1	20	1	0.000666667	0.6	6.94444e-05	
2228	2229	1	-9999	0	-9999	0	1883.91	0.0488347	0.000666667	0	6	1	20	1	0.000666667	0.6	6.94444e-05	
2229	2230	1	-9999	0	-9999	0	1914.18	0.0135829	0.000666667	0	6	1	20	1	0.000666667	0.6	6.94444e-05	
2230	2112	1	-9999	0	-9999	0	1877.58	0.0420755	0.000666667	0	6	1	20	1	0.000666667	0.6	6.94444e-05	
2231	2232	1	-9999	0	-9999	0	2461.99	0.023152	0.000666667	0	6	1	20	1	0.000666667	0.6	6.94444e-05	
2232	2233	1	-9999	0	-9999	0	2371.53	0.0130717	0.000666667	0	6	1	20	1	0.000666667	0.6	6.94444e-05	
2233	2234	1	-9999	0	-9999	0	2412.42	0.0178244	0.000666667	0	6	1	20	1	0.000666667	0.6	6.94444e-05	
2234	2235	1	-9999	0	-9999	0	2331.64	0.0223019	0.000666667	0	6	1	20	1	0.000666667	0.6	6.94444e-05	
2235	2236	1	-9999	0	-9999	0	2391.72	0.019233	0.000666667	0	6	1	20	1	0.000666667	0.6	6.94444e-05	
2236	2114	1	-9999	0	-9999	0	2416.44	0.0115873	0.000666667	0	6	1	20	1	0.000666667	0.6	6.94444e-05	
2237	2128	1	-9999	0	-9999	0	864.002	0.0138889	0.000666667	0	6	1	20	1	0.000666667	0.6	6.94444e-05	
2238	2239	1	-9999	0	-9999	0	1980.74	0.0424084	0.000666667	0	6	1	20	1	0.000666667	0.6	6.94444e-05	
2239	2113	1	-9999	0	-9999	0	2038.63	0.0215831	0.000666667	0	6	1	20	1	0.000666667	0.6	6.94444e-05	
2240	2131	1	-9999	0	-9999	0	1688.14	0.0521285	0.000666667	0	6	1	20	1	0.000666667	0.6	6.94444e-05	
2241	2112	1	-9999	0	-9999	0	444.379	0.186778	0.000666667	0	6	1	20	1	0.000666667	0.6	6.94444e-05	
2242	2243	1	-9999	0	-9999	0	1567.53	0.0886747	0.000666667	0	6	1	20	1	0.000666667	0.6	6.94444e-05	
2243	2244	1	-9999	0	-9999	0	1633.06	0.107161	0.000666667	0	6	1	20	1	0.000666667	0.6	6.94444e-05	
2244	2245	1	-9999	0	-9999	0	1628.75	0.107445	0.000666667	0	6	1	20	1	0.000666667	0.6	6.94444e-05	
2245	1155	1	-9999	0	-9999	0	1534.01	0.0919159	0.000666667	0	6	1	20	1	0.000666667	0.6	6.94444e-05	
2246	2247	1	-9999	0	-9999	0	1757.68	0.0426699	0.000666667	0	6	1	20	1	0.000666667	0.6	6.94444e-05	
2247	2248	1	-9999	0	-9999	0	1687.74	0.0509558	0.000666667	0	6	1	20	1	0.000666667	0.6	6.94444e-05	
2248	2249	1	-9999	0	-9999	0	1658.88	0.0283323	0.000666667	0	6	1	20	1	0.000666667	0.6	6.94444e-05	
2249	2250	1	-9999	0	-9999	0	1677.23	0.0333885	0.000666667	0	6	1	20	1	0.000666667	0.6	6.94444e-05	
2250	2251	1	-9999	0	-9999	0	1730.82	0.0196439	0.000666667	0	6	1	20	1	0.000666667	0.6	6.94444e-05	
2251	1610	1	-9999	0	-9999	0	1730.74	0.0352449	0.000666667	0	6	1	20	1	0.000666667	0.6	6.94444e-05	
2252	2114	1	-9999	0	-9999	0	2834.95	0.065257	0.000666667	0	6	1	20	1	0.000666667	0.6	6.94444e-05	
2253	1979	1	-9999	0	-9999	0	2969.6	0.0697064	0.000666667	0	6	1	20	1	0.000666667	0.6	6.94444e-05	
2254	2104	1	-9999	0	-9999	0	604.608	0.0396951	0.000666667	0	6	1	20	1	0.000666667	0.6	6.94444e-05	
2255	2256	1	-9999	0	-9999	0	1938.05	0.0572742	0.000666667	0	6	1	20	1	0.000666667	0.6	6.94444e-05	
2256	2257	1	-9999	0	-9999	0	1976.86	0.068796	0.000666667	0	6	1	20	1	0.000666667	0.6	6.94444e-05	
2257	2258	1	-9999	0	-9999	0	2030.25	0.0891514	0.000666667	0	6	1	20	1	0.000666667	0.6	6.94444e-05	
2258	2259	1	-9999	0	-9999	0	1964.39	0.0391978	0.000666667	0	6	1	20	1	0.000666667	0.6	6.94444e-05	
2259	2260	1	-9999	0	-9999	0	1935.1	0.0490932	0.000666667	0	6	1	20	1	0.000666667	0.6	6.94444e-05	
2260	2261	1	-9999	0	-9999	0	1986.42	0.0573896	0.000666667	0	6	1	20	1	0.000666667	0.6	6.94444e-05	
2261	2262	1	-9999	0	-9999	0	1986.35	0.0624262	0.000666667	0	6	1	20	1	0.000666667	0.6	6.94444e-05	
2262	1977	1	-9999	0	-9999	0	1963.77	0.0534687	0.000666667	0	6	1	20	1	0.000666667	0.6	6.94444e-05	
2263	2093	1	-9999	0	-9999	0	629.324	0.0953404	0.000666667	0	6	1	20	1	0.000666667	0.6	6.94444e-05	
2264	1897	1	-9999	0	-9999	0	1154.09	0.0173297	0.000666667	0	6	1	20	1	0.000666667	0.6	6.94444e-05	
2265	2266	1	-9999	0	-9999	0	2094.2	0.0620763	0.000666667	0	6	1	20	1	0.000666667	0.6	6.94444e-05	
2266	2267	1	-9999	0	-9999	0	2039.05	0.0549277	0.000666667	0	6	1	20	1	0.000666667	0.6	6.94444e-05	
2267	2268	1	-9999	0	-9999	0	2084.44	0.0729211	0.000666667	0	6	1	20	1	0.000666667	0.6	6.94444e-05	
2268	1993	1	-9999	0	-9999	0	2112.8	0.093241	0.000666667	0	6	1	20	1	0.000666667	0.6	6.94444e-05	
2269	2270	1	-9999	0	-9999	0	1997.38	0.0675884	0.000666667	0	6	1	20	1	0.000666667	0.6	6.94444e-05	
2270	2271	1	-9999	0	-9999	0	2071.64	0.0714409	0.000666667	0	6	1	20	1	0.000666667	0.6	6.94444e-05	
2271	2272	1	-9999	0	-9999	0	2042.88	0.0567827	0.000666667	0	6	1	20	1	0.000666667	0.6	6.94444e-05	
2272	1880	1	-9999	0	-9999	0	2065.59	0.0600313	0.000666667	0	6	1	20	1	0.000666667	0.6	6.94444e-05	
2273	2274	1	-9999	0	-9999	0	1507.84	0.0126008	0.000666667	0	6	1	20	1	0.000666667	0.6	6.94444e-05	
2274	1899	1	-9999	0	-9999	0	1526.31	0.0026207	0.000666667	0	6	1	20	1	0.000666667	0.6	6.94444e-05	
2275	2276	1	-9999	0	-9999	0	2633.28	0.0508871	0.000666667	0	6	1	20	1	0.000666667	0.6	6.94444e-05	
2276	2099	1	-9999	0	-9999	0	2676.51	0.0538013	0.000666667	0	6	1	20	1	0.000666667	0.6	6.94444e-05	
2277	2125	1	-9999	0	-9999	0	2480.32	0.0342697	0.000666667	0	6	1	20	1	0.000666667	0.6	6.94444e-05	
2278	2279	1	-9999	0	-9999	0	2578.59	0.0356785	0.000666667	0	6	1	20	1	0.000666667	0.6	6.94444e-05	
2279	1630	1	-9999	0	-9999	0	2615.76	0.0267608	0.000666667	0	6	1	20	1	0.000666667	0.6	6.94444e-05	
2280	1901	1	-9999	0	-9999	0	1153.88	0.021666	0.000666667	0	6	1	20	1	0.000666667	0.6	6.94444e-05	
2281	2100	1	-9999	0	-9999	0	1540.58	0.0817877	0.000666667	0	6	1	20	1	0.000666667	0.6	6.94444e-05	
2282	2283	1	-9999	0	-9999	0	1567.27	0.0657193	0.000666667	0	6	1	20	1	0.000666667	0.6	6.94444e-05	
2283	2284	1	-9999	0	-9999	0	1639.24	0.114687	0.000666667	0	6	1	20	1	0.000666667	0.6	6.94444e-05	
2284	2285	1	-9999	0	-9999	0	1630.97	0.0649921	0.000666667	0	6	1	20	1	0.000666667	0.6	6.94444e-05	
2285	2125	1	-9999	0	-9999	0	1579.59	0.0227907	0.000666667	0	6	1	20	1	0.000666667	0.6	6.94444e-05	
2286	1638	1	-9999	0	-9999	0	2101.63	0.0951642	0.000666667	0	6	1	20	1	0.000666667	0.6	6.94444e-05	
2287	1911	1	-9999	0	-9999	0	143.97	0.0004	0.000666667	0	6	1	20	1	0.000666667	0.6	6.94444e-05	
2288	2289	1	-9999	0	-9999	0	1636.78	0.0739259	0.000666667	0	6	1	20	1	0.000666667	0.6	6.94444e-05	
2289	1678	1	-9999	0	-9999	0	1579.12	0.101322	0.000666667	0	6	1	20	1	0.000666667	0.6	6.94444e-05	
2290	1428	1	-9999	0	-9999	0	117.215	0.0341252	0.000666667	0	6	1	20	1	0.000666667	0.6	6.94444e-05	
2291	2292	1	-9999	0	-9999	0	1899.97	0.0757908	0.000666667	0	6	1	20	1	0.000666667	0.6	6.94444e-05	
2292	2293	1	-9999	0	-9999	0	1899.99	0.062632	0.000666667	0	6	1	20	1	0.000666667	0.6	6.94444e-05	
2293	2294	1	-9999	0	-9999	0	1879.59	0.0665039	0.000666667	0	6	1	20	1	0.000666667	0.6	6.94444e-05	
2294	2295	1	-9999	0	-9999	0	1865.35	0.0487845	0.000666667	0	6	1	20	1	0.000666667	0.6	6.94444e-05	
2295	2296	1	-9999	0	-9999	0	1855.17	0.0625278	0.000666667	0	6	1	20	1	0.000666667	0.6	6.94444e-05	
2296	1857	1	-9999	0	-9999	0	1949.63	0.0425722	0.000666667	0	6	1	20	1	0.000666667	0.6	6.94444e-05	
2297	2298	1	-9999	0	-9999	0	2074.8	0.0236168	0.000666667	0	6	1	20	1	0.000666667	0.6	6.94444e-05	
2298	2299	1	-9999	0	-9999	0	2132.45	0.0286056	0.000666667	0	6	1	20	1	0.000666667	0.6	6.94444e-05	
2299	2300	1	-9999	0	-9999	0	2048.13	0.0244125	0.000666667	0	6	1	20	1	0.000666667	0.6	6.94444e-05	
2300	1900	1	-9999	0	-9999	0	2103.99	0.0251902	0.000666667	0	6	1	20	1	0.000666667	0.6	6.94444e-05	
2301	2302	1	-9999	0	-9999	0	1926.15	0.0648963	0.000666667	0	6	1	20	1	0.000666667	0.6	6.94444e-05	
2302	1444	1	-9999	0	-9999	0	2008.48	0.0950967	0.000666667	0	6	1	20	1	0.000666667	0.6	6.94444e-05	
2303	2304	4	-9999	0	-9999	0	1980.6	0.00201959	0.000666667	0	7.5	1	80	1	0.000666667	0.6	6.94444e-05	
2304	2305	4	-9999	0	-9999	0	2072.94	0.00771851	0.000666667	0	7.5	1	80	1	0.000666667	0.6	6.94444e-05	
2305	2306	4	-9999	0	-9999	0	2101.41	0.00713805	0.000666667	0	7.5	1	80	1	0.000666667	0.6	6.94444e-05	
2306	2307	4	-9999	0	-9999	0	2002.61	0.00749024	0.000666667	0	7.5	1	80	1	0.000666667	0.6	6.94444e-05	
2307	2308	4	-9999	0	-9999	0	2018.02	0.00297321	0.000666667	0	7.5	1	80	1	0.000666667	0.6	6.94444e-05	
2308	2309	4	-9999	0	-9999	0	2022.54	0.00889972	0.000666667	0	7.5	1	80	1	0.000666667	0.6	6.94444e-05	
2309	2310	4	-9999	0	-9999	0	2024.73	0.0108657	0.000666667	0	7.5	1	80	1	0.000666667	0.6	6.94444e-05	
2310	2311	4	-9999	0	-9999	0	2065.15	0.00484226	0.000666667	0	7.5	1	80	1	0.000666667	0.6	6.94444e-05	
2311	2312	4	-9999	0	-9999	0	2010.77	0.00646519	0.000666667	0	7.5	1	80	1	0.000666667	0.6	6.94444e-05	
2312	1844	4	-9999	0	-9999	0	2096.31	0.0124028	0.000666667	0	7.5	1	80	1	0.000666667	0.6	6.94444e-05	
2313	2314	4	-9999	0	-9999	0	1601.41	0.00374669	0.000666667	0	7.5	1	80	1	0.000666667	0.6	6.94444e-05	
2314	2315	4	-9999	0	-9999	0	1648.74	0.00788483	0.000666667	0	7.5	1	80	1	0.000666667	0.6	6.94444e-05	
2315	2316	4	-9999	0	-9999	0	1608.29	0.00994846	0.000666667	0	7.5	1	80	1	0.000666667	0.6	6.94444e-05	
2316	2303	4	-9999	0	-9999	0	1725.64	0.00637444	0.000666667	0	7.5	1	80	1	0.000666667	0.6	6.94444e-05	
2317	2318	4	-9999	0	-9999	0	2111.23	0.000473658	0.000666667	0	7.5	1	80	1	0.000666667	0.6	6.94444e-05	
2318	2319	4	-9999	0	-9999	0	2103.82	0.021865	0.000666667	0	7.5	1	80	1	0.000666667	0.6	6.94444e-05	
2319	2320	4	-9999	0	-9999	0	2126.09	0.021636	0.000666667	0	7.5	1	80	1	0.000666667	0.6	6.94444e-05	
2320	2321	4	-9999	0	-9999	0	2085.92	0.0004	0.000666667	0	7.5	1	80	1	0.000666667	0.6	6.94444e-05	
2321	2322	4	-9999	0	-9999	0	2093.88	0.0200585	0.000666667	0	7.5	1	80	1	0.000666667	0.6	6.94444e-05	
2322	2323	4	-9999	0	-9999	0	2065.51	0.0004	0.000666667	0	7.5	1	80	1	0.000666667	0.6	6.94444e-05	
2323	2324	4	-9999	0	-9999	0	2152.08	0.00185867	0.000666667	0	7.5	1	80	1	0.000666667	0.6	6.94444e-05	
2324	2313	4	-9999	0	-9999	0	2085.43	0.00527469	0.000666667	0	7.5	1	80	1	0.000666667	0.6	6.94444e-05	
2325	2326	4	-9999	0	-9999	0	2397.42	0.0004	0.000666667	0	7.5	1	80	1	0.000666667	0.6	6.94444e-05	
2326	2327	4	-9999	0	-9999	0	2452.07	0.0167206	0.000666667	0	7.5	1	80	1	0.000666667	0.6	6.94444e-05	
2327	2328	4	-9999	0	-9999	0	2397.03	0.0604916	0.000666667	0	7.5	1	80	1	0.000666667	0.6	6.94444e-05	
2328	2317	4	-9999	0	-9999	0	2364.55	0.0004	0.000666667	0	7.5	1	80	1	0.000666667	0.6	6.94444e-05	
2329	2330	5	-9999	0	-9999	0	2289.83	0.00218357	0.000666667	0	8	1	100	1	0.000666667	0.6	6.94444e-05	
2330	2331	5	-9999	0	-9999	0	2237.6	0.00268144	0.000666667	0	8	1	100	1	0.000666667	0.6	6.94444e-05	
2331	2332	5	-9999	0	-9999	0	2289.55	0.00567796	0.000666667	0	8	1	100	1	0.000666667	0.6	6.94444e-05	
2332	2333	5	-9999	0	-9999	0	2244.29	0.0035646	0.000666667	0	8	1	100	1	0.000666667	0.6	6.94444e-05	
2333	2334	5	-9999	0	-9999	0	2273.08	0.00351945	0.000666667	0	8	1	100	1	0.000666667	0.6	6.94444e-05	
2334	2335	5	-9999	0	-9999	0	2291.28	0.00698299	0.000666667	0	8	1	100	1	0.000666667	0.6	6.94444e-05	
2335	2336	5	-9999	0	-9999	0	2239.14	0.0035728	0.000666667	0	8	1	100	1	0.000666667	0.6	6.94444e-05	
2336	1853	5	-9999	0	-9999	0	2247.84	0.0004	0.000666667	0	8	1	100	1	0.000666667	0.6	6.94444e-05	
2337	2329	5	-9999	0	-9999	0	1248.8	0.00320308	0.000666667	0	8	1	100	1	0.000666667	0.6	6.94444e-05	
2338	2337	5	-9999	0	-9999	0	1563.03	0.00639782	0.000666667	0	8	1	100	1	0.000666667	0.6	6.94444e-05	
2339	2340	5	-9999	0	-9999	0	1843.37	0.0103072	0.000666667	0	8	1	100	1	0.000666667	0.6	6.94444e-05	
2340	2341	5	-9999	0	-9999	0	1793.45	0.00390309	0.000666667	0	8	1	100	1	0.000666667	0.6	6.94444e-05	
2341	2342	5	-9999	0	-9999	0	1863.41	0.000536652	0.000666667	0	8	1	100	1	0.000666667	0.6	6.94444e-05	
2342	2343	5	-9999	0	-9999	0	1770.82	0.0056471	0.000666667	0	8	1	100	1	0.000666667	0.6	6.94444e-05	
2343	2344	5	-9999	0	-9999	0	1773.08	0.00620388	0.000666667	0	8	1	100	1	0.000666667	0.6	6.94444e-05	
2344	2338	5	-9999	0	-9999	0	1863.23	0.00429362	0.000666667	0	8	1	100	1	0.000666667	0.6	6.94444e-05	
2345	2346	5	-9999	0	-9999	0	1558.85	0.0057735	0.000666667	0	8	1	100	1	0.000666667	0.6	6.94444e-05	
2346	2347	5	-9999	0	-9999	0	1635.95	0.00427886	0.000666667	0	8	1	100	1	0.000666667	0.6	6.94444e-05	
2347	2348	5	-9999	0	-9999	0	1618.07	0.00803428	0.000666667	0	8	1	100	1	0.000666667	0.6	6.94444e-05	
2348	2339	5	-9999	0	-9999	0	1638.13	0.000610454	0.000666667	0	8	1	100	1	0.000666667	0.6	6.94444e-05	
2349	2345	5	-9999	0	-9999	0	189.828	0.0158037	0.000666667	0	8	1	100	1	0.000666667	0.6	6.94444e-05	
2350	2351	5	-9999	0	-9999	0	1789.07	0.0011179	0.000666667	0	8	1	100	1	0.000666667	0.6	6.94444e-05	
2351	2352	5	-9999	0	-9999	0	1683.6	0.00296983	0.000666667	0	8	1	100	1	0.000666667	0.6	6.94444e-05	
2352	2353	5	-9999	0	-9999	0	1745.35	0.00458362	0.000666667	0	8	1	100	1	0.000666667	0.6	6.94444e-05	
2353	2354	5	-9999	0	-9999	0	1755.88	0.00170854	0.000666667	0	8	1	100	1	0.000666667	0.6	6.94444e-05	
2354	2355	5	-9999	0	-9999	0	1738.09	0.00632879	0.000666667	0	8	1	100	1	0.000666667	0.6	6.94444e-05	
2355	2349	5	-9999	0	-9999	0	1771.3	0.00282279	0.000666667	0	8	1	100	1	0.000666667	0.6	6.94444e-05	
2356	2357	5	-9999	0	-9999	0	2459.85	0.00853712	0.000666667	0	8	1	100	1	0.000666667	0.6	6.94444e-05	
2357	2358	5	-9999	0	-9999	0	2345.78	0.00852593	0.000666667	0	8	1	100	1	0.000666667	0.6	6.94444e-05	
2358	2359	5	-9999	0	-9999	0	2387.62	0.00293179	0.000666667	0	8	1	100	1	0.000666667	0.6	6.94444e-05	
2359	2350	5	-9999	0	-9999	0	2445.49	0.00695157	0.000666667	0	8	1	100	1	0.000666667	0.6	6.94444e-05	
2360	2361	5	-9999	0	-9999	0	1581.62	0.0004	0.000666667	0	8	1	100	1	0.000666667	0.6	6.94444e-05	
2361	2356	5	-9999	0	-9999	0	1491.47	0.0004	0.000666667	0	8	1	100	1	0.000666667	0.6	6.94444e-05	
2362	2363	5	-9999	0	-9999	0	2736.41	0.00511619	0.000666667	0	8	1	100	1	0.000666667	0.6	6.94444e-05	
2363	2360	5	-9999	0	-9999	0	2753.78	0.00508391	0.000666667	0	8	1	100	1	0.000666667	0.6	6.94444e-05	
2364	2362	5	-9999	0	-9999	0	786.97	0.0152484	0.000666667	0	8	1	100	1	0.000666667	0.6	6.94444e-05	
2365	2364	5	-9999	0	-9999	0	2994.02	0.00333999	0.000666667	0	8	1	100	1	0.000666667	0.6	6.94444e-05	
2366	2367	4	-9999	0	-9999	0	2502.21	0.00599471	0.000666667	0	7.5	1	80	1	0.000666667	0.6	6.94444e-05	
2367	2368	4	-9999	0	-9999	0	2474.62	0.00242461	0.000666667	0	7.5	1	80	1	0.000666667	0.6	6.94444e-05	
2368	2369	4	-9999	0	-9999	0	2456.83	0.00651245	0.000666667	0	7.5	1	80	1	0.000666667	0.6	6.94444e-05	
2369	2365	4	-9999	0	-9999	0	2451.33	0.00530325	0.000666667	0	7.5	1	80	1	0.000666667	0.6	6.94444e-05	
2370	1876	3	-9999	0	-9999	0	751.584	0.0252799	0.000666667	0	7	1	60	1	0.000666667	0.6	6.94444e-05	
2371	2372	3	-9999	0	-9999	0	2370.06	0.0004	0.000666667	0	7	1	60	1	0.000666667	0.6	6.94444e-05	
2372	2370	3	-9999	0	-9999	0	2336.05	0.00128422	0.000666667	0	7	1	60	1	0.000666667	0.6	6.94444e-05	
2373	2374	3	-9999	0	-9999	0	2052.15	0.00341105	0.000666667	0	7	1	60	1	0.000666667	0.6	6.94444e-05	
2374	2371	3	-9999	0	-9999	0	2130.66	0.00610141	0.000666667	0	7	1	60	1	0.000666667	0.6	6.94444e-05	
2375	2376	3	-9999	0	-9999	0	1894.45	0.00633431	0.000666667	0	7	1	60	1	0.000666667	0.6	6.94444e-05	
2376	2373	3	-9999	0	-9999	0	1980.05	0.0040403	0.000666667	0	7	1	60	1	0.000666667	0.6	6.94444e-05	
2377	2375	3	-9999	0	-9999	0	1553.9	0.00321771	0.000666667	0	7	1	60	1	0.000666667	0.6	6.94444e-05	
2378	2377	3	-9999	0	-9999	0	641.349	0.00311843	0.000666667	0	7	1	60	1	0.000666667	0.6	6.94444e-05	
2379	2378	3	-9999	0	-9999	0	1899.14	0.00315933	0.000666667	0	7	1	60	1	0.000666667	0.6	6.94444e-05	
2380	2381	3	-9999	0	-9999	0	2625.7	0.00647446	0.000666667	0	7	1	60	1	0.000666667	0.6	6.94444e-05	
2381	2379	3	-9999	0	-9999	0	2657.99	0.00188112	0.000666667	0	7	1	60	1	0.000666667	0.6	6.94444e-05	
2382	2380	3	-9999	0	-9999	0	2105.04	0.0009501	0.000666667	0	7	1	60	1	0.000666667	0.6	6.94444e-05	
2383	2382	3	-9999	0	-9999	0	424.606	0.0117756	0.000666667	0	7	1	60	1	0.000666667	0.6	6.94444e-05	
2384	2383	3	-9999	0	-9999	0	1590.42	0.00565888	0.000666667	0	7	1	60	1	0.000666667	0.6	6.94444e-05	
2385	2386	3	-9999	0	-9999	0	1766.16	0.0039634	0.000666667	0	7	1	60	1	0.000666667	0.6	6.94444e-05	
2386	2384	3	-9999	0	-9999	0	1806.5	0.00110712	0.000666667	0	7	1	60	1	0.000666667	0.6	6.94444e-05	
2387	2385	3	-9999	0	-9999	0	2158.92	0.00648472	0.000666667	0	7	1	60	1	0.000666667	0.6	6.94444e-05	
2388	2389	2	-9999	0	-9999	0	2960.62	0.00574205	0.000666667	0	6.5	1	40	1	0.000666667	0.6	6.94444e-05	
2389	2387	2	-9999	0	-9999	0	2968.36	0.00606396	0.000666667	0	6.5	1	40	1	0.000666667	0.6	6.94444e-05	
2390	2391	2	-9999	0	-9999	0	1554.71	0.00128641	0.000666667	0	6.5	1	40	1	0.000666667	0.6	6.94444e-05	
2391	2392	2	-9999	0	-9999	0	1591.67	0.00691097	0.000666667	0	6.5	1	40	1	0.000666667	0.6	6.94444e-05	
2392	2393	2	-9999	0	-9999	0	1564.22	0.00319648	0.000666667	0	6.5	1	40	1	0.000666667	0.6	6.94444e-05	
2393	2388	2	-9999	0	-9999	0	1636.55	0.00366626	0.000666667	0	6.5	1	40	1	0.000666667	0.6	6.94444e-05	
2394	2390	2	-9999	0	-9999	0	1384.3	0.0151702	0.000666667	0	6.5	1	40	1	0.000666667	0.6	6.94444e-05	
2395	2394	2	-9999	0	-9999	0	1094.56	0.00639527	0.000666667	0	6.5	1	40	1	0.000666667	0.6	6.94444e-05	
2396	2397	4	-9999	0	-9999	0	2411.83	0.0136825	0.000666667	0	7.5	1	80	1	0.000666667	0.6	6.94444e-05	
2397	2398	4	-9999	0	-9999	0	2498.84	0.00640297	0.000666667	0	7.5	1	80	1	0.000666667	0.6	6.94444e-05	
2398	2399	4	-9999	0	-9999	0	2403.66	0.0158092	0.000666667	0	7.5	1	80	1	0.000666667	0.6	6.94444e-05	
2399	2400	4	-9999	0	-9999	0	2496.03	0.0120191	0.000666667	0	7.5	1	80	1	0.000666667	0.6	6.94444e-05	
2400	2401	4	-9999	0	-9999	0	2428.54	0.0115296	0.000666667	0	7.5	1	80	1	0.000666667	0.6	6.94444e-05	
2401	2402	4	-9999	0	-9999	0	2361.03	0.0110122	0.000666667	0	7.5	1	80	1	0.000666667	0.6	6.94444e-05	
2402	2403	4	-9999	0	-9999	0	2412.67	0.0099475	0.000666667	0	7.5	1	80	1	0.000666667	0.6	6.94444e-05	
2403	2404	4	-9999	0	-9999	0	2470.52	0.0157862	0.000666667	0	7.5	1	80	1	0.000666667	0.6	6.94444e-05	
2404	2405	4	-9999	0	-9999	0	2437.68	0.0155886	0.000666667	0	7.5	1	80	1	0.000666667	0.6	6.94444e-05	
2405	2406	4	-9999	0	-9999	0	2520.38	0.0107127	0.000666667	0	7.5	1	80	1	0.000666667	0.6	6.94444e-05	
2406	2407	4	-9999	0	-9999	0	2435.36	0.0131397	0.000666667	0	7.5	1	80	1	0.000666667	0.6	6.94444e-05	
2407	2408	4	-9999	0	-9999	0	2432.62	0.0139767	0.000666667	0	7.5	1	80	1	0.000666667	0.6	6.94444e-05	
2408	2409	4	-9999	0	-9999	0	2437.43	0.00656428	0.000666667	0	7.5	1	80	1	0.000666667	0.6	6.94444e-05	
2409	2365	4	-9999	0	-9999	0	2414.71	0.0111815	0.000666667	0	7.5	1	80	1	0.000666667	0.6	6.94444e-05	
2410	2411	2	-9999	0	-9999	0	2224.64	0.00674267	0.000666667	0	6.5	1	40	1	0.000666667	0.6	6.94444e-05	
2411	2395	2	-9999	0	-9999	0	2144.12	0.00373114	0.000666667	0	6.5	1	40	1	0.000666667	0.6	6.94444e-05	
2412	1853	4	-9999	0	-9999	0	2832.37	0.00529591	0.000666667	0	7.5	1	80	1	0.000666667	0.6	6.94444e-05	
2413	2414	3	-9999	0	-9999	0	1526.05	0.0004	0.000666667	0	7	1	60	1	0.000666667	0.6	6.94444e-05	
2414	2415	3	-9999	0	-9999	0	1561.82	0.00128055	0.000666667	0	7	1	60	1	0.000666667	0.6	6.94444e-05	
2415	2416	3	-9999	0	-9999	0	1593.51	0.0004	0.000666667	0	7	1	60	1	0.000666667	0.6	6.94444e-05	
2416	2412	3	-9999	0	-9999	0	1516.99	0.0052736	0.000666667	0	7	1	60	1	0.000666667	0.6	6.94444e-05	
2417	2413	3	-9999	0	-9999	0	512.331	0.029278	0.000666667	0	7	1	60	1	0.000666667	0.6	6.94444e-05	
2418	2339	2	-9999	0	-9999	0	2553.95	0.00665637	0.000666667	0	6.5	1	40	1	0.000666667	0.6	6.94444e-05	
2419	2420	3	-9999	0	-9999	0	2279.81	0.00701812	0.000666667	0	7	1	60	1	0.000666667	0.6	6.94444e-05	
2420	2421	3	-9999	0	-9999	0	2292.35	0.0109058	0.000666667	0	7	1	60	1	0.000666667	0.6	6.94444e-05	
2421	2422	3	-9999	0	-9999	0	2314.68	0.00993656	0.000666667	0	7	1	60	1	0.000666667	0.6	6.94444e-05	
2422	2423	3	-9999	0	-9999	0	2217.18	0.00856946	0.000666667	0	7	1	60	1	0.000666667	0.6	6.94444e-05	
2423	2424	3	-9999	0	-9999	0	2314.39	0.00475286	0.000666667	0	7	1	60	1	0.000666667	0.6	6.94444e-05	
2424	2425	3	-9999	0	-9999	0	2264.38	0.00264973	0.000666667	0	7	1	60	1	0.000666667	0.6	6.94444e-05	
2425	2426	3	-9999	0	-9999	0	2293.89	0.00523128	0.000666667	0	7	1	60	1	0.000666667	0.6	6.94444e-05	
2426	2427	3	-9999	0	-9999	0	2264.16	0.00971663	0.000666667	0	7	1	60	1	0.000666667	0.6	6.94444e-05	
2427	2428	3	-9999	0	-9999	0	2275.9	0.00131816	0.000666667	0	7	1	60	1	0.000666667	0.6	6.94444e-05	
2428	2417	3	-9999	0	-9999	0	2327.81	0.00171835	0.000666667	0	7	1	60	1	0.000666667	0.6	6.94444e-05	
2429	2430	2	-9999	0	-9999	0	2318.25	0.015529	0.000666667	0	6.5	1	40	1	0.000666667	0.6	6.94444e-05	
2430	2431	2	-9999	0	-9999	0	2268	0.0132275	0.000666667	0	6.5	1	40	1	0.000666667	0.6	6.94444e-05	
2431	2432	2	-9999	0	-9999	0	2310.32	0.0129852	0.000666667	0	6.5	1	40	1	0.000666667	0.6	6.94444e-05	
2432	2433	2	-9999	0	-9999	0	2267.75	0.012788	0.000666667	0	6.5	1	40	1	0.000666667	0.6	6.94444e-05	
2433	2434	2	-9999	0	-9999	0	2365.09	0.0105704	0.000666667	0	6.5	1	40	1	0.000666667	0.6	6.94444e-05	
2434	2435	2	-9999	0	-9999	0	2267.5	0.0105843	0.000666667	0	6.5	1	40	1	0.000666667	0.6	6.94444e-05	
2435	2436	2	-9999	0	-9999	0	2242.38	0.0115948	0.000666667	0	6.5	1	40	1	0.000666667	0.6	6.94444e-05	
2436	2437	2	-9999	0	-9999	0	2314.68	0.00734442	0.000666667	0	6.5	1	40	1	0.000666667	0.6	6.94444e-05	
2437	2438	2	-9999	0	-9999	0	2292.07	0.0135249	0.000666667	0	6.5	1	40	1	0.000666667	0.6	6.94444e-05	
2438	2418	2	-9999	0	-9999	0	2339.37	0.00641199	0.000666667	0	6.5	1	40	1	0.000666667	0.6	6.94444e-05	
2439	2440	1	-9999	0	-9999	0	2097.17	0.0467296	0.000666667	0	6	1	20	1	0.000666667	0.6	6.94444e-05	
2440	2441	1	-9999	0	-9999	0	2156.79	0.0384832	0.000666667	0	6	1	20	1	0.000666667	0.6	6.94444e-05	
2441	2442	1	-9999	0	-9999	0	2164.59	0.0420404	0.000666667	0	6	1	20	1	0.000666667	0.6	6.94444e-05	
2442	2443	1	-9999	0	-9999	0	2089.46	0.0268011	0.000666667	0	6	1	20	1	0.000666667	0.6	6.94444e-05	
2443	2444	1	-9999	0	-9999	0	2159.38	0.0407524	0.000666667	0	6	1	20	1	0.000666667	0.6	6.94444e-05	
2444	1926	1	-9999	0	-9999	0	2079.5	0.0245252	0.000666667	0	6	1	20	1	0.000666667	0.6	6.94444e-05	
2445	2446	3	-9999	0	-9999	0	2029.17	0.0004	0.000666667	0	7	1	60	1	0.000666667	0.6	6.94444e-05	
2446	2447	3	-9999	0	-9999	0	2115.47	0.00378166	0.000666667	0	7	1	60	1	0.000666667	0.6	6.94444e-05	
2447	2448	3	-9999	0	-9999	0	2049.28	0.00536775	0.000666667	0	7	1	60	1	0.000666667	0.6	6.94444e-05	
2448	2412	3	-9999	0	-9999	0	2078.67	0.0004	0.000666667	0	7	1	60	1	0.000666667	0.6	6.94444e-05	
2449	1953	2	-9999	0	-9999	0	1821.79	0.00219564	0.000666667	0	6.5	1	40	1	0.000666667	0.6	6.94444e-05	
2450	2451	1	-9999	0	-9999	0	2086.47	0.00287567	0.000666667	0	6	1	20	1	0.000666667	0.6	6.94444e-05	
2451	2338	1	-9999	0	-9999	0	2156.27	0.00927529	0.000666667	0	6	1	20	1	0.000666667	0.6	6.94444e-05	
2452	2453	2	-9999	0	-9999	0	2874.08	0.00452318	0.000666667	0	6.5	1	40	1	0.000666667	0.6	6.94444e-05	
2453	2449	2	-9999	0	-9999	0	2915.37	0.00308709	0.000666667	0	6.5	1	40	1	0.000666667	0.6	6.94444e-05	
2454	2455	3	-9999	0	-9999	0	2134.04	0.00468595	0.000666667	0	7	1	60	1	0.000666667	0.6	6.94444e-05	
2455	2456	3	-9999	0	-9999	0	2129.16	0.00187868	0.000666667	0	7	1	60	1	0.000666667	0.6	6.94444e-05	
2456	2457	3	-9999	0	-9999	0	2129.01	0.00281822	0.000666667	0	7	1	60	1	0.000666667	0.6	6.94444e-05	
2457	2445	3	-9999	0	-9999	0	2153.8	0.0134646	0.000666667	0	7	1	60	1	0.000666667	0.6	6.94444e-05	
2458	2454	2	-9999	0	-9999	0	562.308	0.0004	0.000666667	0	6.5	1	40	1	0.000666667	0.6	6.94444e-05	
2459	2460	2	-9999	0	-9999	0	2427.16	0.00453204	0.000666667	0	6.5	1	40	1	0.000666667	0.6	6.94444e-05	
2460	2454	2	-9999	0	-9999	0	2444.67	0.00490864	0.000666667	0	6.5	1	40	1	0.000666667	0.6	6.94444e-05	
2461	2462	2	-9999	0	-9999	0	2444.49	0.009818	0.000666667	0	6.5	1	40	1	0.000666667	0.6	6.94444e-05	
2462	2463	2	-9999	0	-9999	0	2486.86	0.00643382	0.000666667	0	6.5	1	40	1	0.000666667	0.6	6.94444e-05	
2463	2464	2	-9999	0	-9999	0	2464.05	0.0004	0.000666667	0	6.5	1	40	1	0.000666667	0.6	6.94444e-05	
2464	2452	2	-9999	0	-9999	0	2389.2	0.0100452	0.000666667	0	6.5	1	40	1	0.000666667	0.6	6.94444e-05	
2465	2466	1	-9999	0	-9999	0	2079.81	0.00625058	0.000666667	0	6	1	20	1	0.000666667	0.6	6.94444e-05	
2466	2467	1	-9999	0	-9999	0	2107.17	0.00949142	0.000666667	0	6	1	20	1	0.000666667	0.6	6.94444e-05	
2467	2468	1	-9999	0	-9999	0	2057.12	0.00972231	0.000666667	0	6	1	20	1	0.000666667	0.6	6.94444e-05	
2468	2418	1	-9999	0	-9999	0	2129.39	0.00798351	0.000666667	0	6	1	20	1	0.000666667	0.6	6.94444e-05	
2469	2461	2	-9999	0	-9999	0	1167.44	0.0004	0.000666667	0	6.5	1	40	1	0.000666667	0.6	6.94444e-05	
2470	2471	2	-9999	0	-9999	0	2249.86	0.0364466	0.000666667	0	6.5	1	40	1	0.000666667	0.6	6.94444e-05	
2471	2472	2	-9999	0	-9999	0	2364.62	0.0448276	0.000666667	0	6.5	1	40	1	0.000666667	0.6	6.94444e-05	
2472	2473	2	-9999	0	-9999	0	2344.7	0.0307075	0.000666667	0	6.5	1	40	1	0.000666667	0.6	6.94444e-05	
2473	2474	2	-9999	0	-9999	0	2308.66	0.0164598	0.000666667	0	6.5	1	40	1	0.000666667	0.6	6.94444e-05	
2474	2475	2	-9999	0	-9999	0	2257.24	0.0389857	0.000666667	0	6.5	1	40	1	0.000666667	0.6	6.94444e-05	
2475	2476	2	-9999	0	-9999	0	2317.83	0.013806	0.000666667	0	6.5	1	40	1	0.000666667	0.6	6.94444e-05	
2476	2477	2	-9999	0	-9999	0	2303.16	0.0438527	0.000666667	0	6.5	1	40	1	0.000666667	0.6	6.94444e-05	
2477	2478	2	-9999	0	-9999	0	2347.95	0.0229988	0.000666667	0	6.5	1	40	1	0.000666667	0.6	6.94444e-05	
2478	2479	2	-9999	0	-9999	0	2310.57	0.0160134	0.000666667	0	6.5	1	40	1	0.000666667	0.6	6.94444e-05	
2479	2480	2	-9999	0	-9999	0	2302.57	0.0317037	0.000666667	0	6.5	1	40	1	0.000666667	0.6	6.94444e-05	
2480	2481	2	-9999	0	-9999	0	2240.86	0.0298993	0.000666667	0	6.5	1	40	1	0.000666667	0.6	6.94444e-05	
2481	2482	2	-9999	0	-9999	0	2351.61	0.0314679	0.000666667	0	6.5	1	40	1	0.000666667	0.6	6.94444e-05	
2482	2483	2	-9999	0	-9999	0	2398.92	0.0350158	0.000666667	0	6.5	1	40	1	0.000666667	0.6	6.94444e-05	
2483	2484	2	-9999	0	-9999	0	2293.33	0.0252908	0.000666667	0	6.5	1	40	1	0.000666667	0.6	6.94444e-05	
2484	2485	2	-9999	0	-9999	0	2268.13	0.0290989	0.000666667	0	6.5	1	40	1	0.000666667	0.6	6.94444e-05	
2485	2486	2	-9999	0	-9999	0	2310.4	0.0190443	0.000666667	0	6.5	1	40	1	0.000666667	0.6	6.94444e-05	
2486	2487	2	-9999	0	-9999	0	2340.35	0.0260645	0.000666667	0	6.5	1	40	1	0.000666667	0.6	6.94444e-05	
2487	2488	2	-9999	0	-9999	0	2310.19	0.0216432	0.000666667	0	6.5	1	40	1	0.000666667	0.6	6.94444e-05	
2488	2489	2	-9999	0	-9999	0	2267.6	0.0119069	0.000666667	0	6.5	1	40	1	0.000666667	0.6	6.94444e-05	
2489	2469	2	-9999	0	-9999	0	2334.97	0.0209853	0.000666667	0	6.5	1	40	1	0.000666667	0.6	6.94444e-05	
2490	2491	2	-9999	0	-9999	0	2132.81	0.0126593	0.000666667	0	6.5	1	40	1	0.000666667	0.6	6.94444e-05	
2491	2492	2	-9999	0	-9999	0	2192.62	0.0132262	0.000666667	0	6.5	1	40	1	0.000666667	0.6	6.94444e-05	
2492	2493	2	-9999	0	-9999	0	2154.99	0.00185615	0.000666667	0	6.5	1	40	1	0.000666667	0.6	6.94444e-05	
2493	2494	2	-9999	0	-9999	0	2109.82	0.0142192	0.000666667	0	6.5	1	40	1	0.000666667	0.6	6.94444e-05	
2494	2495	2	-9999	0	-9999	0	2162.08	0.00832533	0.000666667	0	6.5	1	40	1	0.000666667	0.6	6.94444e-05	
2495	2496	2	-9999	0	-9999	0	2247.12	0.0115704	0.000666667	0	6.5	1	40	1	0.000666667	0.6	6.94444e-05	
2496	2497	2	-9999	0	-9999	0	2197.06	0.00227577	0.000666667	0	6.5	1	40	1	0.000666667	0.6	6.94444e-05	
2497	2458	2	-9999	0	-9999	0	2081.96	0.00816538	0.000666667	0	6.5	1	40	1	0.000666667	0.6	6.94444e-05	
2498	2499	2	-9999	0	-9999	0	1930.37	0.014505	0.000666667	0	6.5	1	40	1	0.000666667	0.6	6.94444e-05	
2499	2500	2	-9999	0	-9999	0	1890.17	0.0126973	0.000666667	0	6.5	1	40	1	0.000666667	0.6	6.94444e-05	
2500	2501	2	-9999	0	-9999	0	1965.12	0.00966862	0.000666667	0	6.5	1	40	1	0.000666667	0.6	6.94444e-05	
2501	2502	2	-9999	0	-9999	0	1849.93	0.00756783	0.000666667	0	6.5	1	40	1	0.000666667	0.6	6.94444e-05	
2502	2503	2	-9999	0	-9999	0	1894.88	0.00633285	0.000666667	0	6.5	1	40	1	0.000666667	0.6	6.94444e-05	
2503	2362	2	-9999	0	-9999	0	1882.46	0.0111556	0.000666667	0	6.5	1	40	1	0.000666667	0.6	6.94444e-05	
2504	2505	2	-9999	0	-9999	0	2552.36	0.00901125	0.000666667	0	6.5	1	40	1	0.000666667	0.6	6.94444e-05	
2505	2459	2	-9999	0	-9999	0	2619.69	0.00839794	0.000666667	0	6.5	1	40	1	0.000666667	0.6	6.94444e-05	
2506	2507	1	-9999	0	-9999	0	2464	0.0215097	0.000666667	0	6	1	20	1	0.000666667	0.6	6.94444e-05	
2507	2508	1	-9999	0	-9999	0	2494.72	0.0176372	0.000666667	0	6	1	20	1	0.000666667	0.6	6.94444e-05	
2508	2509	1	-9999	0	-9999	0	2463.51	0.0174548	0.000666667	0	6	1	20	1	0.000666667	0.6	6.94444e-05	
2509	2510	1	-9999	0	-9999	0	2387.78	0.0159144	0.000666667	0	6	1	20	1	0.000666667	0.6	6.94444e-05	
2510	2511	1	-9999	0	-9999	0	2502.48	0.0135865	0.000666667	0	6	1	20	1	0.000666667	0.6	6.94444e-05	
2511	2512	1	-9999	0	-9999	0	2421.23	0.0140425	0.000666667	0	6	1	20	1	0.000666667	0.6	6.94444e-05	
2512	2513	1	-9999	0	-9999	0	2434.91	0.0156063	0.000666667	0	6	1	20	1	0.000666667	0.6	6.94444e-05	
2513	2514	1	-9999	0	-9999	0	2479.68	0.0153246	0.000666667	0	6	1	20	1	0.000666667	0.6	6.94444e-05	
2514	2515	1	-9999	0	-9999	0	2412.22	0.0132658	0.000666667	0	6	1	20	1	0.000666667	0.6	6.94444e-05	
2515	2516	1	-9999	0	-9999	0	2429.1	0.0255239	0.000666667	0	6	1	20	1	0.000666667	0.6	6.94444e-05	
2516	2517	1	-9999	0	-9999	0	2428.95	0.0135861	0.000666667	0	6	1	20	1	0.000666667	0.6	6.94444e-05	
2517	2518	1	-9999	0	-9999	0	2453.96	0.0187452	0.000666667	0	6	1	20	1	0.000666667	0.6	6.94444e-05	
2518	2519	1	-9999	0	-9999	0	2441.99	0.010647	0.000666667	0	6	1	20	1	0.000666667	0.6	6.94444e-05	
2519	2520	1	-9999	0	-9999	0	2513.14	0.017508	0.000666667	0	6	1	20	1	0.000666667	0.6	6.94444e-05	
2520	2521	1	-9999	0	-9999	0	2461.45	0.0174694	0.000666667	0	6	1	20	1	0.000666667	0.6	6.94444e-05	
2521	2522	1	-9999	0	-9999	0	2453.44	0.0134505	0.000666667	0	6	1	20	1	0.000666667	0.6	6.94444e-05	
2522	2523	1	-9999	0	-9999	0	2383.24	0.0184622	0.000666667	0	6	1	20	1	0.000666667	0.6	6.94444e-05	
2523	2524	1	-9999	0	-9999	0	2483.34	0.0108725	0.000666667	0	6	1	20	1	0.000666667	0.6	6.94444e-05	
2524	2525	1	-9999	0	-9999	0	2402.93	0.0145655	0.000666667	0	6	1	20	1	0.000666667	0.6	6.94444e-05	
2525	2526	1	-9999	0	-9999	0	2445.25	0.0114508	0.000666667	0	6	1	20	1	0.000666667	0.6	6.94444e-05	
2526	2527	1	-9999	0	-9999	0	2457.76	0.0170887	0.000666667	0	6	1	20	1	0.000666667	0.6	6.94444e-05	
2527	2528	1	-9999	0	-9999	0	2440.13	0.0106552	0.000666667	0	6	1	20	1	0.000666667	0.6	6.94444e-05	
2528	2529	1	-9999	0	-9999	0	2502.51	0.0127872	0.000666667	0	6	1	20	1	0.000666667	0.6	6.94444e-05	
2529	2530	1	-9999	0	-9999	0	2484.69	0.00965915	0.000666667	0	6	1	20	1	0.000666667	0.6	6.94444e-05	
2530	2531	1	-9999	0	-9999	0	2499.66	0.0128017	0.000666667	0	6	1	20	1	0.000666667	0.6	6.94444e-05	
2531	2532	1	-9999	0	-9999	0	2384.56	0.00964537	0.000666667	0	6	1	20	1	0.000666667	0.6	6.94444e-05	
2532	2533	1	-9999	0	-9999	0	2394.07	0.00459468	0.000666667	0	6	1	20	1	0.000666667	0.6	6.94444e-05	
2533	2450	1	-9999	0	-9999	0	2488.75	0.00883979	0.000666667	0	6	1	20	1	0.000666667	0.6	6.94444e-05	
2534	2535	3	-9999	0	-9999	0	2726.5	0.0161379	0.000666667	0	7	1	60	1	0.000666667	0.6	6.94444e-05	
2535	1961	3	-9999	0	-9999	0	2620.08	0.0106867	0.000666667	0	7	1	60	1	0.000666667	0.6	6.94444e-05	
2536	2537	3	-9999	0	-9999	0	1625.08	0.0178452	0.000666667	0	7	1	60	1	0.000666667	0.6	6.94444e-05	
2537	2538	3	-9999	0	-9999	0	1681.55	0.0107044	0.000666667	0	7	1	60	1	0.000666667	0.6	6.94444e-05	
2538	2539	3	-9999	0	-9999	0	1681.67	0.00416253	0.000666667	0	7	1	60	1	0.000666667	0.6	6.94444e-05	
2539	2534	3	-9999	0	-9999	0	1661.44	0.0004	0.000666667	0	7	1	60	1	0.000666667	0.6	6.94444e-05	
2540	2536	3	-9999	0	-9999	0	1970.34	0.00609031	0.000666667	0	7	1	60	1	0.000666667	0.6	6.94444e-05	
2541	2540	3	-9999	0	-9999	0	2159.89	0.0138896	0.000666667	0	7	1	60	1	0.000666667	0.6	6.94444e-05	
2542	2543	3	-9999	0	-9999	0	1709.01	0.0187244	0.000666667	0	7	1	60	1	0.000666667	0.6	6.94444e-05	
2543	2544	3	-9999	0	-9999	0	1661.53	0.0004	0.000666667	0	7	1	60	1	0.000666667	0.6	6.94444e-05	
2544	2545	3	-9999	0	-9999	0	1627.49	0.0004	0.000666667	0	7	1	60	1	0.000666667	0.6	6.94444e-05	
2545	2541	3	-9999	0	-9999	0	1740.16	0.030457	0.000666667	0	7	1	60	1	0.000666667	0.6	6.94444e-05	
2546	2547	3	-9999	0	-9999	0	1634.66	0.0183524	0.000666667	0	7	1	60	1	0.000666667	0.6	6.94444e-05	
2547	2542	3	-9999	0	-9999	0	1609.7	0.0105609	0.000666667	0	7	1	60	1	0.000666667	0.6	6.94444e-05	
2548	2549	3	-9999	0	-9999	0	2188.3	0.00548372	0.000666667	0	7	1	60	1	0.000666667	0.6	6.94444e-05	
2549	2546	3	-9999	0	-9999	0	2201.39	0.0163533	0.000666667	0	7	1	60	1	0.000666667	0.6	6.94444e-05	
2550	3106	2	-9999	0	-9999	0	752.238	0.0039881	0.000666667	0	6.5	1	40	1	0.000666667	0.6	6.94444e-05	
2551	2550	2	-9999	0	-9999	0	904.225	0.00331776	0.000666667	0	6.5	1	40	1	0.000666667	0.6	6.94444e-05	
2552	2553	2	-9999	0	-9999	0	2828.32	0.00530349	0.000666667	0	6.5	1	40	1	0.000666667	0.6	6.94444e-05	
2553	2551	2	-9999	0	-9999	0	2718.17	0.00956524	0.000666667	0	6.5	1	40	1	0.000666667	0.6	6.94444e-05	
2554	2555	3	-9999	0	-9999	0	2159.68	0.0111128	0.000666667	0	7	1	60	1	0.000666667	0.6	6.94444e-05	
2555	2556	3	-9999	0	-9999	0	2213.01	0.00948936	0.000666667	0	7	1	60	1	0.000666667	0.6	6.94444e-05	
2556	2557	3	-9999	0	-9999	0	2186.45	0.0187518	0.000666667	0	7	1	60	1	0.000666667	0.6	6.94444e-05	
2557	2548	3	-9999	0	-9999	0	2196.26	0.00546383	0.000666667	0	7	1	60	1	0.000666667	0.6	6.94444e-05	
2558	2559	2	-9999	0	-9999	0	2327.14	0.00687538	0.000666667	0	6.5	1	40	1	0.000666667	0.6	6.94444e-05	
2559	2552	2	-9999	0	-9999	0	2399.69	0.00541736	0.000666667	0	6.5	1	40	1	0.000666667	0.6	6.94444e-05	
2560	2561	3	-9999	0	-9999	0	1617.8	0.0123625	0.000666667	0	7	1	60	1	0.000666667	0.6	6.94444e-05	
2561	2554	3	-9999	0	-9999	0	1690.08	0.0124255	0.000666667	0	7	1	60	1	0.000666667	0.6	6.94444e-05	
2562	2558	2	-9999	0	-9999	0	1703.21	0.00469701	0.000666667	0	6.5	1	40	1	0.000666667	0.6	6.94444e-05	
2563	2562	2	-9999	0	-9999	0	117.431	0.0340624	0.000666667	0	6.5	1	40	1	0.000666667	0.6	6.94444e-05	
2564	1953	2	-9999	0	-9999	0	2201.22	0.00136288	0.000666667	0	6.5	1	40	1	0.000666667	0.6	6.94444e-05	
2565	2564	1	-9999	0	-9999	0	1831.33	0.00491446	0.000666667	0	6	1	20	1	0.000666667	0.6	6.94444e-05	
2566	2567	3	-9999	0	-9999	0	2468.46	0.00162044	0.000666667	0	7	1	60	1	0.000666667	0.6	6.94444e-05	
2567	2560	3	-9999	0	-9999	0	2579.89	0.024032	0.000666667	0	7	1	60	1	0.000666667	0.6	6.94444e-05	
2568	2566	3	-9999	0	-9999	0	524.318	0.0267013	0.000666667	0	7	1	60	1	0.000666667	0.6	6.94444e-05	
2569	2570	2	-9999	0	-9999	0	1964.85	0.00407156	0.000666667	0	6.5	1	40	1	0.000666667	0.6	6.94444e-05	
2570	2571	2	-9999	0	-9999	0	1992.14	0.00803157	0.000666667	0	6.5	1	40	1	0.000666667	0.6	6.94444e-05	
2571	2572	2	-9999	0	-9999	0	1980.6	0.00504897	0.000666667	0	6.5	1	40	1	0.000666667	0.6	6.94444e-05	
2572	2563	2	-9999	0	-9999	0	1937.92	0.0061922	0.000666667	0	6.5	1	40	1	0.000666667	0.6	6.94444e-05	
2573	2574	3	-9999	0	-9999	0	1736.77	0.0143946	0.000666667	0	7	1	60	1	0.000666667	0.6	6.94444e-05	
2574	2568	3	-9999	0	-9999	0	1786.54	0.0190312	0.000666667	0	7	1	60	1	0.000666667	0.6	6.94444e-05	
2575	2576	2	-9999	0	-9999	0	1617.11	0.00865744	0.000666667	0	6.5	1	40	1	0.000666667	0.6	6.94444e-05	
2576	2569	2	-9999	0	-9999	0	1657.62	0.00603273	0.000666667	0	6.5	1	40	1	0.000666667	0.6	6.94444e-05	
2577	2445	2	-9999	0	-9999	0	2870.02	0.00975603	0.000666667	0	6.5	1	40	1	0.000666667	0.6	6.94444e-05	
2578	2579	2	-9999	0	-9999	0	2381.78	0.00167942	0.000666667	0	6.5	1	40	1	0.000666667	0.6	6.94444e-05	
2579	2564	2	-9999	0	-9999	0	2281.95	0.00482044	0.000666667	0	6.5	1	40	1	0.000666667	0.6	6.94444e-05	
2580	2575	2	-9999	0	-9999	0	2763.81	0.00506548	0.000666667	0	6.5	1	40	1	0.000666667	0.6	6.94444e-05	
2581	2578	1	-9999	0	-9999	0	2543.49	0.00511109	0.000666667	0	6	1	20	1	0.000666667	0.6	6.94444e-05	
2582	2580	2	-9999	0	-9999	0	2034.48	0.00835593	0.000666667	0	6.5	1	40	1	0.000666667	0.6	6.94444e-05	
2583	2584	2	-9999	0	-9999	0	1786.37	0.0386257	0.000666667	0	6.5	1	40	1	0.000666667	0.6	6.94444e-05	
2584	2585	2	-9999	0	-9999	0	1731.67	0.0369585	0.000666667	0	6.5	1	40	1	0.000666667	0.6	6.94444e-05	
2585	2586	2	-9999	0	-9999	0	1751.75	0.0165548	0.000666667	0	6.5	1	40	1	0.000666667	0.6	6.94444e-05	
2586	2587	2	-9999	0	-9999	0	1704.3	0.0416594	0.000666667	0	6.5	1	40	1	0.000666667	0.6	6.94444e-05	
2587	2588	2	-9999	0	-9999	0	1771.84	0.0141096	0.000666667	0	6.5	1	40	1	0.000666667	0.6	6.94444e-05	
2588	2546	2	-9999	0	-9999	0	1729.03	0.0491605	0.000666667	0	6.5	1	40	1	0.000666667	0.6	6.94444e-05	
2589	2582	2	-9999	0	-9999	0	1826.15	0.00821401	0.000666667	0	6.5	1	40	1	0.000666667	0.6	6.94444e-05	
2590	2591	2	-9999	0	-9999	0	1537.27	0.0429332	0.000666667	0	6.5	1	40	1	0.000666667	0.6	6.94444e-05	
2591	2568	2	-9999	0	-9999	0	1494.62	0.0120432	0.000666667	0	6.5	1	40	1	0.000666667	0.6	6.94444e-05	
2592	2593	2	-9999	0	-9999	0	1767.43	0.0090527	0.000666667	0	6.5	1	40	1	0.000666667	0.6	6.94444e-05	
2593	2589	2	-9999	0	-9999	0	1783.31	0.0112151	0.000666667	0	6.5	1	40	1	0.000666667	0.6	6.94444e-05	
2594	2350	1	-9999	0	-9999	0	1117.38	0.00984442	0.000666667	0	6	1	20	1	0.000666667	0.6	6.94444e-05	
2595	2581	1	-9999	0	-9999	0	1962.05	0.00509671	0.000666667	0	6	1	20	1	0.000666667	0.6	6.94444e-05	
2596	2592	2	-9999	0	-9999	0	1473.8	0.0101778	0.000666667	0	6.5	1	40	1	0.000666667	0.6	6.94444e-05	
2597	2598	2	-9999	0	-9999	0	1760.5	0.0255609	0.000666667	0	6.5	1	40	1	0.000666667	0.6	6.94444e-05	
2598	2599	2	-9999	0	-9999	0	1798.83	0.00945058	0.000666667	0	6.5	1	40	1	0.000666667	0.6	6.94444e-05	
2599	2600	2	-9999	0	-9999	0	1825.93	0.0142393	0.000666667	0	6.5	1	40	1	0.000666667	0.6	6.94444e-05	
2600	2541	2	-9999	0	-9999	0	1760.48	0.0391939	0.000666667	0	6.5	1	40	1	0.000666667	0.6	6.94444e-05	
2601	2602	2	-9999	0	-9999	0	1595.46	0.0382335	0.000666667	0	6.5	1	40	1	0.000666667	0.6	6.94444e-05	
2602	2540	2	-9999	0	-9999	0	1683.54	0.00534588	0.000666667	0	6.5	1	40	1	0.000666667	0.6	6.94444e-05	
2603	2604	2	-9999	0	-9999	0	1844.36	0.00108439	0.000666667	0	6.5	1	40	1	0.000666667	0.6	6.94444e-05	
2604	2605	2	-9999	0	-9999	0	1871.71	0.0004	0.000666667	0	6.5	1	40	1	0.000666667	0.6	6.94444e-05	
2605	2606	2	-9999	0	-9999	0	1839.35	0.00978609	0.000666667	0	6.5	1	40	1	0.000666667	0.6	6.94444e-05	
2606	2607	2	-9999	0	-9999	0	1849.47	0.00432555	0.000666667	0	6.5	1	40	1	0.000666667	0.6	6.94444e-05	
2607	2608	2	-9999	0	-9999	0	1879.3	0.0004	0.000666667	0	6.5	1	40	1	0.000666667	0.6	6.94444e-05	
2608	2387	2	-9999	0	-9999	0	1901.65	0.00683617	0.000666667	0	6.5	1	40	1	0.000666667	0.6	6.94444e-05	
2609	2610	3	-9999	0	-9999	0	2136.45	0.0224672	0.000666667	0	7	1	60	1	0.000666667	0.6	6.94444e-05	
2610	2611	3	-9999	0	-9999	0	2036.55	0.0157129	0.000666667	0	7	1	60	1	0.000666667	0.6	6.94444e-05	
2611	2612	3	-9999	0	-9999	0	2123.32	0.0301414	0.000666667	0	7	1	60	1	0.000666667	0.6	6.94444e-05	
2612	2613	3	-9999	0	-9999	0	2116.15	0.0189023	0.000666667	0	7	1	60	1	0.000666667	0.6	6.94444e-05	
2613	2614	3	-9999	0	-9999	0	2058.83	0.032057	0.000666667	0	7	1	60	1	0.000666667	0.6	6.94444e-05	
2614	2615	3	-9999	0	-9999	0	2115.94	0.0212671	0.000666667	0	7	1	60	1	0.000666667	0.6	6.94444e-05	
2615	2616	3	-9999	0	-9999	0	2093.22	0.0229312	0.000666667	0	7	1	60	1	0.000666667	0.6	6.94444e-05	
2616	2573	3	-9999	0	-9999	0	2106	0.0094967	0.000666667	0	7	1	60	1	0.000666667	0.6	6.94444e-05	
2617	2618	1	-9999	0	-9999	0	2347.78	0.0161855	0.000666667	0	6	1	20	1	0.000666667	0.6	6.94444e-05	
2618	2619	1	-9999	0	-9999	0	2242.58	0.0102561	0.000666667	0	6	1	20	1	0.000666667	0.6	6.94444e-05	
2619	2620	1	-9999	0	-9999	0	2292.46	0.0109053	0.000666667	0	6	1	20	1	0.000666667	0.6	6.94444e-05	
2620	2621	1	-9999	0	-9999	0	2247.3	0.0102345	0.000666667	0	6	1	20	1	0.000666667	0.6	6.94444e-05	
2621	2622	1	-9999	0	-9999	0	2277	0.0131752	0.000666667	0	6	1	20	1	0.000666667	0.6	6.94444e-05	
2622	2623	1	-9999	0	-9999	0	2292.07	0.00785317	0.000666667	0	6	1	20	1	0.000666667	0.6	6.94444e-05	
2623	2624	1	-9999	0	-9999	0	2266.99	0.0105867	0.000666667	0	6	1	20	1	0.000666667	0.6	6.94444e-05	
2624	2625	1	-9999	0	-9999	0	2366.63	0.00633813	0.000666667	0	6	1	20	1	0.000666667	0.6	6.94444e-05	
2625	2626	1	-9999	0	-9999	0	2334.3	0.00771109	0.000666667	0	6	1	20	1	0.000666667	0.6	6.94444e-05	
2626	2337	1	-9999	0	-9999	0	2219.08	0.00585828	0.000666667	0	6	1	20	1	0.000666667	0.6	6.94444e-05	
2627	2628	1	-9999	0	-9999	0	2428.25	0.0292392	0.000666667	0	6	1	20	1	0.000666667	0.6	6.94444e-05	
2628	2629	1	-9999	0	-9999	0	2438.23	0.0418337	0.000666667	0	6	1	20	1	0.000666667	0.6	6.94444e-05	
2629	2630	1	-9999	0	-9999	0	2445.39	0.0601131	0.000666667	0	6	1	20	1	0.000666667	0.6	6.94444e-05	
2630	2631	1	-9999	0	-9999	0	2505.1	0.0423137	0.000666667	0	6	1	20	1	0.000666667	0.6	6.94444e-05	
2631	2632	1	-9999	0	-9999	0	2427.75	0.0341881	0.000666667	0	6	1	20	1	0.000666667	0.6	6.94444e-05	
2632	2633	1	-9999	0	-9999	0	2470.18	0.047365	0.000666667	0	6	1	20	1	0.000666667	0.6	6.94444e-05	
2633	2634	1	-9999	0	-9999	0	2532.52	0.0481733	0.000666667	0	6	1	20	1	0.000666667	0.6	6.94444e-05	
2634	2635	1	-9999	0	-9999	0	2459.85	0.0447181	0.000666667	0	6	1	20	1	0.000666667	0.6	6.94444e-05	
2635	2636	1	-9999	0	-9999	0	2434.71	0.0431263	0.000666667	0	6	1	20	1	0.000666667	0.6	6.94444e-05	
2636	2637	1	-9999	0	-9999	0	2434.53	0.0390219	0.000666667	0	6	1	20	1	0.000666667	0.6	6.94444e-05	
2637	2638	1	-9999	0	-9999	0	2464.15	0.0182619	0.000666667	0	6	1	20	1	0.000666667	0.6	6.94444e-05	
2638	2639	1	-9999	0	-9999	0	2440.41	0.00737579	0.000666667	0	6	1	20	1	0.000666667	0.6	6.94444e-05	
2639	2640	1	-9999	0	-9999	0	2460.52	0.00609628	0.000666667	0	6	1	20	1	0.000666667	0.6	6.94444e-05	
2640	2641	1	-9999	0	-9999	0	2522.41	0.00634314	0.000666667	0	6	1	20	1	0.000666667	0.6	6.94444e-05	
2641	2642	1	-9999	0	-9999	0	2413.21	0.00704457	0.000666667	0	6	1	20	1	0.000666667	0.6	6.94444e-05	
2642	2643	1	-9999	0	-9999	0	2430.87	0.00617063	0.000666667	0	6	1	20	1	0.000666667	0.6	6.94444e-05	
2643	2644	1	-9999	0	-9999	0	2443.73	0.00613815	0.000666667	0	6	1	20	1	0.000666667	0.6	6.94444e-05	
2644	2565	1	-9999	0	-9999	0	2500.4	0.00279955	0.000666667	0	6	1	20	1	0.000666667	0.6	6.94444e-05	
2645	2646	2	-9999	0	-9999	0	2010.37	0.0278555	0.000666667	0	6.5	1	40	1	0.000666667	0.6	6.94444e-05	
2646	2647	2	-9999	0	-9999	0	2080.36	0.0432618	0.000666667	0	6.5	1	40	1	0.000666667	0.6	6.94444e-05	
2647	2648	2	-9999	0	-9999	0	1992.78	0.0466684	0.000666667	0	6.5	1	40	1	0.000666667	0.6	6.94444e-05	
2648	2649	2	-9999	0	-9999	0	2035.21	0.0476608	0.000666667	0	6.5	1	40	1	0.000666667	0.6	6.94444e-05	
2649	2650	2	-9999	0	-9999	0	1995.15	0.0220534	0.000666667	0	6.5	1	40	1	0.000666667	0.6	6.94444e-05	
2650	2651	2	-9999	0	-9999	0	2017.24	0.0381709	0.000666667	0	6.5	1	40	1	0.000666667	0.6	6.94444e-05	
2651	2652	2	-9999	0	-9999	0	1987.47	0.0362269	0.000666667	0	6.5	1	40	1	0.000666667	0.6	6.94444e-05	
2652	2609	2	-9999	0	-9999	0	2097.39	0.0362355	0.000666667	0	6.5	1	40	1	0.000666667	0.6	6.94444e-05	
2653	2654	1	-9999	0	-9999	0	2175.76	0.0312535	0.000666667	0	6	1	20	1	0.000666667	0.6	6.94444e-05	
2654	2655	1	-9999	0	-9999	0	2250.81	0.0306556	0.000666667	0	6	1	20	1	0.000666667	0.6	6.94444e-05	
2655	2656	1	-9999	0	-9999	0	2183.22	0.0352691	0.000666667	0	6	1	20	1	0.000666667	0.6	6.94444e-05	
2656	2657	1	-9999	0	-9999	0	2175.41	0.0358553	0.000666667	0	6	1	20	1	0.000666667	0.6	6.94444e-05	
2657	2658	1	-9999	0	-9999	0	2115.41	0.028836	0.000666667	0	6	1	20	1	0.000666667	0.6	6.94444e-05	
2658	2659	1	-9999	0	-9999	0	2225.19	0.031458	0.000666667	0	6	1	20	1	0.000666667	0.6	6.94444e-05	
2659	2660	1	-9999	0	-9999	0	2150.06	0.0167437	0.000666667	0	6	1	20	1	0.000666667	0.6	6.94444e-05	
2660	2661	1	-9999	0	-9999	0	2242.44	0.0191755	0.000666667	0	6	1	20	1	0.000666667	0.6	6.94444e-05	
2661	2662	1	-9999	0	-9999	0	2197.24	0.00682675	0.000666667	0	6	1	20	1	0.000666667	0.6	6.94444e-05	
2662	2663	1	-9999	0	-9999	0	2211.79	0.00632972	0.000666667	0	6	1	20	1	0.000666667	0.6	6.94444e-05	
2663	2664	1	-9999	0	-9999	0	2217.16	0.00451028	0.000666667	0	6	1	20	1	0.000666667	0.6	6.94444e-05	
2664	2452	1	-9999	0	-9999	0	2196.92	0.00318629	0.000666667	0	6	1	20	1	0.000666667	0.6	6.94444e-05	
2665	2666	1	-9999	0	-9999	0	2358.81	0.0423943	0.000666667	0	6	1	20	1	0.000666667	0.6	6.94444e-05	
2666	2667	1	-9999	0	-9999	0	2397.51	0.0279457	0.000666667	0	6	1	20	1	0.000666667	0.6	6.94444e-05	
2667	2668	1	-9999	0	-9999	0	2364.99	0.030867	0.000666667	0	6	1	20	1	0.000666667	0.6	6.94444e-05	
2668	2669	1	-9999	0	-9999	0	2409.89	0.0373461	0.000666667	0	6	1	20	1	0.000666667	0.6	6.94444e-05	
2669	2670	1	-9999	0	-9999	0	2424.29	0.0222746	0.000666667	0	6	1	20	1	0.000666667	0.6	6.94444e-05	
2670	2671	1	-9999	0	-9999	0	2321.97	0.0219641	0.000666667	0	6	1	20	1	0.000666667	0.6	6.94444e-05	
2671	2672	1	-9999	0	-9999	0	2324.28	0.0292564	0.000666667	0	6	1	20	1	0.000666667	0.6	6.94444e-05	
2672	2673	1	-9999	0	-9999	0	2366.7	0.0270418	0.000666667	0	6	1	20	1	0.000666667	0.6	6.94444e-05	
2673	2674	1	-9999	0	-9999	0	2341.58	0.0260507	0.000666667	0	6	1	20	1	0.000666667	0.6	6.94444e-05	
2674	2675	1	-9999	0	-9999	0	2359.17	0.0216177	0.000666667	0	6	1	20	1	0.000666667	0.6	6.94444e-05	
2675	2676	1	-9999	0	-9999	0	2401.72	0.0195693	0.000666667	0	6	1	20	1	0.000666667	0.6	6.94444e-05	
2676	2379	1	-9999	0	-9999	0	2390.87	0.00920167	0.000666667	0	6	1	20	1	0.000666667	0.6	6.94444e-05	
2677	2678	2	-9999	0	-9999	0	1844.93	0.0238492	0.000666667	0	6.5	1	40	1	0.000666667	0.6	6.94444e-05	
2678	2679	2	-9999	0	-9999	0	1917.28	0.0219061	0.000666667	0	6.5	1	40	1	0.000666667	0.6	6.94444e-05	
2679	2680	2	-9999	0	-9999	0	1869.74	0.0112315	0.000666667	0	6.5	1	40	1	0.000666667	0.6	6.94444e-05	
2680	2681	2	-9999	0	-9999	0	1864.8	0.0203776	0.000666667	0	6.5	1	40	1	0.000666667	0.6	6.94444e-05	
2681	2682	2	-9999	0	-9999	0	1897	0.0121244	0.000666667	0	6.5	1	40	1	0.000666667	0.6	6.94444e-05	
2682	2683	2	-9999	0	-9999	0	1899.22	0.0110572	0.000666667	0	6.5	1	40	1	0.000666667	0.6	6.94444e-05	
2683	2684	2	-9999	0	-9999	0	1869.41	0.0117684	0.000666667	0	6.5	1	40	1	0.000666667	0.6	6.94444e-05	
2684	2384	2	-9999	0	-9999	0	1876.53	0.00266449	0.000666667	0	6.5	1	40	1	0.000666667	0.6	6.94444e-05	
2685	2686	1	-9999	0	-9999	0	1822.83	0.0559568	0.000666667	0	6	1	20	1	0.000666667	0.6	6.94444e-05	
2686	2687	1	-9999	0	-9999	0	1915.24	0.0663101	0.000666667	0	6	1	20	1	0.000666667	0.6	6.94444e-05	
2687	2688	1	-9999	0	-9999	0	1897.72	0.0590182	0.000666667	0	6	1	20	1	0.000666667	0.6	6.94444e-05	
2688	2689	1	-9999	0	-9999	0	1855.14	0.0533653	0.000666667	0	6	1	20	1	0.000666667	0.6	6.94444e-05	
2689	2690	1	-9999	0	-9999	0	1940.01	0.020103	0.000666667	0	6	1	20	1	0.000666667	0.6	6.94444e-05	
2690	2390	1	-9999	0	-9999	0	1854.63	0.0150973	0.000666667	0	6	1	20	1	0.000666667	0.6	6.94444e-05	
2691	2692	1	-9999	0	-9999	0	1655.17	0.0622293	0.000666667	0	6	1	20	1	0.000666667	0.6	6.94444e-05	
2692	2693	1	-9999	0	-9999	0	1722.6	0.0621155	0.000666667	0	6	1	20	1	0.000666667	0.6	6.94444e-05	
2693	2694	1	-9999	0	-9999	0	1680.07	0.0571406	0.000666667	0	6	1	20	1	0.000666667	0.6	6.94444e-05	
2694	2695	1	-9999	0	-9999	0	1620.03	0.062962	0.000666667	0	6	1	20	1	0.000666667	0.6	6.94444e-05	
2695	2696	1	-9999	0	-9999	0	1712.43	0.0350379	0.000666667	0	6	1	20	1	0.000666667	0.6	6.94444e-05	
2696	2603	1	-9999	0	-9999	0	1687.35	0.00948231	0.000666667	0	6	1	20	1	0.000666667	0.6	6.94444e-05	
2697	2698	1	-9999	0	-9999	0	2097.61	0.0314644	0.000666667	0	6	1	20	1	0.000666667	0.6	6.94444e-05	
2698	2699	1	-9999	0	-9999	0	2082.65	0.0806665	0.000666667	0	6	1	20	1	0.000666667	0.6	6.94444e-05	
2699	2700	1	-9999	0	-9999	0	2034.93	0.017691	0.000666667	0	6	1	20	1	0.000666667	0.6	6.94444e-05	
2700	2701	1	-9999	0	-9999	0	2074.93	0.0496402	0.000666667	0	6	1	20	1	0.000666667	0.6	6.94444e-05	
2701	2702	1	-9999	0	-9999	0	2074.88	0.0366287	0.000666667	0	6	1	20	1	0.000666667	0.6	6.94444e-05	
2702	2703	1	-9999	0	-9999	0	2167.29	0.0235317	0.000666667	0	6	1	20	1	0.000666667	0.6	6.94444e-05	
2703	2704	1	-9999	0	-9999	0	2041.81	0.0269368	0.000666667	0	6	1	20	1	0.000666667	0.6	6.94444e-05	
2704	2705	1	-9999	0	-9999	0	2086.65	0.0210865	0.000666667	0	6	1	20	1	0.000666667	0.6	6.94444e-05	
2705	2706	1	-9999	0	-9999	0	2054.43	0.0574369	0.000666667	0	6	1	20	1	0.000666667	0.6	6.94444e-05	
2706	2554	1	-9999	0	-9999	0	2156.38	0.0287519	0.000666667	0	6	1	20	1	0.000666667	0.6	6.94444e-05	
2707	2708	1	-9999	0	-9999	0	1987.61	0.0342119	0.000666667	0	6	1	20	1	0.000666667	0.6	6.94444e-05	
2708	2709	1	-9999	0	-9999	0	1982.53	0.083227	0.000666667	0	6	1	20	1	0.000666667	0.6	6.94444e-05	
2709	2710	1	-9999	0	-9999	0	1914.95	0.0449099	0.000666667	0	6	1	20	1	0.000666667	0.6	6.94444e-05	
2710	2711	1	-9999	0	-9999	0	1957.4	0.0424033	0.000666667	0	6	1	20	1	0.000666667	0.6	6.94444e-05	
2711	2712	1	-9999	0	-9999	0	1992.52	0.041154	0.000666667	0	6	1	20	1	0.000666667	0.6	6.94444e-05	
2712	2590	1	-9999	0	-9999	0	1907.34	0.0272631	0.000666667	0	6	1	20	1	0.000666667	0.6	6.94444e-05	
2713	2714	1	-9999	0	-9999	0	2207.47	0.0285395	0.000666667	0	6	1	20	1	0.000666667	0.6	6.94444e-05	
2714	2715	1	-9999	0	-9999	0	2142.49	0.0396735	0.000666667	0	6	1	20	1	0.000666667	0.6	6.94444e-05	
2715	2716	1	-9999	0	-9999	0	2172.28	0.0234776	0.000666667	0	6	1	20	1	0.000666667	0.6	6.94444e-05	
2716	2717	1	-9999	0	-9999	0	2091.84	0.0320291	0.000666667	0	6	1	20	1	0.000666667	0.6	6.94444e-05	
2717	2718	1	-9999	0	-9999	0	2161.77	0.0402449	0.000666667	0	6	1	20	1	0.000666667	0.6	6.94444e-05	
2718	1926	1	-9999	0	-9999	0	2219.43	0.0279351	0.000666667	0	6	1	20	1	0.000666667	0.6	6.94444e-05	
2719	2394	1	-9999	0	-9999	0	2374.82	0.00294759	0.000666667	0	6	1	20	1	0.000666667	0.6	6.94444e-05	
2720	2721	1	-9999	0	-9999	0	2142.48	0.0331391	0.000666667	0	6	1	20	1	0.000666667	0.6	6.94444e-05	
2721	2722	1	-9999	0	-9999	0	2099.75	0.0357185	0.000666667	0	6	1	20	1	0.000666667	0.6	6.94444e-05	
2722	2723	1	-9999	0	-9999	0	2184.91	0.0210535	0.000666667	0	6	1	20	1	0.000666667	0.6	6.94444e-05	
2723	2724	1	-9999	0	-9999	0	2099.71	0.0490545	0.000666667	0	6	1	20	1	0.000666667	0.6	6.94444e-05	
2724	2725	1	-9999	0	-9999	0	2171.97	0.0455808	0.000666667	0	6	1	20	1	0.000666667	0.6	6.94444e-05	
2725	2583	1	-9999	0	-9999	0	2151.73	0.030673	0.000666667	0	6	1	20	1	0.000666667	0.6	6.94444e-05	
2726	2727	1	-9999	0	-9999	0	2204.76	0.0662204	0.000666667	0	6	1	20	1	0.000666667	0.6	6.94444e-05	
2727	2728	1	-9999	0	-9999	0	2312.23	0.0704947	0.000666667	0	6	1	20	1	0.000666667	0.6	6.94444e-05	
2728	2729	1	-9999	0	-9999	0	2199.65	0.036824	0.000666667	0	6	1	20	1	0.000666667	0.6	6.94444e-05	
2729	2590	1	-9999	0	-9999	0	2226.84	0.0471521	0.000666667	0	6	1	20	1	0.000666667	0.6	6.94444e-05	
2730	2731	1	-9999	0	-9999	0	2303.24	0.0473247	0.000666667	0	6	1	20	1	0.000666667	0.6	6.94444e-05	
2731	2732	1	-9999	0	-9999	0	2374.48	0.0324281	0.000666667	0	6	1	20	1	0.000666667	0.6	6.94444e-05	
2732	2733	1	-9999	0	-9999	0	2333.43	0.0192849	0.000666667	0	6	1	20	1	0.000666667	0.6	6.94444e-05	
2733	2734	1	-9999	0	-9999	0	2241.01	0.0495312	0.000666667	0	6	1	20	1	0.000666667	0.6	6.94444e-05	
2734	2735	1	-9999	0	-9999	0	2331.75	0.0398841	0.000666667	0	6	1	20	1	0.000666667	0.6	6.94444e-05	
2735	2736	1	-9999	0	-9999	0	2357.61	0.055989	0.000666667	0	6	1	20	1	0.000666667	0.6	6.94444e-05	
2736	2737	1	-9999	0	-9999	0	2364.51	0.0380628	0.000666667	0	6	1	20	1	0.000666667	0.6	6.94444e-05	
2737	2738	1	-9999	0	-9999	0	2286.49	0.0306146	0.000666667	0	6	1	20	1	0.000666667	0.6	6.94444e-05	
2738	2739	1	-9999	0	-9999	0	2348.71	0.0408734	0.000666667	0	6	1	20	1	0.000666667	0.6	6.94444e-05	
2739	2740	1	-9999	0	-9999	0	2335.63	0.025689	0.000666667	0	6	1	20	1	0.000666667	0.6	6.94444e-05	
2740	2741	1	-9999	0	-9999	0	2293.13	0.0388116	0.000666667	0	6	1	20	1	0.000666667	0.6	6.94444e-05	
2741	2742	1	-9999	0	-9999	0	2323.1	0.0309931	0.000666667	0	6	1	20	1	0.000666667	0.6	6.94444e-05	
2742	2743	1	-9999	0	-9999	0	2367.94	0.0346292	0.000666667	0	6	1	20	1	0.000666667	0.6	6.94444e-05	
2743	2744	1	-9999	0	-9999	0	2285.15	0.0389471	0.000666667	0	6	1	20	1	0.000666667	0.6	6.94444e-05	
2744	2745	1	-9999	0	-9999	0	2310.07	0.0264061	0.000666667	0	6	1	20	1	0.000666667	0.6	6.94444e-05	
2745	2746	1	-9999	0	-9999	0	2334.96	0.0179875	0.000666667	0	6	1	20	1	0.000666667	0.6	6.94444e-05	
2746	2747	1	-9999	0	-9999	0	2309.85	0.0142866	0.000666667	0	6	1	20	1	0.000666667	0.6	6.94444e-05	
2747	2748	1	-9999	0	-9999	0	2287.13	0.0109307	0.000666667	0	6	1	20	1	0.000666667	0.6	6.94444e-05	
2748	2749	1	-9999	0	-9999	0	2334.59	0.00299838	0.000666667	0	6	1	20	1	0.000666667	0.6	6.94444e-05	
2749	2578	1	-9999	0	-9999	0	2346.43	0.00554034	0.000666667	0	6	1	20	1	0.000666667	0.6	6.94444e-05	
2750	2751	2	-9999	0	-9999	0	2445.74	0.0220793	0.000666667	0	6.5	1	40	1	0.000666667	0.6	6.94444e-05	
2751	2752	2	-9999	0	-9999	0	2553.86	0.0191866	0.000666667	0	6.5	1	40	1	0.000666667	0.6	6.94444e-05	
2752	2753	2	-9999	0	-9999	0	2411.04	0.022397	0.000666667	0	6.5	1	40	1	0.000666667	0.6	6.94444e-05	
2753	2754	2	-9999	0	-9999	0	2503.37	0.0239677	0.000666667	0	6.5	1	40	1	0.000666667	0.6	6.94444e-05	
2754	2755	2	-9999	0	-9999	0	2520.55	0.019837	0.000666667	0	6.5	1	40	1	0.000666667	0.6	6.94444e-05	
2755	2756	2	-9999	0	-9999	0	2452.96	0.0236449	0.000666667	0	6.5	1	40	1	0.000666667	0.6	6.94444e-05	
2756	2757	2	-9999	0	-9999	0	2412.84	0.0178213	0.000666667	0	6.5	1	40	1	0.000666667	0.6	6.94444e-05	
2757	2758	2	-9999	0	-9999	0	2435.24	0.0209425	0.000666667	0	6.5	1	40	1	0.000666667	0.6	6.94444e-05	
2758	2759	2	-9999	0	-9999	0	2477.57	0.0113014	0.000666667	0	6.5	1	40	1	0.000666667	0.6	6.94444e-05	
2759	2760	2	-9999	0	-9999	0	2519.92	0.0115083	0.000666667	0	6.5	1	40	1	0.000666667	0.6	6.94444e-05	
2760	2761	2	-9999	0	-9999	0	2502.26	0.0115895	0.000666667	0	6.5	1	40	1	0.000666667	0.6	6.94444e-05	
2761	2762	2	-9999	0	-9999	0	2432.08	0.00205585	0.000666667	0	6.5	1	40	1	0.000666667	0.6	6.94444e-05	
2762	2763	2	-9999	0	-9999	0	2521.96	0.00555123	0.000666667	0	6.5	1	40	1	0.000666667	0.6	6.94444e-05	
2763	2764	2	-9999	0	-9999	0	2481.68	0.00725316	0.000666667	0	6.5	1	40	1	0.000666667	0.6	6.94444e-05	
2764	2765	2	-9999	0	-9999	0	2429.18	0.00699824	0.000666667	0	6.5	1	40	1	0.000666667	0.6	6.94444e-05	
2765	2577	2	-9999	0	-9999	0	2476.57	0.0004	0.000666667	0	6.5	1	40	1	0.000666667	0.6	6.94444e-05	
2766	2767	1	-9999	0	-9999	0	2023.19	0.0380586	0.000666667	0	6	1	20	1	0.000666667	0.6	6.94444e-05	
2767	2768	1	-9999	0	-9999	0	2057.57	0.0335346	0.000666667	0	6	1	20	1	0.000666667	0.6	6.94444e-05	
2768	2769	1	-9999	0	-9999	0	2030.7	0.0428423	0.000666667	0	6	1	20	1	0.000666667	0.6	6.94444e-05	
2769	2770	1	-9999	0	-9999	0	2039.66	0.0181403	0.000666667	0	6	1	20	1	0.000666667	0.6	6.94444e-05	
2770	2771	1	-9999	0	-9999	0	2084.94	0.0225427	0.000666667	0	6	1	20	1	0.000666667	0.6	6.94444e-05	
2771	2601	1	-9999	0	-9999	0	2039.81	0.0333365	0.000666667	0	6	1	20	1	0.000666667	0.6	6.94444e-05	
2772	2773	1	-9999	0	-9999	0	2276.7	0.0149339	0.000666667	0	6	1	20	1	0.000666667	0.6	6.94444e-05	
2773	2774	1	-9999	0	-9999	0	2240.62	0.0111576	0.000666667	0	6	1	20	1	0.000666667	0.6	6.94444e-05	
2774	2775	1	-9999	0	-9999	0	2242.91	0.0151589	0.000666667	0	6	1	20	1	0.000666667	0.6	6.94444e-05	
2775	2776	1	-9999	0	-9999	0	2328.75	0.0141707	0.000666667	0	6	1	20	1	0.000666667	0.6	6.94444e-05	
2776	2777	1	-9999	0	-9999	0	2249.96	0.0106669	0.000666667	0	6	1	20	1	0.000666667	0.6	6.94444e-05	
2777	2596	1	-9999	0	-9999	0	2270.44	0.0110111	0.000666667	0	6	1	20	1	0.000666667	0.6	6.94444e-05	
2778	2779	1	-9999	0	-9999	0	2431.83	0.0300186	0.000666667	0	6	1	20	1	0.000666667	0.6	6.94444e-05	
2779	2780	1	-9999	0	-9999	0	2484.14	0.0293864	0.000666667	0	6	1	20	1	0.000666667	0.6	6.94444e-05	
2780	2781	1	-9999	0	-9999	0	2437.15	0.0459554	0.000666667	0	6	1	20	1	0.000666667	0.6	6.94444e-05	
2781	1961	1	-9999	0	-9999	0	2394.2	0.030908	0.000666667	0	6	1	20	1	0.000666667	0.6	6.94444e-05	
2782	2783	1	-9999	0	-9999	0	2240.62	0.0178522	0.000666667	0	6	1	20	1	0.000666667	0.6	6.94444e-05	
2783	2784	1	-9999	0	-9999	0	2283.59	0.0389738	0.000666667	0	6	1	20	1	0.000666667	0.6	6.94444e-05	
2784	2785	1	-9999	0	-9999	0	2198.01	0.0345767	0.000666667	0	6	1	20	1	0.000666667	0.6	6.94444e-05	
2785	2597	1	-9999	0	-9999	0	2240.97	0.022758	0.000666667	0	6	1	20	1	0.000666667	0.6	6.94444e-05	
2786	2787	1	-9999	0	-9999	0	2400.49	0.0249949	0.000666667	0	6	1	20	1	0.000666667	0.6	6.94444e-05	
2787	2788	1	-9999	0	-9999	0	2319.84	0.0176737	0.000666667	0	6	1	20	1	0.000666667	0.6	6.94444e-05	
2788	2789	1	-9999	0	-9999	0	2373.95	0.0206407	0.000666667	0	6	1	20	1	0.000666667	0.6	6.94444e-05	
2789	2790	1	-9999	0	-9999	0	2358.45	0.0144162	0.000666667	0	6	1	20	1	0.000666667	0.6	6.94444e-05	
2790	2791	1	-9999	0	-9999	0	2338.33	0.013685	0.000666667	0	6	1	20	1	0.000666667	0.6	6.94444e-05	
2791	2582	1	-9999	0	-9999	0	2417.76	0.0177851	0.000666667	0	6	1	20	1	0.000666667	0.6	6.94444e-05	
2792	2601	1	-9999	0	-9999	0	2752.9	0.0323295	0.000666667	0	6	1	20	1	0.000666667	0.6	6.94444e-05	
2793	2794	2	-9999	0	-9999	0	1664.17	0.024036	0.000666667	0	6.5	1	40	1	0.000666667	0.6	6.94444e-05	
2794	2609	2	-9999	0	-9999	0	1684.24	0.0029687	0.000666667	0	6.5	1	40	1	0.000666667	0.6	6.94444e-05	
2795	2793	2	-9999	0	-9999	0	72.4322	0.0004	0.000666667	0	6.5	1	40	1	0.000666667	0.6	6.94444e-05	
2796	2797	2	-9999	0	-9999	0	2426.12	0.0189603	0.000666667	0	6.5	1	40	1	0.000666667	0.6	6.94444e-05	
2797	2798	2	-9999	0	-9999	0	2391.73	0.00752595	0.000666667	0	6.5	1	40	1	0.000666667	0.6	6.94444e-05	
2798	2799	2	-9999	0	-9999	0	2431.23	0.0271468	0.000666667	0	6.5	1	40	1	0.000666667	0.6	6.94444e-05	
2799	2800	2	-9999	0	-9999	0	2429.04	0.0172908	0.000666667	0	6.5	1	40	1	0.000666667	0.6	6.94444e-05	
2800	2801	2	-9999	0	-9999	0	2378.64	0.00924896	0.000666667	0	6.5	1	40	1	0.000666667	0.6	6.94444e-05	
2801	2795	2	-9999	0	-9999	0	2476.05	0.0189819	0.000666667	0	6.5	1	40	1	0.000666667	0.6	6.94444e-05	
2802	2803	1	-9999	0	-9999	0	1744.7	0.00401215	0.000666667	0	6	1	20	1	0.000666667	0.6	6.94444e-05	
2803	2804	1	-9999	0	-9999	0	1701.75	0.00528866	0.000666667	0	6	1	20	1	0.000666667	0.6	6.94444e-05	
2804	2805	1	-9999	0	-9999	0	1681.37	0.00356851	0.000666667	0	6	1	20	1	0.000666667	0.6	6.94444e-05	
2805	2806	1	-9999	0	-9999	0	1773.81	0.00394631	0.000666667	0	6	1	20	1	0.000666667	0.6	6.94444e-05	
2806	2807	1	-9999	0	-9999	0	1739.9	0.000574745	0.000666667	0	6	1	20	1	0.000666667	0.6	6.94444e-05	
2807	1944	1	-9999	0	-9999	0	1775.95	0.0004	0.000666667	0	6	1	20	1	0.000666667	0.6	6.94444e-05	
2808	2597	2	-9999	0	-9999	0	1354.25	0.0103378	0.000666667	0	6.5	1	40	1	0.000666667	0.6	6.94444e-05	
2809	2810	2	-9999	0	-9999	0	1995.02	0.0225561	0.000666667	0	6.5	1	40	1	0.000666667	0.6	6.94444e-05	
2810	2808	2	-9999	0	-9999	0	1986.16	0.0171185	0.000666667	0	6.5	1	40	1	0.000666667	0.6	6.94444e-05	
2811	2812	2	-9999	0	-9999	0	1905.49	0.0309631	0.000666667	0	6.5	1	40	1	0.000666667	0.6	6.94444e-05	
2812	2813	2	-9999	0	-9999	0	1833.3	0.0174549	0.000666667	0	6.5	1	40	1	0.000666667	0.6	6.94444e-05	
2813	2814	2	-9999	0	-9999	0	1903.42	0.0246924	0.000666667	0	6.5	1	40	1	0.000666667	0.6	6.94444e-05	
2814	2815	2	-9999	0	-9999	0	1831.24	0.014198	0.000666667	0	6.5	1	40	1	0.000666667	0.6	6.94444e-05	
2815	2816	2	-9999	0	-9999	0	1930.85	0.0191625	0.000666667	0	6.5	1	40	1	0.000666667	0.6	6.94444e-05	
2816	2817	2	-9999	0	-9999	0	1908.34	0.0277728	0.000666667	0	6.5	1	40	1	0.000666667	0.6	6.94444e-05	
2817	2818	2	-9999	0	-9999	0	1838.55	0.0184929	0.000666667	0	6.5	1	40	1	0.000666667	0.6	6.94444e-05	
2818	2796	2	-9999	0	-9999	0	1864.62	0.0198432	0.000666667	0	6.5	1	40	1	0.000666667	0.6	6.94444e-05	
2819	2820	2	-9999	0	-9999	0	1722.05	0.0278738	0.000666667	0	6.5	1	40	1	0.000666667	0.6	6.94444e-05	
2820	2821	2	-9999	0	-9999	0	1771.8	0.0558752	0.000666667	0	6.5	1	40	1	0.000666667	0.6	6.94444e-05	
2821	2822	2	-9999	0	-9999	0	1771.72	0.0158038	0.000666667	0	6.5	1	40	1	0.000666667	0.6	6.94444e-05	
2822	2823	2	-9999	0	-9999	0	1658.92	0.0596775	0.000666667	0	6.5	1	40	1	0.000666667	0.6	6.94444e-05	
2823	2824	2	-9999	0	-9999	0	1751.35	0.0182716	0.000666667	0	6.5	1	40	1	0.000666667	0.6	6.94444e-05	
2824	2536	2	-9999	0	-9999	0	1717.57	0.0506529	0.000666667	0	6.5	1	40	1	0.000666667	0.6	6.94444e-05	
2825	2826	2	-9999	0	-9999	0	2158.72	0.031037	0.000666667	0	6.5	1	40	1	0.000666667	0.6	6.94444e-05	
2826	2827	2	-9999	0	-9999	0	2135.59	0.0440159	0.000666667	0	6.5	1	40	1	0.000666667	0.6	6.94444e-05	
2827	2828	2	-9999	0	-9999	0	2155.7	0.0533471	0.000666667	0	6.5	1	40	1	0.000666667	0.6	6.94444e-05	
2828	2829	2	-9999	0	-9999	0	2191.39	0.0378756	0.000666667	0	6.5	1	40	1	0.000666667	0.6	6.94444e-05	
2829	2830	2	-9999	0	-9999	0	2198.17	0.0432177	0.000666667	0	6.5	1	40	1	0.000666667	0.6	6.94444e-05	
2830	2041	2	-9999	0	-9999	0	2130.36	0.0455321	0.000666667	0	6.5	1	40	1	0.000666667	0.6	6.94444e-05	
2831	2793	1	-9999	0	-9999	0	1762.22	0.089092	0.000666667	0	6	1	20	1	0.000666667	0.6	6.94444e-05	
2832	2603	1	-9999	0	-9999	0	1132.18	0.00971576	0.000666667	0	6	1	20	1	0.000666667	0.6	6.94444e-05	
2833	2795	1	-9999	0	-9999	0	1444.93	0.104504	0.000666667	0	6	1	20	1	0.000666667	0.6	6.94444e-05	
2834	2835	1	-9999	0	-9999	0	2198.24	0.0136473	0.000666667	0	6	1	20	1	0.000666667	0.6	6.94444e-05	
2835	2836	1	-9999	0	-9999	0	2170.86	0.0133588	0.000666667	0	6	1	20	1	0.000666667	0.6	6.94444e-05	
2836	2837	1	-9999	0	-9999	0	2143.52	0.0111965	0.000666667	0	6	1	20	1	0.000666667	0.6	6.94444e-05	
2837	2838	1	-9999	0	-9999	0	2153.9	0.00835692	0.000666667	0	6	1	20	1	0.000666667	0.6	6.94444e-05	
2838	2839	1	-9999	0	-9999	0	2146.59	0.0102488	0.000666667	0	6	1	20	1	0.000666667	0.6	6.94444e-05	
2839	2551	1	-9999	0	-9999	0	2216.5	0.0171442	0.000666667	0	6	1	20	1	0.000666667	0.6	6.94444e-05	
2840	2841	1	-9999	0	-9999	0	1874.57	0.0645482	0.000666667	0	6	1	20	1	0.000666667	0.6	6.94444e-05	
2841	2842	1	-9999	0	-9999	0	1907.34	0.0629147	0.000666667	0	6	1	20	1	0.000666667	0.6	6.94444e-05	
2842	2843	1	-9999	0	-9999	0	1839.74	0.0766414	0.000666667	0	6	1	20	1	0.000666667	0.6	6.94444e-05	
2843	2583	1	-9999	0	-9999	0	1957.14	0.0531389	0.000666667	0	6	1	20	1	0.000666667	0.6	6.94444e-05	
2844	3106	1	-9999	0	-9999	0	2618.83	0.00878256	0.000666667	0	6	1	20	1	0.000666667	0.6	6.94444e-05	
2845	2846	1	-9999	0	-9999	0	2313.6	0.0540283	0.000666667	0	6	1	20	1	0.000666667	0.6	6.94444e-05	
2846	2317	1	-9999	0	-9999	0	2402.23	0.0557814	0.000666667	0	6	1	20	1	0.000666667	0.6	6.94444e-05	
2847	2388	1	-9999	0	-9999	0	2851.92	0.0196359	0.000666667	0	6	1	20	1	0.000666667	0.6	6.94444e-05	
2848	2573	1	-9999	0	-9999	0	1419.01	0.0303027	0.000666667	0	6	1	20	1	0.000666667	0.6	6.94444e-05	
2849	2850	1	-9999	0	-9999	0	1847.06	0.0157006	0.000666667	0	6	1	20	1	0.000666667	0.6	6.94444e-05	
2850	3390	1	-9999	0	-9999	0	1944.5	0.0154281	0.000666667	0	6	1	20	1	0.000666667	0.6	6.94444e-05	
2851	2852	1	-9999	0	-9999	0	2098.52	0.0123897	0.000666667	0	6	1	20	1	0.000666667	0.6	6.94444e-05	
2852	2558	1	-9999	0	-9999	0	2055.62	0.0145941	0.000666667	0	6	1	20	1	0.000666667	0.6	6.94444e-05	
2853	2854	1	-9999	0	-9999	0	2131.72	0.0173569	0.000666667	0	6	1	20	1	0.000666667	0.6	6.94444e-05	
2854	2855	1	-9999	0	-9999	0	2057.01	0.00875056	0.000666667	0	6	1	20	1	0.000666667	0.6	6.94444e-05	
2855	2856	1	-9999	0	-9999	0	2094.14	0.00668532	0.000666667	0	6	1	20	1	0.000666667	0.6	6.94444e-05	
2856	3390	1	-9999	0	-9999	0	2061.26	0.00921768	0.000666667	0	6	1	20	1	0.000666667	0.6	6.94444e-05	
2857	2858	1	-9999	0	-9999	0	2331.96	0.0154377	0.000666667	0	6	1	20	1	0.000666667	0.6	6.94444e-05	
2858	2563	1	-9999	0	-9999	0	2304.53	0.0147536	0.000666667	0	6	1	20	1	0.000666667	0.6	6.94444e-05	
2859	2860	1	-9999	0	-9999	0	2063.98	0.027132	0.000666667	0	6	1	20	1	0.000666667	0.6	6.94444e-05	
2860	2861	1	-9999	0	-9999	0	1989.07	0.0251374	0.000666667	0	6	1	20	1	0.000666667	0.6	6.94444e-05	
2861	2862	1	-9999	0	-9999	0	2056.56	0.02334	0.000666667	0	6	1	20	1	0.000666667	0.6	6.94444e-05	
2862	2377	1	-9999	0	-9999	0	2056.45	0.0111843	0.000666667	0	6	1	20	1	0.000666667	0.6	6.94444e-05	
2863	2383	1	-9999	0	-9999	0	1097.1	0.000911495	0.000666667	0	6	1	20	1	0.000666667	0.6	6.94444e-05	
2864	2865	1	-9999	0	-9999	0	2291.49	0.0344754	0.000666667	0	6	1	20	1	0.000666667	0.6	6.94444e-05	
2865	2819	1	-9999	0	-9999	0	2319.38	0.0461331	0.000666667	0	6	1	20	1	0.000666667	0.6	6.94444e-05	
2866	2380	1	-9999	0	-9999	0	2226.2	0.0170695	0.000666667	0	6	1	20	1	0.000666667	0.6	6.94444e-05	
2867	2868	1	-9999	0	-9999	0	1894.2	0.0263963	0.000666667	0	6	1	20	1	0.000666667	0.6	6.94444e-05	
2868	2869	1	-9999	0	-9999	0	2009.26	0.0413088	0.000666667	0	6	1	20	1	0.000666667	0.6	6.94444e-05	
2869	2870	1	-9999	0	-9999	0	1864.65	0.0278872	0.000666667	0	6	1	20	1	0.000666667	0.6	6.94444e-05	
2870	2871	1	-9999	0	-9999	0	1939.58	0.0273255	0.000666667	0	6	1	20	1	0.000666667	0.6	6.94444e-05	
2871	2872	1	-9999	0	-9999	0	1919.57	0.00781425	0.000666667	0	6	1	20	1	0.000666667	0.6	6.94444e-05	
2872	2873	1	-9999	0	-9999	0	1974.46	0.0298816	0.000666667	0	6	1	20	1	0.000666667	0.6	6.94444e-05	
2873	2874	1	-9999	0	-9999	0	1954.49	0.0209773	0.000666667	0	6	1	20	1	0.000666667	0.6	6.94444e-05	
2874	2395	1	-9999	0	-9999	0	1874.74	0.036805	0.000666667	0	6	1	20	1	0.000666667	0.6	6.94444e-05	
2875	2876	1	-9999	0	-9999	0	2335.32	0.0453899	0.000666667	0	6	1	20	1	0.000666667	0.6	6.94444e-05	
2876	2877	1	-9999	0	-9999	0	2323.24	0.0593998	0.000666667	0	6	1	20	1	0.000666667	0.6	6.94444e-05	
2877	2878	1	-9999	0	-9999	0	2278.19	0.0517956	0.000666667	0	6	1	20	1	0.000666667	0.6	6.94444e-05	
2878	2879	1	-9999	0	-9999	0	2350.56	0.0421176	0.000666667	0	6	1	20	1	0.000666667	0.6	6.94444e-05	
2879	2880	1	-9999	0	-9999	0	2251	0.0377611	0.000666667	0	6	1	20	1	0.000666667	0.6	6.94444e-05	
2880	2566	1	-9999	0	-9999	0	2353.41	0.0310188	0.000666667	0	6	1	20	1	0.000666667	0.6	6.94444e-05	
2881	2882	1	-9999	0	-9999	0	2502.37	0.014786	0.000666667	0	6	1	20	1	0.000666667	0.6	6.94444e-05	
2882	2575	1	-9999	0	-9999	0	2495.14	0.0148288	0.000666667	0	6	1	20	1	0.000666667	0.6	6.94444e-05	
2883	2884	1	-9999	0	-9999	0	2176.27	0.0289486	0.000666667	0	6	1	20	1	0.000666667	0.6	6.94444e-05	
2884	2375	1	-9999	0	-9999	0	2148.96	0.0228017	0.000666667	0	6	1	20	1	0.000666667	0.6	6.94444e-05	
2885	2819	1	-9999	0	-9999	0	789.885	0.0582363	0.000666667	0	6	1	20	1	0.000666667	0.6	6.94444e-05	
2886	2887	1	-9999	0	-9999	0	2132	0.0389307	0.000666667	0	6	1	20	1	0.000666667	0.6	6.94444e-05	
2887	2825	1	-9999	0	-9999	0	2178.51	0.0348862	0.000666667	0	6	1	20	1	0.000666667	0.6	6.94444e-05	
2888	2889	1	-9999	0	-9999	0	1499.83	0.015335	0.000666667	0	6	1	20	1	0.000666667	0.6	6.94444e-05	
2889	2890	1	-9999	0	-9999	0	1509.04	0.0139161	0.000666667	0	6	1	20	1	0.000666667	0.6	6.94444e-05	
2890	2891	1	-9999	0	-9999	0	1481.82	0.0155214	0.000666667	0	6	1	20	1	0.000666667	0.6	6.94444e-05	
2891	2580	1	-9999	0	-9999	0	1582.94	0.0151617	0.000666667	0	6	1	20	1	0.000666667	0.6	6.94444e-05	
2892	2893	1	-9999	0	-9999	0	2778.7	0.0417462	0.000666667	0	6	1	20	1	0.000666667	0.6	6.94444e-05	
2893	2542	1	-9999	0	-9999	0	2678.99	0.0757747	0.000666667	0	6	1	20	1	0.000666667	0.6	6.94444e-05	
2894	2895	1	-9999	0	-9999	0	2123.33	0.0405024	0.000666667	0	6	1	20	1	0.000666667	0.6	6.94444e-05	
2895	2896	1	-9999	0	-9999	0	2154.6	0.0148519	0.000666667	0	6	1	20	1	0.000666667	0.6	6.94444e-05	
2896	2897	1	-9999	0	-9999	0	2109.59	0.0616234	0.000666667	0	6	1	20	1	0.000666667	0.6	6.94444e-05	
2897	2898	1	-9999	0	-9999	0	2161.85	0.0333048	0.000666667	0	6	1	20	1	0.000666667	0.6	6.94444e-05	
2898	2899	1	-9999	0	-9999	0	2121.49	0.0372379	0.000666667	0	6	1	20	1	0.000666667	0.6	6.94444e-05	
2899	2900	1	-9999	0	-9999	0	2100.6	0.0495097	0.000666667	0	6	1	20	1	0.000666667	0.6	6.94444e-05	
2900	2901	1	-9999	0	-9999	0	2132.73	0.0417306	0.000666667	0	6	1	20	1	0.000666667	0.6	6.94444e-05	
2901	2902	1	-9999	0	-9999	0	2097.21	0.0390995	0.000666667	0	6	1	20	1	0.000666667	0.6	6.94444e-05	
2902	2903	1	-9999	0	-9999	0	2195.87	0.0336996	0.000666667	0	6	1	20	1	0.000666667	0.6	6.94444e-05	
2903	2796	1	-9999	0	-9999	0	2097.53	0.0290818	0.000666667	0	6	1	20	1	0.000666667	0.6	6.94444e-05	
2904	2905	1	-9999	0	-9999	0	1949.81	0.0194891	0.000666667	0	6	1	20	1	0.000666667	0.6	6.94444e-05	
2905	2906	1	-9999	0	-9999	0	1889.38	0.0179953	0.000666667	0	6	1	20	1	0.000666667	0.6	6.94444e-05	
2906	2907	1	-9999	0	-9999	0	1914.38	0.0219392	0.000666667	0	6	1	20	1	0.000666667	0.6	6.94444e-05	
2907	2552	1	-9999	0	-9999	0	1896.76	0.0163436	0.000666667	0	6	1	20	1	0.000666667	0.6	6.94444e-05	
2908	2825	1	-9999	0	-9999	0	1149.13	0.034809	0.000666667	0	6	1	20	1	0.000666667	0.6	6.94444e-05	
2909	2910	1	-9999	0	-9999	0	2384.96	0.0247383	0.000666667	0	6	1	20	1	0.000666667	0.6	6.94444e-05	
2910	2911	1	-9999	0	-9999	0	2318.91	0.0176808	0.000666667	0	6	1	20	1	0.000666667	0.6	6.94444e-05	
2911	2912	1	-9999	0	-9999	0	2384.22	0.0239071	0.000666667	0	6	1	20	1	0.000666667	0.6	6.94444e-05	
2912	2548	1	-9999	0	-9999	0	2323.6	0.0309864	0.000666667	0	6	1	20	1	0.000666667	0.6	6.94444e-05	
2913	2811	1	-9999	0	-9999	0	1185.47	0.0236193	0.000666667	0	6	1	20	1	0.000666667	0.6	6.94444e-05	
2914	2915	1	-9999	0	-9999	0	1498.86	0.106081	0.000666667	0	6	1	20	1	0.000666667	0.6	6.94444e-05	
2915	2916	1	-9999	0	-9999	0	1561.79	0.0902809	0.000666667	0	6	1	20	1	0.000666667	0.6	6.94444e-05	
2916	2917	1	-9999	0	-9999	0	1579.66	0.0816631	0.000666667	0	6	1	20	1	0.000666667	0.6	6.94444e-05	
2917	2048	1	-9999	0	-9999	0	1591.14	0.0333094	0.000666667	0	6	1	20	1	0.000666667	0.6	6.94444e-05	
2918	2589	1	-9999	0	-9999	0	1779.23	0.0151751	0.000666667	0	6	1	20	1	0.000666667	0.6	6.94444e-05	
2919	2920	1	-9999	0	-9999	0	1803.61	0.0598799	0.000666667	0	6	1	20	1	0.000666667	0.6	6.94444e-05	
2920	2921	1	-9999	0	-9999	0	1920.89	0.0494561	0.000666667	0	6	1	20	1	0.000666667	0.6	6.94444e-05	
2921	2922	1	-9999	0	-9999	0	1859.88	0.00752736	0.000666667	0	6	1	20	1	0.000666667	0.6	6.94444e-05	
2922	2370	1	-9999	0	-9999	0	1794.4	0.0004	0.000666667	0	6	1	20	1	0.000666667	0.6	6.94444e-05	
2923	2924	1	-9999	0	-9999	0	2461.02	0.0479477	0.000666667	0	6	1	20	1	0.000666667	0.6	6.94444e-05	
2924	2925	1	-9999	0	-9999	0	2415.59	0.018629	0.000666667	0	6	1	20	1	0.000666667	0.6	6.94444e-05	
2925	2926	1	-9999	0	-9999	0	2418.2	0.0384583	0.000666667	0	6	1	20	1	0.000666667	0.6	6.94444e-05	
2926	2927	1	-9999	0	-9999	0	2448.74	0.0314447	0.000666667	0	6	1	20	1	0.000666667	0.6	6.94444e-05	
2927	2928	1	-9999	0	-9999	0	2472.98	0.021836	0.000666667	0	6	1	20	1	0.000666667	0.6	6.94444e-05	
2928	2560	1	-9999	0	-9999	0	2459.95	0.031708	0.000666667	0	6	1	20	1	0.000666667	0.6	6.94444e-05	
2929	2930	1	-9999	0	-9999	0	2388.26	0.033916	0.000666667	0	6	1	20	1	0.000666667	0.6	6.94444e-05	
2930	2931	1	-9999	0	-9999	0	2376.68	0.0252453	0.000666667	0	6	1	20	1	0.000666667	0.6	6.94444e-05	
2931	2932	1	-9999	0	-9999	0	2413.52	0.0285889	0.000666667	0	6	1	20	1	0.000666667	0.6	6.94444e-05	
2932	2933	1	-9999	0	-9999	0	2420.89	0.0338718	0.000666667	0	6	1	20	1	0.000666667	0.6	6.94444e-05	
2933	2934	1	-9999	0	-9999	0	2439.86	0.0315591	0.000666667	0	6	1	20	1	0.000666667	0.6	6.94444e-05	
2934	2935	1	-9999	0	-9999	0	2348.76	0.0272484	0.000666667	0	6	1	20	1	0.000666667	0.6	6.94444e-05	
2935	2936	1	-9999	0	-9999	0	2385.58	0.0192825	0.000666667	0	6	1	20	1	0.000666667	0.6	6.94444e-05	
2936	2385	1	-9999	0	-9999	0	2363.02	0.0224289	0.000666667	0	6	1	20	1	0.000666667	0.6	6.94444e-05	
2937	2938	1	-9999	0	-9999	0	1650.15	0.0551464	0.000666667	0	6	1	20	1	0.000666667	0.6	6.94444e-05	
2938	2534	1	-9999	0	-9999	0	1611.49	0.0359916	0.000666667	0	6	1	20	1	0.000666667	0.6	6.94444e-05	
2939	2940	1	-9999	0	-9999	0	2185.41	0.0118971	0.000666667	0	6	1	20	1	0.000666667	0.6	6.94444e-05	
2940	2941	1	-9999	0	-9999	0	2122.32	0.0169625	0.000666667	0	6	1	20	1	0.000666667	0.6	6.94444e-05	
2941	2942	1	-9999	0	-9999	0	2085.79	0.0254101	0.000666667	0	6	1	20	1	0.000666667	0.6	6.94444e-05	
2942	2943	1	-9999	0	-9999	0	2155.96	0.0208724	0.000666667	0	6	1	20	1	0.000666667	0.6	6.94444e-05	
2943	2944	1	-9999	0	-9999	0	2176.16	0.028031	0.000666667	0	6	1	20	1	0.000666667	0.6	6.94444e-05	
2944	2945	1	-9999	0	-9999	0	2141.98	0.0140057	0.000666667	0	6	1	20	1	0.000666667	0.6	6.94444e-05	
2945	2946	1	-9999	0	-9999	0	2174.16	0.017478	0.000666667	0	6	1	20	1	0.000666667	0.6	6.94444e-05	
2946	2947	1	-9999	0	-9999	0	2106.71	0.0161389	0.000666667	0	6	1	20	1	0.000666667	0.6	6.94444e-05	
2947	2948	1	-9999	0	-9999	0	2149.45	0.0139571	0.000666667	0	6	1	20	1	0.000666667	0.6	6.94444e-05	
2948	2550	1	-9999	0	-9999	0	2124.61	0.0122375	0.000666667	0	6	1	20	1	0.000666667	0.6	6.94444e-05	
2949	2950	1	-9999	0	-9999	0	1764.7	0.0340001	0.000666667	0	6	1	20	1	0.000666667	0.6	6.94444e-05	
2950	2951	1	-9999	0	-9999	0	1753.91	0.0165345	0.000666667	0	6	1	20	1	0.000666667	0.6	6.94444e-05	
2951	2952	1	-9999	0	-9999	0	1753.99	0.0239454	0.000666667	0	6	1	20	1	0.000666667	0.6	6.94444e-05	
2952	2953	1	-9999	0	-9999	0	1746.98	0.0217518	0.000666667	0	6	1	20	1	0.000666667	0.6	6.94444e-05	
2953	2954	1	-9999	0	-9999	0	1729.25	0.0185051	0.000666667	0	6	1	20	1	0.000666667	0.6	6.94444e-05	
2954	2562	1	-9999	0	-9999	0	1758.98	0.024446	0.000666667	0	6	1	20	1	0.000666667	0.6	6.94444e-05	
2955	2592	1	-9999	0	-9999	0	1733.73	0.0103822	0.000666667	0	6	1	20	1	0.000666667	0.6	6.94444e-05	
2956	2371	1	-9999	0	-9999	0	896.111	0.00892747	0.000666667	0	6	1	20	1	0.000666667	0.6	6.94444e-05	
2957	2958	1	-9999	0	-9999	0	1803.45	0.0526769	0.000666667	0	6	1	20	1	0.000666667	0.6	6.94444e-05	
2958	2959	1	-9999	0	-9999	0	1882.09	0.0557891	0.000666667	0	6	1	20	1	0.000666667	0.6	6.94444e-05	
2959	2960	1	-9999	0	-9999	0	1841.68	0.0238912	0.000666667	0	6	1	20	1	0.000666667	0.6	6.94444e-05	
2960	2961	1	-9999	0	-9999	0	1789.65	0.0592294	0.000666667	0	6	1	20	1	0.000666667	0.6	6.94444e-05	
2961	2962	1	-9999	0	-9999	0	1828.81	0.0311677	0.000666667	0	6	1	20	1	0.000666667	0.6	6.94444e-05	
2962	2382	1	-9999	0	-9999	0	1804.01	0.0376939	0.000666667	0	6	1	20	1	0.000666667	0.6	6.94444e-05	
2963	2964	1	-9999	0	-9999	0	2645.57	0.0158756	0.000666667	0	6	1	20	1	0.000666667	0.6	6.94444e-05	
2964	2808	1	-9999	0	-9999	0	2749.1	0.0214616	0.000666667	0	6	1	20	1	0.000666667	0.6	6.94444e-05	
2965	2966	1	-9999	0	-9999	0	2220.9	0.0144086	0.000666667	0	6	1	20	1	0.000666667	0.6	6.94444e-05	
2966	2967	1	-9999	0	-9999	0	2259.78	0.0168158	0.000666667	0	6	1	20	1	0.000666667	0.6	6.94444e-05	
2967	2968	1	-9999	0	-9999	0	2266.27	0.0141201	0.000666667	0	6	1	20	1	0.000666667	0.6	6.94444e-05	
2968	2569	1	-9999	0	-9999	0	2201.08	0.0159013	0.000666667	0	6	1	20	1	0.000666667	0.6	6.94444e-05	
2969	2970	1	-9999	0	-9999	0	2566.07	0.0631315	0.000666667	0	6	1	20	1	0.000666667	0.6	6.94444e-05	
2970	2811	1	-9999	0	-9999	0	2633.85	0.042903	0.000666667	0	6	1	20	1	0.000666667	0.6	6.94444e-05	
2971	2048	1	-9999	0	-9999	0	2257.22	0.0850604	0.000666667	0	6	1	20	1	0.000666667	0.6	6.94444e-05	
2972	1876	1	-9999	0	-9999	0	189.596	0.0632926	0.000666667	0	6	1	20	1	0.000666667	0.6	6.94444e-05	
2973	2596	1	-9999	0	-9999	0	1313.57	0.0091354	0.000666667	0	6	1	20	1	0.000666667	0.6	6.94444e-05	
2974	2975	1	-9999	0	-9999	0	2378.59	0.0105104	0.000666667	0	6	1	20	1	0.000666667	0.6	6.94444e-05	
2975	2976	1	-9999	0	-9999	0	2419.22	0.0260415	0.000666667	0	6	1	20	1	0.000666667	0.6	6.94444e-05	
2976	2977	1	-9999	0	-9999	0	2383.14	0.0197218	0.000666667	0	6	1	20	1	0.000666667	0.6	6.94444e-05	
2977	2809	1	-9999	0	-9999	0	2392.23	0.0254992	0.000666667	0	6	1	20	1	0.000666667	0.6	6.94444e-05	
2978	2809	1	-9999	0	-9999	0	1719.62	0.0215164	0.000666667	0	6	1	20	1	0.000666667	0.6	6.94444e-05	
2979	2980	1	-9999	0	-9999	0	1931.41	0.032101	0.000666667	0	6	1	20	1	0.000666667	0.6	6.94444e-05	
2980	2041	1	-9999	0	-9999	0	1859.22	0.0279687	0.000666667	0	6	1	20	1	0.000666667	0.6	6.94444e-05	
2981	2982	1	-9999	0	-9999	0	2252.08	0.0497318	0.000666667	0	6	1	20	1	0.000666667	0.6	6.94444e-05	
2982	2983	1	-9999	0	-9999	0	2170.98	0.0538926	0.000666667	0	6	1	20	1	0.000666667	0.6	6.94444e-05	
2983	2984	1	-9999	0	-9999	0	2286.49	0.0446099	0.000666667	0	6	1	20	1	0.000666667	0.6	6.94444e-05	
2984	2985	1	-9999	0	-9999	0	2239.29	0.0410844	0.000666667	0	6	1	20	1	0.000666667	0.6	6.94444e-05	
2985	2986	1	-9999	0	-9999	0	2248.25	0.0458135	0.000666667	0	6	1	20	1	0.000666667	0.6	6.94444e-05	
2986	2378	1	-9999	0	-9999	0	2158.16	0.0222411	0.000666667	0	6	1	20	1	0.000666667	0.6	6.94444e-05	
2987	2988	1	-9999	0	-9999	0	1906.8	0.0492973	0.000666667	0	6	1	20	1	0.000666667	0.6	6.94444e-05	
2988	2989	1	-9999	0	-9999	0	1938.58	0.0433308	0.000666667	0	6	1	20	1	0.000666667	0.6	6.94444e-05	
2989	2990	1	-9999	0	-9999	0	1963.52	0.0397246	0.000666667	0	6	1	20	1	0.000666667	0.6	6.94444e-05	
2990	2991	1	-9999	0	-9999	0	1970.59	0.0497314	0.000666667	0	6	1	20	1	0.000666667	0.6	6.94444e-05	
2991	2992	1	-9999	0	-9999	0	1948.1	0.0323391	0.000666667	0	6	1	20	1	0.000666667	0.6	6.94444e-05	
2992	2373	1	-9999	0	-9999	0	1930.16	0.00414473	0.000666667	0	6	1	20	1	0.000666667	0.6	6.94444e-05	
2993	2325	4	-9999	0	-9999	0	117.51	0.0340397	0.000666667	0	7.5	1	80	1	0.000666667	0.6	6.94444e-05	
2994	2995	4	-9999	0	-9999	0	2313.11	0.0004	0.000666667	0	7.5	1	80	1	0.000666667	0.6	6.94444e-05	
2995	2996	4	-9999	0	-9999	0	2312.98	0.0596633	0.000666667	0	7.5	1	80	1	0.000666667	0.6	6.94444e-05	
2996	2997	4	-9999	0	-9999	0	2292.88	0.0157007	0.000666667	0	7.5	1	80	1	0.000666667	0.6	6.94444e-05	
2997	2998	4	-9999	0	-9999	0	2330.43	0.00557837	0.000666667	0	7.5	1	80	1	0.000666667	0.6	6.94444e-05	
2998	2999	4	-9999	0	-9999	0	2322.69	0.0004	0.000666667	0	7.5	1	80	1	0.000666667	0.6	6.94444e-05	
2999	2993	4	-9999	0	-9999	0	2355.05	0.0263264	0.000666667	0	7.5	1	80	1	0.000666667	0.6	6.94444e-05	
3000	3001	4	-9999	0	-9999	0	2152.58	0.0181178	0.000666667	0	7.5	1	80	1	0.000666667	0.6	6.94444e-05	
3001	3002	4	-9999	0	-9999	0	2061.4	0.0004	0.000666667	0	7.5	1	80	1	0.000666667	0.6	6.94444e-05	
3002	3003	4	-9999	0	-9999	0	2136.64	0.0102965	0.000666667	0	7.5	1	80	1	0.000666667	0.6	6.94444e-05	
3003	3004	4	-9999	0	-9999	0	2088.84	0.0004	0.000666667	0	7.5	1	80	1	0.000666667	0.6	6.94444e-05	
3004	3005	4	-9999	0	-9999	0	2194.23	0.0606135	0.000666667	0	7.5	1	80	1	0.000666667	0.6	6.94444e-05	
3005	3006	4	-9999	0	-9999	0	2113.74	0.0004	0.000666667	0	7.5	1	80	1	0.000666667	0.6	6.94444e-05	
3006	3007	4	-9999	0	-9999	0	2120.44	0.0311256	0.000666667	0	7.5	1	80	1	0.000666667	0.6	6.94444e-05	
3007	2994	4	-9999	0	-9999	0	2101.25	0.0004	0.000666667	0	7.5	1	80	1	0.000666667	0.6	6.94444e-05	
3008	3009	4	-9999	0	-9999	0	1685.5	0.0004	0.000666667	0	7.5	1	80	1	0.000666667	0.6	6.94444e-05	
3009	3010	4	-9999	0	-9999	0	1674.76	0.0220927	0.000666667	0	7.5	1	80	1	0.000666667	0.6	6.94444e-05	
3010	3011	4	-9999	0	-9999	0	1672.03	0.0137558	0.000666667	0	7.5	1	80	1	0.000666667	0.6	6.94444e-05	
3011	3012	4	-9999	0	-9999	0	1739.31	0.00632435	0.000666667	0	7.5	1	80	1	0.000666667	0.6	6.94444e-05	
3012	3013	4	-9999	0	-9999	0	1624.18	0.0004	0.000666667	0	7.5	1	80	1	0.000666667	0.6	6.94444e-05	
3013	3000	4	-9999	0	-9999	0	1694.23	0.0212486	0.000666667	0	7.5	1	80	1	0.000666667	0.6	6.94444e-05	
3014	2410	2	-9999	0	-9999	0	2677.43	0.00522889	0.000666667	0	6.5	1	40	1	0.000666667	0.6	6.94444e-05	
3015	3014	2	-9999	0	-9999	0	1222.31	0.0114537	0.000666667	0	6.5	1	40	1	0.000666667	0.6	6.94444e-05	
3016	3015	2	-9999	0	-9999	0	117.514	0.0255288	0.000666667	0	6.5	1	40	1	0.000666667	0.6	6.94444e-05	
3017	3018	3	-9999	0	-9999	0	2508.46	0.0163447	0.000666667	0	7	1	60	1	0.000666667	0.6	6.94444e-05	
3018	3019	3	-9999	0	-9999	0	2505.44	0.0155662	0.000666667	0	7	1	60	1	0.000666667	0.6	6.94444e-05	
3019	3020	3	-9999	0	-9999	0	2471.72	0.0149693	0.000666667	0	7	1	60	1	0.000666667	0.6	6.94444e-05	
3020	3021	3	-9999	0	-9999	0	2401.61	0.0166555	0.000666667	0	7	1	60	1	0.000666667	0.6	6.94444e-05	
3021	3022	3	-9999	0	-9999	0	2569.59	0.0124534	0.000666667	0	7	1	60	1	0.000666667	0.6	6.94444e-05	
3022	3023	3	-9999	0	-9999	0	2491.09	0.0188673	0.000666667	0	7	1	60	1	0.000666667	0.6	6.94444e-05	
3023	3024	3	-9999	0	-9999	0	2505.33	0.010777	0.000666667	0	7	1	60	1	0.000666667	0.6	6.94444e-05	
3024	2396	3	-9999	0	-9999	0	2429.14	0.00946839	0.000666667	0	7	1	60	1	0.000666667	0.6	6.94444e-05	
3025	3026	1	-9999	0	-9999	0	2170.59	0.0230352	0.000666667	0	6	1	20	1	0.000666667	0.6	6.94444e-05	
3026	3027	1	-9999	0	-9999	0	2188.36	0.0283317	0.000666667	0	6	1	20	1	0.000666667	0.6	6.94444e-05	
3027	3028	1	-9999	0	-9999	0	2178.81	0.0224893	0.000666667	0	6	1	20	1	0.000666667	0.6	6.94444e-05	
3028	3029	1	-9999	0	-9999	0	2154.01	0.0255338	0.000666667	0	6	1	20	1	0.000666667	0.6	6.94444e-05	
3029	3030	1	-9999	0	-9999	0	2197.3	0.026396	0.000666667	0	6	1	20	1	0.000666667	0.6	6.94444e-05	
3030	3031	1	-9999	0	-9999	0	2244.57	0.0218305	0.000666667	0	6	1	20	1	0.000666667	0.6	6.94444e-05	
3031	3032	1	-9999	0	-9999	0	2147.24	0.0200257	0.000666667	0	6	1	20	1	0.000666667	0.6	6.94444e-05	
3032	3016	1	-9999	0	-9999	0	2205.1	0.0240352	0.000666667	0	6	1	20	1	0.000666667	0.6	6.94444e-05	
3033	3034	4	-9999	0	-9999	0	2284.99	0.00175056	0.000666667	0	7.5	1	80	1	0.000666667	0.6	6.94444e-05	
3034	3687	4	-9999	0	-9999	0	2248.3	0.0004	0.000666667	0	7.5	1	80	1	0.000666667	0.6	6.94444e-05	
3035	3036	4	-9999	0	-9999	0	2046.62	0.00977223	0.000666667	0	7.5	1	80	1	0.000666667	0.6	6.94444e-05	
3036	3037	4	-9999	0	-9999	0	2089.03	0.00574428	0.000666667	0	7.5	1	80	1	0.000666667	0.6	6.94444e-05	
3037	3038	4	-9999	0	-9999	0	1990.02	0.00452257	0.000666667	0	7.5	1	80	1	0.000666667	0.6	6.94444e-05	
3038	3033	4	-9999	0	-9999	0	2085.36	0.0119883	0.000666667	0	7.5	1	80	1	0.000666667	0.6	6.94444e-05	
3039	3040	4	-9999	0	-9999	0	2289.06	0.00349488	0.000666667	0	7.5	1	80	1	0.000666667	0.6	6.94444e-05	
3040	3041	4	-9999	0	-9999	0	2381.75	0.0020993	0.000666667	0	7.5	1	80	1	0.000666667	0.6	6.94444e-05	
3041	3042	4	-9999	0	-9999	0	2362.03	0.00762055	0.000666667	0	7.5	1	80	1	0.000666667	0.6	6.94444e-05	
3042	3035	4	-9999	0	-9999	0	2282.71	0.000876151	0.000666667	0	7.5	1	80	1	0.000666667	0.6	6.94444e-05	
3043	3044	4	-9999	0	-9999	0	1495.84	0.0066852	0.000666667	0	7.5	1	80	1	0.000666667	0.6	6.94444e-05	
3044	3045	4	-9999	0	-9999	0	1508.23	0.00530424	0.000666667	0	7.5	1	80	1	0.000666667	0.6	6.94444e-05	
3045	3039	4	-9999	0	-9999	0	2958.89	0.00743522	0.000666667	0	7.5	1	80	1	0.000666667	0.6	6.94444e-05	
3046	3047	4	-9999	0	-9999	0	1950.46	0.0020508	0.000666667	0	7.5	1	80	1	0.000666667	0.6	6.94444e-05	
3047	3048	4	-9999	0	-9999	0	1985.59	0.00755443	0.000666667	0	7.5	1	80	1	0.000666667	0.6	6.94444e-05	
3048	3049	4	-9999	0	-9999	0	1975.71	0.00253074	0.000666667	0	7.5	1	80	1	0.000666667	0.6	6.94444e-05	
3049	3050	4	-9999	0	-9999	0	1935.77	0.0004	0.000666667	0	7.5	1	80	1	0.000666667	0.6	6.94444e-05	
3050	3051	4	-9999	0	-9999	0	2008.34	0.00149377	0.000666667	0	7.5	1	80	1	0.000666667	0.6	6.94444e-05	
3051	3043	4	-9999	0	-9999	0	1966.01	0.00661239	0.000666667	0	7.5	1	80	1	0.000666667	0.6	6.94444e-05	
3052	3046	3	-9999	0	-9999	0	1525.27	0.00655623	0.000666667	0	7	1	60	1	0.000666667	0.6	6.94444e-05	
3053	3054	3	-9999	0	-9999	0	2407.69	0.00789138	0.000666667	0	7	1	60	1	0.000666667	0.6	6.94444e-05	
3054	3052	3	-9999	0	-9999	0	2337.82	0.00684397	0.000666667	0	7	1	60	1	0.000666667	0.6	6.94444e-05	
3055	3053	3	-9999	0	-9999	0	2907.45	0.00481521	0.000666667	0	7	1	60	1	0.000666667	0.6	6.94444e-05	
3056	3055	3	-9999	0	-9999	0	2144.8	0.0083924	0.000666667	0	7	1	60	1	0.000666667	0.6	6.94444e-05	
3057	3056	3	-9999	0	-9999	0	904.877	0.0004	0.000666667	0	7	1	60	1	0.000666667	0.6	6.94444e-05	
3058	3059	2	-9999	0	-9999	0	2383.11	0.0323107	0.000666667	0	6.5	1	40	1	0.000666667	0.6	6.94444e-05	
3059	3060	2	-9999	0	-9999	0	2412.23	0.0932747	0.000666667	0	6.5	1	40	1	0.000666667	0.6	6.94444e-05	
3060	3061	2	-9999	0	-9999	0	2401.57	0.0341443	0.000666667	0	6.5	1	40	1	0.000666667	0.6	6.94444e-05	
3061	3000	2	-9999	0	-9999	0	2382.77	0.0512009	0.000666667	0	6.5	1	40	1	0.000666667	0.6	6.94444e-05	
3062	3063	3	-9999	0	-9999	0	2336.78	0.0136941	0.000666667	0	7	1	60	1	0.000666667	0.6	6.94444e-05	
3063	3064	3	-9999	0	-9999	0	2286.35	0.0157456	0.000666667	0	7	1	60	1	0.000666667	0.6	6.94444e-05	
3064	3065	3	-9999	0	-9999	0	2327.64	0.0137478	0.000666667	0	7	1	60	1	0.000666667	0.6	6.94444e-05	
3065	3066	3	-9999	0	-9999	0	2336.45	0.017976	0.000666667	0	7	1	60	1	0.000666667	0.6	6.94444e-05	
3066	3067	3	-9999	0	-9999	0	2344.35	0.0140764	0.000666667	0	7	1	60	1	0.000666667	0.6	6.94444e-05	
3067	3068	3	-9999	0	-9999	0	2268.83	0.0176302	0.000666667	0	7	1	60	1	0.000666667	0.6	6.94444e-05	
3068	3069	3	-9999	0	-9999	0	2344.03	0.0153582	0.000666667	0	7	1	60	1	0.000666667	0.6	6.94444e-05	
3069	3070	3	-9999	0	-9999	0	2310.88	0.0207713	0.000666667	0	7	1	60	1	0.000666667	0.6	6.94444e-05	
3070	3071	3	-9999	0	-9999	0	2318.61	0.0181143	0.000666667	0	7	1	60	1	0.000666667	0.6	6.94444e-05	
3071	3072	3	-9999	0	-9999	0	2418.74	0.0165375	0.000666667	0	7	1	60	1	0.000666667	0.6	6.94444e-05	
3072	3073	3	-9999	0	-9999	0	2318.32	0.0189792	0.000666667	0	7	1	60	1	0.000666667	0.6	6.94444e-05	
3073	3074	3	-9999	0	-9999	0	2293.13	0.0113382	0.000666667	0	7	1	60	1	0.000666667	0.6	6.94444e-05	
3074	3075	3	-9999	0	-9999	0	2298.04	0.0139249	0.000666667	0	7	1	60	1	0.000666667	0.6	6.94444e-05	
3075	3076	3	-9999	0	-9999	0	2320.31	0.0124983	0.000666667	0	7	1	60	1	0.000666667	0.6	6.94444e-05	
3076	3077	3	-9999	0	-9999	0	2312.59	0.0129725	0.000666667	0	7	1	60	1	0.000666667	0.6	6.94444e-05	
3077	2419	3	-9999	0	-9999	0	2347.58	0.00937136	0.000666667	0	7	1	60	1	0.000666667	0.6	6.94444e-05	
3078	3079	3	-9999	0	-9999	0	1829.37	0.0196789	0.000666667	0	7	1	60	1	0.000666667	0.6	6.94444e-05	
3079	2396	3	-9999	0	-9999	0	1784.35	0.00280215	0.000666667	0	7	1	60	1	0.000666667	0.6	6.94444e-05	
3080	3081	2	-9999	0	-9999	0	2386.31	0.0113145	0.000666667	0	6.5	1	40	1	0.000666667	0.6	6.94444e-05	
3081	3082	2	-9999	0	-9999	0	2366.74	0.0130982	0.000666667	0	6.5	1	40	1	0.000666667	0.6	6.94444e-05	
3082	3083	2	-9999	0	-9999	0	2344.31	0.0277267	0.000666667	0	6.5	1	40	1	0.000666667	0.6	6.94444e-05	
3083	3084	2	-9999	0	-9999	0	2354.79	0.0208087	0.000666667	0	6.5	1	40	1	0.000666667	0.6	6.94444e-05	
3084	3085	2	-9999	0	-9999	0	2304.05	0.0134546	0.000666667	0	6.5	1	40	1	0.000666667	0.6	6.94444e-05	
3085	3086	2	-9999	0	-9999	0	2329.31	0.0188897	0.000666667	0	6.5	1	40	1	0.000666667	0.6	6.94444e-05	
3086	3087	2	-9999	0	-9999	0	2337.14	0.0252446	0.000666667	0	6.5	1	40	1	0.000666667	0.6	6.94444e-05	
3087	3088	2	-9999	0	-9999	0	2421.61	0.0189956	0.000666667	0	6.5	1	40	1	0.000666667	0.6	6.94444e-05	
3088	3089	2	-9999	0	-9999	0	2320.51	0.0133591	0.000666667	0	6.5	1	40	1	0.000666667	0.6	6.94444e-05	
3089	3090	2	-9999	0	-9999	0	2303.74	0.0247423	0.000666667	0	6.5	1	40	1	0.000666667	0.6	6.94444e-05	
3090	3091	2	-9999	0	-9999	0	2382.16	0.0151123	0.000666667	0	6.5	1	40	1	0.000666667	0.6	6.94444e-05	
3091	3092	2	-9999	0	-9999	0	2337.33	0.0171135	0.000666667	0	6.5	1	40	1	0.000666667	0.6	6.94444e-05	
3092	3093	2	-9999	0	-9999	0	2362.44	0.0156618	0.000666667	0	6.5	1	40	1	0.000666667	0.6	6.94444e-05	
3093	3094	2	-9999	0	-9999	0	2297.73	0.00783382	0.000666667	0	6.5	1	40	1	0.000666667	0.6	6.94444e-05	
3094	3095	2	-9999	0	-9999	0	2412.58	0.0269421	0.000666667	0	6.5	1	40	1	0.000666667	0.6	6.94444e-05	
3095	3096	2	-9999	0	-9999	0	2336.86	0.00855848	0.000666667	0	6.5	1	40	1	0.000666667	0.6	6.94444e-05	
3096	3097	2	-9999	0	-9999	0	2336.75	0.0158339	0.000666667	0	6.5	1	40	1	0.000666667	0.6	6.94444e-05	
3097	3098	2	-9999	0	-9999	0	2395.8	0.0212872	0.000666667	0	6.5	1	40	1	0.000666667	0.6	6.94444e-05	
3098	3099	2	-9999	0	-9999	0	2361.65	0.0118561	0.000666667	0	6.5	1	40	1	0.000666667	0.6	6.94444e-05	
3099	3100	2	-9999	0	-9999	0	2307.41	0.0212359	0.000666667	0	6.5	1	40	1	0.000666667	0.6	6.94444e-05	
3100	3101	2	-9999	0	-9999	0	2344.31	0.0149298	0.000666667	0	6.5	1	40	1	0.000666667	0.6	6.94444e-05	
3101	3102	2	-9999	0	-9999	0	2311.06	0.0311545	0.000666667	0	6.5	1	40	1	0.000666667	0.6	6.94444e-05	
3102	3103	2	-9999	0	-9999	0	2310.93	0.00519271	0.000666667	0	6.5	1	40	1	0.000666667	0.6	6.94444e-05	
3103	3104	2	-9999	0	-9999	0	2411.2	0.0116124	0.000666667	0	6.5	1	40	1	0.000666667	0.6	6.94444e-05	
3104	3105	2	-9999	0	-9999	0	2368.7	0.0156204	0.000666667	0	6.5	1	40	1	0.000666667	0.6	6.94444e-05	
3105	2429	2	-9999	0	-9999	0	2348.59	0.0144768	0.000666667	0	6.5	1	40	1	0.000666667	0.6	6.94444e-05	
3106	3107	2	-9999	0	-9999	0	2141.76	0.00560288	0.000666667	0	6.5	1	40	1	0.000666667	0.6	6.94444e-05	
3107	3108	2	-9999	0	-9999	0	2206.37	0.00543881	0.000666667	0	6.5	1	40	1	0.000666667	0.6	6.94444e-05	
3108	3109	2	-9999	0	-9999	0	2243.56	0.00802296	0.000666667	0	6.5	1	40	1	0.000666667	0.6	6.94444e-05	
3109	3110	2	-9999	0	-9999	0	2216.34	0.0085727	0.000666667	0	6.5	1	40	1	0.000666667	0.6	6.94444e-05	
3110	3111	2	-9999	0	-9999	0	2191.51	0.00456307	0.000666667	0	6.5	1	40	1	0.000666667	0.6	6.94444e-05	
3111	3112	2	-9999	0	-9999	0	2144.22	0.00559643	0.000666667	0	6.5	1	40	1	0.000666667	0.6	6.94444e-05	
3112	3113	2	-9999	0	-9999	0	2189.43	0.00913478	0.000666667	0	6.5	1	40	1	0.000666667	0.6	6.94444e-05	
3113	3057	2	-9999	0	-9999	0	2237.07	0.00894028	0.000666667	0	6.5	1	40	1	0.000666667	0.6	6.94444e-05	
3114	2366	4	-9999	0	-9999	0	2507.65	0.00558291	0.000666667	0	7.5	1	80	1	0.000666667	0.6	6.94444e-05	
3115	3116	3	-9999	0	-9999	0	2379.82	0.006303	0.000666667	0	7	1	60	1	0.000666667	0.6	6.94444e-05	
3116	3114	3	-9999	0	-9999	0	2277.39	0.0122948	0.000666667	0	7	1	60	1	0.000666667	0.6	6.94444e-05	
3117	3118	2	-9999	0	-9999	0	2997.43	0.00366981	0.000666667	0	6.5	1	40	1	0.000666667	0.6	6.94444e-05	
3118	3119	2	-9999	0	-9999	0	1557.27	0.00963222	0.000666667	0	6.5	1	40	1	0.000666667	0.6	6.94444e-05	
3119	3016	2	-9999	0	-9999	0	1502.35	0.00266249	0.000666667	0	6.5	1	40	1	0.000666667	0.6	6.94444e-05	
3120	3121	2	-9999	0	-9999	0	1522.93	0.00656629	0.000666667	0	6.5	1	40	1	0.000666667	0.6	6.94444e-05	
3121	3122	2	-9999	0	-9999	0	1595.4	0.0075216	0.000666667	0	6.5	1	40	1	0.000666667	0.6	6.94444e-05	
3122	3123	2	-9999	0	-9999	0	1477.72	0.00609047	0.000666667	0	6.5	1	40	1	0.000666667	0.6	6.94444e-05	
3123	3117	2	-9999	0	-9999	0	1570.27	0.0101893	0.000666667	0	6.5	1	40	1	0.000666667	0.6	6.94444e-05	
3124	3125	3	-9999	0	-9999	0	2078.02	0.00481226	0.000666667	0	7	1	60	1	0.000666667	0.6	6.94444e-05	
3125	3126	3	-9999	0	-9999	0	2173.13	0.00460166	0.000666667	0	7	1	60	1	0.000666667	0.6	6.94444e-05	
3126	3127	3	-9999	0	-9999	0	2165.52	0.00184713	0.000666667	0	7	1	60	1	0.000666667	0.6	6.94444e-05	
3127	3128	3	-9999	0	-9999	0	2220.68	0.0036025	0.000666667	0	7	1	60	1	0.000666667	0.6	6.94444e-05	
3128	3129	3	-9999	0	-9999	0	2125.56	0.00376371	0.000666667	0	7	1	60	1	0.000666667	0.6	6.94444e-05	
3129	3130	3	-9999	0	-9999	0	2098.02	0.00190656	0.000666667	0	7	1	60	1	0.000666667	0.6	6.94444e-05	
3130	3131	3	-9999	0	-9999	0	2175.59	0.00551576	0.000666667	0	7	1	60	1	0.000666667	0.6	6.94444e-05	
3131	3132	3	-9999	0	-9999	0	2130.51	0.00281623	0.000666667	0	7	1	60	1	0.000666667	0.6	6.94444e-05	
3132	3133	3	-9999	0	-9999	0	2105.42	0.00759943	0.000666667	0	7	1	60	1	0.000666667	0.6	6.94444e-05	
3133	3134	3	-9999	0	-9999	0	2155.4	0.00278371	0.000666667	0	7	1	60	1	0.000666667	0.6	6.94444e-05	
3134	3135	3	-9999	0	-9999	0	2197.68	0.0100106	0.000666667	0	7	1	60	1	0.000666667	0.6	6.94444e-05	
3135	3136	3	-9999	0	-9999	0	2160.05	0.010185	0.000666667	0	7	1	60	1	0.000666667	0.6	6.94444e-05	
3136	3137	3	-9999	0	-9999	0	2172.49	0.00322212	0.000666667	0	7	1	60	1	0.000666667	0.6	6.94444e-05	
3137	3115	3	-9999	0	-9999	0	2094.88	0.0152754	0.000666667	0	7	1	60	1	0.000666667	0.6	6.94444e-05	
3138	3139	3	-9999	0	-9999	0	2172.72	0.0059833	0.000666667	0	7	1	60	1	0.000666667	0.6	6.94444e-05	
3139	3114	3	-9999	0	-9999	0	2122.7	0.00800866	0.000666667	0	7	1	60	1	0.000666667	0.6	6.94444e-05	
3140	3141	2	-9999	0	-9999	0	2773.53	0.00685048	0.000666667	0	6.5	1	40	1	0.000666667	0.6	6.94444e-05	
3141	3120	2	-9999	0	-9999	0	2888.48	0.00865506	0.000666667	0	6.5	1	40	1	0.000666667	0.6	6.94444e-05	
3142	3140	2	-9999	0	-9999	0	2398.38	0.00500337	0.000666667	0	6.5	1	40	1	0.000666667	0.6	6.94444e-05	
3143	3144	3	-9999	0	-9999	0	2358.09	0.00720922	0.000666667	0	7	1	60	1	0.000666667	0.6	6.94444e-05	
3144	3145	3	-9999	0	-9999	0	2413.2	0.00497266	0.000666667	0	7	1	60	1	0.000666667	0.6	6.94444e-05	
3145	3146	3	-9999	0	-9999	0	2448.16	0.000408471	0.000666667	0	7	1	60	1	0.000666667	0.6	6.94444e-05	
3146	3124	3	-9999	0	-9999	0	2378	0.0004	0.000666667	0	7	1	60	1	0.000666667	0.6	6.94444e-05	
3147	3148	3	-9999	0	-9999	0	2588.09	0.0127507	0.000666667	0	7	1	60	1	0.000666667	0.6	6.94444e-05	
3148	3138	3	-9999	0	-9999	0	2630.49	0.0026611	0.000666667	0	7	1	60	1	0.000666667	0.6	6.94444e-05	
3149	3147	3	-9999	0	-9999	0	2233.23	0.00223891	0.000666667	0	7	1	60	1	0.000666667	0.6	6.94444e-05	
3150	3151	3	-9999	0	-9999	0	2093.52	0.00286599	0.000666667	0	7	1	60	1	0.000666667	0.6	6.94444e-05	
3151	3152	3	-9999	0	-9999	0	2088.25	0.00622532	0.000666667	0	7	1	60	1	0.000666667	0.6	6.94444e-05	
3152	3153	3	-9999	0	-9999	0	2048.34	0.00732299	0.000666667	0	7	1	60	1	0.000666667	0.6	6.94444e-05	
3153	3143	3	-9999	0	-9999	0	2050.68	0.0004	0.000666667	0	7	1	60	1	0.000666667	0.6	6.94444e-05	
3154	3155	2	-9999	0	-9999	0	2158.94	0.0250123	0.000666667	0	6.5	1	40	1	0.000666667	0.6	6.94444e-05	
3155	3156	2	-9999	0	-9999	0	2194.07	0.0195983	0.000666667	0	6.5	1	40	1	0.000666667	0.6	6.94444e-05	
3156	3157	2	-9999	0	-9999	0	2203.86	0.0004	0.000666667	0	6.5	1	40	1	0.000666667	0.6	6.94444e-05	
3157	3158	2	-9999	0	-9999	0	2098.62	0.0357378	0.000666667	0	6.5	1	40	1	0.000666667	0.6	6.94444e-05	
3158	3159	2	-9999	0	-9999	0	2138.99	0.0102852	0.000666667	0	6.5	1	40	1	0.000666667	0.6	6.94444e-05	
3159	2994	2	-9999	0	-9999	0	2119.08	0.0004	0.000666667	0	6.5	1	40	1	0.000666667	0.6	6.94444e-05	
3160	3161	3	-9999	0	-9999	0	2146.37	0.00559083	0.000666667	0	7	1	60	1	0.000666667	0.6	6.94444e-05	
3161	3162	3	-9999	0	-9999	0	2176.38	0.00551375	0.000666667	0	7	1	60	1	0.000666667	0.6	6.94444e-05	
3162	3163	3	-9999	0	-9999	0	2091.36	0.011954	0.000666667	0	7	1	60	1	0.000666667	0.6	6.94444e-05	
3163	3149	3	-9999	0	-9999	0	2165.86	0.00554052	0.000666667	0	7	1	60	1	0.000666667	0.6	6.94444e-05	
3164	3046	3	-9999	0	-9999	0	2373.05	0.00505679	0.000666667	0	7	1	60	1	0.000666667	0.6	6.94444e-05	
3165	3166	2	-9999	0	-9999	0	1626.14	0.00122991	0.000666667	0	6.5	1	40	1	0.000666667	0.6	6.94444e-05	
3166	3167	2	-9999	0	-9999	0	1628.6	0.0024561	0.000666667	0	6.5	1	40	1	0.000666667	0.6	6.94444e-05	
3167	3168	2	-9999	0	-9999	0	1553.43	0.0004	0.000666667	0	6.5	1	40	1	0.000666667	0.6	6.94444e-05	
3168	3150	2	-9999	0	-9999	0	1620.8	0.0004	0.000666667	0	6.5	1	40	1	0.000666667	0.6	6.94444e-05	
3169	3170	2	-9999	0	-9999	0	1797.83	0.017243	0.000666667	0	6.5	1	40	1	0.000666667	0.6	6.94444e-05	
3170	3171	2	-9999	0	-9999	0	1687.87	0.0177739	0.000666667	0	6.5	1	40	1	0.000666667	0.6	6.94444e-05	
3171	3172	2	-9999	0	-9999	0	1680.19	0.0148793	0.000666667	0	6.5	1	40	1	0.000666667	0.6	6.94444e-05	
3172	3173	2	-9999	0	-9999	0	1755.17	0.0125344	0.000666667	0	6.5	1	40	1	0.000666667	0.6	6.94444e-05	
3173	3174	2	-9999	0	-9999	0	1705.08	0.00821078	0.000666667	0	6.5	1	40	1	0.000666667	0.6	6.94444e-05	
3174	2504	2	-9999	0	-9999	0	1687.5	0.0124444	0.000666667	0	6.5	1	40	1	0.000666667	0.6	6.94444e-05	
3175	3176	2	-9999	0	-9999	0	2300.05	0.00695637	0.000666667	0	6.5	1	40	1	0.000666667	0.6	6.94444e-05	
3176	3177	2	-9999	0	-9999	0	2347.36	0.00553813	0.000666667	0	6.5	1	40	1	0.000666667	0.6	6.94444e-05	
3177	3178	2	-9999	0	-9999	0	2276.31	0.011422	0.000666667	0	6.5	1	40	1	0.000666667	0.6	6.94444e-05	
3178	3179	2	-9999	0	-9999	0	2326.88	0.00257856	0.000666667	0	6.5	1	40	1	0.000666667	0.6	6.94444e-05	
3179	3180	2	-9999	0	-9999	0	2341.59	0.00640589	0.000666667	0	6.5	1	40	1	0.000666667	0.6	6.94444e-05	
3180	3181	2	-9999	0	-9999	0	2291.88	0.00785381	0.000666667	0	6.5	1	40	1	0.000666667	0.6	6.94444e-05	
3181	3182	2	-9999	0	-9999	0	2319.29	0.00646749	0.000666667	0	6.5	1	40	1	0.000666667	0.6	6.94444e-05	
3182	3142	2	-9999	0	-9999	0	2346.43	0.00809739	0.000666667	0	6.5	1	40	1	0.000666667	0.6	6.94444e-05	
3183	3184	3	-9999	0	-9999	0	1768.62	0.00961201	0.000666667	0	7	1	60	1	0.000666667	0.6	6.94444e-05	
3184	3185	3	-9999	0	-9999	0	1703.69	0.00176089	0.000666667	0	7	1	60	1	0.000666667	0.6	6.94444e-05	
3185	3186	3	-9999	0	-9999	0	1695.98	0.00353777	0.000666667	0	7	1	60	1	0.000666667	0.6	6.94444e-05	
3186	3187	3	-9999	0	-9999	0	1711.35	0.00409035	0.000666667	0	7	1	60	1	0.000666667	0.6	6.94444e-05	
3187	3188	3	-9999	0	-9999	0	1788.52	0.0004	0.000666667	0	7	1	60	1	0.000666667	0.6	6.94444e-05	
3188	3160	3	-9999	0	-9999	0	1678.64	0.0137015	0.000666667	0	7	1	60	1	0.000666667	0.6	6.94444e-05	
3189	3190	2	-9999	0	-9999	0	1971.38	0.00963791	0.000666667	0	6.5	1	40	1	0.000666667	0.6	6.94444e-05	
3190	3175	2	-9999	0	-9999	0	1902.42	0.00473082	0.000666667	0	6.5	1	40	1	0.000666667	0.6	6.94444e-05	
3191	3183	3	-9999	0	-9999	0	760.65	0.00131467	0.000666667	0	7	1	60	1	0.000666667	0.6	6.94444e-05	
3192	3189	2	-9999	0	-9999	0	722.81	0.0004	0.000666667	0	6.5	1	40	1	0.000666667	0.6	6.94444e-05	
3193	3194	2	-9999	0	-9999	0	2063.81	0.0004	0.000666667	0	6.5	1	40	1	0.000666667	0.6	6.94444e-05	
3194	3195	2	-9999	0	-9999	0	2174.26	0.00367941	0.000666667	0	6.5	1	40	1	0.000666667	0.6	6.94444e-05	
3195	3196	2	-9999	0	-9999	0	2129.37	0.000469623	0.000666667	0	6.5	1	40	1	0.000666667	0.6	6.94444e-05	
3196	3165	2	-9999	0	-9999	0	2204.43	0.0004	0.000666667	0	6.5	1	40	1	0.000666667	0.6	6.94444e-05	
3197	3198	2	-9999	0	-9999	0	1895.85	0.00580213	0.000666667	0	6.5	1	40	1	0.000666667	0.6	6.94444e-05	
3198	3199	2	-9999	0	-9999	0	1945.93	0.0113057	0.000666667	0	6.5	1	40	1	0.000666667	0.6	6.94444e-05	
3199	3200	2	-9999	0	-9999	0	1895.67	0.00369262	0.000666667	0	6.5	1	40	1	0.000666667	0.6	6.94444e-05	
3200	3149	2	-9999	0	-9999	0	1957.89	0.00868282	0.000666667	0	6.5	1	40	1	0.000666667	0.6	6.94444e-05	
3201	3192	2	-9999	0	-9999	0	2766.98	0.0075895	0.000666667	0	6.5	1	40	1	0.000666667	0.6	6.94444e-05	
3202	3197	2	-9999	0	-9999	0	1260.49	0.0158668	0.000666667	0	6.5	1	40	1	0.000666667	0.6	6.94444e-05	
3203	3201	2	-9999	0	-9999	0	2440.91	0.00737429	0.000666667	0	6.5	1	40	1	0.000666667	0.6	6.94444e-05	
3204	3205	2	-9999	0	-9999	0	2817.31	0.00567918	0.000666667	0	6.5	1	40	1	0.000666667	0.6	6.94444e-05	
3205	3193	2	-9999	0	-9999	0	2839.47	0.0004	0.000666667	0	6.5	1	40	1	0.000666667	0.6	6.94444e-05	
3206	3207	2	-9999	0	-9999	0	2050.67	0.0214564	0.000666667	0	6.5	1	40	1	0.000666667	0.6	6.94444e-05	
3207	3208	2	-9999	0	-9999	0	2108.72	0.0279791	0.000666667	0	6.5	1	40	1	0.000666667	0.6	6.94444e-05	
3208	3209	2	-9999	0	-9999	0	2150.9	0.0158073	0.000666667	0	6.5	1	40	1	0.000666667	0.6	6.94444e-05	
3209	3210	2	-9999	0	-9999	0	2075.57	0.0207172	0.000666667	0	6.5	1	40	1	0.000666667	0.6	6.94444e-05	
3210	3211	2	-9999	0	-9999	0	2075.49	0.0158999	0.000666667	0	6.5	1	40	1	0.000666667	0.6	6.94444e-05	
3211	3212	2	-9999	0	-9999	0	2167.9	0.0216799	0.000666667	0	6.5	1	40	1	0.000666667	0.6	6.94444e-05	
3212	3213	2	-9999	0	-9999	0	2125.41	0.0141149	0.000666667	0	6.5	1	40	1	0.000666667	0.6	6.94444e-05	
3213	2490	2	-9999	0	-9999	0	2060.28	0.0121343	0.000666667	0	6.5	1	40	1	0.000666667	0.6	6.94444e-05	
3214	3215	2	-9999	0	-9999	0	2297.78	0.00565764	0.000666667	0	6.5	1	40	1	0.000666667	0.6	6.94444e-05	
3215	3216	2	-9999	0	-9999	0	2317.88	0.00302	0.000666667	0	6.5	1	40	1	0.000666667	0.6	6.94444e-05	
3216	3217	2	-9999	0	-9999	0	2265.3	0.00971176	0.000666667	0	6.5	1	40	1	0.000666667	0.6	6.94444e-05	
3217	3218	2	-9999	0	-9999	0	2245.48	0.00178135	0.000666667	0	6.5	1	40	1	0.000666667	0.6	6.94444e-05	
3218	3219	2	-9999	0	-9999	0	2265.47	0.00441409	0.000666667	0	6.5	1	40	1	0.000666667	0.6	6.94444e-05	
3219	3220	2	-9999	0	-9999	0	2292.98	0.00261669	0.000666667	0	6.5	1	40	1	0.000666667	0.6	6.94444e-05	
3220	3221	2	-9999	0	-9999	0	2275.46	0.00263683	0.000666667	0	6.5	1	40	1	0.000666667	0.6	6.94444e-05	
3221	3164	2	-9999	0	-9999	0	2330.54	0.00600718	0.000666667	0	6.5	1	40	1	0.000666667	0.6	6.94444e-05	
3222	3223	2	-9999	0	-9999	0	1845.97	0.0146264	0.000666667	0	6.5	1	40	1	0.000666667	0.6	6.94444e-05	
3223	3224	2	-9999	0	-9999	0	1736.27	0.0178543	0.000666667	0	6.5	1	40	1	0.000666667	0.6	6.94444e-05	
3224	3225	2	-9999	0	-9999	0	1828.66	0.0103901	0.000666667	0	6.5	1	40	1	0.000666667	0.6	6.94444e-05	
3225	3226	2	-9999	0	-9999	0	1736.07	0.0109442	0.000666667	0	6.5	1	40	1	0.000666667	0.6	6.94444e-05	
3226	3227	2	-9999	0	-9999	0	1723.85	0.0156626	0.000666667	0	6.5	1	40	1	0.000666667	0.6	6.94444e-05	
3227	3191	2	-9999	0	-9999	0	1838.8	0.00489449	0.000666667	0	6.5	1	40	1	0.000666667	0.6	6.94444e-05	
3228	3206	2	-9999	0	-9999	0	2605.71	0.0264803	0.000666667	0	6.5	1	40	1	0.000666667	0.6	6.94444e-05	
3229	3230	2	-9999	0	-9999	0	2342.74	0.0123787	0.000666667	0	6.5	1	40	1	0.000666667	0.6	6.94444e-05	
3230	3231	2	-9999	0	-9999	0	2257.97	0.0190436	0.000666667	0	6.5	1	40	1	0.000666667	0.6	6.94444e-05	
3231	3232	2	-9999	0	-9999	0	2294.93	0.00958636	0.000666667	0	6.5	1	40	1	0.000666667	0.6	6.94444e-05	
3232	3233	2	-9999	0	-9999	0	2224.68	0.0310156	0.000666667	0	6.5	1	40	1	0.000666667	0.6	6.94444e-05	
3233	3234	2	-9999	0	-9999	0	2304.91	0.0650786	0.000666667	0	6.5	1	40	1	0.000666667	0.6	6.94444e-05	
3234	3235	2	-9999	0	-9999	0	2332.45	0.0312976	0.000666667	0	6.5	1	40	1	0.000666667	0.6	6.94444e-05	
3235	3236	2	-9999	0	-9999	0	2314.28	0.0012963	0.000666667	0	6.5	1	40	1	0.000666667	0.6	6.94444e-05	
3236	3237	2	-9999	0	-9999	0	2224.16	0.0292246	0.000666667	0	6.5	1	40	1	0.000666667	0.6	6.94444e-05	
3237	3238	2	-9999	0	-9999	0	2319.22	0.0159537	0.000666667	0	6.5	1	40	1	0.000666667	0.6	6.94444e-05	
3238	3154	2	-9999	0	-9999	0	2256.7	0.0478575	0.000666667	0	6.5	1	40	1	0.000666667	0.6	6.94444e-05	
3239	3240	2	-9999	0	-9999	0	1464.27	0.00478053	0.000666667	0	6.5	1	40	1	0.000666667	0.6	6.94444e-05	
3240	3241	2	-9999	0	-9999	0	1562.07	0.000640176	0.000666667	0	6.5	1	40	1	0.000666667	0.6	6.94444e-05	
3241	3204	2	-9999	0	-9999	0	2948.09	0.000678406	0.000666667	0	6.5	1	40	1	0.000666667	0.6	6.94444e-05	
3242	3239	2	-9999	0	-9999	0	1476.2	0.00338706	0.000666667	0	6.5	1	40	1	0.000666667	0.6	6.94444e-05	
3243	3244	2	-9999	0	-9999	0	2427.46	0.00823905	0.000666667	0	6.5	1	40	1	0.000666667	0.6	6.94444e-05	
3244	3214	2	-9999	0	-9999	0	2462.68	0.00527879	0.000666667	0	6.5	1	40	1	0.000666667	0.6	6.94444e-05	
3245	3246	2	-9999	0	-9999	0	2076.03	0.0366083	0.000666667	0	6.5	1	40	1	0.000666667	0.6	6.94444e-05	
3246	3247	2	-9999	0	-9999	0	1983.47	0.0105875	0.000666667	0	6.5	1	40	1	0.000666667	0.6	6.94444e-05	
3247	3248	2	-9999	0	-9999	0	2008.5	0.0169281	0.000666667	0	6.5	1	40	1	0.000666667	0.6	6.94444e-05	
3248	3249	2	-9999	0	-9999	0	1993.81	0.0120372	0.000666667	0	6.5	1	40	1	0.000666667	0.6	6.94444e-05	
3249	3250	2	-9999	0	-9999	0	2033.46	0.0206545	0.000666667	0	6.5	1	40	1	0.000666667	0.6	6.94444e-05	
3250	3251	2	-9999	0	-9999	0	1991.06	0.00803592	0.000666667	0	6.5	1	40	1	0.000666667	0.6	6.94444e-05	
3251	3252	2	-9999	0	-9999	0	2048.82	0.0122021	0.000666667	0	6.5	1	40	1	0.000666667	0.6	6.94444e-05	
3252	3253	2	-9999	0	-9999	0	2075.55	0.0105996	0.000666667	0	6.5	1	40	1	0.000666667	0.6	6.94444e-05	
3253	3254	2	-9999	0	-9999	0	2013.15	0.00794774	0.000666667	0	6.5	1	40	1	0.000666667	0.6	6.94444e-05	
3254	3147	2	-9999	0	-9999	0	2007.95	0.00149406	0.000666667	0	6.5	1	40	1	0.000666667	0.6	6.94444e-05	
3255	3256	2	-9999	0	-9999	0	2290.48	0.00567566	0.000666667	0	6.5	1	40	1	0.000666667	0.6	6.94444e-05	
3256	3257	2	-9999	0	-9999	0	2340.74	0.0055538	0.000666667	0	6.5	1	40	1	0.000666667	0.6	6.94444e-05	
3257	3258	2	-9999	0	-9999	0	2331.45	0.00772053	0.000666667	0	6.5	1	40	1	0.000666667	0.6	6.94444e-05	
3258	3203	2	-9999	0	-9999	0	2351.12	0.00808126	0.000666667	0	6.5	1	40	1	0.000666667	0.6	6.94444e-05	
3259	3260	2	-9999	0	-9999	0	1682.22	0.060634	0.000666667	0	6.5	1	40	1	0.000666667	0.6	6.94444e-05	
3260	2993	2	-9999	0	-9999	0	1654.93	0.0507573	0.000666667	0	6.5	1	40	1	0.000666667	0.6	6.94444e-05	
3261	3262	1	-9999	0	-9999	0	2374.46	0.053907	0.000666667	0	6	1	20	1	0.000666667	0.6	6.94444e-05	
3262	3263	1	-9999	0	-9999	0	2410.65	0.0323564	0.000666667	0	6	1	20	1	0.000666667	0.6	6.94444e-05	
3263	3264	1	-9999	0	-9999	0	2354.67	0.0428935	0.000666667	0	6	1	20	1	0.000666667	0.6	6.94444e-05	
3264	3265	1	-9999	0	-9999	0	2362.88	0.0605193	0.000666667	0	6	1	20	1	0.000666667	0.6	6.94444e-05	
3265	3266	1	-9999	0	-9999	0	2469.22	0.0404987	0.000666667	0	6	1	20	1	0.000666667	0.6	6.94444e-05	
3266	3267	1	-9999	0	-9999	0	2365.37	0.0291709	0.000666667	0	6	1	20	1	0.000666667	0.6	6.94444e-05	
3267	3268	1	-9999	0	-9999	0	2409.96	0.0282162	0.000666667	0	6	1	20	1	0.000666667	0.6	6.94444e-05	
3268	3269	1	-9999	0	-9999	0	2337.23	0.0243879	0.000666667	0	6	1	20	1	0.000666667	0.6	6.94444e-05	
3269	3270	1	-9999	0	-9999	0	2412.74	0.024039	0.000666667	0	6	1	20	1	0.000666667	0.6	6.94444e-05	
3270	3271	1	-9999	0	-9999	0	2421.17	0.0227163	0.000666667	0	6	1	20	1	0.000666667	0.6	6.94444e-05	
3271	3272	1	-9999	0	-9999	0	2311.67	0.0242249	0.000666667	0	6	1	20	1	0.000666667	0.6	6.94444e-05	
3272	3273	1	-9999	0	-9999	0	2395.28	0.0204569	0.000666667	0	6	1	20	1	0.000666667	0.6	6.94444e-05	
3273	3274	1	-9999	0	-9999	0	2344.8	0.0307063	0.000666667	0	6	1	20	1	0.000666667	0.6	6.94444e-05	
3274	3275	1	-9999	0	-9999	0	2411.96	0.0277783	0.000666667	0	6	1	20	1	0.000666667	0.6	6.94444e-05	
3275	3276	1	-9999	0	-9999	0	2454.03	0.0244496	0.000666667	0	6	1	20	1	0.000666667	0.6	6.94444e-05	
3276	3277	1	-9999	0	-9999	0	2386.5	0.0310078	0.000666667	0	6	1	20	1	0.000666667	0.6	6.94444e-05	
3277	3278	1	-9999	0	-9999	0	2411.48	0.0182461	0.000666667	0	6	1	20	1	0.000666667	0.6	6.94444e-05	
3278	3279	1	-9999	0	-9999	0	2318.84	0.0202687	0.000666667	0	6	1	20	1	0.000666667	0.6	6.94444e-05	
3279	3280	1	-9999	0	-9999	0	2368.88	0.0185742	0.000666667	0	6	1	20	1	0.000666667	0.6	6.94444e-05	
3280	3281	1	-9999	0	-9999	0	2441.28	0.0176137	0.000666667	0	6	1	20	1	0.000666667	0.6	6.94444e-05	
3281	3282	1	-9999	0	-9999	0	2385.8	0.0176041	0.000666667	0	6	1	20	1	0.000666667	0.6	6.94444e-05	
3282	3283	1	-9999	0	-9999	0	2360.62	0.0110141	0.000666667	0	6	1	20	1	0.000666667	0.6	6.94444e-05	
3283	3284	1	-9999	0	-9999	0	2435.6	0.0205288	0.000666667	0	6	1	20	1	0.000666667	0.6	6.94444e-05	
3284	3285	1	-9999	0	-9999	0	2320.35	0.00517164	0.000666667	0	6	1	20	1	0.000666667	0.6	6.94444e-05	
3285	3286	1	-9999	0	-9999	0	2412.73	0.0120196	0.000666667	0	6	1	20	1	0.000666667	0.6	6.94444e-05	
3286	2419	1	-9999	0	-9999	0	2385.11	0.0134166	0.000666667	0	6	1	20	1	0.000666667	0.6	6.94444e-05	
3287	3288	2	-9999	0	-9999	0	2367.98	0.0625005	0.000666667	0	6.5	1	40	1	0.000666667	0.6	6.94444e-05	
3288	3289	2	-9999	0	-9999	0	2361.91	0.0304838	0.000666667	0	6.5	1	40	1	0.000666667	0.6	6.94444e-05	
3289	3290	2	-9999	0	-9999	0	2420.79	0.0239591	0.000666667	0	6.5	1	40	1	0.000666667	0.6	6.94444e-05	
3290	3291	2	-9999	0	-9999	0	2362.11	0.00465685	0.000666667	0	6.5	1	40	1	0.000666667	0.6	6.94444e-05	
3291	3292	2	-9999	0	-9999	0	2448.36	0.0314496	0.000666667	0	6.5	1	40	1	0.000666667	0.6	6.94444e-05	
3292	3293	2	-9999	0	-9999	0	2387.01	0.0213656	0.000666667	0	6.5	1	40	1	0.000666667	0.6	6.94444e-05	
3293	3294	2	-9999	0	-9999	0	2344.68	0.0136479	0.000666667	0	6.5	1	40	1	0.000666667	0.6	6.94444e-05	
3294	3295	2	-9999	0	-9999	0	2437.03	0.0209271	0.000666667	0	6.5	1	40	1	0.000666667	0.6	6.94444e-05	
3295	3296	2	-9999	0	-9999	0	2383.86	0.018038	0.000666667	0	6.5	1	40	1	0.000666667	0.6	6.94444e-05	
3296	3297	2	-9999	0	-9999	0	2326.92	0.0197686	0.000666667	0	6.5	1	40	1	0.000666667	0.6	6.94444e-05	
3297	3298	2	-9999	0	-9999	0	2383.65	0.01762	0.000666667	0	6.5	1	40	1	0.000666667	0.6	6.94444e-05	
3298	3299	2	-9999	0	-9999	0	2391.41	0.022999	0.000666667	0	6.5	1	40	1	0.000666667	0.6	6.94444e-05	
3299	3300	2	-9999	0	-9999	0	2348.95	0.0285234	0.000666667	0	6.5	1	40	1	0.000666667	0.6	6.94444e-05	
3300	3301	2	-9999	0	-9999	0	2373.82	0.0261182	0.000666667	0	6.5	1	40	1	0.000666667	0.6	6.94444e-05	
3301	3302	2	-9999	0	-9999	0	2393.58	0.0292449	0.000666667	0	6.5	1	40	1	0.000666667	0.6	6.94444e-05	
3302	3169	2	-9999	0	-9999	0	2435.77	0.0205274	0.000666667	0	6.5	1	40	1	0.000666667	0.6	6.94444e-05	
3303	3304	2	-9999	0	-9999	0	2471.5	0.0291321	0.000666667	0	6.5	1	40	1	0.000666667	0.6	6.94444e-05	
3304	3305	2	-9999	0	-9999	0	2521.74	0.0214138	0.000666667	0	6.5	1	40	1	0.000666667	0.6	6.94444e-05	
3305	3306	2	-9999	0	-9999	0	2491.96	0.0284916	0.000666667	0	6.5	1	40	1	0.000666667	0.6	6.94444e-05	
3306	3307	2	-9999	0	-9999	0	2463.96	0.0280037	0.000666667	0	6.5	1	40	1	0.000666667	0.6	6.94444e-05	
3307	3308	2	-9999	0	-9999	0	2504.43	0.0315441	0.000666667	0	6.5	1	40	1	0.000666667	0.6	6.94444e-05	
3308	3228	2	-9999	0	-9999	0	2496.22	0.0332503	0.000666667	0	6.5	1	40	1	0.000666667	0.6	6.94444e-05	
3309	3310	2	-9999	0	-9999	0	2428.46	0.00370605	0.000666667	0	6.5	1	40	1	0.000666667	0.6	6.94444e-05	
3310	3311	2	-9999	0	-9999	0	2501.06	0.00519779	0.000666667	0	6.5	1	40	1	0.000666667	0.6	6.94444e-05	
3311	3312	2	-9999	0	-9999	0	2503.72	0.00559168	0.000666667	0	6.5	1	40	1	0.000666667	0.6	6.94444e-05	
3312	3255	2	-9999	0	-9999	0	2442.47	0.00122827	0.000666667	0	6.5	1	40	1	0.000666667	0.6	6.94444e-05	
3313	3314	1	-9999	0	-9999	0	2223.47	0.0746581	0.000666667	0	6	1	20	1	0.000666667	0.6	6.94444e-05	
3314	3315	1	-9999	0	-9999	0	2296.11	0.05444	0.000666667	0	6	1	20	1	0.000666667	0.6	6.94444e-05	
3315	3316	1	-9999	0	-9999	0	2291.47	0.0401489	0.000666667	0	6	1	20	1	0.000666667	0.6	6.94444e-05	
3316	3317	1	-9999	0	-9999	0	2328.58	0.0300612	0.000666667	0	6	1	20	1	0.000666667	0.6	6.94444e-05	
3317	3318	1	-9999	0	-9999	0	2320.33	0.0224106	0.000666667	0	6	1	20	1	0.000666667	0.6	6.94444e-05	
3318	3245	1	-9999	0	-9999	0	2261.08	0.0194597	0.000666667	0	6	1	20	1	0.000666667	0.6	6.94444e-05	
3319	3320	1	-9999	0	-9999	0	1764.94	0.00736571	0.000666667	0	6	1	20	1	0.000666667	0.6	6.94444e-05	
3320	3321	1	-9999	0	-9999	0	1694.78	0.00944076	0.000666667	0	6	1	20	1	0.000666667	0.6	6.94444e-05	
3321	3322	1	-9999	0	-9999	0	1745.02	0.00401143	0.000666667	0	6	1	20	1	0.000666667	0.6	6.94444e-05	
3322	3323	1	-9999	0	-9999	0	1666.79	0.00779945	0.000666667	0	6	1	20	1	0.000666667	0.6	6.94444e-05	
3323	3324	1	-9999	0	-9999	0	1736.78	0.00575778	0.000666667	0	6	1	20	1	0.000666667	0.6	6.94444e-05	
3324	3242	1	-9999	0	-9999	0	1778.88	0.0067458	0.000666667	0	6	1	20	1	0.000666667	0.6	6.94444e-05	
3325	3326	1	-9999	0	-9999	0	2132.23	0.0623761	0.000666667	0	6	1	20	1	0.000666667	0.6	6.94444e-05	
3326	3327	1	-9999	0	-9999	0	2151.66	0.0525177	0.000666667	0	6	1	20	1	0.000666667	0.6	6.94444e-05	
3327	3328	1	-9999	0	-9999	0	2167.86	0.0502799	0.000666667	0	6	1	20	1	0.000666667	0.6	6.94444e-05	
3328	3329	1	-9999	0	-9999	0	2168.65	0.0359671	0.000666667	0	6	1	20	1	0.000666667	0.6	6.94444e-05	
3329	3330	1	-9999	0	-9999	0	2100.29	0.0366615	0.000666667	0	6	1	20	1	0.000666667	0.6	6.94444e-05	
3330	3331	1	-9999	0	-9999	0	2172.81	0.0257731	0.000666667	0	6	1	20	1	0.000666667	0.6	6.94444e-05	
3331	3332	1	-9999	0	-9999	0	2127.67	0.0314898	0.000666667	0	6	1	20	1	0.000666667	0.6	6.94444e-05	
3332	3333	1	-9999	0	-9999	0	2204.1	0.0294905	0.000666667	0	6	1	20	1	0.000666667	0.6	6.94444e-05	
3333	3334	1	-9999	0	-9999	0	2136.61	0.0121688	0.000666667	0	6	1	20	1	0.000666667	0.6	6.94444e-05	
3334	3202	1	-9999	0	-9999	0	2111.37	0.0132615	0.000666667	0	6	1	20	1	0.000666667	0.6	6.94444e-05	
3335	3336	1	-9999	0	-9999	0	1713.47	0.0542757	0.000666667	0	6	1	20	1	0.000666667	0.6	6.94444e-05	
3336	3337	1	-9999	0	-9999	0	1797.85	0.0272548	0.000666667	0	6	1	20	1	0.000666667	0.6	6.94444e-05	
3337	3338	1	-9999	0	-9999	0	1699.89	0.0158833	0.000666667	0	6	1	20	1	0.000666667	0.6	6.94444e-05	
3338	3687	1	-9999	0	-9999	0	1814.84	0.0347137	0.000666667	0	6	1	20	1	0.000666667	0.6	6.94444e-05	
3339	3340	1	-9999	0	-9999	0	1975.61	0.0511235	0.000666667	0	6	1	20	1	0.000666667	0.6	6.94444e-05	
3340	3341	1	-9999	0	-9999	0	2022.39	0.0509298	0.000666667	0	6	1	20	1	0.000666667	0.6	6.94444e-05	
3341	3342	1	-9999	0	-9999	0	1946.93	0.0405767	0.000666667	0	6	1	20	1	0.000666667	0.6	6.94444e-05	
3342	3343	1	-9999	0	-9999	0	2033.94	0.0358909	0.000666667	0	6	1	20	1	0.000666667	0.6	6.94444e-05	
3343	3344	1	-9999	0	-9999	0	1980.81	0.0378633	0.000666667	0	6	1	20	1	0.000666667	0.6	6.94444e-05	
3344	3229	1	-9999	0	-9999	0	2008.62	0.027382	0.000666667	0	6	1	20	1	0.000666667	0.6	6.94444e-05	
3345	3346	1	-9999	0	-9999	0	2083.69	0.0302348	0.000666667	0	6	1	20	1	0.000666667	0.6	6.94444e-05	
3346	3347	1	-9999	0	-9999	0	2055.74	0.0267544	0.000666667	0	6	1	20	1	0.000666667	0.6	6.94444e-05	
3347	3348	1	-9999	0	-9999	0	2137.28	0.0280731	0.000666667	0	6	1	20	1	0.000666667	0.6	6.94444e-05	
3348	3349	1	-9999	0	-9999	0	2064.43	0.0213134	0.000666667	0	6	1	20	1	0.000666667	0.6	6.94444e-05	
3349	3350	1	-9999	0	-9999	0	2137	0.0219934	0.000666667	0	6	1	20	1	0.000666667	0.6	6.94444e-05	
3350	3222	1	-9999	0	-9999	0	2086.61	0.0215661	0.000666667	0	6	1	20	1	0.000666667	0.6	6.94444e-05	
3351	3352	1	-9999	0	-9999	0	2446.19	0.0179872	0.000666667	0	6	1	20	1	0.000666667	0.6	6.94444e-05	
3352	3353	1	-9999	0	-9999	0	2359	0.013989	0.000666667	0	6	1	20	1	0.000666667	0.6	6.94444e-05	
3353	3354	1	-9999	0	-9999	0	2311.33	0.0181714	0.000666667	0	6	1	20	1	0.000666667	0.6	6.94444e-05	
3354	3355	1	-9999	0	-9999	0	2378.6	0.022282	0.000666667	0	6	1	20	1	0.000666667	0.6	6.94444e-05	
3355	3356	1	-9999	0	-9999	0	2333.53	0.0124275	0.000666667	0	6	1	20	1	0.000666667	0.6	6.94444e-05	
3356	3357	1	-9999	0	-9999	0	2408.74	0.0170213	0.000666667	0	6	1	20	1	0.000666667	0.6	6.94444e-05	
3357	3358	1	-9999	0	-9999	0	2341.22	0.00982393	0.000666667	0	6	1	20	1	0.000666667	0.6	6.94444e-05	
3358	3359	1	-9999	0	-9999	0	2403.29	0.0153956	0.000666667	0	6	1	20	1	0.000666667	0.6	6.94444e-05	
3359	3360	1	-9999	0	-9999	0	2416.14	0.0144859	0.000666667	0	6	1	20	1	0.000666667	0.6	6.94444e-05	
3360	3361	1	-9999	0	-9999	0	2385.77	0.010898	0.000666667	0	6	1	20	1	0.000666667	0.6	6.94444e-05	
3361	3362	1	-9999	0	-9999	0	2368.12	0.00802325	0.000666667	0	6	1	20	1	0.000666667	0.6	6.94444e-05	
3362	2498	1	-9999	0	-9999	0	2360.45	0.0110149	0.000666667	0	6	1	20	1	0.000666667	0.6	6.94444e-05	
3363	3255	1	-9999	0	-9999	0	2992.78	0.0136996	0.000666667	0	6	1	20	1	0.000666667	0.6	6.94444e-05	
3364	3365	1	-9999	0	-9999	0	2363.4	0.00338495	0.000666667	0	6	1	20	1	0.000666667	0.6	6.94444e-05	
3365	3242	1	-9999	0	-9999	0	2330.09	0.0103	0.000666667	0	6	1	20	1	0.000666667	0.6	6.94444e-05	
3366	3367	1	-9999	0	-9999	0	1716.97	0.0384398	0.000666667	0	6	1	20	1	0.000666667	0.6	6.94444e-05	
3367	3245	1	-9999	0	-9999	0	1691.71	0.0254181	0.000666667	0	6	1	20	1	0.000666667	0.6	6.94444e-05	
3368	3369	1	-9999	0	-9999	0	2076.12	0.0317901	0.000666667	0	6	1	20	1	0.000666667	0.6	6.94444e-05	
3369	3370	1	-9999	0	-9999	0	2076.06	0.0250474	0.000666667	0	6	1	20	1	0.000666667	0.6	6.94444e-05	
3370	3371	1	-9999	0	-9999	0	2064.21	0.014049	0.000666667	0	6	1	20	1	0.000666667	0.6	6.94444e-05	
3371	3372	1	-9999	0	-9999	0	2148.57	0.0274601	0.000666667	0	6	1	20	1	0.000666667	0.6	6.94444e-05	
3372	3373	1	-9999	0	-9999	0	2044.09	0.0225039	0.000666667	0	6	1	20	1	0.000666667	0.6	6.94444e-05	
3373	3374	1	-9999	0	-9999	0	2141.69	0.011673	0.000666667	0	6	1	20	1	0.000666667	0.6	6.94444e-05	
3374	3375	1	-9999	0	-9999	0	2100.8	0.0247525	0.000666667	0	6	1	20	1	0.000666667	0.6	6.94444e-05	
3375	3160	1	-9999	0	-9999	0	2113.72	0.00804269	0.000666667	0	6	1	20	1	0.000666667	0.6	6.94444e-05	
3376	3377	1	-9999	0	-9999	0	1874.14	0.00853725	0.000666667	0	6	1	20	1	0.000666667	0.6	6.94444e-05	
3377	3378	1	-9999	0	-9999	0	1854.25	0.0242686	0.000666667	0	6	1	20	1	0.000666667	0.6	6.94444e-05	
3378	3379	1	-9999	0	-9999	0	1907.01	0.0152071	0.000666667	0	6	1	20	1	0.000666667	0.6	6.94444e-05	
3379	3189	1	-9999	0	-9999	0	1831.65	0.00764339	0.000666667	0	6	1	20	1	0.000666667	0.6	6.94444e-05	
3380	3381	1	-9999	0	-9999	0	2286.23	0.02187	0.000666667	0	6	1	20	1	0.000666667	0.6	6.94444e-05	
3381	3382	1	-9999	0	-9999	0	2288.74	0.0144184	0.000666667	0	6	1	20	1	0.000666667	0.6	6.94444e-05	
3382	3383	1	-9999	0	-9999	0	2257.17	0.0261389	0.000666667	0	6	1	20	1	0.000666667	0.6	6.94444e-05	
3383	3384	1	-9999	0	-9999	0	2249.03	0.0311246	0.000666667	0	6	1	20	1	0.000666667	0.6	6.94444e-05	
3384	3385	1	-9999	0	-9999	0	2279.2	0.015795	0.000666667	0	6	1	20	1	0.000666667	0.6	6.94444e-05	
3385	3386	1	-9999	0	-9999	0	2279.07	0.0276429	0.000666667	0	6	1	20	1	0.000666667	0.6	6.94444e-05	
3386	3387	1	-9999	0	-9999	0	2201.1	0.0286221	0.000666667	0	6	1	20	1	0.000666667	0.6	6.94444e-05	
3387	3388	1	-9999	0	-9999	0	2243.29	0.0218429	0.000666667	0	6	1	20	1	0.000666667	0.6	6.94444e-05	
3388	3389	1	-9999	0	-9999	0	2243.19	0.0267476	0.000666667	0	6	1	20	1	0.000666667	0.6	6.94444e-05	
3389	3169	1	-9999	0	-9999	0	2310.51	0.0207747	0.000666667	0	6	1	20	1	0.000666667	0.6	6.94444e-05	
3390	3391	2	-9999	0	-9999	0	2198.9	0.0081859	0.000666667	0	6.5	1	40	1	0.000666667	0.6	6.94444e-05	
3391	3392	2	-9999	0	-9999	0	2289.18	0.0048052	0.000666667	0	6.5	1	40	1	0.000666667	0.6	6.94444e-05	
3392	3393	2	-9999	0	-9999	0	2214.39	0.00632227	0.000666667	0	6.5	1	40	1	0.000666667	0.6	6.94444e-05	
3393	3394	2	-9999	0	-9999	0	2264.52	0.0075071	0.000666667	0	6.5	1	40	1	0.000666667	0.6	6.94444e-05	
3394	3395	2	-9999	0	-9999	0	2244.65	0.00534604	0.000666667	0	6.5	1	40	1	0.000666667	0.6	6.94444e-05	
3395	3057	2	-9999	0	-9999	0	2282.49	0.00744801	0.000666667	0	6.5	1	40	1	0.000666667	0.6	6.94444e-05	
3396	3397	1	-9999	0	-9999	0	1646.39	0.165818	0.000666667	0	6	1	20	1	0.000666667	0.6	6.94444e-05	
3397	3398	1	-9999	0	-9999	0	1654.47	0.0888504	0.000666667	0	6	1	20	1	0.000666667	0.6	6.94444e-05	
3398	3399	1	-9999	0	-9999	0	1557.16	0.075137	0.000666667	0	6	1	20	1	0.000666667	0.6	6.94444e-05	
3399	3259	1	-9999	0	-9999	0	1672.35	0.0717554	0.000666667	0	6	1	20	1	0.000666667	0.6	6.94444e-05	
3400	3401	1	-9999	0	-9999	0	1704.81	0.0410604	0.000666667	0	6	1	20	1	0.000666667	0.6	6.94444e-05	
3401	3402	1	-9999	0	-9999	0	1654.92	0.030213	0.000666667	0	6	1	20	1	0.000666667	0.6	6.94444e-05	
3402	3403	1	-9999	0	-9999	0	1587.45	0.0233078	0.000666667	0	6	1	20	1	0.000666667	0.6	6.94444e-05	
3403	2410	1	-9999	0	-9999	0	1687.5	0.0402963	0.000666667	0	6	1	20	1	0.000666667	0.6	6.94444e-05	
3404	3405	1	-9999	0	-9999	0	1574.8	0.00825502	0.000666667	0	6	1	20	1	0.000666667	0.6	6.94444e-05	
3405	3406	1	-9999	0	-9999	0	1459.77	0.00616537	0.000666667	0	6	1	20	1	0.000666667	0.6	6.94444e-05	
3406	3407	1	-9999	0	-9999	0	1532.3	0.0052209	0.000666667	0	6	1	20	1	0.000666667	0.6	6.94444e-05	
3407	3243	1	-9999	0	-9999	0	1484.9	0.00606099	0.000666667	0	6	1	20	1	0.000666667	0.6	6.94444e-05	
3408	3409	1	-9999	0	-9999	0	1504.79	0.00664544	0.000666667	0	6	1	20	1	0.000666667	0.6	6.94444e-05	
3409	3410	1	-9999	0	-9999	0	1584.65	0.00567949	0.000666667	0	6	1	20	1	0.000666667	0.6	6.94444e-05	
3410	3411	1	-9999	0	-9999	0	1479.92	0.00945996	0.000666667	0	6	1	20	1	0.000666667	0.6	6.94444e-05	
3411	3056	1	-9999	0	-9999	0	1595.1	0.00438845	0.000666667	0	6	1	20	1	0.000666667	0.6	6.94444e-05	
3412	3413	2	-9999	0	-9999	0	1642.89	0.0407818	0.000666667	0	6.5	1	40	1	0.000666667	0.6	6.94444e-05	
3413	3414	2	-9999	0	-9999	0	1542.69	0.0246323	0.000666667	0	6.5	1	40	1	0.000666667	0.6	6.94444e-05	
3414	3415	2	-9999	0	-9999	0	1567.64	0.0299813	0.000666667	0	6.5	1	40	1	0.000666667	0.6	6.94444e-05	
3415	2325	2	-9999	0	-9999	0	1660.07	0.0114453	0.000666667	0	6.5	1	40	1	0.000666667	0.6	6.94444e-05	
3416	3164	2	-9999	0	-9999	0	517.628	0.00193189	0.000666667	0	6.5	1	40	1	0.000666667	0.6	6.94444e-05	
3417	3418	2	-9999	0	-9999	0	2587.22	0.00850332	0.000666667	0	6.5	1	40	1	0.000666667	0.6	6.94444e-05	
3418	3243	2	-9999	0	-9999	0	2614.53	0.00994443	0.000666667	0	6.5	1	40	1	0.000666667	0.6	6.94444e-05	
3419	3420	2	-9999	0	-9999	0	2944.21	0.0190204	0.000666667	0	6.5	1	40	1	0.000666667	0.6	6.94444e-05	
3420	3150	2	-9999	0	-9999	0	2914.48	0.0144108	0.000666667	0	6.5	1	40	1	0.000666667	0.6	6.94444e-05	
3421	3191	2	-9999	0	-9999	0	2997	0.00433767	0.000666667	0	6.5	1	40	1	0.000666667	0.6	6.94444e-05	
3422	3423	2	-9999	0	-9999	0	1991.1	0.0326453	0.000666667	0	6.5	1	40	1	0.000666667	0.6	6.94444e-05	
3423	3424	2	-9999	0	-9999	0	1920.89	0.0338385	0.000666667	0	6.5	1	40	1	0.000666667	0.6	6.94444e-05	
3424	3425	2	-9999	0	-9999	0	1963.13	0.0249602	0.000666667	0	6.5	1	40	1	0.000666667	0.6	6.94444e-05	
3425	3426	2	-9999	0	-9999	0	2023.47	0.0350882	0.000666667	0	6.5	1	40	1	0.000666667	0.6	6.94444e-05	
3426	3427	2	-9999	0	-9999	0	1932.81	0.0310428	0.000666667	0	6.5	1	40	1	0.000666667	0.6	6.94444e-05	
3427	3412	2	-9999	0	-9999	0	1965.49	0.0218775	0.000666667	0	6.5	1	40	1	0.000666667	0.6	6.94444e-05	
3428	3429	2	-9999	0	-9999	0	2541.15	0.0291207	0.000666667	0	6.5	1	40	1	0.000666667	0.6	6.94444e-05	
3429	3229	2	-9999	0	-9999	0	2451.09	0.0191751	0.000666667	0	6.5	1	40	1	0.000666667	0.6	6.94444e-05	
3430	3422	2	-9999	0	-9999	0	2043.93	0.0410973	0.000666667	0	6.5	1	40	1	0.000666667	0.6	6.94444e-05	
3431	3143	2	-9999	0	-9999	0	542.687	0.0004	0.000666667	0	6.5	1	40	1	0.000666667	0.6	6.94444e-05	
3432	3433	1	-9999	0	-9999	0	2269.21	0.0255595	0.000666667	0	6	1	20	1	0.000666667	0.6	6.94444e-05	
3433	3434	1	-9999	0	-9999	0	2243.94	0.0254017	0.000666667	0	6	1	20	1	0.000666667	0.6	6.94444e-05	
3434	3435	1	-9999	0	-9999	0	2251.85	0.022648	0.000666667	0	6	1	20	1	0.000666667	0.6	6.94444e-05	
3435	3206	1	-9999	0	-9999	0	2176.35	0.0271096	0.000666667	0	6	1	20	1	0.000666667	0.6	6.94444e-05	
3436	3437	1	-9999	0	-9999	0	2286.22	0.0323678	0.000666667	0	6	1	20	1	0.000666667	0.6	6.94444e-05	
3437	3438	1	-9999	0	-9999	0	2193.67	0.0250721	0.000666667	0	6	1	20	1	0.000666667	0.6	6.94444e-05	
3438	3439	1	-9999	0	-9999	0	2260.91	0.026538	0.000666667	0	6	1	20	1	0.000666667	0.6	6.94444e-05	
3439	2750	1	-9999	0	-9999	0	2311.07	0.0250966	0.000666667	0	6	1	20	1	0.000666667	0.6	6.94444e-05	
3440	3441	1	-9999	0	-9999	0	1705.06	0.0416409	0.000666667	0	6	1	20	1	0.000666667	0.6	6.94444e-05	
3441	3442	1	-9999	0	-9999	0	1686.32	0.0326155	0.000666667	0	6	1	20	1	0.000666667	0.6	6.94444e-05	
3442	3443	1	-9999	0	-9999	0	1683.51	0.0356398	0.000666667	0	6	1	20	1	0.000666667	0.6	6.94444e-05	
3443	3444	1	-9999	0	-9999	0	1630.6	0.0141053	0.000666667	0	6	1	20	1	0.000666667	0.6	6.94444e-05	
3444	3445	1	-9999	0	-9999	0	1686.06	0.011862	0.000666667	0	6	1	20	1	0.000666667	0.6	6.94444e-05	
3445	3035	1	-9999	0	-9999	0	1676.66	0.0280319	0.000666667	0	6	1	20	1	0.000666667	0.6	6.94444e-05	
3446	3447	1	-9999	0	-9999	0	1621.6	0.0129502	0.000666667	0	6	1	20	1	0.000666667	0.6	6.94444e-05	
3447	3239	1	-9999	0	-9999	0	1629.51	0.00490945	0.000666667	0	6	1	20	1	0.000666667	0.6	6.94444e-05	
3448	3449	1	-9999	0	-9999	0	2076.52	0.0558626	0.000666667	0	6	1	20	1	0.000666667	0.6	6.94444e-05	
3449	3450	1	-9999	0	-9999	0	2065.91	0.0479207	0.000666667	0	6	1	20	1	0.000666667	0.6	6.94444e-05	
3450	3451	1	-9999	0	-9999	0	2105.45	0.0622195	0.000666667	0	6	1	20	1	0.000666667	0.6	6.94444e-05	
3451	3428	1	-9999	0	-9999	0	2077.44	0.0423598	0.000666667	0	6	1	20	1	0.000666667	0.6	6.94444e-05	
3452	3453	1	-9999	0	-9999	0	1678.52	0.0428948	0.000666667	0	6	1	20	1	0.000666667	0.6	6.94444e-05	
3453	3454	1	-9999	0	-9999	0	1785.5	0.0364044	0.000666667	0	6	1	20	1	0.000666667	0.6	6.94444e-05	
3454	3455	1	-9999	0	-9999	0	1629.54	0.0263878	0.000666667	0	6	1	20	1	0.000666667	0.6	6.94444e-05	
3455	3456	1	-9999	0	-9999	0	1688.89	0.0337499	0.000666667	0	6	1	20	1	0.000666667	0.6	6.94444e-05	
3456	3457	1	-9999	0	-9999	0	1694.09	0.026563	0.000666667	0	6	1	20	1	0.000666667	0.6	6.94444e-05	
3457	2750	1	-9999	0	-9999	0	1764.07	0.0328786	0.000666667	0	6	1	20	1	0.000666667	0.6	6.94444e-05	
3458	3201	1	-9999	0	-9999	0	1310.97	0.0312746	0.000666667	0	6	1	20	1	0.000666667	0.6	6.94444e-05	
3459	3460	1	-9999	0	-9999	0	2051.05	0.0190147	0.000666667	0	6	1	20	1	0.000666667	0.6	6.94444e-05	
3460	3461	1	-9999	0	-9999	0	2133	0.0206282	0.000666667	0	6	1	20	1	0.000666667	0.6	6.94444e-05	
3461	3462	1	-9999	0	-9999	0	2090.54	0.0176988	0.000666667	0	6	1	20	1	0.000666667	0.6	6.94444e-05	
3462	3463	1	-9999	0	-9999	0	2050.8	0.015116	0.000666667	0	6	1	20	1	0.000666667	0.6	6.94444e-05	
3463	3464	1	-9999	0	-9999	0	2087.85	0.0162847	0.000666667	0	6	1	20	1	0.000666667	0.6	6.94444e-05	
3464	3465	1	-9999	0	-9999	0	2040.25	0.0166646	0.000666667	0	6	1	20	1	0.000666667	0.6	6.94444e-05	
3465	3466	1	-9999	0	-9999	0	2042.73	0.0137071	0.000666667	0	6	1	20	1	0.000666667	0.6	6.94444e-05	
3466	3175	1	-9999	0	-9999	0	2114.23	0.0184464	0.000666667	0	6	1	20	1	0.000666667	0.6	6.94444e-05	
3467	3468	1	-9999	0	-9999	0	1891.02	0.0475934	0.000666667	0	6	1	20	1	0.000666667	0.6	6.94444e-05	
3468	3469	1	-9999	0	-9999	0	1856.54	0.0495545	0.000666667	0	6	1	20	1	0.000666667	0.6	6.94444e-05	
3469	3470	1	-9999	0	-9999	0	1819.49	0.0467163	0.000666667	0	6	1	20	1	0.000666667	0.6	6.94444e-05	
3470	3430	1	-9999	0	-9999	0	1819.38	0.0401236	0.000666667	0	6	1	20	1	0.000666667	0.6	6.94444e-05	
3471	3472	1	-9999	0	-9999	0	2782.7	0.0557013	0.000666667	0	6	1	20	1	0.000666667	0.6	6.94444e-05	
3472	3430	1	-9999	0	-9999	0	2696.82	0.0496882	0.000666667	0	6	1	20	1	0.000666667	0.6	6.94444e-05	
3473	3204	1	-9999	0	-9999	0	1733.72	0.0103823	0.000666667	0	6	1	20	1	0.000666667	0.6	6.94444e-05	
3474	3222	1	-9999	0	-9999	0	1450.94	0.0179194	0.000666667	0	6	1	20	1	0.000666667	0.6	6.94444e-05	
3475	3476	1	-9999	0	-9999	0	2473.6	0.0214263	0.000666667	0	6	1	20	1	0.000666667	0.6	6.94444e-05	
3476	3477	1	-9999	0	-9999	0	2476.19	0.0319038	0.000666667	0	6	1	20	1	0.000666667	0.6	6.94444e-05	
3477	3478	1	-9999	0	-9999	0	2514.35	0.0298288	0.000666667	0	6	1	20	1	0.000666667	0.6	6.94444e-05	
3478	3479	1	-9999	0	-9999	0	2404.28	0.0257874	0.000666667	0	6	1	20	1	0.000666667	0.6	6.94444e-05	
3479	3480	1	-9999	0	-9999	0	2444.66	0.0200437	0.000666667	0	6	1	20	1	0.000666667	0.6	6.94444e-05	
3480	3481	1	-9999	0	-9999	0	2531.83	0.0130341	0.000666667	0	6	1	20	1	0.000666667	0.6	6.94444e-05	
3481	3482	1	-9999	0	-9999	0	2451.43	0.00938226	0.000666667	0	6	1	20	1	0.000666667	0.6	6.94444e-05	
3482	3043	1	-9999	0	-9999	0	2466.15	0.0255459	0.000666667	0	6	1	20	1	0.000666667	0.6	6.94444e-05	
3483	3484	1	-9999	0	-9999	0	1691.31	0.0419792	0.000666667	0	6	1	20	1	0.000666667	0.6	6.94444e-05	
3484	3485	1	-9999	0	-9999	0	1613.42	0.0396673	0.000666667	0	6	1	20	1	0.000666667	0.6	6.94444e-05	
3485	3486	1	-9999	0	-9999	0	1688.68	0.0396758	0.000666667	0	6	1	20	1	0.000666667	0.6	6.94444e-05	
3486	3422	1	-9999	0	-9999	0	1596.12	0.0488687	0.000666667	0	6	1	20	1	0.000666667	0.6	6.94444e-05	
3487	3488	1	-9999	0	-9999	0	2692.98	0.0115114	0.000666667	0	6	1	20	1	0.000666667	0.6	6.94444e-05	
3488	3193	1	-9999	0	-9999	0	2629.41	0.00228188	0.000666667	0	6	1	20	1	0.000666667	0.6	6.94444e-05	
3489	3490	1	-9999	0	-9999	0	2050.57	0.0175561	0.000666667	0	6	1	20	1	0.000666667	0.6	6.94444e-05	
3490	3491	1	-9999	0	-9999	0	2103.37	0.0213943	0.000666667	0	6	1	20	1	0.000666667	0.6	6.94444e-05	
3491	3492	1	-9999	0	-9999	0	2117.79	0.017471	0.000666667	0	6	1	20	1	0.000666667	0.6	6.94444e-05	
3492	3493	1	-9999	0	-9999	0	2092.84	0.0181572	0.000666667	0	6	1	20	1	0.000666667	0.6	6.94444e-05	
3493	3494	1	-9999	0	-9999	0	2069.43	0.0198122	0.000666667	0	6	1	20	1	0.000666667	0.6	6.94444e-05	
3494	3203	1	-9999	0	-9999	0	2061.53	0.0169777	0.000666667	0	6	1	20	1	0.000666667	0.6	6.94444e-05	
3495	3496	1	-9999	0	-9999	0	2321.64	0.0163677	0.000666667	0	6	1	20	1	0.000666667	0.6	6.94444e-05	
3496	3497	1	-9999	0	-9999	0	2419.26	0.00950704	0.000666667	0	6	1	20	1	0.000666667	0.6	6.94444e-05	
3497	3498	1	-9999	0	-9999	0	2399.18	0.0145883	0.000666667	0	6	1	20	1	0.000666667	0.6	6.94444e-05	
3498	3183	1	-9999	0	-9999	0	2408.48	0.00830398	0.000666667	0	6	1	20	1	0.000666667	0.6	6.94444e-05	
3499	3500	1	-9999	0	-9999	0	2268.38	0.0260097	0.000666667	0	6	1	20	1	0.000666667	0.6	6.94444e-05	
3500	3501	1	-9999	0	-9999	0	2324.13	0.024095	0.000666667	0	6	1	20	1	0.000666667	0.6	6.94444e-05	
3501	3502	1	-9999	0	-9999	0	2260.58	0.0256571	0.000666667	0	6	1	20	1	0.000666667	0.6	6.94444e-05	
3502	3503	1	-9999	0	-9999	0	2310.72	0.0281298	0.000666667	0	6	1	20	1	0.000666667	0.6	6.94444e-05	
3503	3504	1	-9999	0	-9999	0	2268.28	0.0321829	0.000666667	0	6	1	20	1	0.000666667	0.6	6.94444e-05	
3504	3505	1	-9999	0	-9999	0	2290.7	0.023137	0.000666667	0	6	1	20	1	0.000666667	0.6	6.94444e-05	
3505	3506	1	-9999	0	-9999	0	2300.82	0.0299893	0.000666667	0	6	1	20	1	0.000666667	0.6	6.94444e-05	
3506	3120	1	-9999	0	-9999	0	2318.13	0.011216	0.000666667	0	6	1	20	1	0.000666667	0.6	6.94444e-05	
3507	3508	1	-9999	0	-9999	0	1773.25	0.0124066	0.000666667	0	6	1	20	1	0.000666667	0.6	6.94444e-05	
3508	3202	1	-9999	0	-9999	0	1730.9	0.010977	0.000666667	0	6	1	20	1	0.000666667	0.6	6.94444e-05	
3509	3510	1	-9999	0	-9999	0	2283.21	0.0271547	0.000666667	0	6	1	20	1	0.000666667	0.6	6.94444e-05	
3510	3511	1	-9999	0	-9999	0	2279.07	0.0179898	0.000666667	0	6	1	20	1	0.000666667	0.6	6.94444e-05	
3511	3512	1	-9999	0	-9999	0	2251.14	0.0306512	0.000666667	0	6	1	20	1	0.000666667	0.6	6.94444e-05	
3512	3513	1	-9999	0	-9999	0	2309.55	0.0510922	0.000666667	0	6	1	20	1	0.000666667	0.6	6.94444e-05	
3513	3514	1	-9999	0	-9999	0	2257.33	0.0447432	0.000666667	0	6	1	20	1	0.000666667	0.6	6.94444e-05	
3514	3515	1	-9999	0	-9999	0	2319.72	0.0538859	0.000666667	0	6	1	20	1	0.000666667	0.6	6.94444e-05	
3515	3516	1	-9999	0	-9999	0	2266.96	0.0507287	0.000666667	0	6	1	20	1	0.000666667	0.6	6.94444e-05	
3516	3517	1	-9999	0	-9999	0	2299.32	0.0500147	0.000666667	0	6	1	20	1	0.000666667	0.6	6.94444e-05	
3517	3518	1	-9999	0	-9999	0	2264.61	0.0309104	0.000666667	0	6	1	20	1	0.000666667	0.6	6.94444e-05	
3518	3519	1	-9999	0	-9999	0	2326.26	0.0245029	0.000666667	0	6	1	20	1	0.000666667	0.6	6.94444e-05	
3519	3520	1	-9999	0	-9999	0	2298.43	0.0221891	0.000666667	0	6	1	20	1	0.000666667	0.6	6.94444e-05	
3520	3521	1	-9999	0	-9999	0	2236.52	0.0317458	0.000666667	0	6	1	20	1	0.000666667	0.6	6.94444e-05	
3521	3522	1	-9999	0	-9999	0	2293.78	0.00653944	0.000666667	0	6	1	20	1	0.000666667	0.6	6.94444e-05	
3522	3523	1	-9999	0	-9999	0	2273.8	0.0395813	0.000666667	0	6	1	20	1	0.000666667	0.6	6.94444e-05	
3523	3524	1	-9999	0	-9999	0	2303.81	0.0251757	0.000666667	0	6	1	20	1	0.000666667	0.6	6.94444e-05	
3524	3525	1	-9999	0	-9999	0	2318.74	0.0004	0.000666667	0	6	1	20	1	0.000666667	0.6	6.94444e-05	
3525	3526	1	-9999	0	-9999	0	2211.2	0.0370839	0.000666667	0	6	1	20	1	0.000666667	0.6	6.94444e-05	
3526	3527	1	-9999	0	-9999	0	2291.4	0.0523698	0.000666667	0	6	1	20	1	0.000666667	0.6	6.94444e-05	
3527	3528	1	-9999	0	-9999	0	2276.32	0.0180115	0.000666667	0	6	1	20	1	0.000666667	0.6	6.94444e-05	
3528	3154	1	-9999	0	-9999	0	2301.53	0.0538772	0.000666667	0	6	1	20	1	0.000666667	0.6	6.94444e-05	
3529	3530	1	-9999	0	-9999	0	2489.57	0.0437826	0.000666667	0	6	1	20	1	0.000666667	0.6	6.94444e-05	
3530	3033	1	-9999	0	-9999	0	2372.14	0.0463716	0.000666667	0	6	1	20	1	0.000666667	0.6	6.94444e-05	
3531	3532	1	-9999	0	-9999	0	2161.82	0.0245164	0.000666667	0	6	1	20	1	0.000666667	0.6	6.94444e-05	
3532	3192	1	-9999	0	-9999	0	2255.58	0.0195072	0.000666667	0	6	1	20	1	0.000666667	0.6	6.94444e-05	
3533	3534	1	-9999	0	-9999	0	1726.83	0.0341666	0.000666667	0	6	1	20	1	0.000666667	0.6	6.94444e-05	
3534	3535	1	-9999	0	-9999	0	1721.63	0.0499526	0.000666667	0	6	1	20	1	0.000666667	0.6	6.94444e-05	
3535	3536	1	-9999	0	-9999	0	1699.35	0.02295	0.000666667	0	6	1	20	1	0.000666667	0.6	6.94444e-05	
3536	3428	1	-9999	0	-9999	0	1682.21	0.0190226	0.000666667	0	6	1	20	1	0.000666667	0.6	6.94444e-05	
3537	3538	1	-9999	0	-9999	0	2328.17	0.0236237	0.000666667	0	6	1	20	1	0.000666667	0.6	6.94444e-05	
3538	3539	1	-9999	0	-9999	0	2336.95	0.0175443	0.000666667	0	6	1	20	1	0.000666667	0.6	6.94444e-05	
3539	3540	1	-9999	0	-9999	0	2347.09	0.021729	0.000666667	0	6	1	20	1	0.000666667	0.6	6.94444e-05	
3540	3039	1	-9999	0	-9999	0	2291.74	0.026181	0.000666667	0	6	1	20	1	0.000666667	0.6	6.94444e-05	
3541	3542	1	-9999	0	-9999	0	1651.5	0.00242204	0.000666667	0	6	1	20	1	0.000666667	0.6	6.94444e-05	
3542	3543	1	-9999	0	-9999	0	1701.69	0.00528885	0.000666667	0	6	1	20	1	0.000666667	0.6	6.94444e-05	
3543	3544	1	-9999	0	-9999	0	1643.63	0.00365045	0.000666667	0	6	1	20	1	0.000666667	0.6	6.94444e-05	
3544	3165	1	-9999	0	-9999	0	1660.77	0.00240852	0.000666667	0	6	1	20	1	0.000666667	0.6	6.94444e-05	
3545	3546	1	-9999	0	-9999	0	2738.83	0.00803262	0.000666667	0	6	1	20	1	0.000666667	0.6	6.94444e-05	
3546	3421	1	-9999	0	-9999	0	2631.56	0.0114001	0.000666667	0	6	1	20	1	0.000666667	0.6	6.94444e-05	
3547	3548	1	-9999	0	-9999	0	2433.69	0.0135597	0.000666667	0	6	1	20	1	0.000666667	0.6	6.94444e-05	
3548	3549	1	-9999	0	-9999	0	2388.54	0.00753597	0.000666667	0	6	1	20	1	0.000666667	0.6	6.94444e-05	
3549	3550	1	-9999	0	-9999	0	2370.99	0.0101223	0.000666667	0	6	1	20	1	0.000666667	0.6	6.94444e-05	
3550	3551	1	-9999	0	-9999	0	2428.12	0.0144144	0.000666667	0	6	1	20	1	0.000666667	0.6	6.94444e-05	
3551	3552	1	-9999	0	-9999	0	2428.03	0.00947271	0.000666667	0	6	1	20	1	0.000666667	0.6	6.94444e-05	
3552	3138	1	-9999	0	-9999	0	2415.57	0.00827963	0.000666667	0	6	1	20	1	0.000666667	0.6	6.94444e-05	
3553	3554	1	-9999	0	-9999	0	2341.94	0.00555094	0.000666667	0	6	1	20	1	0.000666667	0.6	6.94444e-05	
3554	3555	1	-9999	0	-9999	0	2244.21	0.0004	0.000666667	0	6	1	20	1	0.000666667	0.6	6.94444e-05	
3555	3556	1	-9999	0	-9999	0	2221.76	0.0076516	0.000666667	0	6	1	20	1	0.000666667	0.6	6.94444e-05	
3556	3421	1	-9999	0	-9999	0	2274.37	0.00791428	0.000666667	0	6	1	20	1	0.000666667	0.6	6.94444e-05	
3557	3558	1	-9999	0	-9999	0	2354.18	0.0339822	0.000666667	0	6	1	20	1	0.000666667	0.6	6.94444e-05	
3558	3559	1	-9999	0	-9999	0	2315.91	0.0367027	0.000666667	0	6	1	20	1	0.000666667	0.6	6.94444e-05	
3559	3560	1	-9999	0	-9999	0	2385.83	0.0217954	0.000666667	0	6	1	20	1	0.000666667	0.6	6.94444e-05	
3560	3140	1	-9999	0	-9999	0	2311.04	0.0307221	0.000666667	0	6	1	20	1	0.000666667	0.6	6.94444e-05	
3561	3197	1	-9999	0	-9999	0	445.251	0.00673778	0.000666667	0	6	1	20	1	0.000666667	0.6	6.94444e-05	
3562	3563	1	-9999	0	-9999	0	1881.09	0.0180746	0.000666667	0	6	1	20	1	0.000666667	0.6	6.94444e-05	
3563	3564	1	-9999	0	-9999	0	1873.3	0.017616	0.000666667	0	6	1	20	1	0.000666667	0.6	6.94444e-05	
3564	3565	1	-9999	0	-9999	0	1848.13	0.0146093	0.000666667	0	6	1	20	1	0.000666667	0.6	6.94444e-05	
3565	3566	1	-9999	0	-9999	0	1965.6	0.00559627	0.000666667	0	6	1	20	1	0.000666667	0.6	6.94444e-05	
3566	3567	1	-9999	0	-9999	0	1890.35	0.0126961	0.000666667	0	6	1	20	1	0.000666667	0.6	6.94444e-05	
3567	2498	1	-9999	0	-9999	0	1902.99	0.0105097	0.000666667	0	6	1	20	1	0.000666667	0.6	6.94444e-05	
3568	3569	1	-9999	0	-9999	0	1980.41	0.0393859	0.000666667	0	6	1	20	1	0.000666667	0.6	6.94444e-05	
3569	3570	1	-9999	0	-9999	0	2033.09	0.0403328	0.000666667	0	6	1	20	1	0.000666667	0.6	6.94444e-05	
3570	3571	1	-9999	0	-9999	0	2007.93	0.0368539	0.000666667	0	6	1	20	1	0.000666667	0.6	6.94444e-05	
3571	3572	1	-9999	0	-9999	0	1965.44	0.0300187	0.000666667	0	6	1	20	1	0.000666667	0.6	6.94444e-05	
3572	3573	1	-9999	0	-9999	0	2007.77	0.0194245	0.000666667	0	6	1	20	1	0.000666667	0.6	6.94444e-05	
3573	3015	1	-9999	0	-9999	0	2015.27	0.00942804	0.000666667	0	6	1	20	1	0.000666667	0.6	6.94444e-05	
3574	3142	1	-9999	0	-9999	0	1458.23	0.0390884	0.000666667	0	6	1	20	1	0.000666667	0.6	6.94444e-05	
3575	3576	1	-9999	0	-9999	0	2066.67	0.0208064	0.000666667	0	6	1	20	1	0.000666667	0.6	6.94444e-05	
3576	3577	1	-9999	0	-9999	0	2101.5	0.0209375	0.000666667	0	6	1	20	1	0.000666667	0.6	6.94444e-05	
3577	3578	1	-9999	0	-9999	0	2111.57	0.0236791	0.000666667	0	6	1	20	1	0.000666667	0.6	6.94444e-05	
3578	3579	1	-9999	0	-9999	0	2129.04	0.0239544	0.000666667	0	6	1	20	1	0.000666667	0.6	6.94444e-05	
3579	3580	1	-9999	0	-9999	0	2001.39	0.0174878	0.000666667	0	6	1	20	1	0.000666667	0.6	6.94444e-05	
3580	3419	1	-9999	0	-9999	0	2118.85	0.0184062	0.000666667	0	6	1	20	1	0.000666667	0.6	6.94444e-05	
3581	3582	1	-9999	0	-9999	0	1975.22	0.0339202	0.000666667	0	6	1	20	1	0.000666667	0.6	6.94444e-05	
3582	3583	1	-9999	0	-9999	0	1895.49	0.0379848	0.000666667	0	6	1	20	1	0.000666667	0.6	6.94444e-05	
3583	3584	1	-9999	0	-9999	0	1998.05	0.0510498	0.000666667	0	6	1	20	1	0.000666667	0.6	6.94444e-05	
3584	3585	1	-9999	0	-9999	0	1918.01	0.0505732	0.000666667	0	6	1	20	1	0.000666667	0.6	6.94444e-05	
3585	3586	1	-9999	0	-9999	0	1922.87	0.0442048	0.000666667	0	6	1	20	1	0.000666667	0.6	6.94444e-05	
3586	3014	1	-9999	0	-9999	0	1927.75	0.0394242	0.000666667	0	6	1	20	1	0.000666667	0.6	6.94444e-05	
3587	3588	1	-9999	0	-9999	0	2948.88	0.0145818	0.000666667	0	6	1	20	1	0.000666667	0.6	6.94444e-05	
3588	3416	1	-9999	0	-9999	0	2945.66	0.0105239	0.000666667	0	6	1	20	1	0.000666667	0.6	6.94444e-05	
3589	3590	1	-9999	0	-9999	0	2470.48	0.0481689	0.000666667	0	6	1	20	1	0.000666667	0.6	6.94444e-05	
3590	3591	1	-9999	0	-9999	0	2418.3	0.042592	0.000666667	0	6	1	20	1	0.000666667	0.6	6.94444e-05	
3591	3592	1	-9999	0	-9999	0	2478.02	0.0133171	0.000666667	0	6	1	20	1	0.000666667	0.6	6.94444e-05	
3592	3117	1	-9999	0	-9999	0	2512.86	0.008357	0.000666667	0	6	1	20	1	0.000666667	0.6	6.94444e-05	
3593	2645	1	-9999	0	-9999	0	2436.18	0.0767595	0.000666667	0	6	1	20	1	0.000666667	0.6	6.94444e-05	
3594	2645	1	-9999	0	-9999	0	1402.91	0.0356403	0.000666667	0	6	1	20	1	0.000666667	0.6	6.94444e-05	
3595	3596	1	-9999	0	-9999	0	1983.53	0.0146204	0.000666667	0	6	1	20	1	0.000666667	0.6	6.94444e-05	
3596	3419	1	-9999	0	-9999	0	2048.36	0.0229451	0.000666667	0	6	1	20	1	0.000666667	0.6	6.94444e-05	
3597	3598	1	-9999	0	-9999	0	2473.13	0.0319434	0.000666667	0	6	1	20	1	0.000666667	0.6	6.94444e-05	
3598	3599	1	-9999	0	-9999	0	2498.2	0.0308221	0.000666667	0	6	1	20	1	0.000666667	0.6	6.94444e-05	
3599	3600	1	-9999	0	-9999	0	2505.82	0.0151647	0.000666667	0	6	1	20	1	0.000666667	0.6	6.94444e-05	
3600	3601	1	-9999	0	-9999	0	2488.17	0.0152723	0.000666667	0	6	1	20	1	0.000666667	0.6	6.94444e-05	
3601	3602	1	-9999	0	-9999	0	2487.99	0.0104502	0.000666667	0	6	1	20	1	0.000666667	0.6	6.94444e-05	
3602	3214	1	-9999	0	-9999	0	2450.29	0.00938665	0.000666667	0	6	1	20	1	0.000666667	0.6	6.94444e-05	
3603	3431	1	-9999	0	-9999	0	2918.15	0.00925245	0.000666667	0	6	1	20	1	0.000666667	0.6	6.94444e-05	
3604	3412	1	-9999	0	-9999	0	2735.92	0.0511711	0.000666667	0	6	1	20	1	0.000666667	0.6	6.94444e-05	
3605	3606	1	-9999	0	-9999	0	2100.31	0.0371374	0.000666667	0	6	1	20	1	0.000666667	0.6	6.94444e-05	
3606	3607	1	-9999	0	-9999	0	2167.72	0.0322921	0.000666667	0	6	1	20	1	0.000666667	0.6	6.94444e-05	
3607	3608	1	-9999	0	-9999	0	2057.66	0.0325612	0.000666667	0	6	1	20	1	0.000666667	0.6	6.94444e-05	
3608	2677	1	-9999	0	-9999	0	2147.5	0.014901	0.000666667	0	6	1	20	1	0.000666667	0.6	6.94444e-05	
3609	3124	1	-9999	0	-9999	0	380.095	0.0004	0.000666667	0	6	1	20	1	0.000666667	0.6	6.94444e-05	
3610	3611	1	-9999	0	-9999	0	1855.39	0.00323382	0.000666667	0	6	1	20	1	0.000666667	0.6	6.94444e-05	
3611	3612	1	-9999	0	-9999	0	1912.95	0.00784128	0.000666667	0	6	1	20	1	0.000666667	0.6	6.94444e-05	
3612	3613	1	-9999	0	-9999	0	1933.03	0.00362126	0.000666667	0	6	1	20	1	0.000666667	0.6	6.94444e-05	
3613	3614	1	-9999	0	-9999	0	1960.59	0.0020402	0.000666667	0	6	1	20	1	0.000666667	0.6	6.94444e-05	
3614	3615	1	-9999	0	-9999	0	1913.1	0.00522711	0.000666667	0	6	1	20	1	0.000666667	0.6	6.94444e-05	
3615	3616	1	-9999	0	-9999	0	1880.51	0.00159531	0.000666667	0	6	1	20	1	0.000666667	0.6	6.94444e-05	
3616	3617	1	-9999	0	-9999	0	1898.01	0.00210747	0.000666667	0	6	1	20	1	0.000666667	0.6	6.94444e-05	
3617	3416	1	-9999	0	-9999	0	1930.42	0.00414417	0.000666667	0	6	1	20	1	0.000666667	0.6	6.94444e-05	
3618	3619	1	-9999	0	-9999	0	1702.78	0.0187928	0.000666667	0	6	1	20	1	0.000666667	0.6	6.94444e-05	
3619	3620	1	-9999	0	-9999	0	1602.71	0.0230859	0.000666667	0	6	1	20	1	0.000666667	0.6	6.94444e-05	
3620	3621	1	-9999	0	-9999	0	1700.14	0.0229393	0.000666667	0	6	1	20	1	0.000666667	0.6	6.94444e-05	
3621	3417	1	-9999	0	-9999	0	1627.56	0.0172037	0.000666667	0	6	1	20	1	0.000666667	0.6	6.94444e-05	
3622	3052	1	-9999	0	-9999	0	2862.8	0.00489032	0.000666667	0	6	1	20	1	0.000666667	0.6	6.94444e-05	
3623	3624	1	-9999	0	-9999	0	1557.68	0.0160495	0.000666667	0	6	1	20	1	0.000666667	0.6	6.94444e-05	
3624	3625	1	-9999	0	-9999	0	1492.69	0.0167483	0.000666667	0	6	1	20	1	0.000666667	0.6	6.94444e-05	
3625	3431	1	-9999	0	-9999	0	2978.04	0.0208191	0.000666667	0	6	1	20	1	0.000666667	0.6	6.94444e-05	
3626	3627	1	-9999	0	-9999	0	2582.59	0.0418185	0.000666667	0	6	1	20	1	0.000666667	0.6	6.94444e-05	
3627	2677	1	-9999	0	-9999	0	2547.24	0.0353323	0.000666667	0	6	1	20	1	0.000666667	0.6	6.94444e-05	
3628	3053	1	-9999	0	-9999	0	1667.7	0.0004	0.000666667	0	6	1	20	1	0.000666667	0.6	6.94444e-05	
3629	3055	1	-9999	0	-9999	0	235.03	0.0004	0.000666667	0	6	1	20	1	0.000666667	0.6	6.94444e-05	
3630	3631	1	-9999	0	-9999	0	2479.95	0.0221779	0.000666667	0	6	1	20	1	0.000666667	0.6	6.94444e-05	
3631	3632	1	-9999	0	-9999	0	2434.7	0.0151969	0.000666667	0	6	1	20	1	0.000666667	0.6	6.94444e-05	
3632	3633	1	-9999	0	-9999	0	2469.45	0.0161979	0.000666667	0	6	1	20	1	0.000666667	0.6	6.94444e-05	
3633	3634	1	-9999	0	-9999	0	2442.07	0.0143321	0.000666667	0	6	1	20	1	0.000666667	0.6	6.94444e-05	
3634	3635	1	-9999	0	-9999	0	2451.95	0.0142743	0.000666667	0	6	1	20	1	0.000666667	0.6	6.94444e-05	
3635	3417	1	-9999	0	-9999	0	2487.3	0.0132674	0.000666667	0	6	1	20	1	0.000666667	0.6	6.94444e-05	
3636	3115	1	-9999	0	-9999	0	2267.45	0.0145538	0.000666667	0	6	1	20	1	0.000666667	0.6	6.94444e-05	
3637	2504	1	-9999	0	-9999	0	2512.54	0.0111441	0.000666667	0	6	1	20	1	0.000666667	0.6	6.94444e-05	
3638	3639	1	-9999	0	-9999	0	2859.41	0.116458	0.000666667	0	6	1	20	1	0.000666667	0.6	6.94444e-05	
3639	3259	1	-9999	0	-9999	0	2839.53	0.161295	0.000666667	0	6	1	20	1	0.000666667	0.6	6.94444e-05	
3640	2366	1	-9999	0	-9999	0	72.4652	0.0413992	0.000666667	0	6	1	20	1	0.000666667	0.6	6.94444e-05	
3641	3008	4	-9999	0	-9999	0	2301.75	0.0251982	0.000666667	0	7.5	1	80	1	0.000666667	0.6	6.94444e-05	
3642	3641	4	-9999	0	-9999	0	1952.61	0.0004	0.000666667	0	7.5	1	80	1	0.000666667	0.6	6.94444e-05	
3643	3644	4	-9999	0	-9999	0	2266.68	0.0004	0.000666667	0	7.5	1	80	1	0.000666667	0.6	6.94444e-05	
3644	3645	4	-9999	0	-9999	0	2353.1	0.0165739	0.000666667	0	7.5	1	80	1	0.000666667	0.6	6.94444e-05	
3645	3646	4	-9999	0	-9999	0	2283.32	0.010511	0.000666667	0	7.5	1	80	1	0.000666667	0.6	6.94444e-05	
3646	3647	4	-9999	0	-9999	0	2350.05	0.000851047	0.000666667	0	7.5	1	80	1	0.000666667	0.6	6.94444e-05	
3647	3648	4	-9999	0	-9999	0	2313.96	0.0142613	0.000666667	0	7.5	1	80	1	0.000666667	0.6	6.94444e-05	
3648	3642	4	-9999	0	-9999	0	2279.71	0.010089	0.000666667	0	7.5	1	80	1	0.000666667	0.6	6.94444e-05	
3649	3643	4	-9999	0	-9999	0	1585.77	0.0138734	0.000666667	0	7.5	1	80	1	0.000666667	0.6	6.94444e-05	
3650	3651	4	-9999	0	-9999	0	2388.13	0.0004	0.000666667	0	7.5	1	80	1	0.000666667	0.6	6.94444e-05	
3651	3652	4	-9999	0	-9999	0	2494.53	0.0208456	0.000666667	0	7.5	1	80	1	0.000666667	0.6	6.94444e-05	
3652	3653	4	-9999	0	-9999	0	2365.37	0.00465043	0.000666667	0	7.5	1	80	1	0.000666667	0.6	6.94444e-05	
3653	3649	4	-9999	0	-9999	0	2415.72	0.009107	0.000666667	0	7.5	1	80	1	0.000666667	0.6	6.94444e-05	
3654	3655	4	-9999	0	-9999	0	2604.25	0.00614381	0.000666667	0	7.5	1	80	1	0.000666667	0.6	6.94444e-05	
3655	3650	4	-9999	0	-9999	0	2520.03	0.0150792	0.000666667	0	7.5	1	80	1	0.000666667	0.6	6.94444e-05	
3656	3657	4	-9999	0	-9999	0	2293.54	0.0104642	0.000666667	0	7.5	1	80	1	0.000666667	0.6	6.94444e-05	
3657	3658	4	-9999	0	-9999	0	2251.59	0.00799436	0.000666667	0	7.5	1	80	1	0.000666667	0.6	6.94444e-05	
3658	3659	4	-9999	0	-9999	0	2267.99	0.00970022	0.000666667	0	7.5	1	80	1	0.000666667	0.6	6.94444e-05	
3659	3660	4	-9999	0	-9999	0	2293.16	0.00348864	0.000666667	0	7.5	1	80	1	0.000666667	0.6	6.94444e-05	
3660	3661	4	-9999	0	-9999	0	2222.91	0.00719778	0.000666667	0	7.5	1	80	1	0.000666667	0.6	6.94444e-05	
3661	3654	4	-9999	0	-9999	0	2245.63	0.0004	0.000666667	0	7.5	1	80	1	0.000666667	0.6	6.94444e-05	
3662	3663	4	-9999	0	-9999	0	2574.78	0.00854441	0.000666667	0	7.5	1	80	1	0.000666667	0.6	6.94444e-05	
3663	4016	4	-9999	0	-9999	0	2467.79	0.0113462	0.000666667	0	7.5	1	80	1	0.000666667	0.6	6.94444e-05	
3664	3665	4	-9999	0	-9999	0	1746.54	0.00973351	0.000666667	0	7.5	1	80	1	0.000666667	0.6	6.94444e-05	
3665	3666	4	-9999	0	-9999	0	1679.33	0.0004	0.000666667	0	7.5	1	80	1	0.000666667	0.6	6.94444e-05	
3666	3667	4	-9999	0	-9999	0	1760.94	0.00340726	0.000666667	0	7.5	1	80	1	0.000666667	0.6	6.94444e-05	
3667	3668	4	-9999	0	-9999	0	1772.23	0.00620688	0.000666667	0	7.5	1	80	1	0.000666667	0.6	6.94444e-05	
3668	3669	4	-9999	0	-9999	0	1727.17	0.00578981	0.000666667	0	7.5	1	80	1	0.000666667	0.6	6.94444e-05	
3669	3662	4	-9999	0	-9999	0	1671.42	0.00358976	0.000666667	0	7.5	1	80	1	0.000666667	0.6	6.94444e-05	
3670	3671	4	-9999	0	-9999	0	2281.03	0.00569919	0.000666667	0	7.5	1	80	1	0.000666667	0.6	6.94444e-05	
3671	3672	4	-9999	0	-9999	0	2323.21	0.0116218	0.000666667	0	7.5	1	80	1	0.000666667	0.6	6.94444e-05	
3672	3673	4	-9999	0	-9999	0	2312.27	0.00518971	0.000666667	0	7.5	1	80	1	0.000666667	0.6	6.94444e-05	
3673	3674	4	-9999	0	-9999	0	2245.1	0.00712664	0.000666667	0	7.5	1	80	1	0.000666667	0.6	6.94444e-05	
3674	3675	4	-9999	0	-9999	0	2247.94	0.0142353	0.000666667	0	7.5	1	80	1	0.000666667	0.6	6.94444e-05	
3675	3664	4	-9999	0	-9999	0	2312.83	0.00172949	0.000666667	0	7.5	1	80	1	0.000666667	0.6	6.94444e-05	
3676	3677	4	-9999	0	-9999	0	2628.28	0.00837051	0.000666667	0	7.5	1	80	1	0.000666667	0.6	6.94444e-05	
3677	3670	4	-9999	0	-9999	0	2664.94	0.0004	0.000666667	0	7.5	1	80	1	0.000666667	0.6	6.94444e-05	
3678	3679	4	-9999	0	-9999	0	1826.66	0.0125913	0.000666667	0	7.5	1	80	1	0.000666667	0.6	6.94444e-05	
3679	3680	4	-9999	0	-9999	0	1792.76	0.00502019	0.000666667	0	7.5	1	80	1	0.000666667	0.6	6.94444e-05	
3680	3681	4	-9999	0	-9999	0	1753.94	0.00171044	0.000666667	0	7.5	1	80	1	0.000666667	0.6	6.94444e-05	
3681	3676	4	-9999	0	-9999	0	1843.49	0.0124763	0.000666667	0	7.5	1	80	1	0.000666667	0.6	6.94444e-05	
3682	3678	4	-9999	0	-9999	0	748.221	0.0004	0.000666667	0	7.5	1	80	1	0.000666667	0.6	6.94444e-05	
3683	3684	4	-9999	0	-9999	0	2260.63	0.0106165	0.000666667	0	7.5	1	80	1	0.000666667	0.6	6.94444e-05	
3684	3685	4	-9999	0	-9999	0	2254.62	0.00487887	0.000666667	0	7.5	1	80	1	0.000666667	0.6	6.94444e-05	
3685	3686	4	-9999	0	-9999	0	2218.75	0.0112676	0.000666667	0	7.5	1	80	1	0.000666667	0.6	6.94444e-05	
3686	3682	4	-9999	0	-9999	0	2227.58	0.00448917	0.000666667	0	7.5	1	80	1	0.000666667	0.6	6.94444e-05	
3687	3688	4	-9999	0	-9999	0	1562.34	0.0172817	0.000666667	0	7.5	1	80	1	0.000666667	0.6	6.94444e-05	
3688	3689	4	-9999	0	-9999	0	1621.77	0.0215814	0.000666667	0	7.5	1	80	1	0.000666667	0.6	6.94444e-05	
3689	3690	4	-9999	0	-9999	0	1563.48	0.0038376	0.000666667	0	7.5	1	80	1	0.000666667	0.6	6.94444e-05	
3690	3683	4	-9999	0	-9999	0	1607.64	0.0004	0.000666667	0	7.5	1	80	1	0.000666667	0.6	6.94444e-05	
3691	3692	2	-9999	0	-9999	0	2573.46	0.0143775	0.000666667	0	6.5	1	40	1	0.000666667	0.6	6.94444e-05	
3692	3017	2	-9999	0	-9999	0	2489.21	0.0144624	0.000666667	0	6.5	1	40	1	0.000666667	0.6	6.94444e-05	
3693	3691	2	-9999	0	-9999	0	1261.67	0.0134742	0.000666667	0	6.5	1	40	1	0.000666667	0.6	6.94444e-05	
3694	3695	1	-9999	0	-9999	0	2422.74	0.0305439	0.000666667	0	6	1	20	1	0.000666667	0.6	6.94444e-05	
3695	3696	1	-9999	0	-9999	0	2336.6	0.00898743	0.000666667	0	6	1	20	1	0.000666667	0.6	6.94444e-05	
3696	3697	1	-9999	0	-9999	0	2422.14	0.0181658	0.000666667	0	6	1	20	1	0.000666667	0.6	6.94444e-05	
3697	3698	1	-9999	0	-9999	0	2361.23	0.0203284	0.000666667	0	6	1	20	1	0.000666667	0.6	6.94444e-05	
3698	3699	1	-9999	0	-9999	0	2401.85	0.024148	0.000666667	0	6	1	20	1	0.000666667	0.6	6.94444e-05	
3699	3700	1	-9999	0	-9999	0	2401.67	0.0116586	0.000666667	0	6	1	20	1	0.000666667	0.6	6.94444e-05	
3700	3701	1	-9999	0	-9999	0	2356.79	0.0161236	0.000666667	0	6	1	20	1	0.000666667	0.6	6.94444e-05	
3701	3702	1	-9999	0	-9999	0	2431.73	0.0180941	0.000666667	0	6	1	20	1	0.000666667	0.6	6.94444e-05	
3702	3703	1	-9999	0	-9999	0	2399.26	0.0225069	0.000666667	0	6	1	20	1	0.000666667	0.6	6.94444e-05	
3703	3704	1	-9999	0	-9999	0	2364.49	0.0266443	0.000666667	0	6	1	20	1	0.000666667	0.6	6.94444e-05	
3704	3705	1	-9999	0	-9999	0	2336.97	0.0432184	0.000666667	0	6	1	20	1	0.000666667	0.6	6.94444e-05	
3705	3706	1	-9999	0	-9999	0	2377.41	0.0016825	0.000666667	0	6	1	20	1	0.000666667	0.6	6.94444e-05	
3706	3707	1	-9999	0	-9999	0	2431.16	0.0238569	0.000666667	0	6	1	20	1	0.000666667	0.6	6.94444e-05	
3707	3708	1	-9999	0	-9999	0	2456.39	0.0146556	0.000666667	0	6	1	20	1	0.000666667	0.6	6.94444e-05	
3708	3709	1	-9999	0	-9999	0	2322.03	0.0258394	0.000666667	0	6	1	20	1	0.000666667	0.6	6.94444e-05	
3709	3710	1	-9999	0	-9999	0	2414.34	0.0273367	0.000666667	0	6	1	20	1	0.000666667	0.6	6.94444e-05	
3710	3711	1	-9999	0	-9999	0	2372.37	0.0172823	0.000666667	0	6	1	20	1	0.000666667	0.6	6.94444e-05	
3711	3712	1	-9999	0	-9999	0	2363.42	0.0270794	0.000666667	0	6	1	20	1	0.000666667	0.6	6.94444e-05	
3712	3713	1	-9999	0	-9999	0	2372.01	0.0206576	0.000666667	0	6	1	20	1	0.000666667	0.6	6.94444e-05	
3713	3693	1	-9999	0	-9999	0	2436.08	0.0082099	0.000666667	0	6	1	20	1	0.000666667	0.6	6.94444e-05	
3714	3715	3	-9999	0	-9999	0	2130.99	0.0201784	0.000666667	0	7	1	60	1	0.000666667	0.6	6.94444e-05	
3715	3716	3	-9999	0	-9999	0	2117.24	0.0236157	0.000666667	0	7	1	60	1	0.000666667	0.6	6.94444e-05	
3716	3717	3	-9999	0	-9999	0	2164.94	0.0069286	0.000666667	0	7	1	60	1	0.000666667	0.6	6.94444e-05	
3717	3718	3	-9999	0	-9999	0	2170.61	0.0386988	0.000666667	0	7	1	60	1	0.000666667	0.6	6.94444e-05	
3718	3719	3	-9999	0	-9999	0	2154.25	0.0171754	0.000666667	0	7	1	60	1	0.000666667	0.6	6.94444e-05	
3719	3662	3	-9999	0	-9999	0	2159.41	0.02547	0.000666667	0	7	1	60	1	0.000666667	0.6	6.94444e-05	
3720	3721	3	-9999	0	-9999	0	1540.6	0.0149292	0.000666667	0	7	1	60	1	0.000666667	0.6	6.94444e-05	
3721	3722	3	-9999	0	-9999	0	1557.59	0.00898826	0.000666667	0	7	1	60	1	0.000666667	0.6	6.94444e-05	
3722	3723	3	-9999	0	-9999	0	1540.41	0.0175278	0.000666667	0	7	1	60	1	0.000666667	0.6	6.94444e-05	
3723	3078	3	-9999	0	-9999	0	1487.31	0.0188259	0.000666667	0	7	1	60	1	0.000666667	0.6	6.94444e-05	
3724	3725	3	-9999	0	-9999	0	1639.31	0.0164703	0.000666667	0	7	1	60	1	0.000666667	0.6	6.94444e-05	
3725	3726	3	-9999	0	-9999	0	1639.26	0.0158609	0.000666667	0	7	1	60	1	0.000666667	0.6	6.94444e-05	
3726	3727	3	-9999	0	-9999	0	1577.37	0.0126793	0.000666667	0	7	1	60	1	0.000666667	0.6	6.94444e-05	
3727	3062	3	-9999	0	-9999	0	1669.77	0.0173677	0.000666667	0	7	1	60	1	0.000666667	0.6	6.94444e-05	
3728	3720	3	-9999	0	-9999	0	2322.19	0.00861255	0.000666667	0	7	1	60	1	0.000666667	0.6	6.94444e-05	
3729	3730	3	-9999	0	-9999	0	1933.78	0.0196506	0.000666667	0	7	1	60	1	0.000666667	0.6	6.94444e-05	
3730	3731	3	-9999	0	-9999	0	1984.18	0.0161276	0.000666667	0	7	1	60	1	0.000666667	0.6	6.94444e-05	
3731	3732	3	-9999	0	-9999	0	2009.32	0.010949	0.000666667	0	7	1	60	1	0.000666667	0.6	6.94444e-05	
3732	3728	3	-9999	0	-9999	0	1916.76	0.0208685	0.000666667	0	7	1	60	1	0.000666667	0.6	6.94444e-05	
3733	3729	2	-9999	0	-9999	0	1378.96	0.0210303	0.000666667	0	6.5	1	40	1	0.000666667	0.6	6.94444e-05	
3734	3735	3	-9999	0	-9999	0	2186.12	0.0105209	0.000666667	0	7	1	60	1	0.000666667	0.6	6.94444e-05	
3735	3736	3	-9999	0	-9999	0	2186.07	0.00548931	0.000666667	0	7	1	60	1	0.000666667	0.6	6.94444e-05	
3736	3737	3	-9999	0	-9999	0	2149.7	0.028376	0.000666667	0	7	1	60	1	0.000666667	0.6	6.94444e-05	
3737	3738	3	-9999	0	-9999	0	2267.32	0.0145546	0.000666667	0	7	1	60	1	0.000666667	0.6	6.94444e-05	
3738	3739	3	-9999	0	-9999	0	2166.3	0.0166182	0.000666667	0	7	1	60	1	0.000666667	0.6	6.94444e-05	
3739	3724	3	-9999	0	-9999	0	2160.68	0.00879353	0.000666667	0	7	1	60	1	0.000666667	0.6	6.94444e-05	
3740	3741	2	-9999	0	-9999	0	1712.76	0.0186833	0.000666667	0	6.5	1	40	1	0.000666667	0.6	6.94444e-05	
3741	3742	2	-9999	0	-9999	0	1681.74	0.0118924	0.000666667	0	6.5	1	40	1	0.000666667	0.6	6.94444e-05	
3742	3743	2	-9999	0	-9999	0	1664.98	0.0210213	0.000666667	0	6.5	1	40	1	0.000666667	0.6	6.94444e-05	
3743	3729	2	-9999	0	-9999	0	1751.72	0.0131299	0.000666667	0	6.5	1	40	1	0.000666667	0.6	6.94444e-05	
3744	3745	3	-9999	0	-9999	0	1774.92	0.0501431	0.000666667	0	7	1	60	1	0.000666667	0.6	6.94444e-05	
3745	3734	3	-9999	0	-9999	0	1678.95	0.0178683	0.000666667	0	7	1	60	1	0.000666667	0.6	6.94444e-05	
3746	3747	2	-9999	0	-9999	0	1732.46	0.0202025	0.000666667	0	6.5	1	40	1	0.000666667	0.6	6.94444e-05	
3747	3748	2	-9999	0	-9999	0	1824.87	0.0186315	0.000666667	0	6.5	1	40	1	0.000666667	0.6	6.94444e-05	
3748	3749	2	-9999	0	-9999	0	1774.26	0.0236719	0.000666667	0	6.5	1	40	1	0.000666667	0.6	6.94444e-05	
3749	3017	2	-9999	0	-9999	0	1799.46	0.0233404	0.000666667	0	6.5	1	40	1	0.000666667	0.6	6.94444e-05	
3750	3751	3	-9999	0	-9999	0	2330.82	0.0454775	0.000666667	0	7	1	60	1	0.000666667	0.6	6.94444e-05	
3751	3752	3	-9999	0	-9999	0	2344.07	0.0004	0.000666667	0	7	1	60	1	0.000666667	0.6	6.94444e-05	
3752	3753	3	-9999	0	-9999	0	2321.62	0.0391967	0.000666667	0	7	1	60	1	0.000666667	0.6	6.94444e-05	
3753	3754	3	-9999	0	-9999	0	2341.91	0.0140911	0.000666667	0	7	1	60	1	0.000666667	0.6	6.94444e-05	
3754	3755	3	-9999	0	-9999	0	2358.25	0.0224743	0.000666667	0	7	1	60	1	0.000666667	0.6	6.94444e-05	
3755	3744	3	-9999	0	-9999	0	2355.69	0.0169801	0.000666667	0	7	1	60	1	0.000666667	0.6	6.94444e-05	
3756	3757	1	-9999	0	-9999	0	2313.68	0.0393314	0.000666667	0	6	1	20	1	0.000666667	0.6	6.94444e-05	
3757	3758	1	-9999	0	-9999	0	2364.36	0.0380652	0.000666667	0	6	1	20	1	0.000666667	0.6	6.94444e-05	
3758	3759	1	-9999	0	-9999	0	2389.62	0.027201	0.000666667	0	6	1	20	1	0.000666667	0.6	6.94444e-05	
3759	3760	1	-9999	0	-9999	0	2322.4	0.0279883	0.000666667	0	6	1	20	1	0.000666667	0.6	6.94444e-05	
3760	3761	1	-9999	0	-9999	0	2389.34	0.0272041	0.000666667	0	6	1	20	1	0.000666667	0.6	6.94444e-05	
3761	3762	1	-9999	0	-9999	0	2338.5	0.0209536	0.000666667	0	6	1	20	1	0.000666667	0.6	6.94444e-05	
3762	3763	1	-9999	0	-9999	0	2386.05	0.0255653	0.000666667	0	6	1	20	1	0.000666667	0.6	6.94444e-05	
3763	3764	1	-9999	0	-9999	0	2312.94	0.0293998	0.000666667	0	6	1	20	1	0.000666667	0.6	6.94444e-05	
3764	3765	1	-9999	0	-9999	0	2271.01	0.0220166	0.000666667	0	6	1	20	1	0.000666667	0.6	6.94444e-05	
3765	3766	1	-9999	0	-9999	0	2346.78	0.0251408	0.000666667	0	6	1	20	1	0.000666667	0.6	6.94444e-05	
3766	3767	1	-9999	0	-9999	0	2368.97	0.0257496	0.000666667	0	6	1	20	1	0.000666667	0.6	6.94444e-05	
3767	3768	1	-9999	0	-9999	0	2397.03	0.0196076	0.000666667	0	6	1	20	1	0.000666667	0.6	6.94444e-05	
3768	3769	1	-9999	0	-9999	0	2368.66	0.0113988	0.000666667	0	6	1	20	1	0.000666667	0.6	6.94444e-05	
3769	3733	1	-9999	0	-9999	0	2320.89	0.0159421	0.000666667	0	6	1	20	1	0.000666667	0.6	6.94444e-05	
3770	3771	1	-9999	0	-9999	0	2108.97	0.0218116	0.000666667	0	6	1	20	1	0.000666667	0.6	6.94444e-05	
3771	3772	1	-9999	0	-9999	0	2179.02	0.0165212	0.000666667	0	6	1	20	1	0.000666667	0.6	6.94444e-05	
3772	3773	1	-9999	0	-9999	0	2216.06	0.0171475	0.000666667	0	6	1	20	1	0.000666667	0.6	6.94444e-05	
3773	3774	1	-9999	0	-9999	0	2137.02	0.0210573	0.000666667	0	6	1	20	1	0.000666667	0.6	6.94444e-05	
3774	3775	1	-9999	0	-9999	0	2128.03	0.0249057	0.000666667	0	6	1	20	1	0.000666667	0.6	6.94444e-05	
3775	3776	1	-9999	0	-9999	0	2178.57	0.0224918	0.000666667	0	6	1	20	1	0.000666667	0.6	6.94444e-05	
3776	3777	1	-9999	0	-9999	0	2085.97	0.0148612	0.000666667	0	6	1	20	1	0.000666667	0.6	6.94444e-05	
3777	3746	1	-9999	0	-9999	0	2158.79	0.0176024	0.000666667	0	6	1	20	1	0.000666667	0.6	6.94444e-05	
3778	3779	1	-9999	0	-9999	0	2405.76	0.0220304	0.000666667	0	6	1	20	1	0.000666667	0.6	6.94444e-05	
3779	3780	1	-9999	0	-9999	0	2322.16	0.0310056	0.000666667	0	6	1	20	1	0.000666667	0.6	6.94444e-05	
3780	3781	1	-9999	0	-9999	0	2456.25	0.0390839	0.000666667	0	6	1	20	1	0.000666667	0.6	6.94444e-05	
3781	3782	1	-9999	0	-9999	0	2405.44	0.0261906	0.000666667	0	6	1	20	1	0.000666667	0.6	6.94444e-05	
3782	3783	1	-9999	0	-9999	0	2405.35	0.02245	0.000666667	0	6	1	20	1	0.000666667	0.6	6.94444e-05	
3783	3784	1	-9999	0	-9999	0	2405.24	0.031182	0.000666667	0	6	1	20	1	0.000666667	0.6	6.94444e-05	
3784	3785	1	-9999	0	-9999	0	2363.25	0.0135407	0.000666667	0	6	1	20	1	0.000666667	0.6	6.94444e-05	
3785	3786	1	-9999	0	-9999	0	2413.67	0.0153293	0.000666667	0	6	1	20	1	0.000666667	0.6	6.94444e-05	
3786	3787	1	-9999	0	-9999	0	2312.43	0.0168654	0.000666667	0	6	1	20	1	0.000666667	0.6	6.94444e-05	
3787	3733	1	-9999	0	-9999	0	2413.35	0.0153314	0.000666667	0	6	1	20	1	0.000666667	0.6	6.94444e-05	
3788	3789	1	-9999	0	-9999	0	2217.59	0.0365262	0.000666667	0	6	1	20	1	0.000666667	0.6	6.94444e-05	
3789	3790	1	-9999	0	-9999	0	2187.34	0.0461749	0.000666667	0	6	1	20	1	0.000666667	0.6	6.94444e-05	
3790	3791	1	-9999	0	-9999	0	2200.92	0.0286244	0.000666667	0	6	1	20	1	0.000666667	0.6	6.94444e-05	
3791	3792	1	-9999	0	-9999	0	2253.38	0.043934	0.000666667	0	6	1	20	1	0.000666667	0.6	6.94444e-05	
3792	3793	1	-9999	0	-9999	0	2167.47	0.0313729	0.000666667	0	6	1	20	1	0.000666667	0.6	6.94444e-05	
3793	3734	1	-9999	0	-9999	0	2231.95	0.0291225	0.000666667	0	6	1	20	1	0.000666667	0.6	6.94444e-05	
3794	3795	1	-9999	0	-9999	0	1856.44	0.0199306	0.000666667	0	6	1	20	1	0.000666667	0.6	6.94444e-05	
3795	3796	1	-9999	0	-9999	0	1943.01	0.016984	0.000666667	0	6	1	20	1	0.000666667	0.6	6.94444e-05	
3796	3797	1	-9999	0	-9999	0	1942.9	0.0231613	0.000666667	0	6	1	20	1	0.000666667	0.6	6.94444e-05	
3797	3798	1	-9999	0	-9999	0	1892.21	0.0147975	0.000666667	0	6	1	20	1	0.000666667	0.6	6.94444e-05	
3798	3799	1	-9999	0	-9999	0	1875.54	0.0191945	0.000666667	0	6	1	20	1	0.000666667	0.6	6.94444e-05	
3799	3740	1	-9999	0	-9999	0	1973.63	0.0162137	0.000666667	0	6	1	20	1	0.000666667	0.6	6.94444e-05	
3800	3801	1	-9999	0	-9999	0	1589.62	0.0163561	0.000666667	0	6	1	20	1	0.000666667	0.6	6.94444e-05	
3801	3802	1	-9999	0	-9999	0	1502.89	0.0179654	0.000666667	0	6	1	20	1	0.000666667	0.6	6.94444e-05	
3802	3803	1	-9999	0	-9999	0	1522.35	0.0177357	0.000666667	0	6	1	20	1	0.000666667	0.6	6.94444e-05	
3803	3746	1	-9999	0	-9999	0	1480.42	0.02094	0.000666667	0	6	1	20	1	0.000666667	0.6	6.94444e-05	
3804	3058	1	-9999	0	-9999	0	2543.04	0.0739271	0.000666667	0	6	1	20	1	0.000666667	0.6	6.94444e-05	
3805	3806	2	-9999	0	-9999	0	2037.15	0.000981763	0.000666667	0	6.5	1	40	1	0.000666667	0.6	6.94444e-05	
3806	3807	2	-9999	0	-9999	0	2011.63	0.0004	0.000666667	0	6.5	1	40	1	0.000666667	0.6	6.94444e-05	
3807	3808	2	-9999	0	-9999	0	1913.63	0.00470309	0.000666667	0	6.5	1	40	1	0.000666667	0.6	6.94444e-05	
3808	3809	2	-9999	0	-9999	0	2008.38	0.0328622	0.000666667	0	6.5	1	40	1	0.000666667	0.6	6.94444e-05	
3809	3810	2	-9999	0	-9999	0	1983.07	0.0004	0.000666667	0	6.5	1	40	1	0.000666667	0.6	6.94444e-05	
3810	3811	2	-9999	0	-9999	0	2036.7	0.0211126	0.000666667	0	6.5	1	40	1	0.000666667	0.6	6.94444e-05	
3811	3812	2	-9999	0	-9999	0	1960.67	0.0004	0.000666667	0	6.5	1	40	1	0.000666667	0.6	6.94444e-05	
3812	3682	2	-9999	0	-9999	0	2061.35	0.0228006	0.000666667	0	6.5	1	40	1	0.000666667	0.6	6.94444e-05	
3813	3805	2	-9999	0	-9999	0	1841.29	0.0244394	0.000666667	0	6.5	1	40	1	0.000666667	0.6	6.94444e-05	
3814	3815	2	-9999	0	-9999	0	2189.03	0.00959331	0.000666667	0	6.5	1	40	1	0.000666667	0.6	6.94444e-05	
3815	3816	2	-9999	0	-9999	0	2217.11	0.00766764	0.000666667	0	6.5	1	40	1	0.000666667	0.6	6.94444e-05	
3816	3817	2	-9999	0	-9999	0	2146.85	0.00978177	0.000666667	0	6.5	1	40	1	0.000666667	0.6	6.94444e-05	
3817	3818	2	-9999	0	-9999	0	2225.36	0.0103354	0.000666667	0	6.5	1	40	1	0.000666667	0.6	6.94444e-05	
3818	3819	2	-9999	0	-9999	0	2230.9	0.012551	0.000666667	0	6.5	1	40	1	0.000666667	0.6	6.94444e-05	
3819	3813	2	-9999	0	-9999	0	2180.39	0.0004	0.000666667	0	6.5	1	40	1	0.000666667	0.6	6.94444e-05	
3820	3814	2	-9999	0	-9999	0	1238.78	0.00645797	0.000666667	0	6.5	1	40	1	0.000666667	0.6	6.94444e-05	
3821	3820	2	-9999	0	-9999	0	518.535	0.0004	0.000666667	0	6.5	1	40	1	0.000666667	0.6	6.94444e-05	
3822	3823	2	-9999	0	-9999	0	2267.18	0.00617508	0.000666667	0	6.5	1	40	1	0.000666667	0.6	6.94444e-05	
3823	3824	2	-9999	0	-9999	0	2306.45	0.0065035	0.000666667	0	6.5	1	40	1	0.000666667	0.6	6.94444e-05	
3824	3825	2	-9999	0	-9999	0	2219.76	0.00315349	0.000666667	0	6.5	1	40	1	0.000666667	0.6	6.94444e-05	
3825	3821	2	-9999	0	-9999	0	2289.85	0.0174684	0.000666667	0	6.5	1	40	1	0.000666667	0.6	6.94444e-05	
3826	3827	2	-9999	0	-9999	0	1879.95	0.022341	0.000666667	0	6.5	1	40	1	0.000666667	0.6	6.94444e-05	
3827	3828	2	-9999	0	-9999	0	1935.86	0.00723192	0.000666667	0	6.5	1	40	1	0.000666667	0.6	6.94444e-05	
3828	3829	2	-9999	0	-9999	0	1835.22	0.0130775	0.000666667	0	6.5	1	40	1	0.000666667	0.6	6.94444e-05	
3829	3822	2	-9999	0	-9999	0	1919.45	0.0140665	0.000666667	0	6.5	1	40	1	0.000666667	0.6	6.94444e-05	
3830	3831	2	-9999	0	-9999	0	2233.45	0.0129844	0.000666667	0	6.5	1	40	1	0.000666667	0.6	6.94444e-05	
3831	3832	2	-9999	0	-9999	0	2213.52	0.0131013	0.000666667	0	6.5	1	40	1	0.000666667	0.6	6.94444e-05	
3832	3833	2	-9999	0	-9999	0	2157.47	0.0111241	0.000666667	0	6.5	1	40	1	0.000666667	0.6	6.94444e-05	
3833	3826	2	-9999	0	-9999	0	2233.13	0.00492582	0.000666667	0	6.5	1	40	1	0.000666667	0.6	6.94444e-05	
3834	3835	2	-9999	0	-9999	0	1698.16	0.0111886	0.000666667	0	6.5	1	40	1	0.000666667	0.6	6.94444e-05	
3835	3830	2	-9999	0	-9999	0	1642.22	0.0127876	0.000666667	0	6.5	1	40	1	0.000666667	0.6	6.94444e-05	
3836	3837	2	-9999	0	-9999	0	2367.86	0.0156259	0.000666667	0	6.5	1	40	1	0.000666667	0.6	6.94444e-05	
3837	3834	2	-9999	0	-9999	0	2437.94	0.0143564	0.000666667	0	6.5	1	40	1	0.000666667	0.6	6.94444e-05	
3838	3839	2	-9999	0	-9999	0	1883.21	0.0143372	0.000666667	0	6.5	1	40	1	0.000666667	0.6	6.94444e-05	
3839	3840	2	-9999	0	-9999	0	1841.09	0.0217262	0.000666667	0	6.5	1	40	1	0.000666667	0.6	6.94444e-05	
3840	3841	2	-9999	0	-9999	0	1930.71	0.0124306	0.000666667	0	6.5	1	40	1	0.000666667	0.6	6.94444e-05	
3841	3078	2	-9999	0	-9999	0	1891.34	0.0211491	0.000666667	0	6.5	1	40	1	0.000666667	0.6	6.94444e-05	
3842	3843	2	-9999	0	-9999	0	1777.33	0.0444486	0.000666667	0	6.5	1	40	1	0.000666667	0.6	6.94444e-05	
3843	3654	2	-9999	0	-9999	0	1825.05	0.0542452	0.000666667	0	6.5	1	40	1	0.000666667	0.6	6.94444e-05	
3844	3845	2	-9999	0	-9999	0	1471.41	0.0135924	0.000666667	0	6.5	1	40	1	0.000666667	0.6	6.94444e-05	
3845	3836	2	-9999	0	-9999	0	1544.21	0.00194274	0.000666667	0	6.5	1	40	1	0.000666667	0.6	6.94444e-05	
3846	3847	2	-9999	0	-9999	0	2095.86	0.0753865	0.000666667	0	6.5	1	40	1	0.000666667	0.6	6.94444e-05	
3847	3848	2	-9999	0	-9999	0	1995.01	0.0706765	0.000666667	0	6.5	1	40	1	0.000666667	0.6	6.94444e-05	
3848	3849	2	-9999	0	-9999	0	2134.94	0.0421557	0.000666667	0	6.5	1	40	1	0.000666667	0.6	6.94444e-05	
3849	3850	2	-9999	0	-9999	0	2089.27	0.0282395	0.000666667	0	6.5	1	40	1	0.000666667	0.6	6.94444e-05	
3850	3851	2	-9999	0	-9999	0	2024.52	0.0370459	0.000666667	0	6.5	1	40	1	0.000666667	0.6	6.94444e-05	
3851	3852	2	-9999	0	-9999	0	2016.31	0.0530674	0.000666667	0	6.5	1	40	1	0.000666667	0.6	6.94444e-05	
3852	3853	2	-9999	0	-9999	0	2114.13	0.0255425	0.000666667	0	6.5	1	40	1	0.000666667	0.6	6.94444e-05	
3853	3008	2	-9999	0	-9999	0	2060.08	0.0402897	0.000666667	0	6.5	1	40	1	0.000666667	0.6	6.94444e-05	
3854	3855	1	-9999	0	-9999	0	2372.91	0.0493066	0.000666667	0	6	1	20	1	0.000666667	0.6	6.94444e-05	
3855	3856	1	-9999	0	-9999	0	2445.82	0.0363886	0.000666667	0	6	1	20	1	0.000666667	0.6	6.94444e-05	
3856	3857	1	-9999	0	-9999	0	2363.81	0.0613416	0.000666667	0	6	1	20	1	0.000666667	0.6	6.94444e-05	
3857	3858	1	-9999	0	-9999	0	2479	0.0334812	0.000666667	0	6	1	20	1	0.000666667	0.6	6.94444e-05	
3858	3859	1	-9999	0	-9999	0	2464.99	0.0454362	0.000666667	0	6	1	20	1	0.000666667	0.6	6.94444e-05	
3859	3744	1	-9999	0	-9999	0	2408.89	0.0303045	0.000666667	0	6	1	20	1	0.000666667	0.6	6.94444e-05	
3860	3861	1	-9999	0	-9999	0	1727.61	0.0688813	0.000666667	0	6	1	20	1	0.000666667	0.6	6.94444e-05	
3861	3862	1	-9999	0	-9999	0	1716.23	0.0553538	0.000666667	0	6	1	20	1	0.000666667	0.6	6.94444e-05	
3862	3863	1	-9999	0	-9999	0	1744.29	0.0389844	0.000666667	0	6	1	20	1	0.000666667	0.6	6.94444e-05	
3863	3864	1	-9999	0	-9999	0	1659.98	0.0343376	0.000666667	0	6	1	20	1	0.000666667	0.6	6.94444e-05	
3864	3865	1	-9999	0	-9999	0	1699.04	0.0211884	0.000666667	0	6	1	20	1	0.000666667	0.6	6.94444e-05	
3865	3664	1	-9999	0	-9999	0	1690.31	0.0461455	0.000666667	0	6	1	20	1	0.000666667	0.6	6.94444e-05	
3866	3867	1	-9999	0	-9999	0	1513.57	0.10571	0.000666667	0	6	1	20	1	0.000666667	0.6	6.94444e-05	
3867	4016	1	-9999	0	-9999	0	1538.91	0.121515	0.000666667	0	6	1	20	1	0.000666667	0.6	6.94444e-05	
3868	3869	1	-9999	0	-9999	0	1743.91	0.0303915	0.000666667	0	6	1	20	1	0.000666667	0.6	6.94444e-05	
3869	3870	1	-9999	0	-9999	0	1791.6	0.00223265	0.000666667	0	6	1	20	1	0.000666667	0.6	6.94444e-05	
3870	3871	1	-9999	0	-9999	0	1718.7	0.0535287	0.000666667	0	6	1	20	1	0.000666667	0.6	6.94444e-05	
3871	3872	1	-9999	0	-9999	0	1754.72	0.0609785	0.000666667	0	6	1	20	1	0.000666667	0.6	6.94444e-05	
3872	3873	1	-9999	0	-9999	0	1779.9	0.019664	0.000666667	0	6	1	20	1	0.000666667	0.6	6.94444e-05	
3873	3814	1	-9999	0	-9999	0	1785.48	0.0224029	0.000666667	0	6	1	20	1	0.000666667	0.6	6.94444e-05	
3874	3875	1	-9999	0	-9999	0	1662.74	0.0120283	0.000666667	0	6	1	20	1	0.000666667	0.6	6.94444e-05	
3875	3693	1	-9999	0	-9999	0	1771.93	0.00733661	0.000666667	0	6	1	20	1	0.000666667	0.6	6.94444e-05	
3876	3877	1	-9999	0	-9999	0	2108.02	0.0327322	0.000666667	0	6	1	20	1	0.000666667	0.6	6.94444e-05	
3877	3878	1	-9999	0	-9999	0	2076.93	0.0346665	0.000666667	0	6	1	20	1	0.000666667	0.6	6.94444e-05	
3878	3879	1	-9999	0	-9999	0	2088.15	0.0311281	0.000666667	0	6	1	20	1	0.000666667	0.6	6.94444e-05	
3879	3834	1	-9999	0	-9999	0	2015.2	0.0297738	0.000666667	0	6	1	20	1	0.000666667	0.6	6.94444e-05	
3880	3691	1	-9999	0	-9999	0	983.949	0.00508157	0.000666667	0	6	1	20	1	0.000666667	0.6	6.94444e-05	
3881	3740	1	-9999	0	-9999	0	538.21	0.00929005	0.000666667	0	6	1	20	1	0.000666667	0.6	6.94444e-05	
3882	3883	1	-9999	0	-9999	0	2239.83	0.0107151	0.000666667	0	6	1	20	1	0.000666667	0.6	6.94444e-05	
3883	3884	1	-9999	0	-9999	0	2284.58	0.0148824	0.000666667	0	6	1	20	1	0.000666667	0.6	6.94444e-05	
3884	3885	1	-9999	0	-9999	0	2320.82	0.0409338	0.000666667	0	6	1	20	1	0.000666667	0.6	6.94444e-05	
3885	3844	1	-9999	0	-9999	0	2259.1	0.0247886	0.000666667	0	6	1	20	1	0.000666667	0.6	6.94444e-05	
3886	3887	1	-9999	0	-9999	0	2035.05	0.0211297	0.000666667	0	6	1	20	1	0.000666667	0.6	6.94444e-05	
3887	3888	1	-9999	0	-9999	0	2099.22	0.0200074	0.000666667	0	6	1	20	1	0.000666667	0.6	6.94444e-05	
3888	3889	1	-9999	0	-9999	0	2034.85	0.0186746	0.000666667	0	6	1	20	1	0.000666667	0.6	6.94444e-05	
3889	3890	1	-9999	0	-9999	0	2093.5	0.0176737	0.000666667	0	6	1	20	1	0.000666667	0.6	6.94444e-05	
3890	3891	1	-9999	0	-9999	0	2076.67	0.017817	0.000666667	0	6	1	20	1	0.000666667	0.6	6.94444e-05	
3891	3838	1	-9999	0	-9999	0	1992.51	0.0225846	0.000666667	0	6	1	20	1	0.000666667	0.6	6.94444e-05	
3892	3893	1	-9999	0	-9999	0	2494.5	0.0461014	0.000666667	0	6	1	20	1	0.000666667	0.6	6.94444e-05	
3893	3894	1	-9999	0	-9999	0	2500.27	0.0191979	0.000666667	0	6	1	20	1	0.000666667	0.6	6.94444e-05	
3894	3895	1	-9999	0	-9999	0	2480.59	0.0258003	0.000666667	0	6	1	20	1	0.000666667	0.6	6.94444e-05	
3895	3813	1	-9999	0	-9999	0	2477.68	0.0117045	0.000666667	0	6	1	20	1	0.000666667	0.6	6.94444e-05	
3896	3897	1	-9999	0	-9999	0	2556.41	0.0297292	0.000666667	0	6	1	20	1	0.000666667	0.6	6.94444e-05	
3897	3820	1	-9999	0	-9999	0	2483.39	0.0463078	0.000666667	0	6	1	20	1	0.000666667	0.6	6.94444e-05	
3898	3899	1	-9999	0	-9999	0	1793.7	0.0183977	0.000666667	0	6	1	20	1	0.000666667	0.6	6.94444e-05	
3899	3900	1	-9999	0	-9999	0	1802.22	0.0122071	0.000666667	0	6	1	20	1	0.000666667	0.6	6.94444e-05	
3900	3901	1	-9999	0	-9999	0	1849.76	0.0145965	0.000666667	0	6	1	20	1	0.000666667	0.6	6.94444e-05	
3901	3830	1	-9999	0	-9999	0	1824.59	0.0224708	0.000666667	0	6	1	20	1	0.000666667	0.6	6.94444e-05	
3902	3903	1	-9999	0	-9999	0	1765.63	0.0175575	0.000666667	0	6	1	20	1	0.000666667	0.6	6.94444e-05	
3903	3904	1	-9999	0	-9999	0	1799.42	0.0144491	0.000666667	0	6	1	20	1	0.000666667	0.6	6.94444e-05	
3904	3905	1	-9999	0	-9999	0	1799.35	0.0244532	0.000666667	0	6	1	20	1	0.000666667	0.6	6.94444e-05	
3905	3906	1	-9999	0	-9999	0	1774.05	0.0208562	0.000666667	0	6	1	20	1	0.000666667	0.6	6.94444e-05	
3906	3907	1	-9999	0	-9999	0	1807.66	0.0138301	0.000666667	0	6	1	20	1	0.000666667	0.6	6.94444e-05	
3907	3838	1	-9999	0	-9999	0	1841.2	0.0168369	0.000666667	0	6	1	20	1	0.000666667	0.6	6.94444e-05	
3908	3909	1	-9999	0	-9999	0	1816.52	0.0401868	0.000666667	0	6	1	20	1	0.000666667	0.6	6.94444e-05	
3909	3910	1	-9999	0	-9999	0	1847.05	0.0530576	0.000666667	0	6	1	20	1	0.000666667	0.6	6.94444e-05	
3910	3911	1	-9999	0	-9999	0	1785.37	0.0218442	0.000666667	0	6	1	20	1	0.000666667	0.6	6.94444e-05	
3911	3670	1	-9999	0	-9999	0	1858.27	0.0489702	0.000666667	0	6	1	20	1	0.000666667	0.6	6.94444e-05	
3912	3650	1	-9999	0	-9999	0	1295.16	0.110411	0.000666667	0	6	1	20	1	0.000666667	0.6	6.94444e-05	
3913	3914	1	-9999	0	-9999	0	2203.19	0.0526509	0.000666667	0	6	1	20	1	0.000666667	0.6	6.94444e-05	
3914	3915	1	-9999	0	-9999	0	2152.38	0.0552877	0.000666667	0	6	1	20	1	0.000666667	0.6	6.94444e-05	
3915	3916	1	-9999	0	-9999	0	2163.67	0.0425203	0.000666667	0	6	1	20	1	0.000666667	0.6	6.94444e-05	
3916	3287	1	-9999	0	-9999	0	2183	0.0595512	0.000666667	0	6	1	20	1	0.000666667	0.6	6.94444e-05	
3917	3842	1	-9999	0	-9999	0	1031.49	0.0920994	0.000666667	0	6	1	20	1	0.000666667	0.6	6.94444e-05	
3918	3919	1	-9999	0	-9999	0	1802.32	0.0172001	0.000666667	0	6	1	20	1	0.000666667	0.6	6.94444e-05	
3919	3920	1	-9999	0	-9999	0	1897.64	0.110664	0.000666667	0	6	1	20	1	0.000666667	0.6	6.94444e-05	
3920	3921	1	-9999	0	-9999	0	1813.75	0.106961	0.000666667	0	6	1	20	1	0.000666667	0.6	6.94444e-05	
3921	3922	1	-9999	0	-9999	0	1836.46	0.0642541	0.000666667	0	6	1	20	1	0.000666667	0.6	6.94444e-05	
3922	3923	1	-9999	0	-9999	0	1869.99	0.0229948	0.000666667	0	6	1	20	1	0.000666667	0.6	6.94444e-05	
3923	3842	1	-9999	0	-9999	0	1766.01	0.0645522	0.000666667	0	6	1	20	1	0.000666667	0.6	6.94444e-05	
3924	3925	1	-9999	0	-9999	0	2155.32	0.0756268	0.000666667	0	6	1	20	1	0.000666667	0.6	6.94444e-05	
3925	3926	1	-9999	0	-9999	0	2208.46	0.0688264	0.000666667	0	6	1	20	1	0.000666667	0.6	6.94444e-05	
3926	3927	1	-9999	0	-9999	0	2172.08	0.0695185	0.000666667	0	6	1	20	1	0.000666667	0.6	6.94444e-05	
3927	3928	1	-9999	0	-9999	0	2118.6	0.0490891	0.000666667	0	6	1	20	1	0.000666667	0.6	6.94444e-05	
3928	3929	1	-9999	0	-9999	0	2157.82	0.039855	0.000666667	0	6	1	20	1	0.000666667	0.6	6.94444e-05	
3929	3649	1	-9999	0	-9999	0	2171.71	0.0672283	0.000666667	0	6	1	20	1	0.000666667	0.6	6.94444e-05	
3930	3931	1	-9999	0	-9999	0	2088.07	0.065611	0.000666667	0	6	1	20	1	0.000666667	0.6	6.94444e-05	
3931	3932	1	-9999	0	-9999	0	2115.93	0.10161	0.000666667	0	6	1	20	1	0.000666667	0.6	6.94444e-05	
3932	3933	1	-9999	0	-9999	0	2157.92	0.0658042	0.000666667	0	6	1	20	1	0.000666667	0.6	6.94444e-05	
3933	3934	1	-9999	0	-9999	0	2216.5	0.0329348	0.000666667	0	6	1	20	1	0.000666667	0.6	6.94444e-05	
3934	3935	1	-9999	0	-9999	0	2106.74	0.0275307	0.000666667	0	6	1	20	1	0.000666667	0.6	6.94444e-05	
3935	3287	1	-9999	0	-9999	0	2101.16	0.0523522	0.000666667	0	6	1	20	1	0.000666667	0.6	6.94444e-05	
3936	3844	1	-9999	0	-9999	0	1717.98	0.0273577	0.000666667	0	6	1	20	1	0.000666667	0.6	6.94444e-05	
3937	3821	1	-9999	0	-9999	0	846.466	0.0165394	0.000666667	0	6	1	20	1	0.000666667	0.6	6.94444e-05	
3938	3939	1	-9999	0	-9999	0	2343.08	0.0153644	0.000666667	0	6	1	20	1	0.000666667	0.6	6.94444e-05	
3939	3940	1	-9999	0	-9999	0	2362.59	0.0135444	0.000666667	0	6	1	20	1	0.000666667	0.6	6.94444e-05	
3940	3941	1	-9999	0	-9999	0	2345.62	0.0183321	0.000666667	0	6	1	20	1	0.000666667	0.6	6.94444e-05	
3941	3728	1	-9999	0	-9999	0	2350.99	0.0178649	0.000666667	0	6	1	20	1	0.000666667	0.6	6.94444e-05	
3942	3943	1	-9999	0	-9999	0	1502.21	0.0366127	0.000666667	0	6	1	20	1	0.000666667	0.6	6.94444e-05	
3943	3944	1	-9999	0	-9999	0	1507.71	0.0550505	0.000666667	0	6	1	20	1	0.000666667	0.6	6.94444e-05	
3944	3945	1	-9999	0	-9999	0	1518.89	0.0316021	0.000666667	0	6	1	20	1	0.000666667	0.6	6.94444e-05	
3945	3678	1	-9999	0	-9999	0	1532.61	0.0463263	0.000666667	0	6	1	20	1	0.000666667	0.6	6.94444e-05	
3946	3947	1	-9999	0	-9999	0	2297.68	0.0339474	0.000666667	0	6	1	20	1	0.000666667	0.6	6.94444e-05	
3947	3948	1	-9999	0	-9999	0	2370.38	0.0350155	0.000666667	0	6	1	20	1	0.000666667	0.6	6.94444e-05	
3948	3949	1	-9999	0	-9999	0	2365.17	0.0380523	0.000666667	0	6	1	20	1	0.000666667	0.6	6.94444e-05	
3949	3724	1	-9999	0	-9999	0	2381.89	0.0373653	0.000666667	0	6	1	20	1	0.000666667	0.6	6.94444e-05	
3950	3951	1	-9999	0	-9999	0	2382.02	0.0705285	0.000666667	0	6	1	20	1	0.000666667	0.6	6.94444e-05	
3951	3952	1	-9999	0	-9999	0	2379.3	0.0378262	0.000666667	0	6	1	20	1	0.000666667	0.6	6.94444e-05	
3952	3953	1	-9999	0	-9999	0	2325.8	0.0339668	0.000666667	0	6	1	20	1	0.000666667	0.6	6.94444e-05	
3953	3303	1	-9999	0	-9999	0	2378.72	0.0336315	0.000666667	0	6	1	20	1	0.000666667	0.6	6.94444e-05	
3954	3846	1	-9999	0	-9999	0	2796.65	0.0818836	0.000666667	0	6	1	20	1	0.000666667	0.6	6.94444e-05	
3955	3956	1	-9999	0	-9999	0	1787.9	0.0503385	0.000666667	0	6	1	20	1	0.000666667	0.6	6.94444e-05	
3956	3836	1	-9999	0	-9999	0	1852.51	0.0356274	0.000666667	0	6	1	20	1	0.000666667	0.6	6.94444e-05	
3957	3958	1	-9999	0	-9999	0	2174	0.0611777	0.000666667	0	6	1	20	1	0.000666667	0.6	6.94444e-05	
3958	3846	1	-9999	0	-9999	0	2235.69	0.0523328	0.000666667	0	6	1	20	1	0.000666667	0.6	6.94444e-05	
3959	3676	1	-9999	0	-9999	0	1479.72	0.0554159	0.000666667	0	6	1	20	1	0.000666667	0.6	6.94444e-05	
3960	3961	1	-9999	0	-9999	0	1849.5	0.018924	0.000666667	0	6	1	20	1	0.000666667	0.6	6.94444e-05	
3961	3720	1	-9999	0	-9999	0	1824.2	0.0186382	0.000666667	0	6	1	20	1	0.000666667	0.6	6.94444e-05	
3962	3963	1	-9999	0	-9999	0	1568.74	0.0777694	0.000666667	0	6	1	20	1	0.000666667	0.6	6.94444e-05	
3963	3964	1	-9999	0	-9999	0	1521.57	0.0821518	0.000666667	0	6	1	20	1	0.000666667	0.6	6.94444e-05	
3964	3965	1	-9999	0	-9999	0	1470.53	0.0897636	0.000666667	0	6	1	20	1	0.000666667	0.6	6.94444e-05	
3965	3642	1	-9999	0	-9999	0	1574.51	0.0927271	0.000666667	0	6	1	20	1	0.000666667	0.6	6.94444e-05	
3966	3967	1	-9999	0	-9999	0	1614.08	0.104084	0.000666667	0	6	1	20	1	0.000666667	0.6	6.94444e-05	
3967	2470	1	-9999	0	-9999	0	1569.1	0.0624561	0.000666667	0	6	1	20	1	0.000666667	0.6	6.94444e-05	
3968	3969	1	-9999	0	-9999	0	1725.88	0.0608385	0.000666667	0	6	1	20	1	0.000666667	0.6	6.94444e-05	
3969	3970	1	-9999	0	-9999	0	1625.26	0.017228	0.000666667	0	6	1	20	1	0.000666667	0.6	6.94444e-05	
3970	3971	1	-9999	0	-9999	0	1628.02	0.0509821	0.000666667	0	6	1	20	1	0.000666667	0.6	6.94444e-05	
3971	3805	1	-9999	0	-9999	0	1698.22	0.0294426	0.000666667	0	6	1	20	1	0.000666667	0.6	6.94444e-05	
3972	3973	1	-9999	0	-9999	0	1853.66	0.0917103	0.000666667	0	6	1	20	1	0.000666667	0.6	6.94444e-05	
3973	3974	1	-9999	0	-9999	0	1898.55	0.0653129	0.000666667	0	6	1	20	1	0.000666667	0.6	6.94444e-05	
3974	3975	1	-9999	0	-9999	0	1932.56	0.0377738	0.000666667	0	6	1	20	1	0.000666667	0.6	6.94444e-05	
3975	3976	1	-9999	0	-9999	0	1834.47	0.0485153	0.000666667	0	6	1	20	1	0.000666667	0.6	6.94444e-05	
3976	3977	1	-9999	0	-9999	0	1887.52	0.0354964	0.000666667	0	6	1	20	1	0.000666667	0.6	6.94444e-05	
3977	3978	1	-9999	0	-9999	0	1862.9	0.0343549	0.000666667	0	6	1	20	1	0.000666667	0.6	6.94444e-05	
3978	3979	1	-9999	0	-9999	0	1871.4	0.0619858	0.000666667	0	6	1	20	1	0.000666667	0.6	6.94444e-05	
3979	3643	1	-9999	0	-9999	0	1888.51	0.0926655	0.000666667	0	6	1	20	1	0.000666667	0.6	6.94444e-05	
3980	3981	1	-9999	0	-9999	0	1697.86	0.083046	0.000666667	0	6	1	20	1	0.000666667	0.6	6.94444e-05	
3981	2470	1	-9999	0	-9999	0	1750.8	0.0702537	0.000666667	0	6	1	20	1	0.000666667	0.6	6.94444e-05	
3982	3303	1	-9999	0	-9999	0	2047.29	0.0410299	0.000666667	0	6	1	20	1	0.000666667	0.6	6.94444e-05	
3983	3984	1	-9999	0	-9999	0	2195.42	0.0191307	0.000666667	0	6	1	20	1	0.000666667	0.6	6.94444e-05	
3984	3985	1	-9999	0	-9999	0	2120.76	0.0273487	0.000666667	0	6	1	20	1	0.000666667	0.6	6.94444e-05	
3985	3986	1	-9999	0	-9999	0	2185.87	0.028364	0.000666667	0	6	1	20	1	0.000666667	0.6	6.94444e-05	
3986	3826	1	-9999	0	-9999	0	2205.41	0.0104289	0.000666667	0	6	1	20	1	0.000666667	0.6	6.94444e-05	
3987	3988	1	-9999	0	-9999	0	1639.18	0.0366036	0.000666667	0	6	1	20	1	0.000666667	0.6	6.94444e-05	
3988	3989	1	-9999	0	-9999	0	1723.4	0.0255309	0.000666667	0	6	1	20	1	0.000666667	0.6	6.94444e-05	
3989	3990	1	-9999	0	-9999	0	1681.38	0.0208162	0.000666667	0	6	1	20	1	0.000666667	0.6	6.94444e-05	
3990	3991	1	-9999	0	-9999	0	1689.84	0.00946836	0.000666667	0	6	1	20	1	0.000666667	0.6	6.94444e-05	
3991	3992	1	-9999	0	-9999	0	1700.88	0.0264569	0.000666667	0	6	1	20	1	0.000666667	0.6	6.94444e-05	
3992	3822	1	-9999	0	-9999	0	1647.81	0.0303432	0.000666667	0	6	1	20	1	0.000666667	0.6	6.94444e-05	
3993	3062	1	-9999	0	-9999	0	1294.21	0.0471329	0.000666667	0	6	1	20	1	0.000666667	0.6	6.94444e-05	
3994	3995	1	-9999	0	-9999	0	1688.62	0.0076986	0.000666667	0	6	1	20	1	0.000666667	0.6	6.94444e-05	
3995	3309	1	-9999	0	-9999	0	1652.63	0.00544585	0.000666667	0	6	1	20	1	0.000666667	0.6	6.94444e-05	
3996	3997	1	-9999	0	-9999	0	1764.86	0.0883923	0.000666667	0	6	1	20	1	0.000666667	0.6	6.94444e-05	
3997	3998	1	-9999	0	-9999	0	1806.07	0.0808387	0.000666667	0	6	1	20	1	0.000666667	0.6	6.94444e-05	
3998	3999	1	-9999	0	-9999	0	1769.26	0.0254344	0.000666667	0	6	1	20	1	0.000666667	0.6	6.94444e-05	
3999	4000	1	-9999	0	-9999	0	1831.31	0.0327634	0.000666667	0	6	1	20	1	0.000666667	0.6	6.94444e-05	
4000	4001	1	-9999	0	-9999	0	1742.21	0.0419009	0.000666667	0	6	1	20	1	0.000666667	0.6	6.94444e-05	
4001	3058	1	-9999	0	-9999	0	1798.75	0.0433633	0.000666667	0	6	1	20	1	0.000666667	0.6	6.94444e-05	
4002	3683	1	-9999	0	-9999	0	1976.91	0.0384438	0.000666667	0	6	1	20	1	0.000666667	0.6	6.94444e-05	
4003	3309	1	-9999	0	-9999	0	1142.45	0.0148803	0.000666667	0	6	1	20	1	0.000666667	0.6	6.94444e-05	
4004	4005	1	-9999	0	-9999	0	1780.01	0.0865165	0.000666667	0	6	1	20	1	0.000666667	0.6	6.94444e-05	
4005	3641	1	-9999	0	-9999	0	1752.17	0.0719107	0.000666667	0	6	1	20	1	0.000666667	0.6	6.94444e-05	
4006	4007	4	-9999	0	-9999	0	2202.92	0.00907888	0.000666667	0	7.5	1	80	1	0.000666667	0.6	6.94444e-05	
4007	4008	4	-9999	0	-9999	0	2138.72	0.00935137	0.000666667	0	7.5	1	80	1	0.000666667	0.6	6.94444e-05	
4008	4009	4	-9999	0	-9999	0	2200.18	0.0004	0.000666667	0	7.5	1	80	1	0.000666667	0.6	6.94444e-05	
4009	4010	4	-9999	0	-9999	0	2182.67	0.0155773	0.000666667	0	7.5	1	80	1	0.000666667	0.6	6.94444e-05	
4010	4011	4	-9999	0	-9999	0	2121.38	0.0113134	0.000666667	0	7.5	1	80	1	0.000666667	0.6	6.94444e-05	
4011	4012	4	-9999	0	-9999	0	2157.49	0.0023175	0.000666667	0	7.5	1	80	1	0.000666667	0.6	6.94444e-05	
4012	4013	4	-9999	0	-9999	0	2231.39	0.00627412	0.000666667	0	7.5	1	80	1	0.000666667	0.6	6.94444e-05	
4013	3656	4	-9999	0	-9999	0	2139.78	0.0112161	0.000666667	0	7.5	1	80	1	0.000666667	0.6	6.94444e-05	
4014	4015	4	-9999	0	-9999	0	1809.72	0.015472	0.000666667	0	7.5	1	80	1	0.000666667	0.6	6.94444e-05	
4015	4006	4	-9999	0	-9999	0	1776.48	0.00844366	0.000666667	0	7.5	1	80	1	0.000666667	0.6	6.94444e-05	
4016	4017	4	-9999	0	-9999	0	2075.55	0.00722702	0.000666667	0	7.5	1	80	1	0.000666667	0.6	6.94444e-05	
4017	4018	4	-9999	0	-9999	0	2011.3	0.0144186	0.000666667	0	7.5	1	80	1	0.000666667	0.6	6.94444e-05	
4018	4019	4	-9999	0	-9999	0	2075.76	0.00674453	0.000666667	0	7.5	1	80	1	0.000666667	0.6	6.94444e-05	
4019	4020	4	-9999	0	-9999	0	2016.79	0.0004	0.000666667	0	7.5	1	80	1	0.000666667	0.6	6.94444e-05	
4020	4021	4	-9999	0	-9999	0	2055.85	0.0267529	0.000666667	0	7.5	1	80	1	0.000666667	0.6	6.94444e-05	
4021	4022	4	-9999	0	-9999	0	1995.15	0.00751822	0.000666667	0	7.5	1	80	1	0.000666667	0.6	6.94444e-05	
4022	4023	4	-9999	0	-9999	0	2016.84	0.0019833	0.000666667	0	7.5	1	80	1	0.000666667	0.6	6.94444e-05	
4023	4014	4	-9999	0	-9999	0	2073.55	0.00723399	0.000666667	0	7.5	1	80	1	0.000666667	0.6	6.94444e-05	
4024	3656	3	-9999	0	-9999	0	1012.46	0.00296309	0.000666667	0	7	1	60	1	0.000666667	0.6	6.94444e-05	
4025	4026	3	-9999	0	-9999	0	1838.33	0.00924752	0.000666667	0	7	1	60	1	0.000666667	0.6	6.94444e-05	
4026	4027	3	-9999	0	-9999	0	1869.44	0.00641903	0.000666667	0	7	1	60	1	0.000666667	0.6	6.94444e-05	
4027	4028	3	-9999	0	-9999	0	1810.1	0.0187835	0.000666667	0	7	1	60	1	0.000666667	0.6	6.94444e-05	
4028	4024	3	-9999	0	-9999	0	1847.74	0.00865921	0.000666667	0	7	1	60	1	0.000666667	0.6	6.94444e-05	
4029	4025	3	-9999	0	-9999	0	190.859	0.0209578	0.000666667	0	7	1	60	1	0.000666667	0.6	6.94444e-05	
4030	4031	3	-9999	0	-9999	0	2516.26	0.0139095	0.000666667	0	7	1	60	1	0.000666667	0.6	6.94444e-05	
4031	4029	3	-9999	0	-9999	0	2547.38	0.00902889	0.000666667	0	7	1	60	1	0.000666667	0.6	6.94444e-05	
4032	4033	3	-9999	0	-9999	0	2079.76	0.00576988	0.000666667	0	7	1	60	1	0.000666667	0.6	6.94444e-05	
4033	4034	3	-9999	0	-9999	0	2051.27	0.00487502	0.000666667	0	7	1	60	1	0.000666667	0.6	6.94444e-05	
4034	4035	3	-9999	0	-9999	0	2083.86	0.0263934	0.000666667	0	7	1	60	1	0.000666667	0.6	6.94444e-05	
4035	4030	3	-9999	0	-9999	0	2070.37	0.0125581	0.000666667	0	7	1	60	1	0.000666667	0.6	6.94444e-05	
4036	4032	3	-9999	0	-9999	0	308.885	0.00647489	0.000666667	0	7	1	60	1	0.000666667	0.6	6.94444e-05	
4037	4038	3	-9999	0	-9999	0	2257.98	0.00885746	0.000666667	0	7	1	60	1	0.000666667	0.6	6.94444e-05	
4038	4039	3	-9999	0	-9999	0	2225.11	0.0103366	0.000666667	0	7	1	60	1	0.000666667	0.6	6.94444e-05	
4039	4040	3	-9999	0	-9999	0	2276.97	0.00395263	0.000666667	0	7	1	60	1	0.000666667	0.6	6.94444e-05	
4040	4036	3	-9999	0	-9999	0	2303.99	0.00737849	0.000666667	0	7	1	60	1	0.000666667	0.6	6.94444e-05	
4041	4042	3	-9999	0	-9999	0	1828.45	0.00656294	0.000666667	0	7	1	60	1	0.000666667	0.6	6.94444e-05	
4042	4043	3	-9999	0	-9999	0	1865.99	0.00428727	0.000666667	0	7	1	60	1	0.000666667	0.6	6.94444e-05	
4043	4044	3	-9999	0	-9999	0	1807.96	0.00663732	0.000666667	0	7	1	60	1	0.000666667	0.6	6.94444e-05	
4044	4045	3	-9999	0	-9999	0	1922.89	0.00832079	0.000666667	0	7	1	60	1	0.000666667	0.6	6.94444e-05	
4045	4046	3	-9999	0	-9999	0	1885.24	0.00636525	0.000666667	0	7	1	60	1	0.000666667	0.6	6.94444e-05	
4046	4037	3	-9999	0	-9999	0	1892.31	0.00528454	0.000666667	0	7	1	60	1	0.000666667	0.6	6.94444e-05	
4047	4041	3	-9999	0	-9999	0	2840.96	0.00703988	0.000666667	0	7	1	60	1	0.000666667	0.6	6.94444e-05	
4048	4049	3	-9999	0	-9999	0	1687.61	0.00770318	0.000666667	0	7	1	60	1	0.000666667	0.6	6.94444e-05	
4049	4050	3	-9999	0	-9999	0	1732.3	0.00750449	0.000666667	0	7	1	60	1	0.000666667	0.6	6.94444e-05	
4050	4051	3	-9999	0	-9999	0	1687.55	0.00651834	0.000666667	0	7	1	60	1	0.000666667	0.6	6.94444e-05	
4051	4052	3	-9999	0	-9999	0	1748.51	0.000571916	0.000666667	0	7	1	60	1	0.000666667	0.6	6.94444e-05	
4052	4053	3	-9999	0	-9999	0	1694.52	0.0112126	0.000666667	0	7	1	60	1	0.000666667	0.6	6.94444e-05	
4053	4047	3	-9999	0	-9999	0	1748.39	0.00857932	0.000666667	0	7	1	60	1	0.000666667	0.6	6.94444e-05	
4054	4055	3	-9999	0	-9999	0	2716.57	0.00515355	0.000666667	0	7	1	60	1	0.000666667	0.6	6.94444e-05	
4055	4048	3	-9999	0	-9999	0	2688.02	0.00744042	0.000666667	0	7	1	60	1	0.000666667	0.6	6.94444e-05	
4056	4057	2	-9999	0	-9999	0	1850.89	0.00702365	0.000666667	0	6.5	1	40	1	0.000666667	0.6	6.94444e-05	
4057	4058	2	-9999	0	-9999	0	1822.37	0.0115235	0.000666667	0	6.5	1	40	1	0.000666667	0.6	6.94444e-05	
4058	4059	2	-9999	0	-9999	0	1822.28	0.0060364	0.000666667	0	6.5	1	40	1	0.000666667	0.6	6.94444e-05	
4059	4060	2	-9999	0	-9999	0	1841.42	0.00760282	0.000666667	0	6.5	1	40	1	0.000666667	0.6	6.94444e-05	
4060	4061	2	-9999	0	-9999	0	1902.19	0.00630852	0.000666667	0	6.5	1	40	1	0.000666667	0.6	6.94444e-05	
4061	4054	2	-9999	0	-9999	0	1834.18	0.0103588	0.000666667	0	6.5	1	40	1	0.000666667	0.6	6.94444e-05	
4062	4063	2	-9999	0	-9999	0	1706.28	0.0298896	0.000666667	0	6.5	1	40	1	0.000666667	0.6	6.94444e-05	
4063	4030	2	-9999	0	-9999	0	1700.41	0.0288166	0.000666667	0	6.5	1	40	1	0.000666667	0.6	6.94444e-05	
4064	4065	2	-9999	0	-9999	0	2115.16	0.0226934	0.000666667	0	6.5	1	40	1	0.000666667	0.6	6.94444e-05	
4065	4066	2	-9999	0	-9999	0	2025.7	0.0222145	0.000666667	0	6.5	1	40	1	0.000666667	0.6	6.94444e-05	
4066	4067	2	-9999	0	-9999	0	2019.98	0.0227725	0.000666667	0	6.5	1	40	1	0.000666667	0.6	6.94444e-05	
4067	4068	2	-9999	0	-9999	0	2020.1	0.00643531	0.000666667	0	6.5	1	40	1	0.000666667	0.6	6.94444e-05	
4068	4069	2	-9999	0	-9999	0	1991.95	0.0326313	0.000666667	0	6.5	1	40	1	0.000666667	0.6	6.94444e-05	
4069	4070	2	-9999	0	-9999	0	2082.53	0.0220886	0.000666667	0	6.5	1	40	1	0.000666667	0.6	6.94444e-05	
4070	4071	2	-9999	0	-9999	0	2045.56	0.0166214	0.000666667	0	6.5	1	40	1	0.000666667	0.6	6.94444e-05	
4071	3714	2	-9999	0	-9999	0	2042.5	0.0220318	0.000666667	0	6.5	1	40	1	0.000666667	0.6	6.94444e-05	
4072	4073	2	-9999	0	-9999	0	2120.01	0.00896222	0.000666667	0	6.5	1	40	1	0.000666667	0.6	6.94444e-05	
4073	4074	2	-9999	0	-9999	0	2071.89	0.0120663	0.000666667	0	6.5	1	40	1	0.000666667	0.6	6.94444e-05	
4074	4075	2	-9999	0	-9999	0	2084.7	0.0095937	0.000666667	0	6.5	1	40	1	0.000666667	0.6	6.94444e-05	
4075	4054	2	-9999	0	-9999	0	2148.06	0.0125695	0.000666667	0	6.5	1	40	1	0.000666667	0.6	6.94444e-05	
4076	4077	1	-9999	0	-9999	0	2323.69	0.0322762	0.000666667	0	6	1	20	1	0.000666667	0.6	6.94444e-05	
4077	4078	1	-9999	0	-9999	0	2206.03	0.0321845	0.000666667	0	6	1	20	1	0.000666667	0.6	6.94444e-05	
4078	4079	1	-9999	0	-9999	0	2320.83	0.0400718	0.000666667	0	6	1	20	1	0.000666667	0.6	6.94444e-05	
4079	4080	1	-9999	0	-9999	0	2244.17	0.026736	0.000666667	0	6	1	20	1	0.000666667	0.6	6.94444e-05	
4080	4081	1	-9999	0	-9999	0	2253.83	0.0252903	0.000666667	0	6	1	20	1	0.000666667	0.6	6.94444e-05	
4081	4047	1	-9999	0	-9999	0	2237.74	0.022344	0.000666667	0	6	1	20	1	0.000666667	0.6	6.94444e-05	
4082	4083	1	-9999	0	-9999	0	1998.77	0.0290179	0.000666667	0	6	1	20	1	0.000666667	0.6	6.94444e-05	
4083	4084	1	-9999	0	-9999	0	2104.03	0.0223381	0.000666667	0	6	1	20	1	0.000666667	0.6	6.94444e-05	
4084	4085	1	-9999	0	-9999	0	2052.96	0.0199712	0.000666667	0	6	1	20	1	0.000666667	0.6	6.94444e-05	
4085	4048	1	-9999	0	-9999	0	2059.11	0.0131124	0.000666667	0	6	1	20	1	0.000666667	0.6	6.94444e-05	
4086	4087	1	-9999	0	-9999	0	2657.46	0.0801517	0.000666667	0	6	1	20	1	0.000666667	0.6	6.94444e-05	
4087	4014	1	-9999	0	-9999	0	2733.56	0.0574342	0.000666667	0	6	1	20	1	0.000666667	0.6	6.94444e-05	
4088	4064	1	-9999	0	-9999	0	1687.9	0.0450264	0.000666667	0	6	1	20	1	0.000666667	0.6	6.94444e-05	
4089	4090	1	-9999	0	-9999	0	2156.09	0.0732807	0.000666667	0	6	1	20	1	0.000666667	0.6	6.94444e-05	
4090	4091	1	-9999	0	-9999	0	2257.54	0.0571419	0.000666667	0	6	1	20	1	0.000666667	0.6	6.94444e-05	
4091	4092	1	-9999	0	-9999	0	2126.26	0.039506	0.000666667	0	6	1	20	1	0.000666667	0.6	6.94444e-05	
4092	4093	1	-9999	0	-9999	0	2215.89	0.0365541	0.000666667	0	6	1	20	1	0.000666667	0.6	6.94444e-05	
4093	4094	1	-9999	0	-9999	0	2177.08	0.0496077	0.000666667	0	6	1	20	1	0.000666667	0.6	6.94444e-05	
4094	4062	1	-9999	0	-9999	0	2235.77	0.0335455	0.000666667	0	6	1	20	1	0.000666667	0.6	6.94444e-05	
4095	4096	2	-9999	0	-9999	0	1949.59	0.0179525	0.000666667	0	6.5	1	40	1	0.000666667	0.6	6.94444e-05	
4096	4097	2	-9999	0	-9999	0	1937.78	0.0154816	0.000666667	0	6.5	1	40	1	0.000666667	0.6	6.94444e-05	
4097	4098	2	-9999	0	-9999	0	1839.37	0.0173973	0.000666667	0	6.5	1	40	1	0.000666667	0.6	6.94444e-05	
4098	4099	2	-9999	0	-9999	0	1936.51	0.00361475	0.000666667	0	6.5	1	40	1	0.000666667	0.6	6.94444e-05	
4099	4100	2	-9999	0	-9999	0	1900.83	0.0257782	0.000666667	0	6.5	1	40	1	0.000666667	0.6	6.94444e-05	
4100	4032	2	-9999	0	-9999	0	1923.22	0.0244381	0.000666667	0	6.5	1	40	1	0.000666667	0.6	6.94444e-05	
4101	4102	2	-9999	0	-9999	0	1682.41	0.0380407	0.000666667	0	6.5	1	40	1	0.000666667	0.6	6.94444e-05	
4102	4103	2	-9999	0	-9999	0	1673.37	0.0250991	0.000666667	0	6.5	1	40	1	0.000666667	0.6	6.94444e-05	
4103	4104	2	-9999	0	-9999	0	1662.83	0.0240554	0.000666667	0	6.5	1	40	1	0.000666667	0.6	6.94444e-05	
4104	4006	2	-9999	0	-9999	0	1674.54	0.0304561	0.000666667	0	6.5	1	40	1	0.000666667	0.6	6.94444e-05	
4105	4106	2	-9999	0	-9999	0	2074.76	0.0134955	0.000666667	0	6.5	1	40	1	0.000666667	0.6	6.94444e-05	
4106	4107	2	-9999	0	-9999	0	1985.16	0.0206533	0.000666667	0	6.5	1	40	1	0.000666667	0.6	6.94444e-05	
4107	4108	2	-9999	0	-9999	0	2062.95	0.020844	0.000666667	0	6.5	1	40	1	0.000666667	0.6	6.94444e-05	
4108	3080	2	-9999	0	-9999	0	1991.19	0.045199	0.000666667	0	6.5	1	40	1	0.000666667	0.6	6.94444e-05	
4109	4110	2	-9999	0	-9999	0	2551.76	0.0195943	0.000666667	0	6.5	1	40	1	0.000666667	0.6	6.94444e-05	
4110	4095	2	-9999	0	-9999	0	2601.47	0.0303675	0.000666667	0	6.5	1	40	1	0.000666667	0.6	6.94444e-05	
4111	4112	2	-9999	0	-9999	0	1918.22	0.0417054	0.000666667	0	6.5	1	40	1	0.000666667	0.6	6.94444e-05	
4112	4113	2	-9999	0	-9999	0	1885.48	0.0365955	0.000666667	0	6.5	1	40	1	0.000666667	0.6	6.94444e-05	
4113	4114	2	-9999	0	-9999	0	1908.8	0.0272422	0.000666667	0	6.5	1	40	1	0.000666667	0.6	6.94444e-05	
4114	4025	2	-9999	0	-9999	0	1855.07	0.0355782	0.000666667	0	6.5	1	40	1	0.000666667	0.6	6.94444e-05	
4115	4116	2	-9999	0	-9999	0	2201.46	0.0199868	0.000666667	0	6.5	1	40	1	0.000666667	0.6	6.94444e-05	
4116	3750	2	-9999	0	-9999	0	2277.39	0.0153685	0.000666667	0	6.5	1	40	1	0.000666667	0.6	6.94444e-05	
4117	4118	2	-9999	0	-9999	0	2134.98	0.0454336	0.000666667	0	6.5	1	40	1	0.000666667	0.6	6.94444e-05	
4118	4105	2	-9999	0	-9999	0	2145.01	0.0219114	0.000666667	0	6.5	1	40	1	0.000666667	0.6	6.94444e-05	
4119	4120	2	-9999	0	-9999	0	2893.68	0.0463079	0.000666667	0	6.5	1	40	1	0.000666667	0.6	6.94444e-05	
4120	4101	2	-9999	0	-9999	0	2851.75	0.0375208	0.000666667	0	6.5	1	40	1	0.000666667	0.6	6.94444e-05	
4121	4122	2	-9999	0	-9999	0	2159.41	0.0199129	0.000666667	0	6.5	1	40	1	0.000666667	0.6	6.94444e-05	
4122	4109	2	-9999	0	-9999	0	2099.95	0.0190481	0.000666667	0	6.5	1	40	1	0.000666667	0.6	6.94444e-05	
4123	4124	2	-9999	0	-9999	0	2814.66	0.0238039	0.000666667	0	6.5	1	40	1	0.000666667	0.6	6.94444e-05	
4124	4115	2	-9999	0	-9999	0	2869.38	0.0418209	0.000666667	0	6.5	1	40	1	0.000666667	0.6	6.94444e-05	
4125	4126	2	-9999	0	-9999	0	1873.77	0.0250831	0.000666667	0	6.5	1	40	1	0.000666667	0.6	6.94444e-05	
4126	4127	2	-9999	0	-9999	0	1858.4	0.0538096	0.000666667	0	6.5	1	40	1	0.000666667	0.6	6.94444e-05	
4127	4128	2	-9999	0	-9999	0	1775.1	0.0625318	0.000666667	0	6.5	1	40	1	0.000666667	0.6	6.94444e-05	
4128	4111	2	-9999	0	-9999	0	1851.22	0.0361923	0.000666667	0	6.5	1	40	1	0.000666667	0.6	6.94444e-05	
4129	4130	2	-9999	0	-9999	0	2629.71	0.117884	0.000666667	0	6.5	1	40	1	0.000666667	0.6	6.94444e-05	
4130	3750	2	-9999	0	-9999	0	2582.13	0.0352422	0.000666667	0	6.5	1	40	1	0.000666667	0.6	6.94444e-05	
4131	4132	2	-9999	0	-9999	0	2781.48	0.0384687	0.000666667	0	6.5	1	40	1	0.000666667	0.6	6.94444e-05	
4132	4121	2	-9999	0	-9999	0	2847.37	0.0330129	0.000666667	0	6.5	1	40	1	0.000666667	0.6	6.94444e-05	
4133	4134	2	-9999	0	-9999	0	2759.32	0.0217445	0.000666667	0	6.5	1	40	1	0.000666667	0.6	6.94444e-05	
4134	4117	2	-9999	0	-9999	0	2748.65	0.0170993	0.000666667	0	6.5	1	40	1	0.000666667	0.6	6.94444e-05	
4135	4136	2	-9999	0	-9999	0	2277.38	0.0417147	0.000666667	0	6.5	1	40	1	0.000666667	0.6	6.94444e-05	
4136	3714	2	-9999	0	-9999	0	2252.99	0.0461609	0.000666667	0	6.5	1	40	1	0.000666667	0.6	6.94444e-05	
4137	4138	1	-9999	0	-9999	0	1829.11	0.0328028	0.000666667	0	6	1	20	1	0.000666667	0.6	6.94444e-05	
4138	4139	1	-9999	0	-9999	0	1801	0.0372016	0.000666667	0	6	1	20	1	0.000666667	0.6	6.94444e-05	
4139	4140	1	-9999	0	-9999	0	1759.41	0.02444	0.000666667	0	6	1	20	1	0.000666667	0.6	6.94444e-05	
4140	4041	1	-9999	0	-9999	0	1800.88	0.0305407	0.000666667	0	6	1	20	1	0.000666667	0.6	6.94444e-05	
4141	4142	1	-9999	0	-9999	0	2364.53	0.0545563	0.000666667	0	6	1	20	1	0.000666667	0.6	6.94444e-05	
4142	4143	1	-9999	0	-9999	0	2323.58	0.0421764	0.000666667	0	6	1	20	1	0.000666667	0.6	6.94444e-05	
4143	4144	1	-9999	0	-9999	0	2339.51	0.0307757	0.000666667	0	6	1	20	1	0.000666667	0.6	6.94444e-05	
4144	4037	1	-9999	0	-9999	0	2313.95	0.0298191	0.000666667	0	6	1	20	1	0.000666667	0.6	6.94444e-05	
4145	4146	1	-9999	0	-9999	0	1880.32	0.030314	0.000666667	0	6	1	20	1	0.000666667	0.6	6.94444e-05	
4146	4147	1	-9999	0	-9999	0	1886.4	0.0280958	0.000666667	0	6	1	20	1	0.000666667	0.6	6.94444e-05	
4147	4148	1	-9999	0	-9999	0	1949.35	0.0169287	0.000666667	0	6	1	20	1	0.000666667	0.6	6.94444e-05	
4148	4149	1	-9999	0	-9999	0	1865.94	0.0182214	0.000666667	0	6	1	20	1	0.000666667	0.6	6.94444e-05	
4149	4150	1	-9999	0	-9999	0	1926.97	0.0295801	0.000666667	0	6	1	20	1	0.000666667	0.6	6.94444e-05	
4150	4117	1	-9999	0	-9999	0	1896.17	0.0004	0.000666667	0	6	1	20	1	0.000666667	0.6	6.94444e-05	
4151	4133	1	-9999	0	-9999	0	2616.92	0.0320988	0.000666667	0	6	1	20	1	0.000666667	0.6	6.94444e-05	
4152	4133	1	-9999	0	-9999	0	117.91	0.118734	0.000666667	0	6	1	20	1	0.000666667	0.6	6.94444e-05	
4153	4154	1	-9999	0	-9999	0	2149.29	0.0134928	0.000666667	0	6	1	20	1	0.000666667	0.6	6.94444e-05	
4154	4125	1	-9999	0	-9999	0	2197.76	0.0591511	0.000666667	0	6	1	20	1	0.000666667	0.6	6.94444e-05	
4155	4156	1	-9999	0	-9999	0	2138.1	0.0430289	0.000666667	0	6	1	20	1	0.000666667	0.6	6.94444e-05	
4156	4036	1	-9999	0	-9999	0	2103.46	0.0342293	0.000666667	0	6	1	20	1	0.000666667	0.6	6.94444e-05	
4157	4125	1	-9999	0	-9999	0	1165.52	0.0446155	0.000666667	0	6	1	20	1	0.000666667	0.6	6.94444e-05	
4158	4159	1	-9999	0	-9999	0	2139.77	0.024769	0.000666667	0	6	1	20	1	0.000666667	0.6	6.94444e-05	
4159	4160	1	-9999	0	-9999	0	2129.27	0.0540091	0.000666667	0	6	1	20	1	0.000666667	0.6	6.94444e-05	
4160	4161	1	-9999	0	-9999	0	2148.52	0.0339769	0.000666667	0	6	1	20	1	0.000666667	0.6	6.94444e-05	
4161	4105	1	-9999	0	-9999	0	2132.05	0.0314251	0.000666667	0	6	1	20	1	0.000666667	0.6	6.94444e-05	
4162	4163	1	-9999	0	-9999	0	2900.42	0.0382703	0.000666667	0	6	1	20	1	0.000666667	0.6	6.94444e-05	
4163	4123	1	-9999	0	-9999	0	2959.55	0.0385194	0.000666667	0	6	1	20	1	0.000666667	0.6	6.94444e-05	
4164	4165	1	-9999	0	-9999	0	2448.12	0.0330866	0.000666667	0	6	1	20	1	0.000666667	0.6	6.94444e-05	
4165	4095	1	-9999	0	-9999	0	2494.16	0.0453059	0.000666667	0	6	1	20	1	0.000666667	0.6	6.94444e-05	
4166	4167	1	-9999	0	-9999	0	1909.62	0.0570795	0.000666667	0	6	1	20	1	0.000666667	0.6	6.94444e-05	
4167	4168	1	-9999	0	-9999	0	2015.49	0.0595388	0.000666667	0	6	1	20	1	0.000666667	0.6	6.94444e-05	
4168	4169	1	-9999	0	-9999	0	1965.93	0.0554444	0.000666667	0	6	1	20	1	0.000666667	0.6	6.94444e-05	
4169	4101	1	-9999	0	-9999	0	2010.62	0.0427729	0.000666667	0	6	1	20	1	0.000666667	0.6	6.94444e-05	
4170	4119	1	-9999	0	-9999	0	2068.71	0.0807265	0.000666667	0	6	1	20	1	0.000666667	0.6	6.94444e-05	
4171	4172	1	-9999	0	-9999	0	2185.49	0.0681771	0.000666667	0	6	1	20	1	0.000666667	0.6	6.94444e-05	
4172	4111	1	-9999	0	-9999	0	2139.17	0.0532918	0.000666667	0	6	1	20	1	0.000666667	0.6	6.94444e-05	
4173	4174	1	-9999	0	-9999	0	2972.91	0.0433919	0.000666667	0	6	1	20	1	0.000666667	0.6	6.94444e-05	
4174	4115	1	-9999	0	-9999	0	2985.73	0.0385166	0.000666667	0	6	1	20	1	0.000666667	0.6	6.94444e-05	
4175	4176	1	-9999	0	-9999	0	2010.74	0.0537115	0.000666667	0	6	1	20	1	0.000666667	0.6	6.94444e-05	
4176	4177	1	-9999	0	-9999	0	2012.16	0.0337945	0.000666667	0	6	1	20	1	0.000666667	0.6	6.94444e-05	
4177	4178	1	-9999	0	-9999	0	1993.94	0.0245745	0.000666667	0	6	1	20	1	0.000666667	0.6	6.94444e-05	
4178	4121	1	-9999	0	-9999	0	2066.93	0.0299961	0.000666667	0	6	1	20	1	0.000666667	0.6	6.94444e-05	
4179	4180	1	-9999	0	-9999	0	1746.6	0.0555363	0.000666667	0	6	1	20	1	0.000666667	0.6	6.94444e-05	
4180	4123	1	-9999	0	-9999	0	1775.02	0.0371826	0.000666667	0	6	1	20	1	0.000666667	0.6	6.94444e-05	
4181	3080	1	-9999	0	-9999	0	1193	0.0402349	0.000666667	0	6	1	20	1	0.000666667	0.6	6.94444e-05	
4182	4183	1	-9999	0	-9999	0	2466.73	0.0474311	0.000666667	0	6	1	20	1	0.000666667	0.6	6.94444e-05	
4183	4184	1	-9999	0	-9999	0	2399.8	0.0541711	0.000666667	0	6	1	20	1	0.000666667	0.6	6.94444e-05	
4184	4185	1	-9999	0	-9999	0	2422.34	0.0441723	0.000666667	0	6	1	20	1	0.000666667	0.6	6.94444e-05	
4185	4119	1	-9999	0	-9999	0	2465.69	0.0506958	0.000666667	0	6	1	20	1	0.000666667	0.6	6.94444e-05	
4186	4062	1	-9999	0	-9999	0	1538.77	0.0240452	0.000666667	0	6	1	20	1	0.000666667	0.6	6.94444e-05	
4187	4135	1	-9999	0	-9999	0	560.729	0.0713357	0.000666667	0	6	1	20	1	0.000666667	0.6	6.94444e-05	
4188	4135	1	-9999	0	-9999	0	1116.94	0.0581948	0.000666667	0	6	1	20	1	0.000666667	0.6	6.94444e-05	
4189	4190	1	-9999	0	-9999	0	1564.56	0.0683897	0.000666667	0	6	1	20	1	0.000666667	0.6	6.94444e-05	
4190	4109	1	-9999	0	-9999	0	1519.81	0.0598759	0.000666667	0	6	1	20	1	0.000666667	0.6	6.94444e-05	
4191	4192	1	-9999	0	-9999	0	2076.67	0.0678971	0.000666667	0	6	1	20	1	0.000666667	0.6	6.94444e-05	
4192	4129	1	-9999	0	-9999	0	2037.65	0.0618359	0.000666667	0	6	1	20	1	0.000666667	0.6	6.94444e-05	
4193	4131	1	-9999	0	-9999	0	909.362	0.0879737	0.000666667	0	6	1	20	1	0.000666667	0.6	6.94444e-05	
4194	4195	1	-9999	0	-9999	0	2153.52	0.0566514	0.000666667	0	6	1	20	1	0.000666667	0.6	6.94444e-05	
4195	4029	1	-9999	0	-9999	0	2153.62	0.0547916	0.000666667	0	6	1	20	1	0.000666667	0.6	6.94444e-05	
4196	4129	1	-9999	0	-9999	0	1867.17	0.109792	0.000666667	0	6	1	20	1	0.000666667	0.6	6.94444e-05	
4197	4198	1	-9999	0	-9999	0	2628.4	0.0532643	0.000666667	0	6	1	20	1	0.000666667	0.6	6.94444e-05	
4198	4024	1	-9999	0	-9999	0	2604.94	0.0418436	0.000666667	0	6	1	20	1	0.000666667	0.6	6.94444e-05	
4199	4200	1	-9999	0	-9999	0	1783.55	0.0566285	0.000666667	0	6	1	20	1	0.000666667	0.6	6.94444e-05	
4200	4131	1	-9999	0	-9999	0	1791.16	0.0575047	0.000666667	0	6	1	20	1	0.000666667	0.6	6.94444e-05	
4201	4202	1	-9999	0	-9999	0	1936.05	0.0521682	0.000666667	0	6	1	20	1	0.000666667	0.6	6.94444e-05	
4202	4203	1	-9999	0	-9999	0	1927.33	0.03165	0.000666667	0	6	1	20	1	0.000666667	0.6	6.94444e-05	
4203	4204	1	-9999	0	-9999	0	1873.77	0.0234821	0.000666667	0	6	1	20	1	0.000666667	0.6	6.94444e-05	
4204	4064	1	-9999	0	-9999	0	1927.16	0.035804	0.000666667	0	6	1	20	1	0.000666667	0.6	6.94444e-05	
4205	4056	1	-9999	0	-9999	0	1220.87	0.0319444	0.000666667	0	6	1	20	1	0.000666667	0.6	6.94444e-05	
4206	4207	2	-9999	0	-9999	0	2323.33	0.00860832	0.000666667	0	6.5	1	40	1	0.000666667	0.6	6.94444e-05	
4207	4056	2	-9999	0	-9999	0	2277.92	0.00658495	0.000666667	0	6.5	1	40	1	0.000666667	0.6	6.94444e-05	
4208	4209	2	-9999	0	-9999	0	2100.45	0.0119022	0.000666667	0	6.5	1	40	1	0.000666667	0.6	6.94444e-05	
4209	4210	2	-9999	0	-9999	0	2103.86	0.0137842	0.000666667	0	6.5	1	40	1	0.000666667	0.6	6.94444e-05	
4210	4211	2	-9999	0	-9999	0	2087.6	0.00479019	0.000666667	0	6.5	1	40	1	0.000666667	0.6	6.94444e-05	
4211	4212	2	-9999	0	-9999	0	2030.29	0.00886574	0.000666667	0	6.5	1	40	1	0.000666667	0.6	6.94444e-05	
4212	4213	2	-9999	0	-9999	0	2125.62	0.00235225	0.000666667	0	6.5	1	40	1	0.000666667	0.6	6.94444e-05	
4213	4214	2	-9999	0	-9999	0	2077.78	0.0105882	0.000666667	0	6.5	1	40	1	0.000666667	0.6	6.94444e-05	
4214	4215	2	-9999	0	-9999	0	2068.42	0.00435115	0.000666667	0	6.5	1	40	1	0.000666667	0.6	6.94444e-05	
4215	4206	2	-9999	0	-9999	0	2154.02	0.00371399	0.000666667	0	6.5	1	40	1	0.000666667	0.6	6.94444e-05	
4216	4217	2	-9999	0	-9999	0	2385.23	0.00419246	0.000666667	0	6.5	1	40	1	0.000666667	0.6	6.94444e-05	
4217	4218	2	-9999	0	-9999	0	2436.87	0.0303669	0.000666667	0	6.5	1	40	1	0.000666667	0.6	6.94444e-05	
4218	4219	2	-9999	0	-9999	0	2343.76	0.0337065	0.000666667	0	6.5	1	40	1	0.000666667	0.6	6.94444e-05	
4219	4220	2	-9999	0	-9999	0	2442.9	0.0216955	0.000666667	0	6.5	1	40	1	0.000666667	0.6	6.94444e-05	
4220	4221	2	-9999	0	-9999	0	2362.92	0.020737	0.000666667	0	6.5	1	40	1	0.000666667	0.6	6.94444e-05	
4221	4222	2	-9999	0	-9999	0	2452.04	0.0126425	0.000666667	0	6.5	1	40	1	0.000666667	0.6	6.94444e-05	
4222	4223	2	-9999	0	-9999	0	2419.95	0.0152895	0.000666667	0	6.5	1	40	1	0.000666667	0.6	6.94444e-05	
4223	4072	2	-9999	0	-9999	0	2397.43	0.00917647	0.000666667	0	6.5	1	40	1	0.000666667	0.6	6.94444e-05	
4224	4225	2	-9999	0	-9999	0	1839.91	0.0108701	0.000666667	0	6.5	1	40	1	0.000666667	0.6	6.94444e-05	
4225	4226	2	-9999	0	-9999	0	1830.26	0.0114738	0.000666667	0	6.5	1	40	1	0.000666667	0.6	6.94444e-05	
4226	4227	2	-9999	0	-9999	0	1900.35	0.0078933	0.000666667	0	6.5	1	40	1	0.000666667	0.6	6.94444e-05	
4227	4208	2	-9999	0	-9999	0	1852.03	0.00431959	0.000666667	0	6.5	1	40	1	0.000666667	0.6	6.94444e-05	
4228	4229	2	-9999	0	-9999	0	1891.27	0.0079312	0.000666667	0	6.5	1	40	1	0.000666667	0.6	6.94444e-05	
4229	4224	2	-9999	0	-9999	0	1942.02	0.0113284	0.000666667	0	6.5	1	40	1	0.000666667	0.6	6.94444e-05	
4230	4231	2	-9999	0	-9999	0	2208.38	0.00588667	0.000666667	0	6.5	1	40	1	0.000666667	0.6	6.94444e-05	
4231	4232	2	-9999	0	-9999	0	2300.64	0.0130398	0.000666667	0	6.5	1	40	1	0.000666667	0.6	6.94444e-05	
4232	4233	2	-9999	0	-9999	0	2284.07	0.0170748	0.000666667	0	6.5	1	40	1	0.000666667	0.6	6.94444e-05	
4233	4216	2	-9999	0	-9999	0	2219.49	0.012165	0.000666667	0	6.5	1	40	1	0.000666667	0.6	6.94444e-05	
4234	4235	1	-9999	0	-9999	0	1698.27	0.0253199	0.000666667	0	6	1	20	1	0.000666667	0.6	6.94444e-05	
4235	4230	1	-9999	0	-9999	0	1666.69	0.0233997	0.000666667	0	6	1	20	1	0.000666667	0.6	6.94444e-05	
4236	4230	1	-9999	0	-9999	0	682.808	0.0717625	0.000666667	0	6	1	20	1	0.000666667	0.6	6.94444e-05	
4237	4238	1	-9999	0	-9999	0	2109.2	0.0260762	0.000666667	0	6	1	20	1	0.000666667	0.6	6.94444e-05	
4238	4216	1	-9999	0	-9999	0	2179.4	0.0169771	0.000666667	0	6	1	20	1	0.000666667	0.6	6.94444e-05	
4239	4240	1	-9999	0	-9999	0	1585.33	0.0214466	0.000666667	0	6	1	20	1	0.000666667	0.6	6.94444e-05	
4240	4241	1	-9999	0	-9999	0	1585.26	0.0189243	0.000666667	0	6	1	20	1	0.000666667	0.6	6.94444e-05	
4241	4242	1	-9999	0	-9999	0	1597.98	0.0106384	0.000666667	0	6	1	20	1	0.000666667	0.6	6.94444e-05	
4242	4228	1	-9999	0	-9999	0	1636.27	0.0140564	0.000666667	0	6	1	20	1	0.000666667	0.6	6.94444e-05	
4243	4244	1	-9999	0	-9999	0	2414.47	0.0368611	0.000666667	0	6	1	20	1	0.000666667	0.6	6.94444e-05	
4244	4245	1	-9999	0	-9999	0	2462.12	0.0223385	0.000666667	0	6	1	20	1	0.000666667	0.6	6.94444e-05	
4245	4246	1	-9999	0	-9999	0	2404.62	0.0291107	0.000666667	0	6	1	20	1	0.000666667	0.6	6.94444e-05	
4246	4247	1	-9999	0	-9999	0	2465.05	0.0243403	0.000666667	0	6	1	20	1	0.000666667	0.6	6.94444e-05	
4247	4248	1	-9999	0	-9999	0	2490.19	0.0148583	0.000666667	0	6	1	20	1	0.000666667	0.6	6.94444e-05	
4248	4249	1	-9999	0	-9999	0	2378.33	0.0306938	0.000666667	0	6	1	20	1	0.000666667	0.6	6.94444e-05	
4249	4250	1	-9999	0	-9999	0	2464.34	0.021101	0.000666667	0	6	1	20	1	0.000666667	0.6	6.94444e-05	
4250	4206	1	-9999	0	-9999	0	2454.68	0.0109994	0.000666667	0	6	1	20	1	0.000666667	0.6	6.94444e-05	
4251	4228	1	-9999	0	-9999	0	1208.84	0.0264717	0.000666667	0	6	1	20	1	0.000666667	0.6	6.94444e-05	
4252	4253	1	-9999	0	-9999	0	2267.18	0.0158787	0.000666667	0	6	1	20	1	0.000666667	0.6	6.94444e-05	
4253	4224	1	-9999	0	-9999	0	2177.89	0.0220397	0.000666667	0	6	1	20	1	0.000666667	0.6	6.94444e-05	
4254	4255	1	-9999	0	-9999	0	2818.37	0.01916	0.000666667	0	6	1	20	1	0.000666667	0.6	6.94444e-05	
4255	4072	1	-9999	0	-9999	0	2827.81	0.0268759	0.000666667	0	6	1	20	1	0.000666667	0.6	6.94444e-05	
4256	4257	1	-9999	0	-9999	0	1683.24	0.0237638	0.000666667	0	6	1	20	1	0.000666667	0.6	6.94444e-05	
4257	4208	1	-9999	0	-9999	0	1721.65	0.029042	0.000666667	0	6	1	20	1	0.000666667	0.6	6.94444e-05	
