=== spike_run.sh heihe_x4_amd_btf1 ===
date_utc: 2026-06-28T11:52:35Z
hostname: cn24
basin_root: /scratch/frd_muziyao/SHUD-OpenMP/SHUD/Basins
--- stage 1: dump_adjacency ---
		 * openMP disabled.
* 	 Project name: heihe_x4
* 	 Project input folder: input/heihe_x4
* 	 Project output folder: output/heihe_x4.out
1 	 Reading file: input/heihe_x4/heihe_x4.cfg.para
2 	 Reading file: input/heihe_x4/heihe_x4.sp.riv
	The downstream of RIV 4 is negtive (Outlet, -1)
3 	 Reading file: input/heihe_x4/heihe_x4.sp.rivseg
	Number of River segments: 10361
4 	 Reading file: input/heihe_x4/heihe_x4.sp.mesh
5 	 Reading file: input/heihe_x4/heihe_x4.sp.att
6 	 Reading file: input/heihe_x4/heihe_x4.para.soil
7 	 Reading file: input/heihe_x4/heihe_x4.para.geol
8 	 Reading file: input/heihe_x4/heihe_x4.para.lc
9 	 Reading file: input/heihe_x4/heihe_x4.tsd.forc
	Number of csv files: 1693
	 Reading 1/1693: 	/scratch/frd_muziyao/SHUD-OpenMP/SHUD/Basins/heihe_x4/forcing/X97.05Y41.65.csv
	 Reading 2/1693: 	/scratch/frd_muziyao/SHUD-OpenMP/SHUD/Basins/heihe_x4/forcing/X97.05Y41.75.csv
	 Reading 3/1693: 	/scratch/frd_muziyao/SHUD-OpenMP/SHUD/Basins/heihe_x4/forcing/X97.05Y41.85.csv
	 Reading 4/1693: 	/scratch/frd_muziyao/SHUD-OpenMP/SHUD/Basins/heihe_x4/forcing/X97.15Y41.35.csv
	 Reading 5/1693: 	/scratch/frd_muziyao/SHUD-OpenMP/SHUD/Basins/heihe_x4/forcing/X97.15Y41.45.csv
	 Reading 6/1693: 	/scratch/frd_muziyao/SHUD-OpenMP/SHUD/Basins/heihe_x4/forcing/X97.15Y41.55.csv
	 Reading 7/1693: 	/scratch/frd_muziyao/SHUD-OpenMP/SHUD/Basins/heihe_x4/forcing/X97.15Y41.65.csv
	 Reading 8/1693: 	/scratch/frd_muziyao/SHUD-OpenMP/SHUD/Basins/heihe_x4/forcing/X97.15Y41.75.csv
	 Reading 9/1693: 	/scratch/frd_muziyao/SHUD-OpenMP/SHUD/Basins/heihe_x4/forcing/X97.15Y41.85.csv
	 Reading 10/1693: 	/scratch/frd_muziyao/SHUD-OpenMP/SHUD/Basins/heihe_x4/forcing/X97.15Y41.95.csv
	 Reading 11/1693: 	/scratch/frd_muziyao/SHUD-OpenMP/SHUD/Basins/heihe_x4/forcing/X97.25Y41.15.csv
	 Reading 12/1693: 	/scratch/frd_muziyao/SHUD-OpenMP/SHUD/Basins/heihe_x4/forcing/X97.25Y41.25.csv
	 Reading 13/1693: 	/scratch/frd_muziyao/SHUD-OpenMP/SHUD/Basins/heihe_x4/forcing/X97.25Y41.35.csv
	 Reading 14/1693: 	/scratch/frd_muziyao/SHUD-OpenMP/SHUD/Basins/heihe_x4/forcing/X97.25Y41.45.csv
	 Reading 15/1693: 	/scratch/frd_muziyao/SHUD-OpenMP/SHUD/Basins/heihe_x4/forcing/X97.25Y41.55.csv
	 Reading 16/1693: 	/scratch/frd_muziyao/SHUD-OpenMP/SHUD/Basins/heihe_x4/forcing/X97.25Y41.65.csv
	 Reading 17/1693: 	/scratch/frd_muziyao/SHUD-OpenMP/SHUD/Basins/heihe_x4/forcing/X97.25Y41.75.csv
	 Reading 18/1693: 	/scratch/frd_muziyao/SHUD-OpenMP/SHUD/Basins/heihe_x4/forcing/X97.25Y41.85.csv
	 Reading 19/1693: 	/scratch/frd_muziyao/SHUD-OpenMP/SHUD/Basins/heihe_x4/forcing/X97.25Y41.95.csv
	 Reading 20/1693: 	/scratch/frd_muziyao/SHUD-OpenMP/SHUD/Basins/heihe_x4/forcing/X97.25Y42.05.csv
	 Reading 21/1693: 	/scratch/frd_muziyao/SHUD-OpenMP/SHUD/Basins/heihe_x4/forcing/X97.35Y39.15.csv
	 Reading 22/1693: 	/scratch/frd_muziyao/SHUD-OpenMP/SHUD/Basins/heihe_x4/forcing/X97.35Y39.25.csv
	 Reading 23/1693: 	/scratch/frd_muziyao/SHUD-OpenMP/SHUD/Basins/heihe_x4/forcing/X97.35Y39.35.csv
	 Reading 24/1693: 	/scratch/frd_muziyao/SHUD-OpenMP/SHUD/Basins/heihe_x4/forcing/X97.35Y40.85.csv
	 Reading 25/1693: 	/scratch/frd_muziyao/SHUD-OpenMP/SHUD/Basins/heihe_x4/forcing/X97.35Y40.95.csv
	 Reading 26/1693: 	/scratch/frd_muziyao/SHUD-OpenMP/SHUD/Basins/heihe_x4/forcing/X97.35Y41.05.csv
	 Reading 27/1693: 	/scratch/frd_muziyao/SHUD-OpenMP/SHUD/Basins/heihe_x4/forcing/X97.35Y41.15.csv
	 Reading 28/1693: 	/scratch/frd_muziyao/SHUD-OpenMP/SHUD/Basins/heihe_x4/forcing/X97.35Y41.25.csv
	 Reading 29/1693: 	/scratch/frd_muziyao/SHUD-OpenMP/SHUD/Basins/heihe_x4/forcing/X97.35Y41.35.csv
	 Reading 30/1693: 	/scratch/frd_muziyao/SHUD-OpenMP/SHUD/Basins/heihe_x4/forcing/X97.35Y41.45.csv
	 Reading 31/1693: 	/scratch/frd_muziyao/SHUD-OpenMP/SHUD/Basins/heihe_x4/forcing/X97.35Y41.55.csv
	 Reading 32/1693: 	/scratch/frd_muziyao/SHUD-OpenMP/SHUD/Basins/heihe_x4/forcing/X97.35Y41.65.csv
	 Reading 33/1693: 	/scratch/frd_muziyao/SHUD-OpenMP/SHUD/Basins/heihe_x4/forcing/X97.35Y41.75.csv
	 Reading 34/1693: 	/scratch/frd_muziyao/SHUD-OpenMP/SHUD/Basins/heihe_x4/forcing/X97.35Y41.85.csv
	 Reading 35/1693: 	/scratch/frd_muziyao/SHUD-OpenMP/SHUD/Basins/heihe_x4/forcing/X97.35Y41.95.csv
	 Reading 36/1693: 	/scratch/frd_muziyao/SHUD-OpenMP/SHUD/Basins/heihe_x4/forcing/X97.35Y42.05.csv
	 Reading 37/1693: 	/scratch/frd_muziyao/SHUD-OpenMP/SHUD/Basins/heihe_x4/forcing/X97.45Y39.05.csv
	 Reading 38/1693: 	/scratch/frd_muziyao/SHUD-OpenMP/SHUD/Basins/heihe_x4/forcing/X97.45Y39.15.csv
	 Reading 39/1693: 	/scratch/frd_muziyao/SHUD-OpenMP/SHUD/Basins/heihe_x4/forcing/X97.45Y39.25.csv
	 Reading 40/1693: 	/scratch/frd_muziyao/SHUD-OpenMP/SHUD/Basins/heihe_x4/forcing/X97.45Y39.35.csv
	 Reading 41/1693: 	/scratch/frd_muziyao/SHUD-OpenMP/SHUD/Basins/heihe_x4/forcing/X97.45Y40.85.csv
	 Reading 42/1693: 	/scratch/frd_muziyao/SHUD-OpenMP/SHUD/Basins/heihe_x4/forcing/X97.45Y40.95.csv
	 Reading 43/1693: 	/scratch/frd_muziyao/SHUD-OpenMP/SHUD/Basins/heihe_x4/forcing/X97.45Y41.05.csv
	 Reading 44/1693: 	/scratch/frd_muziyao/SHUD-OpenMP/SHUD/Basins/heihe_x4/forcing/X97.45Y41.15.csv
	 Reading 45/1693: 	/scratch/frd_muziyao/SHUD-OpenMP/SHUD/Basins/heihe_x4/forcing/X97.45Y41.25.csv
	 Reading 46/1693: 	/scratch/frd_muziyao/SHUD-OpenMP/SHUD/Basins/heihe_x4/forcing/X97.45Y41.35.csv
	 Reading 47/1693: 	/scratch/frd_muziyao/SHUD-OpenMP/SHUD/Basins/heihe_x4/forcing/X97.45Y41.45.csv
	 Reading 48/1693: 	/scratch/frd_muziyao/SHUD-OpenMP/SHUD/Basins/heihe_x4/forcing/X97.45Y41.55.csv
	 Reading 49/1693: 	/scratch/frd_muziyao/SHUD-OpenMP/SHUD/Basins/heihe_x4/forcing/X97.45Y41.65.csv
	 Reading 50/1693: 	/scratch/frd_muziyao/SHUD-OpenMP/SHUD/Basins/heihe_x4/forcing/X97.45Y41.75.csv
	 Reading 51/1693: 	/scratch/frd_muziyao/SHUD-OpenMP/SHUD/Basins/heihe_x4/forcing/X97.45Y41.85.csv
	 Reading 52/1693: 	/scratch/frd_muziyao/SHUD-OpenMP/SHUD/Basins/heihe_x4/forcing/X97.45Y41.95.csv
	 Reading 53/1693: 	/scratch/frd_muziyao/SHUD-OpenMP/SHUD/Basins/heihe_x4/forcing/X97.45Y42.05.csv
	 Reading 54/1693: 	/scratch/frd_muziyao/SHUD-OpenMP/SHUD/Basins/heihe_x4/forcing/X97.45Y42.15.csv
	 Reading 55/1693: 	/scratch/frd_muziyao/SHUD-OpenMP/SHUD/Basins/heihe_x4/forcing/X97.45Y42.25.csv
	 Reading 56/1693: 	/scratch/frd_muziyao/SHUD-OpenMP/SHUD/Basins/heihe_x4/forcing/X97.55Y39.05.csv
	 Reading 57/1693: 	/scratch/frd_muziyao/SHUD-OpenMP/SHUD/Basins/heihe_x4/forcing/X97.55Y39.15.csv
	 Reading 58/1693: 	/scratch/frd_muziyao/SHUD-OpenMP/SHUD/Basins/heihe_x4/forcing/X97.55Y39.25.csv
	 Reading 59/1693: 	/scratch/frd_muziyao/SHUD-OpenMP/SHUD/Basins/heihe_x4/forcing/X97.55Y39.35.csv
	 Reading 60/1693: 	/scratch/frd_muziyao/SHUD-OpenMP/SHUD/Basins/heihe_x4/forcing/X97.55Y40.85.csv
	 Reading 61/1693: 	/scratch/frd_muziyao/SHUD-OpenMP/SHUD/Basins/heihe_x4/forcing/X97.55Y40.95.csv
	 Reading 62/1693: 	/scratch/frd_muziyao/SHUD-OpenMP/SHUD/Basins/heihe_x4/forcing/X97.55Y41.05.csv
	 Reading 63/1693: 	/scratch/frd_muziyao/SHUD-OpenMP/SHUD/Basins/heihe_x4/forcing/X97.55Y41.15.csv
	 Reading 64/1693: 	/scratch/frd_muziyao/SHUD-OpenMP/SHUD/Basins/heihe_x4/forcing/X97.55Y41.25.csv
	 Reading 65/1693: 	/scratch/frd_muziyao/SHUD-OpenMP/SHUD/Basins/heihe_x4/forcing/X97.55Y41.35.csv
	 Reading 66/1693: 	/scratch/frd_muziyao/SHUD-OpenMP/SHUD/Basins/heihe_x4/forcing/X97.55Y41.45.csv
	 Reading 67/1693: 	/scratch/frd_muziyao/SHUD-OpenMP/SHUD/Basins/heihe_x4/forcing/X97.55Y41.55.csv
	 Reading 68/1693: 	/scratch/frd_muziyao/SHUD-OpenMP/SHUD/Basins/heihe_x4/forcing/X97.55Y41.65.csv
	 Reading 69/1693: 	/scratch/frd_muziyao/SHUD-OpenMP/SHUD/Basins/heihe_x4/forcing/X97.55Y41.75.csv
	 Reading 70/1693: 	/scratch/frd_muziyao/SHUD-OpenMP/SHUD/Basins/heihe_x4/forcing/X97.55Y41.85.csv
	 Reading 71/1693: 	/scratch/frd_muziyao/SHUD-OpenMP/SHUD/Basins/heihe_x4/forcing/X97.55Y41.95.csv
	 Reading 72/1693: 	/scratch/frd_muziyao/SHUD-OpenMP/SHUD/Basins/heihe_x4/forcing/X97.55Y42.05.csv
	 Reading 73/1693: 	/scratch/frd_muziyao/SHUD-OpenMP/SHUD/Basins/heihe_x4/forcing/X97.55Y42.15.csv
	 Reading 74/1693: 	/scratch/frd_muziyao/SHUD-OpenMP/SHUD/Basins/heihe_x4/forcing/X97.55Y42.25.csv
	 Reading 75/1693: 	/scratch/frd_muziyao/SHUD-OpenMP/SHUD/Basins/heihe_x4/forcing/X97.65Y38.95.csv
	 Reading 76/1693: 	/scratch/frd_muziyao/SHUD-OpenMP/SHUD/Basins/heihe_x4/forcing/X97.65Y39.05.csv
	 Reading 77/1693: 	/scratch/frd_muziyao/SHUD-OpenMP/SHUD/Basins/heihe_x4/forcing/X97.65Y39.15.csv
	 Reading 78/1693: 	/scratch/frd_muziyao/SHUD-OpenMP/SHUD/Basins/heihe_x4/forcing/X97.65Y39.25.csv
	 Reading 79/1693: 	/scratch/frd_muziyao/SHUD-OpenMP/SHUD/Basins/heihe_x4/forcing/X97.65Y39.35.csv
	 Reading 80/1693: 	/scratch/frd_muziyao/SHUD-OpenMP/SHUD/Basins/heihe_x4/forcing/X97.65Y39.45.csv
	 Reading 81/1693: 	/scratch/frd_muziyao/SHUD-OpenMP/SHUD/Basins/heihe_x4/forcing/X97.65Y40.75.csv
	 Reading 82/1693: 	/scratch/frd_muziyao/SHUD-OpenMP/SHUD/Basins/heihe_x4/forcing/X97.65Y40.85.csv
	 Reading 83/1693: 	/scratch/frd_muziyao/SHUD-OpenMP/SHUD/Basins/heihe_x4/forcing/X97.65Y40.95.csv
	 Reading 84/1693: 	/scratch/frd_muziyao/SHUD-OpenMP/SHUD/Basins/heihe_x4/forcing/X97.65Y41.05.csv
	 Reading 85/1693: 	/scratch/frd_muziyao/SHUD-OpenMP/SHUD/Basins/heihe_x4/forcing/X97.65Y41.15.csv
	 Reading 86/1693: 	/scratch/frd_muziyao/SHUD-OpenMP/SHUD/Basins/heihe_x4/forcing/X97.65Y41.25.csv
	 Reading 87/1693: 	/scratch/frd_muziyao/SHUD-OpenMP/SHUD/Basins/heihe_x4/forcing/X97.65Y41.35.csv
	 Reading 88/1693: 	/scratch/frd_muziyao/SHUD-OpenMP/SHUD/Basins/heihe_x4/forcing/X97.65Y41.45.csv
	 Reading 89/1693: 	/scratch/frd_muziyao/SHUD-OpenMP/SHUD/Basins/heihe_x4/forcing/X97.65Y41.55.csv
	 Reading 90/1693: 	/scratch/frd_muziyao/SHUD-OpenMP/SHUD/Basins/heihe_x4/forcing/X97.65Y41.65.csv
	 Reading 91/1693: 	/scratch/frd_muziyao/SHUD-OpenMP/SHUD/Basins/heihe_x4/forcing/X97.65Y41.75.csv
	 Reading 92/1693: 	/scratch/frd_muziyao/SHUD-OpenMP/SHUD/Basins/heihe_x4/forcing/X97.65Y41.85.csv
	 Reading 93/1693: 	/scratch/frd_muziyao/SHUD-OpenMP/SHUD/Basins/heihe_x4/forcing/X97.65Y41.95.csv
	 Reading 94/1693: 	/scratch/frd_muziyao/SHUD-OpenMP/SHUD/Basins/heihe_x4/forcing/X97.65Y42.05.csv
	 Reading 95/1693: 	/scratch/frd_muziyao/SHUD-OpenMP/SHUD/Basins/heihe_x4/forcing/X97.65Y42.15.csv
	 Reading 96/1693: 	/scratch/frd_muziyao/SHUD-OpenMP/SHUD/Basins/heihe_x4/forcing/X97.65Y42.25.csv
	 Reading 97/1693: 	/scratch/frd_muziyao/SHUD-OpenMP/SHUD/Basins/heihe_x4/forcing/X97.75Y38.95.csv
	 Reading 98/1693: 	/scratch/frd_muziyao/SHUD-OpenMP/SHUD/Basins/heihe_x4/forcing/X97.75Y39.05.csv
	 Reading 99/1693: 	/scratch/frd_muziyao/SHUD-OpenMP/SHUD/Basins/heihe_x4/forcing/X97.75Y39.15.csv
	 Reading 100/1693: 	/scratch/frd_muziyao/SHUD-OpenMP/SHUD/Basins/heihe_x4/forcing/X97.75Y39.25.csv
	 Reading 101/1693: 	/scratch/frd_muziyao/SHUD-OpenMP/SHUD/Basins/heihe_x4/forcing/X97.75Y39.35.csv
	 Reading 102/1693: 	/scratch/frd_muziyao/SHUD-OpenMP/SHUD/Basins/heihe_x4/forcing/X97.75Y39.45.csv
	 Reading 103/1693: 	/scratch/frd_muziyao/SHUD-OpenMP/SHUD/Basins/heihe_x4/forcing/X97.75Y39.55.csv
	 Reading 104/1693: 	/scratch/frd_muziyao/SHUD-OpenMP/SHUD/Basins/heihe_x4/forcing/X97.75Y39.65.csv
	 Reading 105/1693: 	/scratch/frd_muziyao/SHUD-OpenMP/SHUD/Basins/heihe_x4/forcing/X97.75Y39.75.csv
	 Reading 106/1693: 	/scratch/frd_muziyao/SHUD-OpenMP/SHUD/Basins/heihe_x4/forcing/X97.75Y39.85.csv
	 Reading 107/1693: 	/scratch/frd_muziyao/SHUD-OpenMP/SHUD/Basins/heihe_x4/forcing/X97.75Y40.75.csv
	 Reading 108/1693: 	/scratch/frd_muziyao/SHUD-OpenMP/SHUD/Basins/heihe_x4/forcing/X97.75Y40.85.csv
	 Reading 109/1693: 	/scratch/frd_muziyao/SHUD-OpenMP/SHUD/Basins/heihe_x4/forcing/X97.75Y40.95.csv
	 Reading 110/1693: 	/scratch/frd_muziyao/SHUD-OpenMP/SHUD/Basins/heihe_x4/forcing/X97.75Y41.05.csv
	 Reading 111/1693: 	/scratch/frd_muziyao/SHUD-OpenMP/SHUD/Basins/heihe_x4/forcing/X97.75Y41.15.csv
	 Reading 112/1693: 	/scratch/frd_muziyao/SHUD-OpenMP/SHUD/Basins/heihe_x4/forcing/X97.75Y41.25.csv
	 Reading 113/1693: 	/scratch/frd_muziyao/SHUD-OpenMP/SHUD/Basins/heihe_x4/forcing/X97.75Y41.35.csv
	 Reading 114/1693: 	/scratch/frd_muziyao/SHUD-OpenMP/SHUD/Basins/heihe_x4/forcing/X97.75Y41.45.csv
	 Reading 115/1693: 	/scratch/frd_muziyao/SHUD-OpenMP/SHUD/Basins/heihe_x4/forcing/X97.75Y41.55.csv
	 Reading 116/1693: 	/scratch/frd_muziyao/SHUD-OpenMP/SHUD/Basins/heihe_x4/forcing/X97.75Y41.65.csv
	 Reading 117/1693: 	/scratch/frd_muziyao/SHUD-OpenMP/SHUD/Basins/heihe_x4/forcing/X97.75Y41.75.csv
	 Reading 118/1693: 	/scratch/frd_muziyao/SHUD-OpenMP/SHUD/Basins/heihe_x4/forcing/X97.75Y41.85.csv
	 Reading 119/1693: 	/scratch/frd_muziyao/SHUD-OpenMP/SHUD/Basins/heihe_x4/forcing/X97.75Y41.95.csv
	 Reading 120/1693: 	/scratch/frd_muziyao/SHUD-OpenMP/SHUD/Basins/heihe_x4/forcing/X97.75Y42.05.csv
	 Reading 121/1693: 	/scratch/frd_muziyao/SHUD-OpenMP/SHUD/Basins/heihe_x4/forcing/X97.75Y42.15.csv
	 Reading 122/1693: 	/scratch/frd_muziyao/SHUD-OpenMP/SHUD/Basins/heihe_x4/forcing/X97.75Y42.25.csv
	 Reading 123/1693: 	/scratch/frd_muziyao/SHUD-OpenMP/SHUD/Basins/heihe_x4/forcing/X97.85Y38.85.csv
	 Reading 124/1693: 	/scratch/frd_muziyao/SHUD-OpenMP/SHUD/Basins/heihe_x4/forcing/X97.85Y38.95.csv
	 Reading 125/1693: 	/scratch/frd_muziyao/SHUD-OpenMP/SHUD/Basins/heihe_x4/forcing/X97.85Y39.05.csv
	 Reading 126/1693: 	/scratch/frd_muziyao/SHUD-OpenMP/SHUD/Basins/heihe_x4/forcing/X97.85Y39.15.csv
	 Reading 127/1693: 	/scratch/frd_muziyao/SHUD-OpenMP/SHUD/Basins/heihe_x4/forcing/X97.85Y39.25.csv
	 Reading 128/1693: 	/scratch/frd_muziyao/SHUD-OpenMP/SHUD/Basins/heihe_x4/forcing/X97.85Y39.35.csv
	 Reading 129/1693: 	/scratch/frd_muziyao/SHUD-OpenMP/SHUD/Basins/heihe_x4/forcing/X97.85Y39.45.csv
	 Reading 130/1693: 	/scratch/frd_muziyao/SHUD-OpenMP/SHUD/Basins/heihe_x4/forcing/X97.85Y39.55.csv
	 Reading 131/1693: 	/scratch/frd_muziyao/SHUD-OpenMP/SHUD/Basins/heihe_x4/forcing/X97.85Y39.65.csv
	 Reading 132/1693: 	/scratch/frd_muziyao/SHUD-OpenMP/SHUD/Basins/heihe_x4/forcing/X97.85Y39.75.csv
	 Reading 133/1693: 	/scratch/frd_muziyao/SHUD-OpenMP/SHUD/Basins/heihe_x4/forcing/X97.85Y39.85.csv
	 Reading 134/1693: 	/scratch/frd_muziyao/SHUD-OpenMP/SHUD/Basins/heihe_x4/forcing/X97.85Y39.95.csv
	 Reading 135/1693: 	/scratch/frd_muziyao/SHUD-OpenMP/SHUD/Basins/heihe_x4/forcing/X97.85Y40.75.csv
	 Reading 136/1693: 	/scratch/frd_muziyao/SHUD-OpenMP/SHUD/Basins/heihe_x4/forcing/X97.85Y40.85.csv
	 Reading 137/1693: 	/scratch/frd_muziyao/SHUD-OpenMP/SHUD/Basins/heihe_x4/forcing/X97.85Y40.95.csv
	 Reading 138/1693: 	/scratch/frd_muziyao/SHUD-OpenMP/SHUD/Basins/heihe_x4/forcing/X97.85Y41.05.csv
	 Reading 139/1693: 	/scratch/frd_muziyao/SHUD-OpenMP/SHUD/Basins/heihe_x4/forcing/X97.85Y41.15.csv
	 Reading 140/1693: 	/scratch/frd_muziyao/SHUD-OpenMP/SHUD/Basins/heihe_x4/forcing/X97.85Y41.25.csv
	 Reading 141/1693: 	/scratch/frd_muziyao/SHUD-OpenMP/SHUD/Basins/heihe_x4/forcing/X97.85Y41.35.csv
	 Reading 142/1693: 	/scratch/frd_muziyao/SHUD-OpenMP/SHUD/Basins/heihe_x4/forcing/X97.85Y41.45.csv
	 Reading 143/1693: 	/scratch/frd_muziyao/SHUD-OpenMP/SHUD/Basins/heihe_x4/forcing/X97.85Y41.55.csv
	 Reading 144/1693: 	/scratch/frd_muziyao/SHUD-OpenMP/SHUD/Basins/heihe_x4/forcing/X97.85Y41.65.csv
	 Reading 145/1693: 	/scratch/frd_muziyao/SHUD-OpenMP/SHUD/Basins/heihe_x4/forcing/X97.85Y41.75.csv
	 Reading 146/1693: 	/scratch/frd_muziyao/SHUD-OpenMP/SHUD/Basins/heihe_x4/forcing/X97.85Y41.85.csv
	 Reading 147/1693: 	/scratch/frd_muziyao/SHUD-OpenMP/SHUD/Basins/heihe_x4/forcing/X97.85Y41.95.csv
	 Reading 148/1693: 	/scratch/frd_muziyao/SHUD-OpenMP/SHUD/Basins/heihe_x4/forcing/X97.85Y42.05.csv
	 Reading 149/1693: 	/scratch/frd_muziyao/SHUD-OpenMP/SHUD/Basins/heihe_x4/forcing/X97.85Y42.15.csv
	 Reading 150/1693: 	/scratch/frd_muziyao/SHUD-OpenMP/SHUD/Basins/heihe_x4/forcing/X97.85Y42.25.csv
	 Reading 151/1693: 	/scratch/frd_muziyao/SHUD-OpenMP/SHUD/Basins/heihe_x4/forcing/X97.95Y38.85.csv
	 Reading 152/1693: 	/scratch/frd_muziyao/SHUD-OpenMP/SHUD/Basins/heihe_x4/forcing/X97.95Y38.95.csv
	 Reading 153/1693: 	/scratch/frd_muziyao/SHUD-OpenMP/SHUD/Basins/heihe_x4/forcing/X97.95Y39.05.csv
	 Reading 154/1693: 	/scratch/frd_muziyao/SHUD-OpenMP/SHUD/Basins/heihe_x4/forcing/X97.95Y39.15.csv
	 Reading 155/1693: 	/scratch/frd_muziyao/SHUD-OpenMP/SHUD/Basins/heihe_x4/forcing/X97.95Y39.25.csv
	 Reading 156/1693: 	/scratch/frd_muziyao/SHUD-OpenMP/SHUD/Basins/heihe_x4/forcing/X97.95Y39.35.csv
	 Reading 157/1693: 	/scratch/frd_muziyao/SHUD-OpenMP/SHUD/Basins/heihe_x4/forcing/X97.95Y39.45.csv
	 Reading 158/1693: 	/scratch/frd_muziyao/SHUD-OpenMP/SHUD/Basins/heihe_x4/forcing/X97.95Y39.55.csv
	 Reading 159/1693: 	/scratch/frd_muziyao/SHUD-OpenMP/SHUD/Basins/heihe_x4/forcing/X97.95Y39.65.csv
	 Reading 160/1693: 	/scratch/frd_muziyao/SHUD-OpenMP/SHUD/Basins/heihe_x4/forcing/X97.95Y39.75.csv
	 Reading 161/1693: 	/scratch/frd_muziyao/SHUD-OpenMP/SHUD/Basins/heihe_x4/forcing/X97.95Y39.85.csv
	 Reading 162/1693: 	/scratch/frd_muziyao/SHUD-OpenMP/SHUD/Basins/heihe_x4/forcing/X97.95Y39.95.csv
	 Reading 163/1693: 	/scratch/frd_muziyao/SHUD-OpenMP/SHUD/Basins/heihe_x4/forcing/X97.95Y40.75.csv
	 Reading 164/1693: 	/scratch/frd_muziyao/SHUD-OpenMP/SHUD/Basins/heihe_x4/forcing/X97.95Y40.85.csv
	 Reading 165/1693: 	/scratch/frd_muziyao/SHUD-OpenMP/SHUD/Basins/heihe_x4/forcing/X97.95Y40.95.csv
	 Reading 166/1693: 	/scratch/frd_muziyao/SHUD-OpenMP/SHUD/Basins/heihe_x4/forcing/X97.95Y41.05.csv
	 Reading 167/1693: 	/scratch/frd_muziyao/SHUD-OpenMP/SHUD/Basins/heihe_x4/forcing/X97.95Y41.15.csv
	 Reading 168/1693: 	/scratch/frd_muziyao/SHUD-OpenMP/SHUD/Basins/heihe_x4/forcing/X97.95Y41.25.csv
	 Reading 169/1693: 	/scratch/frd_muziyao/SHUD-OpenMP/SHUD/Basins/heihe_x4/forcing/X97.95Y41.35.csv
	 Reading 170/1693: 	/scratch/frd_muziyao/SHUD-OpenMP/SHUD/Basins/heihe_x4/forcing/X97.95Y41.45.csv
	 Reading 171/1693: 	/scratch/frd_muziyao/SHUD-OpenMP/SHUD/Basins/heihe_x4/forcing/X97.95Y41.55.csv
	 Reading 172/1693: 	/scratch/frd_muziyao/SHUD-OpenMP/SHUD/Basins/heihe_x4/forcing/X97.95Y41.65.csv
	 Reading 173/1693: 	/scratch/frd_muziyao/SHUD-OpenMP/SHUD/Basins/heihe_x4/forcing/X97.95Y41.75.csv
	 Reading 174/1693: 	/scratch/frd_muziyao/SHUD-OpenMP/SHUD/Basins/heihe_x4/forcing/X97.95Y41.85.csv
	 Reading 175/1693: 	/scratch/frd_muziyao/SHUD-OpenMP/SHUD/Basins/heihe_x4/forcing/X97.95Y41.95.csv
	 Reading 176/1693: 	/scratch/frd_muziyao/SHUD-OpenMP/SHUD/Basins/heihe_x4/forcing/X97.95Y42.05.csv
	 Reading 177/1693: 	/scratch/frd_muziyao/SHUD-OpenMP/SHUD/Basins/heihe_x4/forcing/X97.95Y42.15.csv
	 Reading 178/1693: 	/scratch/frd_muziyao/SHUD-OpenMP/SHUD/Basins/heihe_x4/forcing/X97.95Y42.25.csv
	 Reading 179/1693: 	/scratch/frd_muziyao/SHUD-OpenMP/SHUD/Basins/heihe_x4/forcing/X97.95Y42.35.csv
	 Reading 180/1693: 	/scratch/frd_muziyao/SHUD-OpenMP/SHUD/Basins/heihe_x4/forcing/X98.05Y38.75.csv
	 Reading 181/1693: 	/scratch/frd_muziyao/SHUD-OpenMP/SHUD/Basins/heihe_x4/forcing/X98.05Y38.85.csv
	 Reading 182/1693: 	/scratch/frd_muziyao/SHUD-OpenMP/SHUD/Basins/heihe_x4/forcing/X98.05Y38.95.csv
	 Reading 183/1693: 	/scratch/frd_muziyao/SHUD-OpenMP/SHUD/Basins/heihe_x4/forcing/X98.05Y39.05.csv
	 Reading 184/1693: 	/scratch/frd_muziyao/SHUD-OpenMP/SHUD/Basins/heihe_x4/forcing/X98.05Y39.15.csv
	 Reading 185/1693: 	/scratch/frd_muziyao/SHUD-OpenMP/SHUD/Basins/heihe_x4/forcing/X98.05Y39.25.csv
	 Reading 186/1693: 	/scratch/frd_muziyao/SHUD-OpenMP/SHUD/Basins/heihe_x4/forcing/X98.05Y39.35.csv
	 Reading 187/1693: 	/scratch/frd_muziyao/SHUD-OpenMP/SHUD/Basins/heihe_x4/forcing/X98.05Y39.45.csv
	 Reading 188/1693: 	/scratch/frd_muziyao/SHUD-OpenMP/SHUD/Basins/heihe_x4/forcing/X98.05Y39.55.csv
	 Reading 189/1693: 	/scratch/frd_muziyao/SHUD-OpenMP/SHUD/Basins/heihe_x4/forcing/X98.05Y39.65.csv
	 Reading 190/1693: 	/scratch/frd_muziyao/SHUD-OpenMP/SHUD/Basins/heihe_x4/forcing/X98.05Y39.75.csv
	 Reading 191/1693: 	/scratch/frd_muziyao/SHUD-OpenMP/SHUD/Basins/heihe_x4/forcing/X98.05Y39.85.csv
	 Reading 192/1693: 	/scratch/frd_muziyao/SHUD-OpenMP/SHUD/Basins/heihe_x4/forcing/X98.05Y39.95.csv
	 Reading 193/1693: 	/scratch/frd_muziyao/SHUD-OpenMP/SHUD/Basins/heihe_x4/forcing/X98.05Y40.65.csv
	 Reading 194/1693: 	/scratch/frd_muziyao/SHUD-OpenMP/SHUD/Basins/heihe_x4/forcing/X98.05Y40.75.csv
	 Reading 195/1693: 	/scratch/frd_muziyao/SHUD-OpenMP/SHUD/Basins/heihe_x4/forcing/X98.05Y40.85.csv
	 Reading 196/1693: 	/scratch/frd_muziyao/SHUD-OpenMP/SHUD/Basins/heihe_x4/forcing/X98.05Y40.95.csv
	 Reading 197/1693: 	/scratch/frd_muziyao/SHUD-OpenMP/SHUD/Basins/heihe_x4/forcing/X98.05Y41.05.csv
	 Reading 198/1693: 	/scratch/frd_muziyao/SHUD-OpenMP/SHUD/Basins/heihe_x4/forcing/X98.05Y41.15.csv
	 Reading 199/1693: 	/scratch/frd_muziyao/SHUD-OpenMP/SHUD/Basins/heihe_x4/forcing/X98.05Y41.25.csv
	 Reading 200/1693: 	/scratch/frd_muziyao/SHUD-OpenMP/SHUD/Basins/heihe_x4/forcing/X98.05Y41.35.csv
	 Reading 201/1693: 	/scratch/frd_muziyao/SHUD-OpenMP/SHUD/Basins/heihe_x4/forcing/X98.05Y41.45.csv
	 Reading 202/1693: 	/scratch/frd_muziyao/SHUD-OpenMP/SHUD/Basins/heihe_x4/forcing/X98.05Y41.55.csv
	 Reading 203/1693: 	/scratch/frd_muziyao/SHUD-OpenMP/SHUD/Basins/heihe_x4/forcing/X98.05Y41.65.csv
	 Reading 204/1693: 	/scratch/frd_muziyao/SHUD-OpenMP/SHUD/Basins/heihe_x4/forcing/X98.05Y41.75.csv
	 Reading 205/1693: 	/scratch/frd_muziyao/SHUD-OpenMP/SHUD/Basins/heihe_x4/forcing/X98.05Y41.85.csv
	 Reading 206/1693: 	/scratch/frd_muziyao/SHUD-OpenMP/SHUD/Basins/heihe_x4/forcing/X98.05Y41.95.csv
	 Reading 207/1693: 	/scratch/frd_muziyao/SHUD-OpenMP/SHUD/Basins/heihe_x4/forcing/X98.05Y42.05.csv
	 Reading 208/1693: 	/scratch/frd_muziyao/SHUD-OpenMP/SHUD/Basins/heihe_x4/forcing/X98.05Y42.15.csv
	 Reading 209/1693: 	/scratch/frd_muziyao/SHUD-OpenMP/SHUD/Basins/heihe_x4/forcing/X98.05Y42.25.csv
	 Reading 210/1693: 	/scratch/frd_muziyao/SHUD-OpenMP/SHUD/Basins/heihe_x4/forcing/X98.05Y42.35.csv
	 Reading 211/1693: 	/scratch/frd_muziyao/SHUD-OpenMP/SHUD/Basins/heihe_x4/forcing/X98.05Y42.45.csv
	 Reading 212/1693: 	/scratch/frd_muziyao/SHUD-OpenMP/SHUD/Basins/heihe_x4/forcing/X98.15Y38.65.csv
	 Reading 213/1693: 	/scratch/frd_muziyao/SHUD-OpenMP/SHUD/Basins/heihe_x4/forcing/X98.15Y38.75.csv
	 Reading 214/1693: 	/scratch/frd_muziyao/SHUD-OpenMP/SHUD/Basins/heihe_x4/forcing/X98.15Y38.85.csv
	 Reading 215/1693: 	/scratch/frd_muziyao/SHUD-OpenMP/SHUD/Basins/heihe_x4/forcing/X98.15Y38.95.csv
	 Reading 216/1693: 	/scratch/frd_muziyao/SHUD-OpenMP/SHUD/Basins/heihe_x4/forcing/X98.15Y39.05.csv
	 Reading 217/1693: 	/scratch/frd_muziyao/SHUD-OpenMP/SHUD/Basins/heihe_x4/forcing/X98.15Y39.15.csv
	 Reading 218/1693: 	/scratch/frd_muziyao/SHUD-OpenMP/SHUD/Basins/heihe_x4/forcing/X98.15Y39.25.csv
	 Reading 219/1693: 	/scratch/frd_muziyao/SHUD-OpenMP/SHUD/Basins/heihe_x4/forcing/X98.15Y39.35.csv
	 Reading 220/1693: 	/scratch/frd_muziyao/SHUD-OpenMP/SHUD/Basins/heihe_x4/forcing/X98.15Y39.45.csv
	 Reading 221/1693: 	/scratch/frd_muziyao/SHUD-OpenMP/SHUD/Basins/heihe_x4/forcing/X98.15Y39.55.csv
	 Reading 222/1693: 	/scratch/frd_muziyao/SHUD-OpenMP/SHUD/Basins/heihe_x4/forcing/X98.15Y39.65.csv
	 Reading 223/1693: 	/scratch/frd_muziyao/SHUD-OpenMP/SHUD/Basins/heihe_x4/forcing/X98.15Y39.75.csv
	 Reading 224/1693: 	/scratch/frd_muziyao/SHUD-OpenMP/SHUD/Basins/heihe_x4/forcing/X98.15Y39.85.csv
	 Reading 225/1693: 	/scratch/frd_muziyao/SHUD-OpenMP/SHUD/Basins/heihe_x4/forcing/X98.15Y39.95.csv
	 Reading 226/1693: 	/scratch/frd_muziyao/SHUD-OpenMP/SHUD/Basins/heihe_x4/forcing/X98.15Y40.65.csv
	 Reading 227/1693: 	/scratch/frd_muziyao/SHUD-OpenMP/SHUD/Basins/heihe_x4/forcing/X98.15Y40.75.csv
	 Reading 228/1693: 	/scratch/frd_muziyao/SHUD-OpenMP/SHUD/Basins/heihe_x4/forcing/X98.15Y40.85.csv
	 Reading 229/1693: 	/scratch/frd_muziyao/SHUD-OpenMP/SHUD/Basins/heihe_x4/forcing/X98.15Y40.95.csv
	 Reading 230/1693: 	/scratch/frd_muziyao/SHUD-OpenMP/SHUD/Basins/heihe_x4/forcing/X98.15Y41.05.csv
	 Reading 231/1693: 	/scratch/frd_muziyao/SHUD-OpenMP/SHUD/Basins/heihe_x4/forcing/X98.15Y41.15.csv
	 Reading 232/1693: 	/scratch/frd_muziyao/SHUD-OpenMP/SHUD/Basins/heihe_x4/forcing/X98.15Y41.25.csv
	 Reading 233/1693: 	/scratch/frd_muziyao/SHUD-OpenMP/SHUD/Basins/heihe_x4/forcing/X98.15Y41.35.csv
	 Reading 234/1693: 	/scratch/frd_muziyao/SHUD-OpenMP/SHUD/Basins/heihe_x4/forcing/X98.15Y41.45.csv
	 Reading 235/1693: 	/scratch/frd_muziyao/SHUD-OpenMP/SHUD/Basins/heihe_x4/forcing/X98.15Y41.55.csv
	 Reading 236/1693: 	/scratch/frd_muziyao/SHUD-OpenMP/SHUD/Basins/heihe_x4/forcing/X98.15Y41.65.csv
	 Reading 237/1693: 	/scratch/frd_muziyao/SHUD-OpenMP/SHUD/Basins/heihe_x4/forcing/X98.15Y41.75.csv
	 Reading 238/1693: 	/scratch/frd_muziyao/SHUD-OpenMP/SHUD/Basins/heihe_x4/forcing/X98.15Y41.85.csv
	 Reading 239/1693: 	/scratch/frd_muziyao/SHUD-OpenMP/SHUD/Basins/heihe_x4/forcing/X98.15Y41.95.csv
	 Reading 240/1693: 	/scratch/frd_muziyao/SHUD-OpenMP/SHUD/Basins/heihe_x4/forcing/X98.15Y42.05.csv
	 Reading 241/1693: 	/scratch/frd_muziyao/SHUD-OpenMP/SHUD/Basins/heihe_x4/forcing/X98.15Y42.15.csv
	 Reading 242/1693: 	/scratch/frd_muziyao/SHUD-OpenMP/SHUD/Basins/heihe_x4/forcing/X98.15Y42.25.csv
	 Reading 243/1693: 	/scratch/frd_muziyao/SHUD-OpenMP/SHUD/Basins/heihe_x4/forcing/X98.15Y42.35.csv
	 Reading 244/1693: 	/scratch/frd_muziyao/SHUD-OpenMP/SHUD/Basins/heihe_x4/forcing/X98.15Y42.45.csv
	 Reading 245/1693: 	/scratch/frd_muziyao/SHUD-OpenMP/SHUD/Basins/heihe_x4/forcing/X98.25Y38.65.csv
	 Reading 246/1693: 	/scratch/frd_muziyao/SHUD-OpenMP/SHUD/Basins/heihe_x4/forcing/X98.25Y38.75.csv
	 Reading 247/1693: 	/scratch/frd_muziyao/SHUD-OpenMP/SHUD/Basins/heihe_x4/forcing/X98.25Y38.85.csv
	 Reading 248/1693: 	/scratch/frd_muziyao/SHUD-OpenMP/SHUD/Basins/heihe_x4/forcing/X98.25Y38.95.csv
	 Reading 249/1693: 	/scratch/frd_muziyao/SHUD-OpenMP/SHUD/Basins/heihe_x4/forcing/X98.25Y39.05.csv
	 Reading 250/1693: 	/scratch/frd_muziyao/SHUD-OpenMP/SHUD/Basins/heihe_x4/forcing/X98.25Y39.15.csv
	 Reading 251/1693: 	/scratch/frd_muziyao/SHUD-OpenMP/SHUD/Basins/heihe_x4/forcing/X98.25Y39.25.csv
	 Reading 252/1693: 	/scratch/frd_muziyao/SHUD-OpenMP/SHUD/Basins/heihe_x4/forcing/X98.25Y39.35.csv
	 Reading 253/1693: 	/scratch/frd_muziyao/SHUD-OpenMP/SHUD/Basins/heihe_x4/forcing/X98.25Y39.45.csv
	 Reading 254/1693: 	/scratch/frd_muziyao/SHUD-OpenMP/SHUD/Basins/heihe_x4/forcing/X98.25Y39.55.csv
	 Reading 255/1693: 	/scratch/frd_muziyao/SHUD-OpenMP/SHUD/Basins/heihe_x4/forcing/X98.25Y39.65.csv
	 Reading 256/1693: 	/scratch/frd_muziyao/SHUD-OpenMP/SHUD/Basins/heihe_x4/forcing/X98.25Y39.75.csv
	 Reading 257/1693: 	/scratch/frd_muziyao/SHUD-OpenMP/SHUD/Basins/heihe_x4/forcing/X98.25Y39.85.csv
	 Reading 258/1693: 	/scratch/frd_muziyao/SHUD-OpenMP/SHUD/Basins/heihe_x4/forcing/X98.25Y39.95.csv
	 Reading 259/1693: 	/scratch/frd_muziyao/SHUD-OpenMP/SHUD/Basins/heihe_x4/forcing/X98.25Y40.05.csv
	 Reading 260/1693: 	/scratch/frd_muziyao/SHUD-OpenMP/SHUD/Basins/heihe_x4/forcing/X98.25Y40.75.csv
	 Reading 261/1693: 	/scratch/frd_muziyao/SHUD-OpenMP/SHUD/Basins/heihe_x4/forcing/X98.25Y40.85.csv
	 Reading 262/1693: 	/scratch/frd_muziyao/SHUD-OpenMP/SHUD/Basins/heihe_x4/forcing/X98.25Y40.95.csv
	 Reading 263/1693: 	/scratch/frd_muziyao/SHUD-OpenMP/SHUD/Basins/heihe_x4/forcing/X98.25Y41.05.csv
	 Reading 264/1693: 	/scratch/frd_muziyao/SHUD-OpenMP/SHUD/Basins/heihe_x4/forcing/X98.25Y41.15.csv
	 Reading 265/1693: 	/scratch/frd_muziyao/SHUD-OpenMP/SHUD/Basins/heihe_x4/forcing/X98.25Y41.25.csv
	 Reading 266/1693: 	/scratch/frd_muziyao/SHUD-OpenMP/SHUD/Basins/heihe_x4/forcing/X98.25Y41.35.csv
	 Reading 267/1693: 	/scratch/frd_muziyao/SHUD-OpenMP/SHUD/Basins/heihe_x4/forcing/X98.25Y41.45.csv
	 Reading 268/1693: 	/scratch/frd_muziyao/SHUD-OpenMP/SHUD/Basins/heihe_x4/forcing/X98.25Y41.55.csv
	 Reading 269/1693: 	/scratch/frd_muziyao/SHUD-OpenMP/SHUD/Basins/heihe_x4/forcing/X98.25Y41.65.csv
	 Reading 270/1693: 	/scratch/frd_muziyao/SHUD-OpenMP/SHUD/Basins/heihe_x4/forcing/X98.25Y41.75.csv
	 Reading 271/1693: 	/scratch/frd_muziyao/SHUD-OpenMP/SHUD/Basins/heihe_x4/forcing/X98.25Y41.85.csv
	 Reading 272/1693: 	/scratch/frd_muziyao/SHUD-OpenMP/SHUD/Basins/heihe_x4/forcing/X98.25Y41.95.csv
	 Reading 273/1693: 	/scratch/frd_muziyao/SHUD-OpenMP/SHUD/Basins/heihe_x4/forcing/X98.25Y42.05.csv
	 Reading 274/1693: 	/scratch/frd_muziyao/SHUD-OpenMP/SHUD/Basins/heihe_x4/forcing/X98.25Y42.15.csv
	 Reading 275/1693: 	/scratch/frd_muziyao/SHUD-OpenMP/SHUD/Basins/heihe_x4/forcing/X98.25Y42.25.csv
	 Reading 276/1693: 	/scratch/frd_muziyao/SHUD-OpenMP/SHUD/Basins/heihe_x4/forcing/X98.25Y42.35.csv
	 Reading 277/1693: 	/scratch/frd_muziyao/SHUD-OpenMP/SHUD/Basins/heihe_x4/forcing/X98.25Y42.45.csv
	 Reading 278/1693: 	/scratch/frd_muziyao/SHUD-OpenMP/SHUD/Basins/heihe_x4/forcing/X98.35Y38.55.csv
	 Reading 279/1693: 	/scratch/frd_muziyao/SHUD-OpenMP/SHUD/Basins/heihe_x4/forcing/X98.35Y38.65.csv
	 Reading 280/1693: 	/scratch/frd_muziyao/SHUD-OpenMP/SHUD/Basins/heihe_x4/forcing/X98.35Y38.75.csv
	 Reading 281/1693: 	/scratch/frd_muziyao/SHUD-OpenMP/SHUD/Basins/heihe_x4/forcing/X98.35Y38.85.csv
	 Reading 282/1693: 	/scratch/frd_muziyao/SHUD-OpenMP/SHUD/Basins/heihe_x4/forcing/X98.35Y38.95.csv
	 Reading 283/1693: 	/scratch/frd_muziyao/SHUD-OpenMP/SHUD/Basins/heihe_x4/forcing/X98.35Y39.05.csv
	 Reading 284/1693: 	/scratch/frd_muziyao/SHUD-OpenMP/SHUD/Basins/heihe_x4/forcing/X98.35Y39.15.csv
	 Reading 285/1693: 	/scratch/frd_muziyao/SHUD-OpenMP/SHUD/Basins/heihe_x4/forcing/X98.35Y39.25.csv
	 Reading 286/1693: 	/scratch/frd_muziyao/SHUD-OpenMP/SHUD/Basins/heihe_x4/forcing/X98.35Y39.35.csv
	 Reading 287/1693: 	/scratch/frd_muziyao/SHUD-OpenMP/SHUD/Basins/heihe_x4/forcing/X98.35Y39.45.csv
	 Reading 288/1693: 	/scratch/frd_muziyao/SHUD-OpenMP/SHUD/Basins/heihe_x4/forcing/X98.35Y39.55.csv
	 Reading 289/1693: 	/scratch/frd_muziyao/SHUD-OpenMP/SHUD/Basins/heihe_x4/forcing/X98.35Y39.65.csv
	 Reading 290/1693: 	/scratch/frd_muziyao/SHUD-OpenMP/SHUD/Basins/heihe_x4/forcing/X98.35Y39.75.csv
	 Reading 291/1693: 	/scratch/frd_muziyao/SHUD-OpenMP/SHUD/Basins/heihe_x4/forcing/X98.35Y39.85.csv
	 Reading 292/1693: 	/scratch/frd_muziyao/SHUD-OpenMP/SHUD/Basins/heihe_x4/forcing/X98.35Y39.95.csv
	 Reading 293/1693: 	/scratch/frd_muziyao/SHUD-OpenMP/SHUD/Basins/heihe_x4/forcing/X98.35Y40.05.csv
	 Reading 294/1693: 	/scratch/frd_muziyao/SHUD-OpenMP/SHUD/Basins/heihe_x4/forcing/X98.35Y40.15.csv
	 Reading 295/1693: 	/scratch/frd_muziyao/SHUD-OpenMP/SHUD/Basins/heihe_x4/forcing/X98.35Y40.65.csv
	 Reading 296/1693: 	/scratch/frd_muziyao/SHUD-OpenMP/SHUD/Basins/heihe_x4/forcing/X98.35Y40.75.csv
	 Reading 297/1693: 	/scratch/frd_muziyao/SHUD-OpenMP/SHUD/Basins/heihe_x4/forcing/X98.35Y40.85.csv
	 Reading 298/1693: 	/scratch/frd_muziyao/SHUD-OpenMP/SHUD/Basins/heihe_x4/forcing/X98.35Y40.95.csv
	 Reading 299/1693: 	/scratch/frd_muziyao/SHUD-OpenMP/SHUD/Basins/heihe_x4/forcing/X98.35Y41.05.csv
	 Reading 300/1693: 	/scratch/frd_muziyao/SHUD-OpenMP/SHUD/Basins/heihe_x4/forcing/X98.35Y41.15.csv
	 Reading 301/1693: 	/scratch/frd_muziyao/SHUD-OpenMP/SHUD/Basins/heihe_x4/forcing/X98.35Y41.25.csv
	 Reading 302/1693: 	/scratch/frd_muziyao/SHUD-OpenMP/SHUD/Basins/heihe_x4/forcing/X98.35Y41.35.csv
	 Reading 303/1693: 	/scratch/frd_muziyao/SHUD-OpenMP/SHUD/Basins/heihe_x4/forcing/X98.35Y41.45.csv
	 Reading 304/1693: 	/scratch/frd_muziyao/SHUD-OpenMP/SHUD/Basins/heihe_x4/forcing/X98.35Y41.55.csv
	 Reading 305/1693: 	/scratch/frd_muziyao/SHUD-OpenMP/SHUD/Basins/heihe_x4/forcing/X98.35Y41.65.csv
	 Reading 306/1693: 	/scratch/frd_muziyao/SHUD-OpenMP/SHUD/Basins/heihe_x4/forcing/X98.35Y41.75.csv
	 Reading 307/1693: 	/scratch/frd_muziyao/SHUD-OpenMP/SHUD/Basins/heihe_x4/forcing/X98.35Y41.85.csv
	 Reading 308/1693: 	/scratch/frd_muziyao/SHUD-OpenMP/SHUD/Basins/heihe_x4/forcing/X98.35Y41.95.csv
	 Reading 309/1693: 	/scratch/frd_muziyao/SHUD-OpenMP/SHUD/Basins/heihe_x4/forcing/X98.35Y42.05.csv
	 Reading 310/1693: 	/scratch/frd_muziyao/SHUD-OpenMP/SHUD/Basins/heihe_x4/forcing/X98.35Y42.15.csv
	 Reading 311/1693: 	/scratch/frd_muziyao/SHUD-OpenMP/SHUD/Basins/heihe_x4/forcing/X98.35Y42.25.csv
	 Reading 312/1693: 	/scratch/frd_muziyao/SHUD-OpenMP/SHUD/Basins/heihe_x4/forcing/X98.35Y42.35.csv
	 Reading 313/1693: 	/scratch/frd_muziyao/SHUD-OpenMP/SHUD/Basins/heihe_x4/forcing/X98.35Y42.45.csv
	 Reading 314/1693: 	/scratch/frd_muziyao/SHUD-OpenMP/SHUD/Basins/heihe_x4/forcing/X98.35Y42.55.csv
	 Reading 315/1693: 	/scratch/frd_muziyao/SHUD-OpenMP/SHUD/Basins/heihe_x4/forcing/X98.35Y42.65.csv
	 Reading 316/1693: 	/scratch/frd_muziyao/SHUD-OpenMP/SHUD/Basins/heihe_x4/forcing/X98.45Y38.55.csv
	 Reading 317/1693: 	/scratch/frd_muziyao/SHUD-OpenMP/SHUD/Basins/heihe_x4/forcing/X98.45Y38.65.csv
	 Reading 318/1693: 	/scratch/frd_muziyao/SHUD-OpenMP/SHUD/Basins/heihe_x4/forcing/X98.45Y38.75.csv
	 Reading 319/1693: 	/scratch/frd_muziyao/SHUD-OpenMP/SHUD/Basins/heihe_x4/forcing/X98.45Y38.85.csv
	 Reading 320/1693: 	/scratch/frd_muziyao/SHUD-OpenMP/SHUD/Basins/heihe_x4/forcing/X98.45Y38.95.csv
	 Reading 321/1693: 	/scratch/frd_muziyao/SHUD-OpenMP/SHUD/Basins/heihe_x4/forcing/X98.45Y39.05.csv
	 Reading 322/1693: 	/scratch/frd_muziyao/SHUD-OpenMP/SHUD/Basins/heihe_x4/forcing/X98.45Y39.15.csv
	 Reading 323/1693: 	/scratch/frd_muziyao/SHUD-OpenMP/SHUD/Basins/heihe_x4/forcing/X98.45Y39.25.csv
	 Reading 324/1693: 	/scratch/frd_muziyao/SHUD-OpenMP/SHUD/Basins/heihe_x4/forcing/X98.45Y39.35.csv
	 Reading 325/1693: 	/scratch/frd_muziyao/SHUD-OpenMP/SHUD/Basins/heihe_x4/forcing/X98.45Y39.45.csv
	 Reading 326/1693: 	/scratch/frd_muziyao/SHUD-OpenMP/SHUD/Basins/heihe_x4/forcing/X98.45Y39.55.csv
	 Reading 327/1693: 	/scratch/frd_muziyao/SHUD-OpenMP/SHUD/Basins/heihe_x4/forcing/X98.45Y39.65.csv
	 Reading 328/1693: 	/scratch/frd_muziyao/SHUD-OpenMP/SHUD/Basins/heihe_x4/forcing/X98.45Y39.75.csv
	 Reading 329/1693: 	/scratch/frd_muziyao/SHUD-OpenMP/SHUD/Basins/heihe_x4/forcing/X98.45Y39.85.csv
	 Reading 330/1693: 	/scratch/frd_muziyao/SHUD-OpenMP/SHUD/Basins/heihe_x4/forcing/X98.45Y39.95.csv
	 Reading 331/1693: 	/scratch/frd_muziyao/SHUD-OpenMP/SHUD/Basins/heihe_x4/forcing/X98.45Y40.05.csv
	 Reading 332/1693: 	/scratch/frd_muziyao/SHUD-OpenMP/SHUD/Basins/heihe_x4/forcing/X98.45Y40.15.csv
	 Reading 333/1693: 	/scratch/frd_muziyao/SHUD-OpenMP/SHUD/Basins/heihe_x4/forcing/X98.45Y40.25.csv
	 Reading 334/1693: 	/scratch/frd_muziyao/SHUD-OpenMP/SHUD/Basins/heihe_x4/forcing/X98.45Y40.35.csv
	 Reading 335/1693: 	/scratch/frd_muziyao/SHUD-OpenMP/SHUD/Basins/heihe_x4/forcing/X98.45Y40.45.csv
	 Reading 336/1693: 	/scratch/frd_muziyao/SHUD-OpenMP/SHUD/Basins/heihe_x4/forcing/X98.45Y40.55.csv
	 Reading 337/1693: 	/scratch/frd_muziyao/SHUD-OpenMP/SHUD/Basins/heihe_x4/forcing/X98.45Y40.65.csv
	 Reading 338/1693: 	/scratch/frd_muziyao/SHUD-OpenMP/SHUD/Basins/heihe_x4/forcing/X98.45Y40.75.csv
	 Reading 339/1693: 	/scratch/frd_muziyao/SHUD-OpenMP/SHUD/Basins/heihe_x4/forcing/X98.45Y40.85.csv
	 Reading 340/1693: 	/scratch/frd_muziyao/SHUD-OpenMP/SHUD/Basins/heihe_x4/forcing/X98.45Y40.95.csv
	 Reading 341/1693: 	/scratch/frd_muziyao/SHUD-OpenMP/SHUD/Basins/heihe_x4/forcing/X98.45Y41.05.csv
	 Reading 342/1693: 	/scratch/frd_muziyao/SHUD-OpenMP/SHUD/Basins/heihe_x4/forcing/X98.45Y41.15.csv
	 Reading 343/1693: 	/scratch/frd_muziyao/SHUD-OpenMP/SHUD/Basins/heihe_x4/forcing/X98.45Y41.25.csv
	 Reading 344/1693: 	/scratch/frd_muziyao/SHUD-OpenMP/SHUD/Basins/heihe_x4/forcing/X98.45Y41.35.csv
	 Reading 345/1693: 	/scratch/frd_muziyao/SHUD-OpenMP/SHUD/Basins/heihe_x4/forcing/X98.45Y41.45.csv
	 Reading 346/1693: 	/scratch/frd_muziyao/SHUD-OpenMP/SHUD/Basins/heihe_x4/forcing/X98.45Y41.55.csv
	 Reading 347/1693: 	/scratch/frd_muziyao/SHUD-OpenMP/SHUD/Basins/heihe_x4/forcing/X98.45Y41.65.csv
	 Reading 348/1693: 	/scratch/frd_muziyao/SHUD-OpenMP/SHUD/Basins/heihe_x4/forcing/X98.45Y41.75.csv
	 Reading 349/1693: 	/scratch/frd_muziyao/SHUD-OpenMP/SHUD/Basins/heihe_x4/forcing/X98.45Y41.85.csv
	 Reading 350/1693: 	/scratch/frd_muziyao/SHUD-OpenMP/SHUD/Basins/heihe_x4/forcing/X98.45Y41.95.csv
	 Reading 351/1693: 	/scratch/frd_muziyao/SHUD-OpenMP/SHUD/Basins/heihe_x4/forcing/X98.45Y42.05.csv
	 Reading 352/1693: 	/scratch/frd_muziyao/SHUD-OpenMP/SHUD/Basins/heihe_x4/forcing/X98.45Y42.15.csv
	 Reading 353/1693: 	/scratch/frd_muziyao/SHUD-OpenMP/SHUD/Basins/heihe_x4/forcing/X98.45Y42.25.csv
	 Reading 354/1693: 	/scratch/frd_muziyao/SHUD-OpenMP/SHUD/Basins/heihe_x4/forcing/X98.45Y42.35.csv
	 Reading 355/1693: 	/scratch/frd_muziyao/SHUD-OpenMP/SHUD/Basins/heihe_x4/forcing/X98.45Y42.45.csv
	 Reading 356/1693: 	/scratch/frd_muziyao/SHUD-OpenMP/SHUD/Basins/heihe_x4/forcing/X98.45Y42.55.csv
	 Reading 357/1693: 	/scratch/frd_muziyao/SHUD-OpenMP/SHUD/Basins/heihe_x4/forcing/X98.45Y42.65.csv
	 Reading 358/1693: 	/scratch/frd_muziyao/SHUD-OpenMP/SHUD/Basins/heihe_x4/forcing/X98.55Y38.55.csv
	 Reading 359/1693: 	/scratch/frd_muziyao/SHUD-OpenMP/SHUD/Basins/heihe_x4/forcing/X98.55Y38.65.csv
	 Reading 360/1693: 	/scratch/frd_muziyao/SHUD-OpenMP/SHUD/Basins/heihe_x4/forcing/X98.55Y38.75.csv
	 Reading 361/1693: 	/scratch/frd_muziyao/SHUD-OpenMP/SHUD/Basins/heihe_x4/forcing/X98.55Y38.85.csv
	 Reading 362/1693: 	/scratch/frd_muziyao/SHUD-OpenMP/SHUD/Basins/heihe_x4/forcing/X98.55Y38.95.csv
	 Reading 363/1693: 	/scratch/frd_muziyao/SHUD-OpenMP/SHUD/Basins/heihe_x4/forcing/X98.55Y39.05.csv
	 Reading 364/1693: 	/scratch/frd_muziyao/SHUD-OpenMP/SHUD/Basins/heihe_x4/forcing/X98.55Y39.15.csv
	 Reading 365/1693: 	/scratch/frd_muziyao/SHUD-OpenMP/SHUD/Basins/heihe_x4/forcing/X98.55Y39.25.csv
	 Reading 366/1693: 	/scratch/frd_muziyao/SHUD-OpenMP/SHUD/Basins/heihe_x4/forcing/X98.55Y39.35.csv
	 Reading 367/1693: 	/scratch/frd_muziyao/SHUD-OpenMP/SHUD/Basins/heihe_x4/forcing/X98.55Y39.45.csv
	 Reading 368/1693: 	/scratch/frd_muziyao/SHUD-OpenMP/SHUD/Basins/heihe_x4/forcing/X98.55Y39.55.csv
	 Reading 369/1693: 	/scratch/frd_muziyao/SHUD-OpenMP/SHUD/Basins/heihe_x4/forcing/X98.55Y39.65.csv
	 Reading 370/1693: 	/scratch/frd_muziyao/SHUD-OpenMP/SHUD/Basins/heihe_x4/forcing/X98.55Y39.75.csv
	 Reading 371/1693: 	/scratch/frd_muziyao/SHUD-OpenMP/SHUD/Basins/heihe_x4/forcing/X98.55Y39.85.csv
	 Reading 372/1693: 	/scratch/frd_muziyao/SHUD-OpenMP/SHUD/Basins/heihe_x4/forcing/X98.55Y39.95.csv
	 Reading 373/1693: 	/scratch/frd_muziyao/SHUD-OpenMP/SHUD/Basins/heihe_x4/forcing/X98.55Y40.05.csv
	 Reading 374/1693: 	/scratch/frd_muziyao/SHUD-OpenMP/SHUD/Basins/heihe_x4/forcing/X98.55Y40.15.csv
	 Reading 375/1693: 	/scratch/frd_muziyao/SHUD-OpenMP/SHUD/Basins/heihe_x4/forcing/X98.55Y40.25.csv
	 Reading 376/1693: 	/scratch/frd_muziyao/SHUD-OpenMP/SHUD/Basins/heihe_x4/forcing/X98.55Y40.35.csv
	 Reading 377/1693: 	/scratch/frd_muziyao/SHUD-OpenMP/SHUD/Basins/heihe_x4/forcing/X98.55Y40.45.csv
	 Reading 378/1693: 	/scratch/frd_muziyao/SHUD-OpenMP/SHUD/Basins/heihe_x4/forcing/X98.55Y40.55.csv
	 Reading 379/1693: 	/scratch/frd_muziyao/SHUD-OpenMP/SHUD/Basins/heihe_x4/forcing/X98.55Y40.65.csv
	 Reading 380/1693: 	/scratch/frd_muziyao/SHUD-OpenMP/SHUD/Basins/heihe_x4/forcing/X98.55Y40.75.csv
	 Reading 381/1693: 	/scratch/frd_muziyao/SHUD-OpenMP/SHUD/Basins/heihe_x4/forcing/X98.55Y40.85.csv
	 Reading 382/1693: 	/scratch/frd_muziyao/SHUD-OpenMP/SHUD/Basins/heihe_x4/forcing/X98.55Y40.95.csv
	 Reading 383/1693: 	/scratch/frd_muziyao/SHUD-OpenMP/SHUD/Basins/heihe_x4/forcing/X98.55Y41.05.csv
	 Reading 384/1693: 	/scratch/frd_muziyao/SHUD-OpenMP/SHUD/Basins/heihe_x4/forcing/X98.55Y41.15.csv
	 Reading 385/1693: 	/scratch/frd_muziyao/SHUD-OpenMP/SHUD/Basins/heihe_x4/forcing/X98.55Y41.25.csv
	 Reading 386/1693: 	/scratch/frd_muziyao/SHUD-OpenMP/SHUD/Basins/heihe_x4/forcing/X98.55Y41.35.csv
	 Reading 387/1693: 	/scratch/frd_muziyao/SHUD-OpenMP/SHUD/Basins/heihe_x4/forcing/X98.55Y41.45.csv
	 Reading 388/1693: 	/scratch/frd_muziyao/SHUD-OpenMP/SHUD/Basins/heihe_x4/forcing/X98.55Y41.55.csv
	 Reading 389/1693: 	/scratch/frd_muziyao/SHUD-OpenMP/SHUD/Basins/heihe_x4/forcing/X98.55Y41.65.csv
	 Reading 390/1693: 	/scratch/frd_muziyao/SHUD-OpenMP/SHUD/Basins/heihe_x4/forcing/X98.55Y41.75.csv
	 Reading 391/1693: 	/scratch/frd_muziyao/SHUD-OpenMP/SHUD/Basins/heihe_x4/forcing/X98.55Y41.85.csv
	 Reading 392/1693: 	/scratch/frd_muziyao/SHUD-OpenMP/SHUD/Basins/heihe_x4/forcing/X98.55Y41.95.csv
	 Reading 393/1693: 	/scratch/frd_muziyao/SHUD-OpenMP/SHUD/Basins/heihe_x4/forcing/X98.55Y42.05.csv
	 Reading 394/1693: 	/scratch/frd_muziyao/SHUD-OpenMP/SHUD/Basins/heihe_x4/forcing/X98.55Y42.15.csv
	 Reading 395/1693: 	/scratch/frd_muziyao/SHUD-OpenMP/SHUD/Basins/heihe_x4/forcing/X98.55Y42.25.csv
	 Reading 396/1693: 	/scratch/frd_muziyao/SHUD-OpenMP/SHUD/Basins/heihe_x4/forcing/X98.55Y42.35.csv
	 Reading 397/1693: 	/scratch/frd_muziyao/SHUD-OpenMP/SHUD/Basins/heihe_x4/forcing/X98.55Y42.45.csv
	 Reading 398/1693: 	/scratch/frd_muziyao/SHUD-OpenMP/SHUD/Basins/heihe_x4/forcing/X98.55Y42.55.csv
	 Reading 399/1693: 	/scratch/frd_muziyao/SHUD-OpenMP/SHUD/Basins/heihe_x4/forcing/X98.55Y42.65.csv
	 Reading 400/1693: 	/scratch/frd_muziyao/SHUD-OpenMP/SHUD/Basins/heihe_x4/forcing/X98.65Y38.55.csv
	 Reading 401/1693: 	/scratch/frd_muziyao/SHUD-OpenMP/SHUD/Basins/heihe_x4/forcing/X98.65Y38.65.csv
	 Reading 402/1693: 	/scratch/frd_muziyao/SHUD-OpenMP/SHUD/Basins/heihe_x4/forcing/X98.65Y38.75.csv
	 Reading 403/1693: 	/scratch/frd_muziyao/SHUD-OpenMP/SHUD/Basins/heihe_x4/forcing/X98.65Y38.85.csv
	 Reading 404/1693: 	/scratch/frd_muziyao/SHUD-OpenMP/SHUD/Basins/heihe_x4/forcing/X98.65Y38.95.csv
	 Reading 405/1693: 	/scratch/frd_muziyao/SHUD-OpenMP/SHUD/Basins/heihe_x4/forcing/X98.65Y39.05.csv
	 Reading 406/1693: 	/scratch/frd_muziyao/SHUD-OpenMP/SHUD/Basins/heihe_x4/forcing/X98.65Y39.15.csv
	 Reading 407/1693: 	/scratch/frd_muziyao/SHUD-OpenMP/SHUD/Basins/heihe_x4/forcing/X98.65Y39.25.csv
	 Reading 408/1693: 	/scratch/frd_muziyao/SHUD-OpenMP/SHUD/Basins/heihe_x4/forcing/X98.65Y39.35.csv
	 Reading 409/1693: 	/scratch/frd_muziyao/SHUD-OpenMP/SHUD/Basins/heihe_x4/forcing/X98.65Y39.45.csv
	 Reading 410/1693: 	/scratch/frd_muziyao/SHUD-OpenMP/SHUD/Basins/heihe_x4/forcing/X98.65Y39.55.csv
	 Reading 411/1693: 	/scratch/frd_muziyao/SHUD-OpenMP/SHUD/Basins/heihe_x4/forcing/X98.65Y39.65.csv
	 Reading 412/1693: 	/scratch/frd_muziyao/SHUD-OpenMP/SHUD/Basins/heihe_x4/forcing/X98.65Y39.75.csv
	 Reading 413/1693: 	/scratch/frd_muziyao/SHUD-OpenMP/SHUD/Basins/heihe_x4/forcing/X98.65Y39.85.csv
	 Reading 414/1693: 	/scratch/frd_muziyao/SHUD-OpenMP/SHUD/Basins/heihe_x4/forcing/X98.65Y39.95.csv
	 Reading 415/1693: 	/scratch/frd_muziyao/SHUD-OpenMP/SHUD/Basins/heihe_x4/forcing/X98.65Y40.05.csv
	 Reading 416/1693: 	/scratch/frd_muziyao/SHUD-OpenMP/SHUD/Basins/heihe_x4/forcing/X98.65Y40.15.csv
	 Reading 417/1693: 	/scratch/frd_muziyao/SHUD-OpenMP/SHUD/Basins/heihe_x4/forcing/X98.65Y40.25.csv
	 Reading 418/1693: 	/scratch/frd_muziyao/SHUD-OpenMP/SHUD/Basins/heihe_x4/forcing/X98.65Y40.35.csv
	 Reading 419/1693: 	/scratch/frd_muziyao/SHUD-OpenMP/SHUD/Basins/heihe_x4/forcing/X98.65Y40.45.csv
	 Reading 420/1693: 	/scratch/frd_muziyao/SHUD-OpenMP/SHUD/Basins/heihe_x4/forcing/X98.65Y40.55.csv
	 Reading 421/1693: 	/scratch/frd_muziyao/SHUD-OpenMP/SHUD/Basins/heihe_x4/forcing/X98.65Y40.65.csv
	 Reading 422/1693: 	/scratch/frd_muziyao/SHUD-OpenMP/SHUD/Basins/heihe_x4/forcing/X98.65Y40.75.csv
	 Reading 423/1693: 	/scratch/frd_muziyao/SHUD-OpenMP/SHUD/Basins/heihe_x4/forcing/X98.65Y40.85.csv
	 Reading 424/1693: 	/scratch/frd_muziyao/SHUD-OpenMP/SHUD/Basins/heihe_x4/forcing/X98.65Y40.95.csv
	 Reading 425/1693: 	/scratch/frd_muziyao/SHUD-OpenMP/SHUD/Basins/heihe_x4/forcing/X98.65Y41.05.csv
	 Reading 426/1693: 	/scratch/frd_muziyao/SHUD-OpenMP/SHUD/Basins/heihe_x4/forcing/X98.65Y41.15.csv
	 Reading 427/1693: 	/scratch/frd_muziyao/SHUD-OpenMP/SHUD/Basins/heihe_x4/forcing/X98.65Y41.25.csv
	 Reading 428/1693: 	/scratch/frd_muziyao/SHUD-OpenMP/SHUD/Basins/heihe_x4/forcing/X98.65Y41.35.csv
	 Reading 429/1693: 	/scratch/frd_muziyao/SHUD-OpenMP/SHUD/Basins/heihe_x4/forcing/X98.65Y41.45.csv
	 Reading 430/1693: 	/scratch/frd_muziyao/SHUD-OpenMP/SHUD/Basins/heihe_x4/forcing/X98.65Y41.55.csv
	 Reading 431/1693: 	/scratch/frd_muziyao/SHUD-OpenMP/SHUD/Basins/heihe_x4/forcing/X98.65Y41.65.csv
	 Reading 432/1693: 	/scratch/frd_muziyao/SHUD-OpenMP/SHUD/Basins/heihe_x4/forcing/X98.65Y41.75.csv
	 Reading 433/1693: 	/scratch/frd_muziyao/SHUD-OpenMP/SHUD/Basins/heihe_x4/forcing/X98.65Y41.85.csv
	 Reading 434/1693: 	/scratch/frd_muziyao/SHUD-OpenMP/SHUD/Basins/heihe_x4/forcing/X98.65Y41.95.csv
	 Reading 435/1693: 	/scratch/frd_muziyao/SHUD-OpenMP/SHUD/Basins/heihe_x4/forcing/X98.65Y42.05.csv
	 Reading 436/1693: 	/scratch/frd_muziyao/SHUD-OpenMP/SHUD/Basins/heihe_x4/forcing/X98.65Y42.15.csv
	 Reading 437/1693: 	/scratch/frd_muziyao/SHUD-OpenMP/SHUD/Basins/heihe_x4/forcing/X98.65Y42.25.csv
	 Reading 438/1693: 	/scratch/frd_muziyao/SHUD-OpenMP/SHUD/Basins/heihe_x4/forcing/X98.65Y42.35.csv
	 Reading 439/1693: 	/scratch/frd_muziyao/SHUD-OpenMP/SHUD/Basins/heihe_x4/forcing/X98.65Y42.45.csv
	 Reading 440/1693: 	/scratch/frd_muziyao/SHUD-OpenMP/SHUD/Basins/heihe_x4/forcing/X98.65Y42.55.csv
	 Reading 441/1693: 	/scratch/frd_muziyao/SHUD-OpenMP/SHUD/Basins/heihe_x4/forcing/X98.65Y42.65.csv
	 Reading 442/1693: 	/scratch/frd_muziyao/SHUD-OpenMP/SHUD/Basins/heihe_x4/forcing/X98.75Y38.45.csv
	 Reading 443/1693: 	/scratch/frd_muziyao/SHUD-OpenMP/SHUD/Basins/heihe_x4/forcing/X98.75Y38.55.csv
	 Reading 444/1693: 	/scratch/frd_muziyao/SHUD-OpenMP/SHUD/Basins/heihe_x4/forcing/X98.75Y38.65.csv
	 Reading 445/1693: 	/scratch/frd_muziyao/SHUD-OpenMP/SHUD/Basins/heihe_x4/forcing/X98.75Y38.75.csv
	 Reading 446/1693: 	/scratch/frd_muziyao/SHUD-OpenMP/SHUD/Basins/heihe_x4/forcing/X98.75Y38.85.csv
	 Reading 447/1693: 	/scratch/frd_muziyao/SHUD-OpenMP/SHUD/Basins/heihe_x4/forcing/X98.75Y38.95.csv
	 Reading 448/1693: 	/scratch/frd_muziyao/SHUD-OpenMP/SHUD/Basins/heihe_x4/forcing/X98.75Y39.05.csv
	 Reading 449/1693: 	/scratch/frd_muziyao/SHUD-OpenMP/SHUD/Basins/heihe_x4/forcing/X98.75Y39.15.csv
	 Reading 450/1693: 	/scratch/frd_muziyao/SHUD-OpenMP/SHUD/Basins/heihe_x4/forcing/X98.75Y39.25.csv
	 Reading 451/1693: 	/scratch/frd_muziyao/SHUD-OpenMP/SHUD/Basins/heihe_x4/forcing/X98.75Y39.35.csv
	 Reading 452/1693: 	/scratch/frd_muziyao/SHUD-OpenMP/SHUD/Basins/heihe_x4/forcing/X98.75Y39.45.csv
	 Reading 453/1693: 	/scratch/frd_muziyao/SHUD-OpenMP/SHUD/Basins/heihe_x4/forcing/X98.75Y39.55.csv
	 Reading 454/1693: 	/scratch/frd_muziyao/SHUD-OpenMP/SHUD/Basins/heihe_x4/forcing/X98.75Y39.65.csv
	 Reading 455/1693: 	/scratch/frd_muziyao/SHUD-OpenMP/SHUD/Basins/heihe_x4/forcing/X98.75Y39.75.csv
	 Reading 456/1693: 	/scratch/frd_muziyao/SHUD-OpenMP/SHUD/Basins/heihe_x4/forcing/X98.75Y39.85.csv
	 Reading 457/1693: 	/scratch/frd_muziyao/SHUD-OpenMP/SHUD/Basins/heihe_x4/forcing/X98.75Y39.95.csv
	 Reading 458/1693: 	/scratch/frd_muziyao/SHUD-OpenMP/SHUD/Basins/heihe_x4/forcing/X98.75Y40.05.csv
	 Reading 459/1693: 	/scratch/frd_muziyao/SHUD-OpenMP/SHUD/Basins/heihe_x4/forcing/X98.75Y40.15.csv
	 Reading 460/1693: 	/scratch/frd_muziyao/SHUD-OpenMP/SHUD/Basins/heihe_x4/forcing/X98.75Y40.25.csv
	 Reading 461/1693: 	/scratch/frd_muziyao/SHUD-OpenMP/SHUD/Basins/heihe_x4/forcing/X98.75Y40.35.csv
	 Reading 462/1693: 	/scratch/frd_muziyao/SHUD-OpenMP/SHUD/Basins/heihe_x4/forcing/X98.75Y40.45.csv
	 Reading 463/1693: 	/scratch/frd_muziyao/SHUD-OpenMP/SHUD/Basins/heihe_x4/forcing/X98.75Y40.55.csv
	 Reading 464/1693: 	/scratch/frd_muziyao/SHUD-OpenMP/SHUD/Basins/heihe_x4/forcing/X98.75Y40.65.csv
	 Reading 465/1693: 	/scratch/frd_muziyao/SHUD-OpenMP/SHUD/Basins/heihe_x4/forcing/X98.75Y40.75.csv
	 Reading 466/1693: 	/scratch/frd_muziyao/SHUD-OpenMP/SHUD/Basins/heihe_x4/forcing/X98.75Y40.85.csv
	 Reading 467/1693: 	/scratch/frd_muziyao/SHUD-OpenMP/SHUD/Basins/heihe_x4/forcing/X98.75Y40.95.csv
	 Reading 468/1693: 	/scratch/frd_muziyao/SHUD-OpenMP/SHUD/Basins/heihe_x4/forcing/X98.75Y41.05.csv
	 Reading 469/1693: 	/scratch/frd_muziyao/SHUD-OpenMP/SHUD/Basins/heihe_x4/forcing/X98.75Y41.15.csv
	 Reading 470/1693: 	/scratch/frd_muziyao/SHUD-OpenMP/SHUD/Basins/heihe_x4/forcing/X98.75Y41.25.csv
	 Reading 471/1693: 	/scratch/frd_muziyao/SHUD-OpenMP/SHUD/Basins/heihe_x4/forcing/X98.75Y41.35.csv
	 Reading 472/1693: 	/scratch/frd_muziyao/SHUD-OpenMP/SHUD/Basins/heihe_x4/forcing/X98.75Y41.45.csv
	 Reading 473/1693: 	/scratch/frd_muziyao/SHUD-OpenMP/SHUD/Basins/heihe_x4/forcing/X98.75Y41.55.csv
	 Reading 474/1693: 	/scratch/frd_muziyao/SHUD-OpenMP/SHUD/Basins/heihe_x4/forcing/X98.75Y41.65.csv
	 Reading 475/1693: 	/scratch/frd_muziyao/SHUD-OpenMP/SHUD/Basins/heihe_x4/forcing/X98.75Y41.75.csv
	 Reading 476/1693: 	/scratch/frd_muziyao/SHUD-OpenMP/SHUD/Basins/heihe_x4/forcing/X98.75Y41.85.csv
	 Reading 477/1693: 	/scratch/frd_muziyao/SHUD-OpenMP/SHUD/Basins/heihe_x4/forcing/X98.75Y41.95.csv
	 Reading 478/1693: 	/scratch/frd_muziyao/SHUD-OpenMP/SHUD/Basins/heihe_x4/forcing/X98.75Y42.05.csv
	 Reading 479/1693: 	/scratch/frd_muziyao/SHUD-OpenMP/SHUD/Basins/heihe_x4/forcing/X98.75Y42.15.csv
	 Reading 480/1693: 	/scratch/frd_muziyao/SHUD-OpenMP/SHUD/Basins/heihe_x4/forcing/X98.75Y42.25.csv
	 Reading 481/1693: 	/scratch/frd_muziyao/SHUD-OpenMP/SHUD/Basins/heihe_x4/forcing/X98.75Y42.35.csv
	 Reading 482/1693: 	/scratch/frd_muziyao/SHUD-OpenMP/SHUD/Basins/heihe_x4/forcing/X98.75Y42.45.csv
	 Reading 483/1693: 	/scratch/frd_muziyao/SHUD-OpenMP/SHUD/Basins/heihe_x4/forcing/X98.75Y42.55.csv
	 Reading 484/1693: 	/scratch/frd_muziyao/SHUD-OpenMP/SHUD/Basins/heihe_x4/forcing/X98.75Y42.65.csv
	 Reading 485/1693: 	/scratch/frd_muziyao/SHUD-OpenMP/SHUD/Basins/heihe_x4/forcing/X98.85Y38.25.csv
	 Reading 486/1693: 	/scratch/frd_muziyao/SHUD-OpenMP/SHUD/Basins/heihe_x4/forcing/X98.85Y38.35.csv
	 Reading 487/1693: 	/scratch/frd_muziyao/SHUD-OpenMP/SHUD/Basins/heihe_x4/forcing/X98.85Y38.45.csv
	 Reading 488/1693: 	/scratch/frd_muziyao/SHUD-OpenMP/SHUD/Basins/heihe_x4/forcing/X98.85Y38.55.csv
	 Reading 489/1693: 	/scratch/frd_muziyao/SHUD-OpenMP/SHUD/Basins/heihe_x4/forcing/X98.85Y38.65.csv
	 Reading 490/1693: 	/scratch/frd_muziyao/SHUD-OpenMP/SHUD/Basins/heihe_x4/forcing/X98.85Y38.75.csv
	 Reading 491/1693: 	/scratch/frd_muziyao/SHUD-OpenMP/SHUD/Basins/heihe_x4/forcing/X98.85Y38.85.csv
	 Reading 492/1693: 	/scratch/frd_muziyao/SHUD-OpenMP/SHUD/Basins/heihe_x4/forcing/X98.85Y38.95.csv
	 Reading 493/1693: 	/scratch/frd_muziyao/SHUD-OpenMP/SHUD/Basins/heihe_x4/forcing/X98.85Y39.05.csv
	 Reading 494/1693: 	/scratch/frd_muziyao/SHUD-OpenMP/SHUD/Basins/heihe_x4/forcing/X98.85Y39.15.csv
	 Reading 495/1693: 	/scratch/frd_muziyao/SHUD-OpenMP/SHUD/Basins/heihe_x4/forcing/X98.85Y39.25.csv
	 Reading 496/1693: 	/scratch/frd_muziyao/SHUD-OpenMP/SHUD/Basins/heihe_x4/forcing/X98.85Y39.35.csv
	 Reading 497/1693: 	/scratch/frd_muziyao/SHUD-OpenMP/SHUD/Basins/heihe_x4/forcing/X98.85Y39.45.csv
	 Reading 498/1693: 	/scratch/frd_muziyao/SHUD-OpenMP/SHUD/Basins/heihe_x4/forcing/X98.85Y39.55.csv
	 Reading 499/1693: 	/scratch/frd_muziyao/SHUD-OpenMP/SHUD/Basins/heihe_x4/forcing/X98.85Y39.65.csv
	 Reading 500/1693: 	/scratch/frd_muziyao/SHUD-OpenMP/SHUD/Basins/heihe_x4/forcing/X98.85Y39.75.csv
	 Reading 501/1693: 	/scratch/frd_muziyao/SHUD-OpenMP/SHUD/Basins/heihe_x4/forcing/X98.85Y39.85.csv
	 Reading 502/1693: 	/scratch/frd_muziyao/SHUD-OpenMP/SHUD/Basins/heihe_x4/forcing/X98.85Y39.95.csv
	 Reading 503/1693: 	/scratch/frd_muziyao/SHUD-OpenMP/SHUD/Basins/heihe_x4/forcing/X98.85Y40.05.csv
	 Reading 504/1693: 	/scratch/frd_muziyao/SHUD-OpenMP/SHUD/Basins/heihe_x4/forcing/X98.85Y40.15.csv
	 Reading 505/1693: 	/scratch/frd_muziyao/SHUD-OpenMP/SHUD/Basins/heihe_x4/forcing/X98.85Y40.25.csv
	 Reading 506/1693: 	/scratch/frd_muziyao/SHUD-OpenMP/SHUD/Basins/heihe_x4/forcing/X98.85Y40.35.csv
	 Reading 507/1693: 	/scratch/frd_muziyao/SHUD-OpenMP/SHUD/Basins/heihe_x4/forcing/X98.85Y40.45.csv
	 Reading 508/1693: 	/scratch/frd_muziyao/SHUD-OpenMP/SHUD/Basins/heihe_x4/forcing/X98.85Y40.55.csv
	 Reading 509/1693: 	/scratch/frd_muziyao/SHUD-OpenMP/SHUD/Basins/heihe_x4/forcing/X98.85Y40.65.csv
	 Reading 510/1693: 	/scratch/frd_muziyao/SHUD-OpenMP/SHUD/Basins/heihe_x4/forcing/X98.85Y40.75.csv
	 Reading 511/1693: 	/scratch/frd_muziyao/SHUD-OpenMP/SHUD/Basins/heihe_x4/forcing/X98.85Y40.85.csv
	 Reading 512/1693: 	/scratch/frd_muziyao/SHUD-OpenMP/SHUD/Basins/heihe_x4/forcing/X98.85Y40.95.csv
	 Reading 513/1693: 	/scratch/frd_muziyao/SHUD-OpenMP/SHUD/Basins/heihe_x4/forcing/X98.85Y41.05.csv
	 Reading 514/1693: 	/scratch/frd_muziyao/SHUD-OpenMP/SHUD/Basins/heihe_x4/forcing/X98.85Y41.15.csv
	 Reading 515/1693: 	/scratch/frd_muziyao/SHUD-OpenMP/SHUD/Basins/heihe_x4/forcing/X98.85Y41.25.csv
	 Reading 516/1693: 	/scratch/frd_muziyao/SHUD-OpenMP/SHUD/Basins/heihe_x4/forcing/X98.85Y41.35.csv
	 Reading 517/1693: 	/scratch/frd_muziyao/SHUD-OpenMP/SHUD/Basins/heihe_x4/forcing/X98.85Y41.45.csv
	 Reading 518/1693: 	/scratch/frd_muziyao/SHUD-OpenMP/SHUD/Basins/heihe_x4/forcing/X98.85Y41.55.csv
	 Reading 519/1693: 	/scratch/frd_muziyao/SHUD-OpenMP/SHUD/Basins/heihe_x4/forcing/X98.85Y41.65.csv
	 Reading 520/1693: 	/scratch/frd_muziyao/SHUD-OpenMP/SHUD/Basins/heihe_x4/forcing/X98.85Y41.75.csv
	 Reading 521/1693: 	/scratch/frd_muziyao/SHUD-OpenMP/SHUD/Basins/heihe_x4/forcing/X98.85Y41.85.csv
	 Reading 522/1693: 	/scratch/frd_muziyao/SHUD-OpenMP/SHUD/Basins/heihe_x4/forcing/X98.85Y41.95.csv
	 Reading 523/1693: 	/scratch/frd_muziyao/SHUD-OpenMP/SHUD/Basins/heihe_x4/forcing/X98.85Y42.05.csv
	 Reading 524/1693: 	/scratch/frd_muziyao/SHUD-OpenMP/SHUD/Basins/heihe_x4/forcing/X98.85Y42.15.csv
	 Reading 525/1693: 	/scratch/frd_muziyao/SHUD-OpenMP/SHUD/Basins/heihe_x4/forcing/X98.85Y42.25.csv
	 Reading 526/1693: 	/scratch/frd_muziyao/SHUD-OpenMP/SHUD/Basins/heihe_x4/forcing/X98.85Y42.35.csv
	 Reading 527/1693: 	/scratch/frd_muziyao/SHUD-OpenMP/SHUD/Basins/heihe_x4/forcing/X98.85Y42.45.csv
	 Reading 528/1693: 	/scratch/frd_muziyao/SHUD-OpenMP/SHUD/Basins/heihe_x4/forcing/X98.85Y42.55.csv
	 Reading 529/1693: 	/scratch/frd_muziyao/SHUD-OpenMP/SHUD/Basins/heihe_x4/forcing/X98.85Y42.65.csv
	 Reading 530/1693: 	/scratch/frd_muziyao/SHUD-OpenMP/SHUD/Basins/heihe_x4/forcing/X98.95Y38.25.csv
	 Reading 531/1693: 	/scratch/frd_muziyao/SHUD-OpenMP/SHUD/Basins/heihe_x4/forcing/X98.95Y38.35.csv
	 Reading 532/1693: 	/scratch/frd_muziyao/SHUD-OpenMP/SHUD/Basins/heihe_x4/forcing/X98.95Y38.45.csv
	 Reading 533/1693: 	/scratch/frd_muziyao/SHUD-OpenMP/SHUD/Basins/heihe_x4/forcing/X98.95Y38.55.csv
	 Reading 534/1693: 	/scratch/frd_muziyao/SHUD-OpenMP/SHUD/Basins/heihe_x4/forcing/X98.95Y38.65.csv
	 Reading 535/1693: 	/scratch/frd_muziyao/SHUD-OpenMP/SHUD/Basins/heihe_x4/forcing/X98.95Y38.75.csv
	 Reading 536/1693: 	/scratch/frd_muziyao/SHUD-OpenMP/SHUD/Basins/heihe_x4/forcing/X98.95Y38.85.csv
	 Reading 537/1693: 	/scratch/frd_muziyao/SHUD-OpenMP/SHUD/Basins/heihe_x4/forcing/X98.95Y38.95.csv
	 Reading 538/1693: 	/scratch/frd_muziyao/SHUD-OpenMP/SHUD/Basins/heihe_x4/forcing/X98.95Y39.05.csv
	 Reading 539/1693: 	/scratch/frd_muziyao/SHUD-OpenMP/SHUD/Basins/heihe_x4/forcing/X98.95Y39.15.csv
	 Reading 540/1693: 	/scratch/frd_muziyao/SHUD-OpenMP/SHUD/Basins/heihe_x4/forcing/X98.95Y39.25.csv
	 Reading 541/1693: 	/scratch/frd_muziyao/SHUD-OpenMP/SHUD/Basins/heihe_x4/forcing/X98.95Y39.35.csv
	 Reading 542/1693: 	/scratch/frd_muziyao/SHUD-OpenMP/SHUD/Basins/heihe_x4/forcing/X98.95Y39.45.csv
	 Reading 543/1693: 	/scratch/frd_muziyao/SHUD-OpenMP/SHUD/Basins/heihe_x4/forcing/X98.95Y39.55.csv
	 Reading 544/1693: 	/scratch/frd_muziyao/SHUD-OpenMP/SHUD/Basins/heihe_x4/forcing/X98.95Y39.65.csv
	 Reading 545/1693: 	/scratch/frd_muziyao/SHUD-OpenMP/SHUD/Basins/heihe_x4/forcing/X98.95Y39.75.csv
	 Reading 546/1693: 	/scratch/frd_muziyao/SHUD-OpenMP/SHUD/Basins/heihe_x4/forcing/X98.95Y39.85.csv
	 Reading 547/1693: 	/scratch/frd_muziyao/SHUD-OpenMP/SHUD/Basins/heihe_x4/forcing/X98.95Y39.95.csv
	 Reading 548/1693: 	/scratch/frd_muziyao/SHUD-OpenMP/SHUD/Basins/heihe_x4/forcing/X98.95Y40.05.csv
	 Reading 549/1693: 	/scratch/frd_muziyao/SHUD-OpenMP/SHUD/Basins/heihe_x4/forcing/X98.95Y40.15.csv
	 Reading 550/1693: 	/scratch/frd_muziyao/SHUD-OpenMP/SHUD/Basins/heihe_x4/forcing/X98.95Y40.25.csv
	 Reading 551/1693: 	/scratch/frd_muziyao/SHUD-OpenMP/SHUD/Basins/heihe_x4/forcing/X98.95Y40.35.csv
	 Reading 552/1693: 	/scratch/frd_muziyao/SHUD-OpenMP/SHUD/Basins/heihe_x4/forcing/X98.95Y40.45.csv
	 Reading 553/1693: 	/scratch/frd_muziyao/SHUD-OpenMP/SHUD/Basins/heihe_x4/forcing/X98.95Y40.55.csv
	 Reading 554/1693: 	/scratch/frd_muziyao/SHUD-OpenMP/SHUD/Basins/heihe_x4/forcing/X98.95Y40.65.csv
	 Reading 555/1693: 	/scratch/frd_muziyao/SHUD-OpenMP/SHUD/Basins/heihe_x4/forcing/X98.95Y40.75.csv
	 Reading 556/1693: 	/scratch/frd_muziyao/SHUD-OpenMP/SHUD/Basins/heihe_x4/forcing/X98.95Y40.85.csv
	 Reading 557/1693: 	/scratch/frd_muziyao/SHUD-OpenMP/SHUD/Basins/heihe_x4/forcing/X98.95Y40.95.csv
	 Reading 558/1693: 	/scratch/frd_muziyao/SHUD-OpenMP/SHUD/Basins/heihe_x4/forcing/X98.95Y41.05.csv
	 Reading 559/1693: 	/scratch/frd_muziyao/SHUD-OpenMP/SHUD/Basins/heihe_x4/forcing/X98.95Y41.15.csv
	 Reading 560/1693: 	/scratch/frd_muziyao/SHUD-OpenMP/SHUD/Basins/heihe_x4/forcing/X98.95Y41.25.csv
	 Reading 561/1693: 	/scratch/frd_muziyao/SHUD-OpenMP/SHUD/Basins/heihe_x4/forcing/X98.95Y41.35.csv
	 Reading 562/1693: 	/scratch/frd_muziyao/SHUD-OpenMP/SHUD/Basins/heihe_x4/forcing/X98.95Y41.45.csv
	 Reading 563/1693: 	/scratch/frd_muziyao/SHUD-OpenMP/SHUD/Basins/heihe_x4/forcing/X98.95Y41.55.csv
	 Reading 564/1693: 	/scratch/frd_muziyao/SHUD-OpenMP/SHUD/Basins/heihe_x4/forcing/X98.95Y41.65.csv
	 Reading 565/1693: 	/scratch/frd_muziyao/SHUD-OpenMP/SHUD/Basins/heihe_x4/forcing/X98.95Y41.75.csv
	 Reading 566/1693: 	/scratch/frd_muziyao/SHUD-OpenMP/SHUD/Basins/heihe_x4/forcing/X98.95Y41.85.csv
	 Reading 567/1693: 	/scratch/frd_muziyao/SHUD-OpenMP/SHUD/Basins/heihe_x4/forcing/X98.95Y41.95.csv
	 Reading 568/1693: 	/scratch/frd_muziyao/SHUD-OpenMP/SHUD/Basins/heihe_x4/forcing/X98.95Y42.05.csv
	 Reading 569/1693: 	/scratch/frd_muziyao/SHUD-OpenMP/SHUD/Basins/heihe_x4/forcing/X98.95Y42.15.csv
	 Reading 570/1693: 	/scratch/frd_muziyao/SHUD-OpenMP/SHUD/Basins/heihe_x4/forcing/X98.95Y42.25.csv
	 Reading 571/1693: 	/scratch/frd_muziyao/SHUD-OpenMP/SHUD/Basins/heihe_x4/forcing/X98.95Y42.35.csv
	 Reading 572/1693: 	/scratch/frd_muziyao/SHUD-OpenMP/SHUD/Basins/heihe_x4/forcing/X98.95Y42.45.csv
	 Reading 573/1693: 	/scratch/frd_muziyao/SHUD-OpenMP/SHUD/Basins/heihe_x4/forcing/X98.95Y42.55.csv
	 Reading 574/1693: 	/scratch/frd_muziyao/SHUD-OpenMP/SHUD/Basins/heihe_x4/forcing/X98.95Y42.65.csv
	 Reading 575/1693: 	/scratch/frd_muziyao/SHUD-OpenMP/SHUD/Basins/heihe_x4/forcing/X99.05Y38.25.csv
	 Reading 576/1693: 	/scratch/frd_muziyao/SHUD-OpenMP/SHUD/Basins/heihe_x4/forcing/X99.05Y38.35.csv
	 Reading 577/1693: 	/scratch/frd_muziyao/SHUD-OpenMP/SHUD/Basins/heihe_x4/forcing/X99.05Y38.45.csv
	 Reading 578/1693: 	/scratch/frd_muziyao/SHUD-OpenMP/SHUD/Basins/heihe_x4/forcing/X99.05Y38.55.csv
	 Reading 579/1693: 	/scratch/frd_muziyao/SHUD-OpenMP/SHUD/Basins/heihe_x4/forcing/X99.05Y38.65.csv
	 Reading 580/1693: 	/scratch/frd_muziyao/SHUD-OpenMP/SHUD/Basins/heihe_x4/forcing/X99.05Y38.75.csv
	 Reading 581/1693: 	/scratch/frd_muziyao/SHUD-OpenMP/SHUD/Basins/heihe_x4/forcing/X99.05Y38.85.csv
	 Reading 582/1693: 	/scratch/frd_muziyao/SHUD-OpenMP/SHUD/Basins/heihe_x4/forcing/X99.05Y38.95.csv
	 Reading 583/1693: 	/scratch/frd_muziyao/SHUD-OpenMP/SHUD/Basins/heihe_x4/forcing/X99.05Y39.05.csv
	 Reading 584/1693: 	/scratch/frd_muziyao/SHUD-OpenMP/SHUD/Basins/heihe_x4/forcing/X99.05Y39.15.csv
	 Reading 585/1693: 	/scratch/frd_muziyao/SHUD-OpenMP/SHUD/Basins/heihe_x4/forcing/X99.05Y39.25.csv
	 Reading 586/1693: 	/scratch/frd_muziyao/SHUD-OpenMP/SHUD/Basins/heihe_x4/forcing/X99.05Y39.35.csv
	 Reading 587/1693: 	/scratch/frd_muziyao/SHUD-OpenMP/SHUD/Basins/heihe_x4/forcing/X99.05Y39.45.csv
	 Reading 588/1693: 	/scratch/frd_muziyao/SHUD-OpenMP/SHUD/Basins/heihe_x4/forcing/X99.05Y39.55.csv
	 Reading 589/1693: 	/scratch/frd_muziyao/SHUD-OpenMP/SHUD/Basins/heihe_x4/forcing/X99.05Y39.65.csv
	 Reading 590/1693: 	/scratch/frd_muziyao/SHUD-OpenMP/SHUD/Basins/heihe_x4/forcing/X99.05Y39.75.csv
	 Reading 591/1693: 	/scratch/frd_muziyao/SHUD-OpenMP/SHUD/Basins/heihe_x4/forcing/X99.05Y39.85.csv
	 Reading 592/1693: 	/scratch/frd_muziyao/SHUD-OpenMP/SHUD/Basins/heihe_x4/forcing/X99.05Y39.95.csv
	 Reading 593/1693: 	/scratch/frd_muziyao/SHUD-OpenMP/SHUD/Basins/heihe_x4/forcing/X99.05Y40.05.csv
	 Reading 594/1693: 	/scratch/frd_muziyao/SHUD-OpenMP/SHUD/Basins/heihe_x4/forcing/X99.05Y40.15.csv
	 Reading 595/1693: 	/scratch/frd_muziyao/SHUD-OpenMP/SHUD/Basins/heihe_x4/forcing/X99.05Y40.25.csv
	 Reading 596/1693: 	/scratch/frd_muziyao/SHUD-OpenMP/SHUD/Basins/heihe_x4/forcing/X99.05Y40.35.csv
	 Reading 597/1693: 	/scratch/frd_muziyao/SHUD-OpenMP/SHUD/Basins/heihe_x4/forcing/X99.05Y40.45.csv
	 Reading 598/1693: 	/scratch/frd_muziyao/SHUD-OpenMP/SHUD/Basins/heihe_x4/forcing/X99.05Y40.55.csv
	 Reading 599/1693: 	/scratch/frd_muziyao/SHUD-OpenMP/SHUD/Basins/heihe_x4/forcing/X99.05Y40.65.csv
	 Reading 600/1693: 	/scratch/frd_muziyao/SHUD-OpenMP/SHUD/Basins/heihe_x4/forcing/X99.05Y40.75.csv
	 Reading 601/1693: 	/scratch/frd_muziyao/SHUD-OpenMP/SHUD/Basins/heihe_x4/forcing/X99.05Y40.85.csv
	 Reading 602/1693: 	/scratch/frd_muziyao/SHUD-OpenMP/SHUD/Basins/heihe_x4/forcing/X99.05Y40.95.csv
	 Reading 603/1693: 	/scratch/frd_muziyao/SHUD-OpenMP/SHUD/Basins/heihe_x4/forcing/X99.05Y41.05.csv
	 Reading 604/1693: 	/scratch/frd_muziyao/SHUD-OpenMP/SHUD/Basins/heihe_x4/forcing/X99.05Y41.15.csv
	 Reading 605/1693: 	/scratch/frd_muziyao/SHUD-OpenMP/SHUD/Basins/heihe_x4/forcing/X99.05Y41.25.csv
	 Reading 606/1693: 	/scratch/frd_muziyao/SHUD-OpenMP/SHUD/Basins/heihe_x4/forcing/X99.05Y41.35.csv
	 Reading 607/1693: 	/scratch/frd_muziyao/SHUD-OpenMP/SHUD/Basins/heihe_x4/forcing/X99.05Y41.45.csv
	 Reading 608/1693: 	/scratch/frd_muziyao/SHUD-OpenMP/SHUD/Basins/heihe_x4/forcing/X99.05Y41.55.csv
	 Reading 609/1693: 	/scratch/frd_muziyao/SHUD-OpenMP/SHUD/Basins/heihe_x4/forcing/X99.05Y41.65.csv
	 Reading 610/1693: 	/scratch/frd_muziyao/SHUD-OpenMP/SHUD/Basins/heihe_x4/forcing/X99.05Y41.75.csv
	 Reading 611/1693: 	/scratch/frd_muziyao/SHUD-OpenMP/SHUD/Basins/heihe_x4/forcing/X99.05Y41.85.csv
	 Reading 612/1693: 	/scratch/frd_muziyao/SHUD-OpenMP/SHUD/Basins/heihe_x4/forcing/X99.05Y41.95.csv
	 Reading 613/1693: 	/scratch/frd_muziyao/SHUD-OpenMP/SHUD/Basins/heihe_x4/forcing/X99.05Y42.05.csv
	 Reading 614/1693: 	/scratch/frd_muziyao/SHUD-OpenMP/SHUD/Basins/heihe_x4/forcing/X99.05Y42.15.csv
	 Reading 615/1693: 	/scratch/frd_muziyao/SHUD-OpenMP/SHUD/Basins/heihe_x4/forcing/X99.05Y42.25.csv
	 Reading 616/1693: 	/scratch/frd_muziyao/SHUD-OpenMP/SHUD/Basins/heihe_x4/forcing/X99.05Y42.35.csv
	 Reading 617/1693: 	/scratch/frd_muziyao/SHUD-OpenMP/SHUD/Basins/heihe_x4/forcing/X99.05Y42.45.csv
	 Reading 618/1693: 	/scratch/frd_muziyao/SHUD-OpenMP/SHUD/Basins/heihe_x4/forcing/X99.05Y42.55.csv
	 Reading 619/1693: 	/scratch/frd_muziyao/SHUD-OpenMP/SHUD/Basins/heihe_x4/forcing/X99.05Y42.65.csv
	 Reading 620/1693: 	/scratch/frd_muziyao/SHUD-OpenMP/SHUD/Basins/heihe_x4/forcing/X99.15Y38.25.csv
	 Reading 621/1693: 	/scratch/frd_muziyao/SHUD-OpenMP/SHUD/Basins/heihe_x4/forcing/X99.15Y38.35.csv
	 Reading 622/1693: 	/scratch/frd_muziyao/SHUD-OpenMP/SHUD/Basins/heihe_x4/forcing/X99.15Y38.45.csv
	 Reading 623/1693: 	/scratch/frd_muziyao/SHUD-OpenMP/SHUD/Basins/heihe_x4/forcing/X99.15Y38.55.csv
	 Reading 624/1693: 	/scratch/frd_muziyao/SHUD-OpenMP/SHUD/Basins/heihe_x4/forcing/X99.15Y38.65.csv
	 Reading 625/1693: 	/scratch/frd_muziyao/SHUD-OpenMP/SHUD/Basins/heihe_x4/forcing/X99.15Y38.75.csv
	 Reading 626/1693: 	/scratch/frd_muziyao/SHUD-OpenMP/SHUD/Basins/heihe_x4/forcing/X99.15Y38.85.csv
	 Reading 627/1693: 	/scratch/frd_muziyao/SHUD-OpenMP/SHUD/Basins/heihe_x4/forcing/X99.15Y38.95.csv
	 Reading 628/1693: 	/scratch/frd_muziyao/SHUD-OpenMP/SHUD/Basins/heihe_x4/forcing/X99.15Y39.05.csv
	 Reading 629/1693: 	/scratch/frd_muziyao/SHUD-OpenMP/SHUD/Basins/heihe_x4/forcing/X99.15Y39.15.csv
	 Reading 630/1693: 	/scratch/frd_muziyao/SHUD-OpenMP/SHUD/Basins/heihe_x4/forcing/X99.15Y39.25.csv
	 Reading 631/1693: 	/scratch/frd_muziyao/SHUD-OpenMP/SHUD/Basins/heihe_x4/forcing/X99.15Y39.35.csv
	 Reading 632/1693: 	/scratch/frd_muziyao/SHUD-OpenMP/SHUD/Basins/heihe_x4/forcing/X99.15Y39.45.csv
	 Reading 633/1693: 	/scratch/frd_muziyao/SHUD-OpenMP/SHUD/Basins/heihe_x4/forcing/X99.15Y39.55.csv
	 Reading 634/1693: 	/scratch/frd_muziyao/SHUD-OpenMP/SHUD/Basins/heihe_x4/forcing/X99.15Y39.65.csv
	 Reading 635/1693: 	/scratch/frd_muziyao/SHUD-OpenMP/SHUD/Basins/heihe_x4/forcing/X99.15Y39.75.csv
	 Reading 636/1693: 	/scratch/frd_muziyao/SHUD-OpenMP/SHUD/Basins/heihe_x4/forcing/X99.15Y39.85.csv
	 Reading 637/1693: 	/scratch/frd_muziyao/SHUD-OpenMP/SHUD/Basins/heihe_x4/forcing/X99.15Y39.95.csv
	 Reading 638/1693: 	/scratch/frd_muziyao/SHUD-OpenMP/SHUD/Basins/heihe_x4/forcing/X99.15Y40.05.csv
	 Reading 639/1693: 	/scratch/frd_muziyao/SHUD-OpenMP/SHUD/Basins/heihe_x4/forcing/X99.15Y40.15.csv
	 Reading 640/1693: 	/scratch/frd_muziyao/SHUD-OpenMP/SHUD/Basins/heihe_x4/forcing/X99.15Y40.25.csv
	 Reading 641/1693: 	/scratch/frd_muziyao/SHUD-OpenMP/SHUD/Basins/heihe_x4/forcing/X99.15Y40.35.csv
	 Reading 642/1693: 	/scratch/frd_muziyao/SHUD-OpenMP/SHUD/Basins/heihe_x4/forcing/X99.15Y40.45.csv
	 Reading 643/1693: 	/scratch/frd_muziyao/SHUD-OpenMP/SHUD/Basins/heihe_x4/forcing/X99.15Y40.55.csv
	 Reading 644/1693: 	/scratch/frd_muziyao/SHUD-OpenMP/SHUD/Basins/heihe_x4/forcing/X99.15Y40.65.csv
	 Reading 645/1693: 	/scratch/frd_muziyao/SHUD-OpenMP/SHUD/Basins/heihe_x4/forcing/X99.15Y40.75.csv
	 Reading 646/1693: 	/scratch/frd_muziyao/SHUD-OpenMP/SHUD/Basins/heihe_x4/forcing/X99.15Y40.85.csv
	 Reading 647/1693: 	/scratch/frd_muziyao/SHUD-OpenMP/SHUD/Basins/heihe_x4/forcing/X99.15Y40.95.csv
	 Reading 648/1693: 	/scratch/frd_muziyao/SHUD-OpenMP/SHUD/Basins/heihe_x4/forcing/X99.15Y41.05.csv
	 Reading 649/1693: 	/scratch/frd_muziyao/SHUD-OpenMP/SHUD/Basins/heihe_x4/forcing/X99.15Y41.15.csv
	 Reading 650/1693: 	/scratch/frd_muziyao/SHUD-OpenMP/SHUD/Basins/heihe_x4/forcing/X99.15Y41.25.csv
	 Reading 651/1693: 	/scratch/frd_muziyao/SHUD-OpenMP/SHUD/Basins/heihe_x4/forcing/X99.15Y41.35.csv
	 Reading 652/1693: 	/scratch/frd_muziyao/SHUD-OpenMP/SHUD/Basins/heihe_x4/forcing/X99.15Y41.45.csv
	 Reading 653/1693: 	/scratch/frd_muziyao/SHUD-OpenMP/SHUD/Basins/heihe_x4/forcing/X99.15Y41.55.csv
	 Reading 654/1693: 	/scratch/frd_muziyao/SHUD-OpenMP/SHUD/Basins/heihe_x4/forcing/X99.15Y41.65.csv
	 Reading 655/1693: 	/scratch/frd_muziyao/SHUD-OpenMP/SHUD/Basins/heihe_x4/forcing/X99.15Y41.75.csv
	 Reading 656/1693: 	/scratch/frd_muziyao/SHUD-OpenMP/SHUD/Basins/heihe_x4/forcing/X99.15Y41.85.csv
	 Reading 657/1693: 	/scratch/frd_muziyao/SHUD-OpenMP/SHUD/Basins/heihe_x4/forcing/X99.15Y41.95.csv
	 Reading 658/1693: 	/scratch/frd_muziyao/SHUD-OpenMP/SHUD/Basins/heihe_x4/forcing/X99.15Y42.05.csv
	 Reading 659/1693: 	/scratch/frd_muziyao/SHUD-OpenMP/SHUD/Basins/heihe_x4/forcing/X99.15Y42.15.csv
	 Reading 660/1693: 	/scratch/frd_muziyao/SHUD-OpenMP/SHUD/Basins/heihe_x4/forcing/X99.15Y42.25.csv
	 Reading 661/1693: 	/scratch/frd_muziyao/SHUD-OpenMP/SHUD/Basins/heihe_x4/forcing/X99.15Y42.35.csv
	 Reading 662/1693: 	/scratch/frd_muziyao/SHUD-OpenMP/SHUD/Basins/heihe_x4/forcing/X99.15Y42.45.csv
	 Reading 663/1693: 	/scratch/frd_muziyao/SHUD-OpenMP/SHUD/Basins/heihe_x4/forcing/X99.15Y42.55.csv
	 Reading 664/1693: 	/scratch/frd_muziyao/SHUD-OpenMP/SHUD/Basins/heihe_x4/forcing/X99.15Y42.65.csv
	 Reading 665/1693: 	/scratch/frd_muziyao/SHUD-OpenMP/SHUD/Basins/heihe_x4/forcing/X99.25Y38.25.csv
	 Reading 666/1693: 	/scratch/frd_muziyao/SHUD-OpenMP/SHUD/Basins/heihe_x4/forcing/X99.25Y38.35.csv
	 Reading 667/1693: 	/scratch/frd_muziyao/SHUD-OpenMP/SHUD/Basins/heihe_x4/forcing/X99.25Y38.45.csv
	 Reading 668/1693: 	/scratch/frd_muziyao/SHUD-OpenMP/SHUD/Basins/heihe_x4/forcing/X99.25Y38.55.csv
	 Reading 669/1693: 	/scratch/frd_muziyao/SHUD-OpenMP/SHUD/Basins/heihe_x4/forcing/X99.25Y38.65.csv
	 Reading 670/1693: 	/scratch/frd_muziyao/SHUD-OpenMP/SHUD/Basins/heihe_x4/forcing/X99.25Y38.75.csv
	 Reading 671/1693: 	/scratch/frd_muziyao/SHUD-OpenMP/SHUD/Basins/heihe_x4/forcing/X99.25Y38.85.csv
	 Reading 672/1693: 	/scratch/frd_muziyao/SHUD-OpenMP/SHUD/Basins/heihe_x4/forcing/X99.25Y38.95.csv
	 Reading 673/1693: 	/scratch/frd_muziyao/SHUD-OpenMP/SHUD/Basins/heihe_x4/forcing/X99.25Y39.05.csv
	 Reading 674/1693: 	/scratch/frd_muziyao/SHUD-OpenMP/SHUD/Basins/heihe_x4/forcing/X99.25Y39.15.csv
	 Reading 675/1693: 	/scratch/frd_muziyao/SHUD-OpenMP/SHUD/Basins/heihe_x4/forcing/X99.25Y39.25.csv
	 Reading 676/1693: 	/scratch/frd_muziyao/SHUD-OpenMP/SHUD/Basins/heihe_x4/forcing/X99.25Y39.35.csv
	 Reading 677/1693: 	/scratch/frd_muziyao/SHUD-OpenMP/SHUD/Basins/heihe_x4/forcing/X99.25Y39.45.csv
	 Reading 678/1693: 	/scratch/frd_muziyao/SHUD-OpenMP/SHUD/Basins/heihe_x4/forcing/X99.25Y39.55.csv
	 Reading 679/1693: 	/scratch/frd_muziyao/SHUD-OpenMP/SHUD/Basins/heihe_x4/forcing/X99.25Y39.65.csv
	 Reading 680/1693: 	/scratch/frd_muziyao/SHUD-OpenMP/SHUD/Basins/heihe_x4/forcing/X99.25Y39.75.csv
	 Reading 681/1693: 	/scratch/frd_muziyao/SHUD-OpenMP/SHUD/Basins/heihe_x4/forcing/X99.25Y39.85.csv
	 Reading 682/1693: 	/scratch/frd_muziyao/SHUD-OpenMP/SHUD/Basins/heihe_x4/forcing/X99.25Y39.95.csv
	 Reading 683/1693: 	/scratch/frd_muziyao/SHUD-OpenMP/SHUD/Basins/heihe_x4/forcing/X99.25Y40.05.csv
	 Reading 684/1693: 	/scratch/frd_muziyao/SHUD-OpenMP/SHUD/Basins/heihe_x4/forcing/X99.25Y40.15.csv
	 Reading 685/1693: 	/scratch/frd_muziyao/SHUD-OpenMP/SHUD/Basins/heihe_x4/forcing/X99.25Y40.25.csv
	 Reading 686/1693: 	/scratch/frd_muziyao/SHUD-OpenMP/SHUD/Basins/heihe_x4/forcing/X99.25Y40.35.csv
	 Reading 687/1693: 	/scratch/frd_muziyao/SHUD-OpenMP/SHUD/Basins/heihe_x4/forcing/X99.25Y40.45.csv
	 Reading 688/1693: 	/scratch/frd_muziyao/SHUD-OpenMP/SHUD/Basins/heihe_x4/forcing/X99.25Y40.55.csv
	 Reading 689/1693: 	/scratch/frd_muziyao/SHUD-OpenMP/SHUD/Basins/heihe_x4/forcing/X99.25Y40.65.csv
	 Reading 690/1693: 	/scratch/frd_muziyao/SHUD-OpenMP/SHUD/Basins/heihe_x4/forcing/X99.25Y40.75.csv
	 Reading 691/1693: 	/scratch/frd_muziyao/SHUD-OpenMP/SHUD/Basins/heihe_x4/forcing/X99.25Y40.85.csv
	 Reading 692/1693: 	/scratch/frd_muziyao/SHUD-OpenMP/SHUD/Basins/heihe_x4/forcing/X99.25Y40.95.csv
	 Reading 693/1693: 	/scratch/frd_muziyao/SHUD-OpenMP/SHUD/Basins/heihe_x4/forcing/X99.25Y41.05.csv
	 Reading 694/1693: 	/scratch/frd_muziyao/SHUD-OpenMP/SHUD/Basins/heihe_x4/forcing/X99.25Y41.15.csv
	 Reading 695/1693: 	/scratch/frd_muziyao/SHUD-OpenMP/SHUD/Basins/heihe_x4/forcing/X99.25Y41.25.csv
	 Reading 696/1693: 	/scratch/frd_muziyao/SHUD-OpenMP/SHUD/Basins/heihe_x4/forcing/X99.25Y41.35.csv
	 Reading 697/1693: 	/scratch/frd_muziyao/SHUD-OpenMP/SHUD/Basins/heihe_x4/forcing/X99.25Y41.45.csv
	 Reading 698/1693: 	/scratch/frd_muziyao/SHUD-OpenMP/SHUD/Basins/heihe_x4/forcing/X99.25Y41.55.csv
	 Reading 699/1693: 	/scratch/frd_muziyao/SHUD-OpenMP/SHUD/Basins/heihe_x4/forcing/X99.25Y41.65.csv
	 Reading 700/1693: 	/scratch/frd_muziyao/SHUD-OpenMP/SHUD/Basins/heihe_x4/forcing/X99.25Y41.75.csv
	 Reading 701/1693: 	/scratch/frd_muziyao/SHUD-OpenMP/SHUD/Basins/heihe_x4/forcing/X99.25Y41.85.csv
	 Reading 702/1693: 	/scratch/frd_muziyao/SHUD-OpenMP/SHUD/Basins/heihe_x4/forcing/X99.25Y41.95.csv
	 Reading 703/1693: 	/scratch/frd_muziyao/SHUD-OpenMP/SHUD/Basins/heihe_x4/forcing/X99.25Y42.05.csv
	 Reading 704/1693: 	/scratch/frd_muziyao/SHUD-OpenMP/SHUD/Basins/heihe_x4/forcing/X99.25Y42.15.csv
	 Reading 705/1693: 	/scratch/frd_muziyao/SHUD-OpenMP/SHUD/Basins/heihe_x4/forcing/X99.25Y42.25.csv
	 Reading 706/1693: 	/scratch/frd_muziyao/SHUD-OpenMP/SHUD/Basins/heihe_x4/forcing/X99.25Y42.35.csv
	 Reading 707/1693: 	/scratch/frd_muziyao/SHUD-OpenMP/SHUD/Basins/heihe_x4/forcing/X99.25Y42.45.csv
	 Reading 708/1693: 	/scratch/frd_muziyao/SHUD-OpenMP/SHUD/Basins/heihe_x4/forcing/X99.25Y42.55.csv
	 Reading 709/1693: 	/scratch/frd_muziyao/SHUD-OpenMP/SHUD/Basins/heihe_x4/forcing/X99.25Y42.65.csv
	 Reading 710/1693: 	/scratch/frd_muziyao/SHUD-OpenMP/SHUD/Basins/heihe_x4/forcing/X99.35Y38.25.csv
	 Reading 711/1693: 	/scratch/frd_muziyao/SHUD-OpenMP/SHUD/Basins/heihe_x4/forcing/X99.35Y38.35.csv
	 Reading 712/1693: 	/scratch/frd_muziyao/SHUD-OpenMP/SHUD/Basins/heihe_x4/forcing/X99.35Y38.45.csv
	 Reading 713/1693: 	/scratch/frd_muziyao/SHUD-OpenMP/SHUD/Basins/heihe_x4/forcing/X99.35Y38.55.csv
	 Reading 714/1693: 	/scratch/frd_muziyao/SHUD-OpenMP/SHUD/Basins/heihe_x4/forcing/X99.35Y38.65.csv
	 Reading 715/1693: 	/scratch/frd_muziyao/SHUD-OpenMP/SHUD/Basins/heihe_x4/forcing/X99.35Y38.75.csv
	 Reading 716/1693: 	/scratch/frd_muziyao/SHUD-OpenMP/SHUD/Basins/heihe_x4/forcing/X99.35Y38.85.csv
	 Reading 717/1693: 	/scratch/frd_muziyao/SHUD-OpenMP/SHUD/Basins/heihe_x4/forcing/X99.35Y38.95.csv
	 Reading 718/1693: 	/scratch/frd_muziyao/SHUD-OpenMP/SHUD/Basins/heihe_x4/forcing/X99.35Y39.05.csv
	 Reading 719/1693: 	/scratch/frd_muziyao/SHUD-OpenMP/SHUD/Basins/heihe_x4/forcing/X99.35Y39.15.csv
	 Reading 720/1693: 	/scratch/frd_muziyao/SHUD-OpenMP/SHUD/Basins/heihe_x4/forcing/X99.35Y39.25.csv
	 Reading 721/1693: 	/scratch/frd_muziyao/SHUD-OpenMP/SHUD/Basins/heihe_x4/forcing/X99.35Y39.35.csv
	 Reading 722/1693: 	/scratch/frd_muziyao/SHUD-OpenMP/SHUD/Basins/heihe_x4/forcing/X99.35Y39.45.csv
	 Reading 723/1693: 	/scratch/frd_muziyao/SHUD-OpenMP/SHUD/Basins/heihe_x4/forcing/X99.35Y39.55.csv
	 Reading 724/1693: 	/scratch/frd_muziyao/SHUD-OpenMP/SHUD/Basins/heihe_x4/forcing/X99.35Y39.65.csv
	 Reading 725/1693: 	/scratch/frd_muziyao/SHUD-OpenMP/SHUD/Basins/heihe_x4/forcing/X99.35Y39.75.csv
	 Reading 726/1693: 	/scratch/frd_muziyao/SHUD-OpenMP/SHUD/Basins/heihe_x4/forcing/X99.35Y39.85.csv
	 Reading 727/1693: 	/scratch/frd_muziyao/SHUD-OpenMP/SHUD/Basins/heihe_x4/forcing/X99.35Y39.95.csv
	 Reading 728/1693: 	/scratch/frd_muziyao/SHUD-OpenMP/SHUD/Basins/heihe_x4/forcing/X99.35Y40.05.csv
	 Reading 729/1693: 	/scratch/frd_muziyao/SHUD-OpenMP/SHUD/Basins/heihe_x4/forcing/X99.35Y40.15.csv
	 Reading 730/1693: 	/scratch/frd_muziyao/SHUD-OpenMP/SHUD/Basins/heihe_x4/forcing/X99.35Y40.25.csv
	 Reading 731/1693: 	/scratch/frd_muziyao/SHUD-OpenMP/SHUD/Basins/heihe_x4/forcing/X99.35Y40.35.csv
	 Reading 732/1693: 	/scratch/frd_muziyao/SHUD-OpenMP/SHUD/Basins/heihe_x4/forcing/X99.35Y40.45.csv
	 Reading 733/1693: 	/scratch/frd_muziyao/SHUD-OpenMP/SHUD/Basins/heihe_x4/forcing/X99.35Y40.55.csv
	 Reading 734/1693: 	/scratch/frd_muziyao/SHUD-OpenMP/SHUD/Basins/heihe_x4/forcing/X99.35Y40.65.csv
	 Reading 735/1693: 	/scratch/frd_muziyao/SHUD-OpenMP/SHUD/Basins/heihe_x4/forcing/X99.35Y40.75.csv
	 Reading 736/1693: 	/scratch/frd_muziyao/SHUD-OpenMP/SHUD/Basins/heihe_x4/forcing/X99.35Y40.85.csv
	 Reading 737/1693: 	/scratch/frd_muziyao/SHUD-OpenMP/SHUD/Basins/heihe_x4/forcing/X99.35Y40.95.csv
	 Reading 738/1693: 	/scratch/frd_muziyao/SHUD-OpenMP/SHUD/Basins/heihe_x4/forcing/X99.35Y41.05.csv
	 Reading 739/1693: 	/scratch/frd_muziyao/SHUD-OpenMP/SHUD/Basins/heihe_x4/forcing/X99.35Y41.15.csv
	 Reading 740/1693: 	/scratch/frd_muziyao/SHUD-OpenMP/SHUD/Basins/heihe_x4/forcing/X99.35Y41.25.csv
	 Reading 741/1693: 	/scratch/frd_muziyao/SHUD-OpenMP/SHUD/Basins/heihe_x4/forcing/X99.35Y41.35.csv
	 Reading 742/1693: 	/scratch/frd_muziyao/SHUD-OpenMP/SHUD/Basins/heihe_x4/forcing/X99.35Y41.45.csv
	 Reading 743/1693: 	/scratch/frd_muziyao/SHUD-OpenMP/SHUD/Basins/heihe_x4/forcing/X99.35Y41.55.csv
	 Reading 744/1693: 	/scratch/frd_muziyao/SHUD-OpenMP/SHUD/Basins/heihe_x4/forcing/X99.35Y41.65.csv
	 Reading 745/1693: 	/scratch/frd_muziyao/SHUD-OpenMP/SHUD/Basins/heihe_x4/forcing/X99.35Y41.75.csv
	 Reading 746/1693: 	/scratch/frd_muziyao/SHUD-OpenMP/SHUD/Basins/heihe_x4/forcing/X99.35Y41.85.csv
	 Reading 747/1693: 	/scratch/frd_muziyao/SHUD-OpenMP/SHUD/Basins/heihe_x4/forcing/X99.35Y41.95.csv
	 Reading 748/1693: 	/scratch/frd_muziyao/SHUD-OpenMP/SHUD/Basins/heihe_x4/forcing/X99.35Y42.05.csv
	 Reading 749/1693: 	/scratch/frd_muziyao/SHUD-OpenMP/SHUD/Basins/heihe_x4/forcing/X99.35Y42.15.csv
	 Reading 750/1693: 	/scratch/frd_muziyao/SHUD-OpenMP/SHUD/Basins/heihe_x4/forcing/X99.35Y42.25.csv
	 Reading 751/1693: 	/scratch/frd_muziyao/SHUD-OpenMP/SHUD/Basins/heihe_x4/forcing/X99.35Y42.35.csv
	 Reading 752/1693: 	/scratch/frd_muziyao/SHUD-OpenMP/SHUD/Basins/heihe_x4/forcing/X99.35Y42.45.csv
	 Reading 753/1693: 	/scratch/frd_muziyao/SHUD-OpenMP/SHUD/Basins/heihe_x4/forcing/X99.35Y42.55.csv
	 Reading 754/1693: 	/scratch/frd_muziyao/SHUD-OpenMP/SHUD/Basins/heihe_x4/forcing/X99.35Y42.65.csv
	 Reading 755/1693: 	/scratch/frd_muziyao/SHUD-OpenMP/SHUD/Basins/heihe_x4/forcing/X99.45Y38.25.csv
	 Reading 756/1693: 	/scratch/frd_muziyao/SHUD-OpenMP/SHUD/Basins/heihe_x4/forcing/X99.45Y38.35.csv
	 Reading 757/1693: 	/scratch/frd_muziyao/SHUD-OpenMP/SHUD/Basins/heihe_x4/forcing/X99.45Y38.45.csv
	 Reading 758/1693: 	/scratch/frd_muziyao/SHUD-OpenMP/SHUD/Basins/heihe_x4/forcing/X99.45Y38.55.csv
	 Reading 759/1693: 	/scratch/frd_muziyao/SHUD-OpenMP/SHUD/Basins/heihe_x4/forcing/X99.45Y38.65.csv
	 Reading 760/1693: 	/scratch/frd_muziyao/SHUD-OpenMP/SHUD/Basins/heihe_x4/forcing/X99.45Y38.75.csv
	 Reading 761/1693: 	/scratch/frd_muziyao/SHUD-OpenMP/SHUD/Basins/heihe_x4/forcing/X99.45Y38.85.csv
	 Reading 762/1693: 	/scratch/frd_muziyao/SHUD-OpenMP/SHUD/Basins/heihe_x4/forcing/X99.45Y38.95.csv
	 Reading 763/1693: 	/scratch/frd_muziyao/SHUD-OpenMP/SHUD/Basins/heihe_x4/forcing/X99.45Y39.05.csv
	 Reading 764/1693: 	/scratch/frd_muziyao/SHUD-OpenMP/SHUD/Basins/heihe_x4/forcing/X99.45Y39.15.csv
	 Reading 765/1693: 	/scratch/frd_muziyao/SHUD-OpenMP/SHUD/Basins/heihe_x4/forcing/X99.45Y39.25.csv
	 Reading 766/1693: 	/scratch/frd_muziyao/SHUD-OpenMP/SHUD/Basins/heihe_x4/forcing/X99.45Y39.35.csv
	 Reading 767/1693: 	/scratch/frd_muziyao/SHUD-OpenMP/SHUD/Basins/heihe_x4/forcing/X99.45Y39.45.csv
	 Reading 768/1693: 	/scratch/frd_muziyao/SHUD-OpenMP/SHUD/Basins/heihe_x4/forcing/X99.45Y39.55.csv
	 Reading 769/1693: 	/scratch/frd_muziyao/SHUD-OpenMP/SHUD/Basins/heihe_x4/forcing/X99.45Y39.65.csv
	 Reading 770/1693: 	/scratch/frd_muziyao/SHUD-OpenMP/SHUD/Basins/heihe_x4/forcing/X99.45Y39.75.csv
	 Reading 771/1693: 	/scratch/frd_muziyao/SHUD-OpenMP/SHUD/Basins/heihe_x4/forcing/X99.45Y39.85.csv
	 Reading 772/1693: 	/scratch/frd_muziyao/SHUD-OpenMP/SHUD/Basins/heihe_x4/forcing/X99.45Y39.95.csv
	 Reading 773/1693: 	/scratch/frd_muziyao/SHUD-OpenMP/SHUD/Basins/heihe_x4/forcing/X99.45Y40.05.csv
	 Reading 774/1693: 	/scratch/frd_muziyao/SHUD-OpenMP/SHUD/Basins/heihe_x4/forcing/X99.45Y40.15.csv
	 Reading 775/1693: 	/scratch/frd_muziyao/SHUD-OpenMP/SHUD/Basins/heihe_x4/forcing/X99.45Y40.25.csv
	 Reading 776/1693: 	/scratch/frd_muziyao/SHUD-OpenMP/SHUD/Basins/heihe_x4/forcing/X99.45Y40.35.csv
	 Reading 777/1693: 	/scratch/frd_muziyao/SHUD-OpenMP/SHUD/Basins/heihe_x4/forcing/X99.45Y40.45.csv
	 Reading 778/1693: 	/scratch/frd_muziyao/SHUD-OpenMP/SHUD/Basins/heihe_x4/forcing/X99.45Y40.55.csv
	 Reading 779/1693: 	/scratch/frd_muziyao/SHUD-OpenMP/SHUD/Basins/heihe_x4/forcing/X99.45Y40.65.csv
	 Reading 780/1693: 	/scratch/frd_muziyao/SHUD-OpenMP/SHUD/Basins/heihe_x4/forcing/X99.45Y40.75.csv
	 Reading 781/1693: 	/scratch/frd_muziyao/SHUD-OpenMP/SHUD/Basins/heihe_x4/forcing/X99.45Y40.85.csv
	 Reading 782/1693: 	/scratch/frd_muziyao/SHUD-OpenMP/SHUD/Basins/heihe_x4/forcing/X99.45Y40.95.csv
	 Reading 783/1693: 	/scratch/frd_muziyao/SHUD-OpenMP/SHUD/Basins/heihe_x4/forcing/X99.45Y41.05.csv
	 Reading 784/1693: 	/scratch/frd_muziyao/SHUD-OpenMP/SHUD/Basins/heihe_x4/forcing/X99.45Y41.15.csv
	 Reading 785/1693: 	/scratch/frd_muziyao/SHUD-OpenMP/SHUD/Basins/heihe_x4/forcing/X99.45Y41.25.csv
	 Reading 786/1693: 	/scratch/frd_muziyao/SHUD-OpenMP/SHUD/Basins/heihe_x4/forcing/X99.45Y41.35.csv
	 Reading 787/1693: 	/scratch/frd_muziyao/SHUD-OpenMP/SHUD/Basins/heihe_x4/forcing/X99.45Y41.45.csv
	 Reading 788/1693: 	/scratch/frd_muziyao/SHUD-OpenMP/SHUD/Basins/heihe_x4/forcing/X99.45Y41.55.csv
	 Reading 789/1693: 	/scratch/frd_muziyao/SHUD-OpenMP/SHUD/Basins/heihe_x4/forcing/X99.45Y41.65.csv
	 Reading 790/1693: 	/scratch/frd_muziyao/SHUD-OpenMP/SHUD/Basins/heihe_x4/forcing/X99.45Y41.75.csv
	 Reading 791/1693: 	/scratch/frd_muziyao/SHUD-OpenMP/SHUD/Basins/heihe_x4/forcing/X99.45Y41.85.csv
	 Reading 792/1693: 	/scratch/frd_muziyao/SHUD-OpenMP/SHUD/Basins/heihe_x4/forcing/X99.45Y41.95.csv
	 Reading 793/1693: 	/scratch/frd_muziyao/SHUD-OpenMP/SHUD/Basins/heihe_x4/forcing/X99.45Y42.05.csv
	 Reading 794/1693: 	/scratch/frd_muziyao/SHUD-OpenMP/SHUD/Basins/heihe_x4/forcing/X99.45Y42.15.csv
	 Reading 795/1693: 	/scratch/frd_muziyao/SHUD-OpenMP/SHUD/Basins/heihe_x4/forcing/X99.45Y42.25.csv
	 Reading 796/1693: 	/scratch/frd_muziyao/SHUD-OpenMP/SHUD/Basins/heihe_x4/forcing/X99.45Y42.35.csv
	 Reading 797/1693: 	/scratch/frd_muziyao/SHUD-OpenMP/SHUD/Basins/heihe_x4/forcing/X99.45Y42.45.csv
	 Reading 798/1693: 	/scratch/frd_muziyao/SHUD-OpenMP/SHUD/Basins/heihe_x4/forcing/X99.45Y42.55.csv
	 Reading 799/1693: 	/scratch/frd_muziyao/SHUD-OpenMP/SHUD/Basins/heihe_x4/forcing/X99.45Y42.65.csv
	 Reading 800/1693: 	/scratch/frd_muziyao/SHUD-OpenMP/SHUD/Basins/heihe_x4/forcing/X99.55Y38.15.csv
	 Reading 801/1693: 	/scratch/frd_muziyao/SHUD-OpenMP/SHUD/Basins/heihe_x4/forcing/X99.55Y38.25.csv
	 Reading 802/1693: 	/scratch/frd_muziyao/SHUD-OpenMP/SHUD/Basins/heihe_x4/forcing/X99.55Y38.35.csv
	 Reading 803/1693: 	/scratch/frd_muziyao/SHUD-OpenMP/SHUD/Basins/heihe_x4/forcing/X99.55Y38.45.csv
	 Reading 804/1693: 	/scratch/frd_muziyao/SHUD-OpenMP/SHUD/Basins/heihe_x4/forcing/X99.55Y38.55.csv
	 Reading 805/1693: 	/scratch/frd_muziyao/SHUD-OpenMP/SHUD/Basins/heihe_x4/forcing/X99.55Y38.65.csv
	 Reading 806/1693: 	/scratch/frd_muziyao/SHUD-OpenMP/SHUD/Basins/heihe_x4/forcing/X99.55Y38.75.csv
	 Reading 807/1693: 	/scratch/frd_muziyao/SHUD-OpenMP/SHUD/Basins/heihe_x4/forcing/X99.55Y38.85.csv
	 Reading 808/1693: 	/scratch/frd_muziyao/SHUD-OpenMP/SHUD/Basins/heihe_x4/forcing/X99.55Y38.95.csv
	 Reading 809/1693: 	/scratch/frd_muziyao/SHUD-OpenMP/SHUD/Basins/heihe_x4/forcing/X99.55Y39.05.csv
	 Reading 810/1693: 	/scratch/frd_muziyao/SHUD-OpenMP/SHUD/Basins/heihe_x4/forcing/X99.55Y39.15.csv
	 Reading 811/1693: 	/scratch/frd_muziyao/SHUD-OpenMP/SHUD/Basins/heihe_x4/forcing/X99.55Y39.25.csv
	 Reading 812/1693: 	/scratch/frd_muziyao/SHUD-OpenMP/SHUD/Basins/heihe_x4/forcing/X99.55Y39.35.csv
	 Reading 813/1693: 	/scratch/frd_muziyao/SHUD-OpenMP/SHUD/Basins/heihe_x4/forcing/X99.55Y39.45.csv
	 Reading 814/1693: 	/scratch/frd_muziyao/SHUD-OpenMP/SHUD/Basins/heihe_x4/forcing/X99.55Y39.55.csv
	 Reading 815/1693: 	/scratch/frd_muziyao/SHUD-OpenMP/SHUD/Basins/heihe_x4/forcing/X99.55Y39.65.csv
	 Reading 816/1693: 	/scratch/frd_muziyao/SHUD-OpenMP/SHUD/Basins/heihe_x4/forcing/X99.55Y39.75.csv
	 Reading 817/1693: 	/scratch/frd_muziyao/SHUD-OpenMP/SHUD/Basins/heihe_x4/forcing/X99.55Y39.85.csv
	 Reading 818/1693: 	/scratch/frd_muziyao/SHUD-OpenMP/SHUD/Basins/heihe_x4/forcing/X99.55Y39.95.csv
	 Reading 819/1693: 	/scratch/frd_muziyao/SHUD-OpenMP/SHUD/Basins/heihe_x4/forcing/X99.55Y40.05.csv
	 Reading 820/1693: 	/scratch/frd_muziyao/SHUD-OpenMP/SHUD/Basins/heihe_x4/forcing/X99.55Y40.15.csv
	 Reading 821/1693: 	/scratch/frd_muziyao/SHUD-OpenMP/SHUD/Basins/heihe_x4/forcing/X99.55Y40.25.csv
	 Reading 822/1693: 	/scratch/frd_muziyao/SHUD-OpenMP/SHUD/Basins/heihe_x4/forcing/X99.55Y40.35.csv
	 Reading 823/1693: 	/scratch/frd_muziyao/SHUD-OpenMP/SHUD/Basins/heihe_x4/forcing/X99.55Y40.45.csv
	 Reading 824/1693: 	/scratch/frd_muziyao/SHUD-OpenMP/SHUD/Basins/heihe_x4/forcing/X99.55Y40.55.csv
	 Reading 825/1693: 	/scratch/frd_muziyao/SHUD-OpenMP/SHUD/Basins/heihe_x4/forcing/X99.55Y40.65.csv
	 Reading 826/1693: 	/scratch/frd_muziyao/SHUD-OpenMP/SHUD/Basins/heihe_x4/forcing/X99.55Y40.75.csv
	 Reading 827/1693: 	/scratch/frd_muziyao/SHUD-OpenMP/SHUD/Basins/heihe_x4/forcing/X99.55Y40.85.csv
	 Reading 828/1693: 	/scratch/frd_muziyao/SHUD-OpenMP/SHUD/Basins/heihe_x4/forcing/X99.55Y40.95.csv
	 Reading 829/1693: 	/scratch/frd_muziyao/SHUD-OpenMP/SHUD/Basins/heihe_x4/forcing/X99.55Y41.05.csv
	 Reading 830/1693: 	/scratch/frd_muziyao/SHUD-OpenMP/SHUD/Basins/heihe_x4/forcing/X99.55Y41.15.csv
	 Reading 831/1693: 	/scratch/frd_muziyao/SHUD-OpenMP/SHUD/Basins/heihe_x4/forcing/X99.55Y41.25.csv
	 Reading 832/1693: 	/scratch/frd_muziyao/SHUD-OpenMP/SHUD/Basins/heihe_x4/forcing/X99.55Y41.35.csv
	 Reading 833/1693: 	/scratch/frd_muziyao/SHUD-OpenMP/SHUD/Basins/heihe_x4/forcing/X99.55Y41.45.csv
	 Reading 834/1693: 	/scratch/frd_muziyao/SHUD-OpenMP/SHUD/Basins/heihe_x4/forcing/X99.55Y41.55.csv
	 Reading 835/1693: 	/scratch/frd_muziyao/SHUD-OpenMP/SHUD/Basins/heihe_x4/forcing/X99.55Y41.65.csv
	 Reading 836/1693: 	/scratch/frd_muziyao/SHUD-OpenMP/SHUD/Basins/heihe_x4/forcing/X99.55Y41.75.csv
	 Reading 837/1693: 	/scratch/frd_muziyao/SHUD-OpenMP/SHUD/Basins/heihe_x4/forcing/X99.55Y41.85.csv
	 Reading 838/1693: 	/scratch/frd_muziyao/SHUD-OpenMP/SHUD/Basins/heihe_x4/forcing/X99.55Y41.95.csv
	 Reading 839/1693: 	/scratch/frd_muziyao/SHUD-OpenMP/SHUD/Basins/heihe_x4/forcing/X99.55Y42.05.csv
	 Reading 840/1693: 	/scratch/frd_muziyao/SHUD-OpenMP/SHUD/Basins/heihe_x4/forcing/X99.55Y42.15.csv
	 Reading 841/1693: 	/scratch/frd_muziyao/SHUD-OpenMP/SHUD/Basins/heihe_x4/forcing/X99.55Y42.25.csv
	 Reading 842/1693: 	/scratch/frd_muziyao/SHUD-OpenMP/SHUD/Basins/heihe_x4/forcing/X99.55Y42.35.csv
	 Reading 843/1693: 	/scratch/frd_muziyao/SHUD-OpenMP/SHUD/Basins/heihe_x4/forcing/X99.55Y42.45.csv
	 Reading 844/1693: 	/scratch/frd_muziyao/SHUD-OpenMP/SHUD/Basins/heihe_x4/forcing/X99.55Y42.55.csv
	 Reading 845/1693: 	/scratch/frd_muziyao/SHUD-OpenMP/SHUD/Basins/heihe_x4/forcing/X99.55Y42.65.csv
	 Reading 846/1693: 	/scratch/frd_muziyao/SHUD-OpenMP/SHUD/Basins/heihe_x4/forcing/X99.65Y38.15.csv
	 Reading 847/1693: 	/scratch/frd_muziyao/SHUD-OpenMP/SHUD/Basins/heihe_x4/forcing/X99.65Y38.25.csv
	 Reading 848/1693: 	/scratch/frd_muziyao/SHUD-OpenMP/SHUD/Basins/heihe_x4/forcing/X99.65Y38.35.csv
	 Reading 849/1693: 	/scratch/frd_muziyao/SHUD-OpenMP/SHUD/Basins/heihe_x4/forcing/X99.65Y38.45.csv
	 Reading 850/1693: 	/scratch/frd_muziyao/SHUD-OpenMP/SHUD/Basins/heihe_x4/forcing/X99.65Y38.55.csv
	 Reading 851/1693: 	/scratch/frd_muziyao/SHUD-OpenMP/SHUD/Basins/heihe_x4/forcing/X99.65Y38.65.csv
	 Reading 852/1693: 	/scratch/frd_muziyao/SHUD-OpenMP/SHUD/Basins/heihe_x4/forcing/X99.65Y38.75.csv
	 Reading 853/1693: 	/scratch/frd_muziyao/SHUD-OpenMP/SHUD/Basins/heihe_x4/forcing/X99.65Y38.85.csv
	 Reading 854/1693: 	/scratch/frd_muziyao/SHUD-OpenMP/SHUD/Basins/heihe_x4/forcing/X99.65Y38.95.csv
	 Reading 855/1693: 	/scratch/frd_muziyao/SHUD-OpenMP/SHUD/Basins/heihe_x4/forcing/X99.65Y39.05.csv
	 Reading 856/1693: 	/scratch/frd_muziyao/SHUD-OpenMP/SHUD/Basins/heihe_x4/forcing/X99.65Y39.15.csv
	 Reading 857/1693: 	/scratch/frd_muziyao/SHUD-OpenMP/SHUD/Basins/heihe_x4/forcing/X99.65Y39.25.csv
	 Reading 858/1693: 	/scratch/frd_muziyao/SHUD-OpenMP/SHUD/Basins/heihe_x4/forcing/X99.65Y39.35.csv
	 Reading 859/1693: 	/scratch/frd_muziyao/SHUD-OpenMP/SHUD/Basins/heihe_x4/forcing/X99.65Y39.45.csv
	 Reading 860/1693: 	/scratch/frd_muziyao/SHUD-OpenMP/SHUD/Basins/heihe_x4/forcing/X99.65Y39.55.csv
	 Reading 861/1693: 	/scratch/frd_muziyao/SHUD-OpenMP/SHUD/Basins/heihe_x4/forcing/X99.65Y39.65.csv
	 Reading 862/1693: 	/scratch/frd_muziyao/SHUD-OpenMP/SHUD/Basins/heihe_x4/forcing/X99.65Y39.75.csv
	 Reading 863/1693: 	/scratch/frd_muziyao/SHUD-OpenMP/SHUD/Basins/heihe_x4/forcing/X99.65Y39.85.csv
	 Reading 864/1693: 	/scratch/frd_muziyao/SHUD-OpenMP/SHUD/Basins/heihe_x4/forcing/X99.65Y40.05.csv
	 Reading 865/1693: 	/scratch/frd_muziyao/SHUD-OpenMP/SHUD/Basins/heihe_x4/forcing/X99.65Y40.15.csv
	 Reading 866/1693: 	/scratch/frd_muziyao/SHUD-OpenMP/SHUD/Basins/heihe_x4/forcing/X99.65Y40.25.csv
	 Reading 867/1693: 	/scratch/frd_muziyao/SHUD-OpenMP/SHUD/Basins/heihe_x4/forcing/X99.65Y40.35.csv
	 Reading 868/1693: 	/scratch/frd_muziyao/SHUD-OpenMP/SHUD/Basins/heihe_x4/forcing/X99.65Y40.45.csv
	 Reading 869/1693: 	/scratch/frd_muziyao/SHUD-OpenMP/SHUD/Basins/heihe_x4/forcing/X99.65Y40.55.csv
	 Reading 870/1693: 	/scratch/frd_muziyao/SHUD-OpenMP/SHUD/Basins/heihe_x4/forcing/X99.65Y40.65.csv
	 Reading 871/1693: 	/scratch/frd_muziyao/SHUD-OpenMP/SHUD/Basins/heihe_x4/forcing/X99.65Y40.75.csv
	 Reading 872/1693: 	/scratch/frd_muziyao/SHUD-OpenMP/SHUD/Basins/heihe_x4/forcing/X99.65Y40.85.csv
	 Reading 873/1693: 	/scratch/frd_muziyao/SHUD-OpenMP/SHUD/Basins/heihe_x4/forcing/X99.65Y40.95.csv
	 Reading 874/1693: 	/scratch/frd_muziyao/SHUD-OpenMP/SHUD/Basins/heihe_x4/forcing/X99.65Y41.05.csv
	 Reading 875/1693: 	/scratch/frd_muziyao/SHUD-OpenMP/SHUD/Basins/heihe_x4/forcing/X99.65Y41.15.csv
	 Reading 876/1693: 	/scratch/frd_muziyao/SHUD-OpenMP/SHUD/Basins/heihe_x4/forcing/X99.65Y41.25.csv
	 Reading 877/1693: 	/scratch/frd_muziyao/SHUD-OpenMP/SHUD/Basins/heihe_x4/forcing/X99.65Y41.35.csv
	 Reading 878/1693: 	/scratch/frd_muziyao/SHUD-OpenMP/SHUD/Basins/heihe_x4/forcing/X99.65Y41.45.csv
	 Reading 879/1693: 	/scratch/frd_muziyao/SHUD-OpenMP/SHUD/Basins/heihe_x4/forcing/X99.65Y41.55.csv
	 Reading 880/1693: 	/scratch/frd_muziyao/SHUD-OpenMP/SHUD/Basins/heihe_x4/forcing/X99.65Y41.65.csv
	 Reading 881/1693: 	/scratch/frd_muziyao/SHUD-OpenMP/SHUD/Basins/heihe_x4/forcing/X99.65Y41.75.csv
	 Reading 882/1693: 	/scratch/frd_muziyao/SHUD-OpenMP/SHUD/Basins/heihe_x4/forcing/X99.65Y41.85.csv
	 Reading 883/1693: 	/scratch/frd_muziyao/SHUD-OpenMP/SHUD/Basins/heihe_x4/forcing/X99.65Y41.95.csv
	 Reading 884/1693: 	/scratch/frd_muziyao/SHUD-OpenMP/SHUD/Basins/heihe_x4/forcing/X99.65Y42.05.csv
	 Reading 885/1693: 	/scratch/frd_muziyao/SHUD-OpenMP/SHUD/Basins/heihe_x4/forcing/X99.65Y42.15.csv
	 Reading 886/1693: 	/scratch/frd_muziyao/SHUD-OpenMP/SHUD/Basins/heihe_x4/forcing/X99.65Y42.25.csv
	 Reading 887/1693: 	/scratch/frd_muziyao/SHUD-OpenMP/SHUD/Basins/heihe_x4/forcing/X99.65Y42.35.csv
	 Reading 888/1693: 	/scratch/frd_muziyao/SHUD-OpenMP/SHUD/Basins/heihe_x4/forcing/X99.65Y42.45.csv
	 Reading 889/1693: 	/scratch/frd_muziyao/SHUD-OpenMP/SHUD/Basins/heihe_x4/forcing/X99.65Y42.55.csv
	 Reading 890/1693: 	/scratch/frd_muziyao/SHUD-OpenMP/SHUD/Basins/heihe_x4/forcing/X99.65Y42.65.csv
	 Reading 891/1693: 	/scratch/frd_muziyao/SHUD-OpenMP/SHUD/Basins/heihe_x4/forcing/X99.75Y38.15.csv
	 Reading 892/1693: 	/scratch/frd_muziyao/SHUD-OpenMP/SHUD/Basins/heihe_x4/forcing/X99.75Y38.25.csv
	 Reading 893/1693: 	/scratch/frd_muziyao/SHUD-OpenMP/SHUD/Basins/heihe_x4/forcing/X99.75Y38.35.csv
	 Reading 894/1693: 	/scratch/frd_muziyao/SHUD-OpenMP/SHUD/Basins/heihe_x4/forcing/X99.75Y38.45.csv
	 Reading 895/1693: 	/scratch/frd_muziyao/SHUD-OpenMP/SHUD/Basins/heihe_x4/forcing/X99.75Y38.55.csv
	 Reading 896/1693: 	/scratch/frd_muziyao/SHUD-OpenMP/SHUD/Basins/heihe_x4/forcing/X99.75Y38.65.csv
	 Reading 897/1693: 	/scratch/frd_muziyao/SHUD-OpenMP/SHUD/Basins/heihe_x4/forcing/X99.75Y38.75.csv
	 Reading 898/1693: 	/scratch/frd_muziyao/SHUD-OpenMP/SHUD/Basins/heihe_x4/forcing/X99.75Y38.85.csv
	 Reading 899/1693: 	/scratch/frd_muziyao/SHUD-OpenMP/SHUD/Basins/heihe_x4/forcing/X99.75Y38.95.csv
	 Reading 900/1693: 	/scratch/frd_muziyao/SHUD-OpenMP/SHUD/Basins/heihe_x4/forcing/X99.75Y39.05.csv
	 Reading 901/1693: 	/scratch/frd_muziyao/SHUD-OpenMP/SHUD/Basins/heihe_x4/forcing/X99.75Y39.15.csv
	 Reading 902/1693: 	/scratch/frd_muziyao/SHUD-OpenMP/SHUD/Basins/heihe_x4/forcing/X99.75Y39.25.csv
	 Reading 903/1693: 	/scratch/frd_muziyao/SHUD-OpenMP/SHUD/Basins/heihe_x4/forcing/X99.75Y39.35.csv
	 Reading 904/1693: 	/scratch/frd_muziyao/SHUD-OpenMP/SHUD/Basins/heihe_x4/forcing/X99.75Y39.45.csv
	 Reading 905/1693: 	/scratch/frd_muziyao/SHUD-OpenMP/SHUD/Basins/heihe_x4/forcing/X99.75Y39.55.csv
	 Reading 906/1693: 	/scratch/frd_muziyao/SHUD-OpenMP/SHUD/Basins/heihe_x4/forcing/X99.75Y39.65.csv
	 Reading 907/1693: 	/scratch/frd_muziyao/SHUD-OpenMP/SHUD/Basins/heihe_x4/forcing/X99.75Y39.75.csv
	 Reading 908/1693: 	/scratch/frd_muziyao/SHUD-OpenMP/SHUD/Basins/heihe_x4/forcing/X99.75Y39.85.csv
	 Reading 909/1693: 	/scratch/frd_muziyao/SHUD-OpenMP/SHUD/Basins/heihe_x4/forcing/X99.75Y40.05.csv
	 Reading 910/1693: 	/scratch/frd_muziyao/SHUD-OpenMP/SHUD/Basins/heihe_x4/forcing/X99.75Y40.15.csv
	 Reading 911/1693: 	/scratch/frd_muziyao/SHUD-OpenMP/SHUD/Basins/heihe_x4/forcing/X99.75Y40.25.csv
	 Reading 912/1693: 	/scratch/frd_muziyao/SHUD-OpenMP/SHUD/Basins/heihe_x4/forcing/X99.75Y40.35.csv
	 Reading 913/1693: 	/scratch/frd_muziyao/SHUD-OpenMP/SHUD/Basins/heihe_x4/forcing/X99.75Y40.45.csv
	 Reading 914/1693: 	/scratch/frd_muziyao/SHUD-OpenMP/SHUD/Basins/heihe_x4/forcing/X99.75Y40.55.csv
	 Reading 915/1693: 	/scratch/frd_muziyao/SHUD-OpenMP/SHUD/Basins/heihe_x4/forcing/X99.75Y40.65.csv
	 Reading 916/1693: 	/scratch/frd_muziyao/SHUD-OpenMP/SHUD/Basins/heihe_x4/forcing/X99.75Y40.75.csv
	 Reading 917/1693: 	/scratch/frd_muziyao/SHUD-OpenMP/SHUD/Basins/heihe_x4/forcing/X99.75Y40.85.csv
	 Reading 918/1693: 	/scratch/frd_muziyao/SHUD-OpenMP/SHUD/Basins/heihe_x4/forcing/X99.75Y40.95.csv
	 Reading 919/1693: 	/scratch/frd_muziyao/SHUD-OpenMP/SHUD/Basins/heihe_x4/forcing/X99.75Y41.05.csv
	 Reading 920/1693: 	/scratch/frd_muziyao/SHUD-OpenMP/SHUD/Basins/heihe_x4/forcing/X99.75Y41.15.csv
	 Reading 921/1693: 	/scratch/frd_muziyao/SHUD-OpenMP/SHUD/Basins/heihe_x4/forcing/X99.75Y41.25.csv
	 Reading 922/1693: 	/scratch/frd_muziyao/SHUD-OpenMP/SHUD/Basins/heihe_x4/forcing/X99.75Y41.35.csv
	 Reading 923/1693: 	/scratch/frd_muziyao/SHUD-OpenMP/SHUD/Basins/heihe_x4/forcing/X99.75Y41.45.csv
	 Reading 924/1693: 	/scratch/frd_muziyao/SHUD-OpenMP/SHUD/Basins/heihe_x4/forcing/X99.75Y41.55.csv
	 Reading 925/1693: 	/scratch/frd_muziyao/SHUD-OpenMP/SHUD/Basins/heihe_x4/forcing/X99.75Y41.65.csv
	 Reading 926/1693: 	/scratch/frd_muziyao/SHUD-OpenMP/SHUD/Basins/heihe_x4/forcing/X99.75Y41.75.csv
	 Reading 927/1693: 	/scratch/frd_muziyao/SHUD-OpenMP/SHUD/Basins/heihe_x4/forcing/X99.75Y41.85.csv
	 Reading 928/1693: 	/scratch/frd_muziyao/SHUD-OpenMP/SHUD/Basins/heihe_x4/forcing/X99.75Y41.95.csv
	 Reading 929/1693: 	/scratch/frd_muziyao/SHUD-OpenMP/SHUD/Basins/heihe_x4/forcing/X99.75Y42.05.csv
	 Reading 930/1693: 	/scratch/frd_muziyao/SHUD-OpenMP/SHUD/Basins/heihe_x4/forcing/X99.75Y42.15.csv
	 Reading 931/1693: 	/scratch/frd_muziyao/SHUD-OpenMP/SHUD/Basins/heihe_x4/forcing/X99.75Y42.25.csv
	 Reading 932/1693: 	/scratch/frd_muziyao/SHUD-OpenMP/SHUD/Basins/heihe_x4/forcing/X99.75Y42.35.csv
	 Reading 933/1693: 	/scratch/frd_muziyao/SHUD-OpenMP/SHUD/Basins/heihe_x4/forcing/X99.75Y42.45.csv
	 Reading 934/1693: 	/scratch/frd_muziyao/SHUD-OpenMP/SHUD/Basins/heihe_x4/forcing/X99.75Y42.55.csv
	 Reading 935/1693: 	/scratch/frd_muziyao/SHUD-OpenMP/SHUD/Basins/heihe_x4/forcing/X99.75Y42.65.csv
	 Reading 936/1693: 	/scratch/frd_muziyao/SHUD-OpenMP/SHUD/Basins/heihe_x4/forcing/X99.85Y38.05.csv
	 Reading 937/1693: 	/scratch/frd_muziyao/SHUD-OpenMP/SHUD/Basins/heihe_x4/forcing/X99.85Y38.15.csv
	 Reading 938/1693: 	/scratch/frd_muziyao/SHUD-OpenMP/SHUD/Basins/heihe_x4/forcing/X99.85Y38.25.csv
	 Reading 939/1693: 	/scratch/frd_muziyao/SHUD-OpenMP/SHUD/Basins/heihe_x4/forcing/X99.85Y38.35.csv
	 Reading 940/1693: 	/scratch/frd_muziyao/SHUD-OpenMP/SHUD/Basins/heihe_x4/forcing/X99.85Y38.45.csv
	 Reading 941/1693: 	/scratch/frd_muziyao/SHUD-OpenMP/SHUD/Basins/heihe_x4/forcing/X99.85Y38.55.csv
	 Reading 942/1693: 	/scratch/frd_muziyao/SHUD-OpenMP/SHUD/Basins/heihe_x4/forcing/X99.85Y38.65.csv
	 Reading 943/1693: 	/scratch/frd_muziyao/SHUD-OpenMP/SHUD/Basins/heihe_x4/forcing/X99.85Y38.75.csv
	 Reading 944/1693: 	/scratch/frd_muziyao/SHUD-OpenMP/SHUD/Basins/heihe_x4/forcing/X99.85Y38.85.csv
	 Reading 945/1693: 	/scratch/frd_muziyao/SHUD-OpenMP/SHUD/Basins/heihe_x4/forcing/X99.85Y38.95.csv
	 Reading 946/1693: 	/scratch/frd_muziyao/SHUD-OpenMP/SHUD/Basins/heihe_x4/forcing/X99.85Y39.05.csv
	 Reading 947/1693: 	/scratch/frd_muziyao/SHUD-OpenMP/SHUD/Basins/heihe_x4/forcing/X99.85Y39.15.csv
	 Reading 948/1693: 	/scratch/frd_muziyao/SHUD-OpenMP/SHUD/Basins/heihe_x4/forcing/X99.85Y39.25.csv
	 Reading 949/1693: 	/scratch/frd_muziyao/SHUD-OpenMP/SHUD/Basins/heihe_x4/forcing/X99.85Y39.35.csv
	 Reading 950/1693: 	/scratch/frd_muziyao/SHUD-OpenMP/SHUD/Basins/heihe_x4/forcing/X99.85Y39.45.csv
	 Reading 951/1693: 	/scratch/frd_muziyao/SHUD-OpenMP/SHUD/Basins/heihe_x4/forcing/X99.85Y39.55.csv
	 Reading 952/1693: 	/scratch/frd_muziyao/SHUD-OpenMP/SHUD/Basins/heihe_x4/forcing/X99.85Y39.65.csv
	 Reading 953/1693: 	/scratch/frd_muziyao/SHUD-OpenMP/SHUD/Basins/heihe_x4/forcing/X99.85Y39.75.csv
	 Reading 954/1693: 	/scratch/frd_muziyao/SHUD-OpenMP/SHUD/Basins/heihe_x4/forcing/X99.85Y40.15.csv
	 Reading 955/1693: 	/scratch/frd_muziyao/SHUD-OpenMP/SHUD/Basins/heihe_x4/forcing/X99.85Y40.25.csv
	 Reading 956/1693: 	/scratch/frd_muziyao/SHUD-OpenMP/SHUD/Basins/heihe_x4/forcing/X99.85Y40.35.csv
	 Reading 957/1693: 	/scratch/frd_muziyao/SHUD-OpenMP/SHUD/Basins/heihe_x4/forcing/X99.85Y40.45.csv
	 Reading 958/1693: 	/scratch/frd_muziyao/SHUD-OpenMP/SHUD/Basins/heihe_x4/forcing/X99.85Y40.55.csv
	 Reading 959/1693: 	/scratch/frd_muziyao/SHUD-OpenMP/SHUD/Basins/heihe_x4/forcing/X99.85Y40.65.csv
	 Reading 960/1693: 	/scratch/frd_muziyao/SHUD-OpenMP/SHUD/Basins/heihe_x4/forcing/X99.85Y40.75.csv
	 Reading 961/1693: 	/scratch/frd_muziyao/SHUD-OpenMP/SHUD/Basins/heihe_x4/forcing/X99.85Y40.85.csv
	 Reading 962/1693: 	/scratch/frd_muziyao/SHUD-OpenMP/SHUD/Basins/heihe_x4/forcing/X99.85Y40.95.csv
	 Reading 963/1693: 	/scratch/frd_muziyao/SHUD-OpenMP/SHUD/Basins/heihe_x4/forcing/X99.85Y41.05.csv
	 Reading 964/1693: 	/scratch/frd_muziyao/SHUD-OpenMP/SHUD/Basins/heihe_x4/forcing/X99.85Y41.15.csv
	 Reading 965/1693: 	/scratch/frd_muziyao/SHUD-OpenMP/SHUD/Basins/heihe_x4/forcing/X99.85Y41.25.csv
	 Reading 966/1693: 	/scratch/frd_muziyao/SHUD-OpenMP/SHUD/Basins/heihe_x4/forcing/X99.85Y41.35.csv
	 Reading 967/1693: 	/scratch/frd_muziyao/SHUD-OpenMP/SHUD/Basins/heihe_x4/forcing/X99.85Y41.45.csv
	 Reading 968/1693: 	/scratch/frd_muziyao/SHUD-OpenMP/SHUD/Basins/heihe_x4/forcing/X99.85Y41.55.csv
	 Reading 969/1693: 	/scratch/frd_muziyao/SHUD-OpenMP/SHUD/Basins/heihe_x4/forcing/X99.85Y41.65.csv
	 Reading 970/1693: 	/scratch/frd_muziyao/SHUD-OpenMP/SHUD/Basins/heihe_x4/forcing/X99.85Y41.75.csv
	 Reading 971/1693: 	/scratch/frd_muziyao/SHUD-OpenMP/SHUD/Basins/heihe_x4/forcing/X99.85Y41.85.csv
	 Reading 972/1693: 	/scratch/frd_muziyao/SHUD-OpenMP/SHUD/Basins/heihe_x4/forcing/X99.85Y41.95.csv
	 Reading 973/1693: 	/scratch/frd_muziyao/SHUD-OpenMP/SHUD/Basins/heihe_x4/forcing/X99.85Y42.05.csv
	 Reading 974/1693: 	/scratch/frd_muziyao/SHUD-OpenMP/SHUD/Basins/heihe_x4/forcing/X99.85Y42.15.csv
	 Reading 975/1693: 	/scratch/frd_muziyao/SHUD-OpenMP/SHUD/Basins/heihe_x4/forcing/X99.85Y42.25.csv
	 Reading 976/1693: 	/scratch/frd_muziyao/SHUD-OpenMP/SHUD/Basins/heihe_x4/forcing/X99.85Y42.35.csv
	 Reading 977/1693: 	/scratch/frd_muziyao/SHUD-OpenMP/SHUD/Basins/heihe_x4/forcing/X99.85Y42.45.csv
	 Reading 978/1693: 	/scratch/frd_muziyao/SHUD-OpenMP/SHUD/Basins/heihe_x4/forcing/X99.85Y42.55.csv
	 Reading 979/1693: 	/scratch/frd_muziyao/SHUD-OpenMP/SHUD/Basins/heihe_x4/forcing/X99.85Y42.65.csv
	 Reading 980/1693: 	/scratch/frd_muziyao/SHUD-OpenMP/SHUD/Basins/heihe_x4/forcing/X99.95Y38.05.csv
	 Reading 981/1693: 	/scratch/frd_muziyao/SHUD-OpenMP/SHUD/Basins/heihe_x4/forcing/X99.95Y38.15.csv
	 Reading 982/1693: 	/scratch/frd_muziyao/SHUD-OpenMP/SHUD/Basins/heihe_x4/forcing/X99.95Y38.25.csv
	 Reading 983/1693: 	/scratch/frd_muziyao/SHUD-OpenMP/SHUD/Basins/heihe_x4/forcing/X99.95Y38.35.csv
	 Reading 984/1693: 	/scratch/frd_muziyao/SHUD-OpenMP/SHUD/Basins/heihe_x4/forcing/X99.95Y38.45.csv
	 Reading 985/1693: 	/scratch/frd_muziyao/SHUD-OpenMP/SHUD/Basins/heihe_x4/forcing/X99.95Y38.55.csv
	 Reading 986/1693: 	/scratch/frd_muziyao/SHUD-OpenMP/SHUD/Basins/heihe_x4/forcing/X99.95Y38.65.csv
	 Reading 987/1693: 	/scratch/frd_muziyao/SHUD-OpenMP/SHUD/Basins/heihe_x4/forcing/X99.95Y38.75.csv
	 Reading 988/1693: 	/scratch/frd_muziyao/SHUD-OpenMP/SHUD/Basins/heihe_x4/forcing/X99.95Y38.85.csv
	 Reading 989/1693: 	/scratch/frd_muziyao/SHUD-OpenMP/SHUD/Basins/heihe_x4/forcing/X99.95Y38.95.csv
	 Reading 990/1693: 	/scratch/frd_muziyao/SHUD-OpenMP/SHUD/Basins/heihe_x4/forcing/X99.95Y39.05.csv
	 Reading 991/1693: 	/scratch/frd_muziyao/SHUD-OpenMP/SHUD/Basins/heihe_x4/forcing/X99.95Y39.15.csv
	 Reading 992/1693: 	/scratch/frd_muziyao/SHUD-OpenMP/SHUD/Basins/heihe_x4/forcing/X99.95Y39.25.csv
	 Reading 993/1693: 	/scratch/frd_muziyao/SHUD-OpenMP/SHUD/Basins/heihe_x4/forcing/X99.95Y39.35.csv
	 Reading 994/1693: 	/scratch/frd_muziyao/SHUD-OpenMP/SHUD/Basins/heihe_x4/forcing/X99.95Y39.45.csv
	 Reading 995/1693: 	/scratch/frd_muziyao/SHUD-OpenMP/SHUD/Basins/heihe_x4/forcing/X99.95Y39.55.csv
	 Reading 996/1693: 	/scratch/frd_muziyao/SHUD-OpenMP/SHUD/Basins/heihe_x4/forcing/X99.95Y39.65.csv
	 Reading 997/1693: 	/scratch/frd_muziyao/SHUD-OpenMP/SHUD/Basins/heihe_x4/forcing/X99.95Y39.75.csv
	 Reading 998/1693: 	/scratch/frd_muziyao/SHUD-OpenMP/SHUD/Basins/heihe_x4/forcing/X99.95Y40.25.csv
	 Reading 999/1693: 	/scratch/frd_muziyao/SHUD-OpenMP/SHUD/Basins/heihe_x4/forcing/X99.95Y40.35.csv
	 Reading 1000/1693: 	/scratch/frd_muziyao/SHUD-OpenMP/SHUD/Basins/heihe_x4/forcing/X99.95Y40.45.csv
	 Reading 1001/1693: 	/scratch/frd_muziyao/SHUD-OpenMP/SHUD/Basins/heihe_x4/forcing/X99.95Y40.55.csv
	 Reading 1002/1693: 	/scratch/frd_muziyao/SHUD-OpenMP/SHUD/Basins/heihe_x4/forcing/X99.95Y40.65.csv
	 Reading 1003/1693: 	/scratch/frd_muziyao/SHUD-OpenMP/SHUD/Basins/heihe_x4/forcing/X99.95Y40.75.csv
	 Reading 1004/1693: 	/scratch/frd_muziyao/SHUD-OpenMP/SHUD/Basins/heihe_x4/forcing/X99.95Y40.85.csv
	 Reading 1005/1693: 	/scratch/frd_muziyao/SHUD-OpenMP/SHUD/Basins/heihe_x4/forcing/X99.95Y40.95.csv
	 Reading 1006/1693: 	/scratch/frd_muziyao/SHUD-OpenMP/SHUD/Basins/heihe_x4/forcing/X99.95Y41.05.csv
	 Reading 1007/1693: 	/scratch/frd_muziyao/SHUD-OpenMP/SHUD/Basins/heihe_x4/forcing/X99.95Y41.15.csv
	 Reading 1008/1693: 	/scratch/frd_muziyao/SHUD-OpenMP/SHUD/Basins/heihe_x4/forcing/X99.95Y41.25.csv
	 Reading 1009/1693: 	/scratch/frd_muziyao/SHUD-OpenMP/SHUD/Basins/heihe_x4/forcing/X99.95Y41.35.csv
	 Reading 1010/1693: 	/scratch/frd_muziyao/SHUD-OpenMP/SHUD/Basins/heihe_x4/forcing/X99.95Y41.45.csv
	 Reading 1011/1693: 	/scratch/frd_muziyao/SHUD-OpenMP/SHUD/Basins/heihe_x4/forcing/X99.95Y41.55.csv
	 Reading 1012/1693: 	/scratch/frd_muziyao/SHUD-OpenMP/SHUD/Basins/heihe_x4/forcing/X99.95Y41.65.csv
	 Reading 1013/1693: 	/scratch/frd_muziyao/SHUD-OpenMP/SHUD/Basins/heihe_x4/forcing/X99.95Y41.75.csv
	 Reading 1014/1693: 	/scratch/frd_muziyao/SHUD-OpenMP/SHUD/Basins/heihe_x4/forcing/X99.95Y41.85.csv
	 Reading 1015/1693: 	/scratch/frd_muziyao/SHUD-OpenMP/SHUD/Basins/heihe_x4/forcing/X99.95Y41.95.csv
	 Reading 1016/1693: 	/scratch/frd_muziyao/SHUD-OpenMP/SHUD/Basins/heihe_x4/forcing/X99.95Y42.05.csv
	 Reading 1017/1693: 	/scratch/frd_muziyao/SHUD-OpenMP/SHUD/Basins/heihe_x4/forcing/X99.95Y42.15.csv
	 Reading 1018/1693: 	/scratch/frd_muziyao/SHUD-OpenMP/SHUD/Basins/heihe_x4/forcing/X99.95Y42.25.csv
	 Reading 1019/1693: 	/scratch/frd_muziyao/SHUD-OpenMP/SHUD/Basins/heihe_x4/forcing/X99.95Y42.35.csv
	 Reading 1020/1693: 	/scratch/frd_muziyao/SHUD-OpenMP/SHUD/Basins/heihe_x4/forcing/X99.95Y42.45.csv
	 Reading 1021/1693: 	/scratch/frd_muziyao/SHUD-OpenMP/SHUD/Basins/heihe_x4/forcing/X99.95Y42.55.csv
	 Reading 1022/1693: 	/scratch/frd_muziyao/SHUD-OpenMP/SHUD/Basins/heihe_x4/forcing/X99.95Y42.65.csv
	 Reading 1023/1693: 	/scratch/frd_muziyao/SHUD-OpenMP/SHUD/Basins/heihe_x4/forcing/X100.05Y38.05.csv
	 Reading 1024/1693: 	/scratch/frd_muziyao/SHUD-OpenMP/SHUD/Basins/heihe_x4/forcing/X100.05Y38.15.csv
	 Reading 1025/1693: 	/scratch/frd_muziyao/SHUD-OpenMP/SHUD/Basins/heihe_x4/forcing/X100.05Y38.25.csv
	 Reading 1026/1693: 	/scratch/frd_muziyao/SHUD-OpenMP/SHUD/Basins/heihe_x4/forcing/X100.05Y38.35.csv
	 Reading 1027/1693: 	/scratch/frd_muziyao/SHUD-OpenMP/SHUD/Basins/heihe_x4/forcing/X100.05Y38.45.csv
	 Reading 1028/1693: 	/scratch/frd_muziyao/SHUD-OpenMP/SHUD/Basins/heihe_x4/forcing/X100.05Y38.55.csv
	 Reading 1029/1693: 	/scratch/frd_muziyao/SHUD-OpenMP/SHUD/Basins/heihe_x4/forcing/X100.05Y38.65.csv
	 Reading 1030/1693: 	/scratch/frd_muziyao/SHUD-OpenMP/SHUD/Basins/heihe_x4/forcing/X100.05Y38.75.csv
	 Reading 1031/1693: 	/scratch/frd_muziyao/SHUD-OpenMP/SHUD/Basins/heihe_x4/forcing/X100.05Y38.85.csv
	 Reading 1032/1693: 	/scratch/frd_muziyao/SHUD-OpenMP/SHUD/Basins/heihe_x4/forcing/X100.05Y38.95.csv
	 Reading 1033/1693: 	/scratch/frd_muziyao/SHUD-OpenMP/SHUD/Basins/heihe_x4/forcing/X100.05Y39.05.csv
	 Reading 1034/1693: 	/scratch/frd_muziyao/SHUD-OpenMP/SHUD/Basins/heihe_x4/forcing/X100.05Y39.15.csv
	 Reading 1035/1693: 	/scratch/frd_muziyao/SHUD-OpenMP/SHUD/Basins/heihe_x4/forcing/X100.05Y39.25.csv
	 Reading 1036/1693: 	/scratch/frd_muziyao/SHUD-OpenMP/SHUD/Basins/heihe_x4/forcing/X100.05Y39.35.csv
	 Reading 1037/1693: 	/scratch/frd_muziyao/SHUD-OpenMP/SHUD/Basins/heihe_x4/forcing/X100.05Y39.45.csv
	 Reading 1038/1693: 	/scratch/frd_muziyao/SHUD-OpenMP/SHUD/Basins/heihe_x4/forcing/X100.05Y39.55.csv
	 Reading 1039/1693: 	/scratch/frd_muziyao/SHUD-OpenMP/SHUD/Basins/heihe_x4/forcing/X100.05Y39.65.csv
	 Reading 1040/1693: 	/scratch/frd_muziyao/SHUD-OpenMP/SHUD/Basins/heihe_x4/forcing/X100.05Y40.25.csv
	 Reading 1041/1693: 	/scratch/frd_muziyao/SHUD-OpenMP/SHUD/Basins/heihe_x4/forcing/X100.05Y40.35.csv
	 Reading 1042/1693: 	/scratch/frd_muziyao/SHUD-OpenMP/SHUD/Basins/heihe_x4/forcing/X100.05Y40.45.csv
	 Reading 1043/1693: 	/scratch/frd_muziyao/SHUD-OpenMP/SHUD/Basins/heihe_x4/forcing/X100.05Y40.55.csv
	 Reading 1044/1693: 	/scratch/frd_muziyao/SHUD-OpenMP/SHUD/Basins/heihe_x4/forcing/X100.05Y40.65.csv
	 Reading 1045/1693: 	/scratch/frd_muziyao/SHUD-OpenMP/SHUD/Basins/heihe_x4/forcing/X100.05Y40.75.csv
	 Reading 1046/1693: 	/scratch/frd_muziyao/SHUD-OpenMP/SHUD/Basins/heihe_x4/forcing/X100.05Y40.85.csv
	 Reading 1047/1693: 	/scratch/frd_muziyao/SHUD-OpenMP/SHUD/Basins/heihe_x4/forcing/X100.05Y40.95.csv
	 Reading 1048/1693: 	/scratch/frd_muziyao/SHUD-OpenMP/SHUD/Basins/heihe_x4/forcing/X100.05Y41.05.csv
	 Reading 1049/1693: 	/scratch/frd_muziyao/SHUD-OpenMP/SHUD/Basins/heihe_x4/forcing/X100.05Y41.15.csv
	 Reading 1050/1693: 	/scratch/frd_muziyao/SHUD-OpenMP/SHUD/Basins/heihe_x4/forcing/X100.05Y41.25.csv
	 Reading 1051/1693: 	/scratch/frd_muziyao/SHUD-OpenMP/SHUD/Basins/heihe_x4/forcing/X100.05Y41.35.csv
	 Reading 1052/1693: 	/scratch/frd_muziyao/SHUD-OpenMP/SHUD/Basins/heihe_x4/forcing/X100.05Y41.45.csv
	 Reading 1053/1693: 	/scratch/frd_muziyao/SHUD-OpenMP/SHUD/Basins/heihe_x4/forcing/X100.05Y41.55.csv
	 Reading 1054/1693: 	/scratch/frd_muziyao/SHUD-OpenMP/SHUD/Basins/heihe_x4/forcing/X100.05Y41.65.csv
	 Reading 1055/1693: 	/scratch/frd_muziyao/SHUD-OpenMP/SHUD/Basins/heihe_x4/forcing/X100.05Y41.75.csv
	 Reading 1056/1693: 	/scratch/frd_muziyao/SHUD-OpenMP/SHUD/Basins/heihe_x4/forcing/X100.05Y41.85.csv
	 Reading 1057/1693: 	/scratch/frd_muziyao/SHUD-OpenMP/SHUD/Basins/heihe_x4/forcing/X100.05Y41.95.csv
	 Reading 1058/1693: 	/scratch/frd_muziyao/SHUD-OpenMP/SHUD/Basins/heihe_x4/forcing/X100.05Y42.05.csv
	 Reading 1059/1693: 	/scratch/frd_muziyao/SHUD-OpenMP/SHUD/Basins/heihe_x4/forcing/X100.05Y42.15.csv
	 Reading 1060/1693: 	/scratch/frd_muziyao/SHUD-OpenMP/SHUD/Basins/heihe_x4/forcing/X100.05Y42.25.csv
	 Reading 1061/1693: 	/scratch/frd_muziyao/SHUD-OpenMP/SHUD/Basins/heihe_x4/forcing/X100.05Y42.35.csv
	 Reading 1062/1693: 	/scratch/frd_muziyao/SHUD-OpenMP/SHUD/Basins/heihe_x4/forcing/X100.05Y42.45.csv
	 Reading 1063/1693: 	/scratch/frd_muziyao/SHUD-OpenMP/SHUD/Basins/heihe_x4/forcing/X100.05Y42.55.csv
	 Reading 1064/1693: 	/scratch/frd_muziyao/SHUD-OpenMP/SHUD/Basins/heihe_x4/forcing/X100.05Y42.65.csv
	 Reading 1065/1693: 	/scratch/frd_muziyao/SHUD-OpenMP/SHUD/Basins/heihe_x4/forcing/X100.15Y38.05.csv
	 Reading 1066/1693: 	/scratch/frd_muziyao/SHUD-OpenMP/SHUD/Basins/heihe_x4/forcing/X100.15Y38.15.csv
	 Reading 1067/1693: 	/scratch/frd_muziyao/SHUD-OpenMP/SHUD/Basins/heihe_x4/forcing/X100.15Y38.25.csv
	 Reading 1068/1693: 	/scratch/frd_muziyao/SHUD-OpenMP/SHUD/Basins/heihe_x4/forcing/X100.15Y38.35.csv
	 Reading 1069/1693: 	/scratch/frd_muziyao/SHUD-OpenMP/SHUD/Basins/heihe_x4/forcing/X100.15Y38.45.csv
	 Reading 1070/1693: 	/scratch/frd_muziyao/SHUD-OpenMP/SHUD/Basins/heihe_x4/forcing/X100.15Y38.55.csv
	 Reading 1071/1693: 	/scratch/frd_muziyao/SHUD-OpenMP/SHUD/Basins/heihe_x4/forcing/X100.15Y38.65.csv
	 Reading 1072/1693: 	/scratch/frd_muziyao/SHUD-OpenMP/SHUD/Basins/heihe_x4/forcing/X100.15Y38.75.csv
	 Reading 1073/1693: 	/scratch/frd_muziyao/SHUD-OpenMP/SHUD/Basins/heihe_x4/forcing/X100.15Y38.85.csv
	 Reading 1074/1693: 	/scratch/frd_muziyao/SHUD-OpenMP/SHUD/Basins/heihe_x4/forcing/X100.15Y38.95.csv
	 Reading 1075/1693: 	/scratch/frd_muziyao/SHUD-OpenMP/SHUD/Basins/heihe_x4/forcing/X100.15Y39.05.csv
	 Reading 1076/1693: 	/scratch/frd_muziyao/SHUD-OpenMP/SHUD/Basins/heihe_x4/forcing/X100.15Y39.15.csv
	 Reading 1077/1693: 	/scratch/frd_muziyao/SHUD-OpenMP/SHUD/Basins/heihe_x4/forcing/X100.15Y39.25.csv
	 Reading 1078/1693: 	/scratch/frd_muziyao/SHUD-OpenMP/SHUD/Basins/heihe_x4/forcing/X100.15Y39.35.csv
	 Reading 1079/1693: 	/scratch/frd_muziyao/SHUD-OpenMP/SHUD/Basins/heihe_x4/forcing/X100.15Y39.45.csv
	 Reading 1080/1693: 	/scratch/frd_muziyao/SHUD-OpenMP/SHUD/Basins/heihe_x4/forcing/X100.15Y39.55.csv
	 Reading 1081/1693: 	/scratch/frd_muziyao/SHUD-OpenMP/SHUD/Basins/heihe_x4/forcing/X100.15Y39.65.csv
	 Reading 1082/1693: 	/scratch/frd_muziyao/SHUD-OpenMP/SHUD/Basins/heihe_x4/forcing/X100.15Y40.25.csv
	 Reading 1083/1693: 	/scratch/frd_muziyao/SHUD-OpenMP/SHUD/Basins/heihe_x4/forcing/X100.15Y40.35.csv
	 Reading 1084/1693: 	/scratch/frd_muziyao/SHUD-OpenMP/SHUD/Basins/heihe_x4/forcing/X100.15Y40.45.csv
	 Reading 1085/1693: 	/scratch/frd_muziyao/SHUD-OpenMP/SHUD/Basins/heihe_x4/forcing/X100.15Y40.55.csv
	 Reading 1086/1693: 	/scratch/frd_muziyao/SHUD-OpenMP/SHUD/Basins/heihe_x4/forcing/X100.15Y40.65.csv
	 Reading 1087/1693: 	/scratch/frd_muziyao/SHUD-OpenMP/SHUD/Basins/heihe_x4/forcing/X100.15Y40.75.csv
	 Reading 1088/1693: 	/scratch/frd_muziyao/SHUD-OpenMP/SHUD/Basins/heihe_x4/forcing/X100.15Y40.85.csv
	 Reading 1089/1693: 	/scratch/frd_muziyao/SHUD-OpenMP/SHUD/Basins/heihe_x4/forcing/X100.15Y40.95.csv
	 Reading 1090/1693: 	/scratch/frd_muziyao/SHUD-OpenMP/SHUD/Basins/heihe_x4/forcing/X100.15Y41.05.csv
	 Reading 1091/1693: 	/scratch/frd_muziyao/SHUD-OpenMP/SHUD/Basins/heihe_x4/forcing/X100.15Y41.15.csv
	 Reading 1092/1693: 	/scratch/frd_muziyao/SHUD-OpenMP/SHUD/Basins/heihe_x4/forcing/X100.15Y41.25.csv
	 Reading 1093/1693: 	/scratch/frd_muziyao/SHUD-OpenMP/SHUD/Basins/heihe_x4/forcing/X100.15Y41.35.csv
	 Reading 1094/1693: 	/scratch/frd_muziyao/SHUD-OpenMP/SHUD/Basins/heihe_x4/forcing/X100.15Y41.45.csv
	 Reading 1095/1693: 	/scratch/frd_muziyao/SHUD-OpenMP/SHUD/Basins/heihe_x4/forcing/X100.15Y41.55.csv
	 Reading 1096/1693: 	/scratch/frd_muziyao/SHUD-OpenMP/SHUD/Basins/heihe_x4/forcing/X100.15Y41.65.csv
	 Reading 1097/1693: 	/scratch/frd_muziyao/SHUD-OpenMP/SHUD/Basins/heihe_x4/forcing/X100.15Y41.75.csv
	 Reading 1098/1693: 	/scratch/frd_muziyao/SHUD-OpenMP/SHUD/Basins/heihe_x4/forcing/X100.15Y41.85.csv
	 Reading 1099/1693: 	/scratch/frd_muziyao/SHUD-OpenMP/SHUD/Basins/heihe_x4/forcing/X100.15Y41.95.csv
	 Reading 1100/1693: 	/scratch/frd_muziyao/SHUD-OpenMP/SHUD/Basins/heihe_x4/forcing/X100.15Y42.05.csv
	 Reading 1101/1693: 	/scratch/frd_muziyao/SHUD-OpenMP/SHUD/Basins/heihe_x4/forcing/X100.15Y42.15.csv
	 Reading 1102/1693: 	/scratch/frd_muziyao/SHUD-OpenMP/SHUD/Basins/heihe_x4/forcing/X100.15Y42.25.csv
	 Reading 1103/1693: 	/scratch/frd_muziyao/SHUD-OpenMP/SHUD/Basins/heihe_x4/forcing/X100.15Y42.35.csv
	 Reading 1104/1693: 	/scratch/frd_muziyao/SHUD-OpenMP/SHUD/Basins/heihe_x4/forcing/X100.15Y42.45.csv
	 Reading 1105/1693: 	/scratch/frd_muziyao/SHUD-OpenMP/SHUD/Basins/heihe_x4/forcing/X100.15Y42.55.csv
	 Reading 1106/1693: 	/scratch/frd_muziyao/SHUD-OpenMP/SHUD/Basins/heihe_x4/forcing/X100.15Y42.65.csv
	 Reading 1107/1693: 	/scratch/frd_muziyao/SHUD-OpenMP/SHUD/Basins/heihe_x4/forcing/X100.25Y37.95.csv
	 Reading 1108/1693: 	/scratch/frd_muziyao/SHUD-OpenMP/SHUD/Basins/heihe_x4/forcing/X100.25Y38.05.csv
	 Reading 1109/1693: 	/scratch/frd_muziyao/SHUD-OpenMP/SHUD/Basins/heihe_x4/forcing/X100.25Y38.15.csv
	 Reading 1110/1693: 	/scratch/frd_muziyao/SHUD-OpenMP/SHUD/Basins/heihe_x4/forcing/X100.25Y38.25.csv
	 Reading 1111/1693: 	/scratch/frd_muziyao/SHUD-OpenMP/SHUD/Basins/heihe_x4/forcing/X100.25Y38.35.csv
	 Reading 1112/1693: 	/scratch/frd_muziyao/SHUD-OpenMP/SHUD/Basins/heihe_x4/forcing/X100.25Y38.45.csv
	 Reading 1113/1693: 	/scratch/frd_muziyao/SHUD-OpenMP/SHUD/Basins/heihe_x4/forcing/X100.25Y38.55.csv
	 Reading 1114/1693: 	/scratch/frd_muziyao/SHUD-OpenMP/SHUD/Basins/heihe_x4/forcing/X100.25Y38.65.csv
	 Reading 1115/1693: 	/scratch/frd_muziyao/SHUD-OpenMP/SHUD/Basins/heihe_x4/forcing/X100.25Y38.75.csv
	 Reading 1116/1693: 	/scratch/frd_muziyao/SHUD-OpenMP/SHUD/Basins/heihe_x4/forcing/X100.25Y38.85.csv
	 Reading 1117/1693: 	/scratch/frd_muziyao/SHUD-OpenMP/SHUD/Basins/heihe_x4/forcing/X100.25Y38.95.csv
	 Reading 1118/1693: 	/scratch/frd_muziyao/SHUD-OpenMP/SHUD/Basins/heihe_x4/forcing/X100.25Y39.05.csv
	 Reading 1119/1693: 	/scratch/frd_muziyao/SHUD-OpenMP/SHUD/Basins/heihe_x4/forcing/X100.25Y39.15.csv
	 Reading 1120/1693: 	/scratch/frd_muziyao/SHUD-OpenMP/SHUD/Basins/heihe_x4/forcing/X100.25Y39.25.csv
	 Reading 1121/1693: 	/scratch/frd_muziyao/SHUD-OpenMP/SHUD/Basins/heihe_x4/forcing/X100.25Y39.35.csv
	 Reading 1122/1693: 	/scratch/frd_muziyao/SHUD-OpenMP/SHUD/Basins/heihe_x4/forcing/X100.25Y39.45.csv
	 Reading 1123/1693: 	/scratch/frd_muziyao/SHUD-OpenMP/SHUD/Basins/heihe_x4/forcing/X100.25Y39.55.csv
	 Reading 1124/1693: 	/scratch/frd_muziyao/SHUD-OpenMP/SHUD/Basins/heihe_x4/forcing/X100.25Y39.65.csv
	 Reading 1125/1693: 	/scratch/frd_muziyao/SHUD-OpenMP/SHUD/Basins/heihe_x4/forcing/X100.25Y40.35.csv
	 Reading 1126/1693: 	/scratch/frd_muziyao/SHUD-OpenMP/SHUD/Basins/heihe_x4/forcing/X100.25Y40.45.csv
	 Reading 1127/1693: 	/scratch/frd_muziyao/SHUD-OpenMP/SHUD/Basins/heihe_x4/forcing/X100.25Y40.55.csv
	 Reading 1128/1693: 	/scratch/frd_muziyao/SHUD-OpenMP/SHUD/Basins/heihe_x4/forcing/X100.25Y40.65.csv
	 Reading 1129/1693: 	/scratch/frd_muziyao/SHUD-OpenMP/SHUD/Basins/heihe_x4/forcing/X100.25Y40.75.csv
	 Reading 1130/1693: 	/scratch/frd_muziyao/SHUD-OpenMP/SHUD/Basins/heihe_x4/forcing/X100.25Y40.85.csv
	 Reading 1131/1693: 	/scratch/frd_muziyao/SHUD-OpenMP/SHUD/Basins/heihe_x4/forcing/X100.25Y40.95.csv
	 Reading 1132/1693: 	/scratch/frd_muziyao/SHUD-OpenMP/SHUD/Basins/heihe_x4/forcing/X100.25Y41.05.csv
	 Reading 1133/1693: 	/scratch/frd_muziyao/SHUD-OpenMP/SHUD/Basins/heihe_x4/forcing/X100.25Y41.15.csv
	 Reading 1134/1693: 	/scratch/frd_muziyao/SHUD-OpenMP/SHUD/Basins/heihe_x4/forcing/X100.25Y41.25.csv
	 Reading 1135/1693: 	/scratch/frd_muziyao/SHUD-OpenMP/SHUD/Basins/heihe_x4/forcing/X100.25Y41.35.csv
	 Reading 1136/1693: 	/scratch/frd_muziyao/SHUD-OpenMP/SHUD/Basins/heihe_x4/forcing/X100.25Y41.45.csv
	 Reading 1137/1693: 	/scratch/frd_muziyao/SHUD-OpenMP/SHUD/Basins/heihe_x4/forcing/X100.25Y41.55.csv
	 Reading 1138/1693: 	/scratch/frd_muziyao/SHUD-OpenMP/SHUD/Basins/heihe_x4/forcing/X100.25Y41.65.csv
	 Reading 1139/1693: 	/scratch/frd_muziyao/SHUD-OpenMP/SHUD/Basins/heihe_x4/forcing/X100.25Y41.75.csv
	 Reading 1140/1693: 	/scratch/frd_muziyao/SHUD-OpenMP/SHUD/Basins/heihe_x4/forcing/X100.25Y41.85.csv
	 Reading 1141/1693: 	/scratch/frd_muziyao/SHUD-OpenMP/SHUD/Basins/heihe_x4/forcing/X100.25Y41.95.csv
	 Reading 1142/1693: 	/scratch/frd_muziyao/SHUD-OpenMP/SHUD/Basins/heihe_x4/forcing/X100.25Y42.05.csv
	 Reading 1143/1693: 	/scratch/frd_muziyao/SHUD-OpenMP/SHUD/Basins/heihe_x4/forcing/X100.25Y42.15.csv
	 Reading 1144/1693: 	/scratch/frd_muziyao/SHUD-OpenMP/SHUD/Basins/heihe_x4/forcing/X100.25Y42.25.csv
	 Reading 1145/1693: 	/scratch/frd_muziyao/SHUD-OpenMP/SHUD/Basins/heihe_x4/forcing/X100.25Y42.35.csv
	 Reading 1146/1693: 	/scratch/frd_muziyao/SHUD-OpenMP/SHUD/Basins/heihe_x4/forcing/X100.25Y42.45.csv
	 Reading 1147/1693: 	/scratch/frd_muziyao/SHUD-OpenMP/SHUD/Basins/heihe_x4/forcing/X100.25Y42.55.csv
	 Reading 1148/1693: 	/scratch/frd_muziyao/SHUD-OpenMP/SHUD/Basins/heihe_x4/forcing/X100.25Y42.65.csv
	 Reading 1149/1693: 	/scratch/frd_muziyao/SHUD-OpenMP/SHUD/Basins/heihe_x4/forcing/X100.25Y42.75.csv
	 Reading 1150/1693: 	/scratch/frd_muziyao/SHUD-OpenMP/SHUD/Basins/heihe_x4/forcing/X100.35Y37.95.csv
	 Reading 1151/1693: 	/scratch/frd_muziyao/SHUD-OpenMP/SHUD/Basins/heihe_x4/forcing/X100.35Y38.05.csv
	 Reading 1152/1693: 	/scratch/frd_muziyao/SHUD-OpenMP/SHUD/Basins/heihe_x4/forcing/X100.35Y38.15.csv
	 Reading 1153/1693: 	/scratch/frd_muziyao/SHUD-OpenMP/SHUD/Basins/heihe_x4/forcing/X100.35Y38.25.csv
	 Reading 1154/1693: 	/scratch/frd_muziyao/SHUD-OpenMP/SHUD/Basins/heihe_x4/forcing/X100.35Y38.35.csv
	 Reading 1155/1693: 	/scratch/frd_muziyao/SHUD-OpenMP/SHUD/Basins/heihe_x4/forcing/X100.35Y38.45.csv
	 Reading 1156/1693: 	/scratch/frd_muziyao/SHUD-OpenMP/SHUD/Basins/heihe_x4/forcing/X100.35Y38.55.csv
	 Reading 1157/1693: 	/scratch/frd_muziyao/SHUD-OpenMP/SHUD/Basins/heihe_x4/forcing/X100.35Y38.65.csv
	 Reading 1158/1693: 	/scratch/frd_muziyao/SHUD-OpenMP/SHUD/Basins/heihe_x4/forcing/X100.35Y38.75.csv
	 Reading 1159/1693: 	/scratch/frd_muziyao/SHUD-OpenMP/SHUD/Basins/heihe_x4/forcing/X100.35Y38.85.csv
	 Reading 1160/1693: 	/scratch/frd_muziyao/SHUD-OpenMP/SHUD/Basins/heihe_x4/forcing/X100.35Y38.95.csv
	 Reading 1161/1693: 	/scratch/frd_muziyao/SHUD-OpenMP/SHUD/Basins/heihe_x4/forcing/X100.35Y39.05.csv
	 Reading 1162/1693: 	/scratch/frd_muziyao/SHUD-OpenMP/SHUD/Basins/heihe_x4/forcing/X100.35Y39.15.csv
	 Reading 1163/1693: 	/scratch/frd_muziyao/SHUD-OpenMP/SHUD/Basins/heihe_x4/forcing/X100.35Y39.25.csv
	 Reading 1164/1693: 	/scratch/frd_muziyao/SHUD-OpenMP/SHUD/Basins/heihe_x4/forcing/X100.35Y39.35.csv
	 Reading 1165/1693: 	/scratch/frd_muziyao/SHUD-OpenMP/SHUD/Basins/heihe_x4/forcing/X100.35Y39.45.csv
	 Reading 1166/1693: 	/scratch/frd_muziyao/SHUD-OpenMP/SHUD/Basins/heihe_x4/forcing/X100.35Y39.55.csv
	 Reading 1167/1693: 	/scratch/frd_muziyao/SHUD-OpenMP/SHUD/Basins/heihe_x4/forcing/X100.35Y40.35.csv
	 Reading 1168/1693: 	/scratch/frd_muziyao/SHUD-OpenMP/SHUD/Basins/heihe_x4/forcing/X100.35Y40.45.csv
	 Reading 1169/1693: 	/scratch/frd_muziyao/SHUD-OpenMP/SHUD/Basins/heihe_x4/forcing/X100.35Y40.55.csv
	 Reading 1170/1693: 	/scratch/frd_muziyao/SHUD-OpenMP/SHUD/Basins/heihe_x4/forcing/X100.35Y40.65.csv
	 Reading 1171/1693: 	/scratch/frd_muziyao/SHUD-OpenMP/SHUD/Basins/heihe_x4/forcing/X100.35Y40.75.csv
	 Reading 1172/1693: 	/scratch/frd_muziyao/SHUD-OpenMP/SHUD/Basins/heihe_x4/forcing/X100.35Y40.85.csv
	 Reading 1173/1693: 	/scratch/frd_muziyao/SHUD-OpenMP/SHUD/Basins/heihe_x4/forcing/X100.35Y40.95.csv
	 Reading 1174/1693: 	/scratch/frd_muziyao/SHUD-OpenMP/SHUD/Basins/heihe_x4/forcing/X100.35Y41.05.csv
	 Reading 1175/1693: 	/scratch/frd_muziyao/SHUD-OpenMP/SHUD/Basins/heihe_x4/forcing/X100.35Y41.15.csv
	 Reading 1176/1693: 	/scratch/frd_muziyao/SHUD-OpenMP/SHUD/Basins/heihe_x4/forcing/X100.35Y41.25.csv
	 Reading 1177/1693: 	/scratch/frd_muziyao/SHUD-OpenMP/SHUD/Basins/heihe_x4/forcing/X100.35Y41.35.csv
	 Reading 1178/1693: 	/scratch/frd_muziyao/SHUD-OpenMP/SHUD/Basins/heihe_x4/forcing/X100.35Y41.45.csv
	 Reading 1179/1693: 	/scratch/frd_muziyao/SHUD-OpenMP/SHUD/Basins/heihe_x4/forcing/X100.35Y41.55.csv
	 Reading 1180/1693: 	/scratch/frd_muziyao/SHUD-OpenMP/SHUD/Basins/heihe_x4/forcing/X100.35Y41.65.csv
	 Reading 1181/1693: 	/scratch/frd_muziyao/SHUD-OpenMP/SHUD/Basins/heihe_x4/forcing/X100.35Y41.75.csv
	 Reading 1182/1693: 	/scratch/frd_muziyao/SHUD-OpenMP/SHUD/Basins/heihe_x4/forcing/X100.35Y41.85.csv
	 Reading 1183/1693: 	/scratch/frd_muziyao/SHUD-OpenMP/SHUD/Basins/heihe_x4/forcing/X100.35Y41.95.csv
	 Reading 1184/1693: 	/scratch/frd_muziyao/SHUD-OpenMP/SHUD/Basins/heihe_x4/forcing/X100.35Y42.05.csv
	 Reading 1185/1693: 	/scratch/frd_muziyao/SHUD-OpenMP/SHUD/Basins/heihe_x4/forcing/X100.35Y42.15.csv
	 Reading 1186/1693: 	/scratch/frd_muziyao/SHUD-OpenMP/SHUD/Basins/heihe_x4/forcing/X100.35Y42.25.csv
	 Reading 1187/1693: 	/scratch/frd_muziyao/SHUD-OpenMP/SHUD/Basins/heihe_x4/forcing/X100.35Y42.35.csv
	 Reading 1188/1693: 	/scratch/frd_muziyao/SHUD-OpenMP/SHUD/Basins/heihe_x4/forcing/X100.35Y42.45.csv
	 Reading 1189/1693: 	/scratch/frd_muziyao/SHUD-OpenMP/SHUD/Basins/heihe_x4/forcing/X100.35Y42.55.csv
	 Reading 1190/1693: 	/scratch/frd_muziyao/SHUD-OpenMP/SHUD/Basins/heihe_x4/forcing/X100.35Y42.65.csv
	 Reading 1191/1693: 	/scratch/frd_muziyao/SHUD-OpenMP/SHUD/Basins/heihe_x4/forcing/X100.35Y42.75.csv
	 Reading 1192/1693: 	/scratch/frd_muziyao/SHUD-OpenMP/SHUD/Basins/heihe_x4/forcing/X100.45Y37.85.csv
	 Reading 1193/1693: 	/scratch/frd_muziyao/SHUD-OpenMP/SHUD/Basins/heihe_x4/forcing/X100.45Y37.95.csv
	 Reading 1194/1693: 	/scratch/frd_muziyao/SHUD-OpenMP/SHUD/Basins/heihe_x4/forcing/X100.45Y38.05.csv
	 Reading 1195/1693: 	/scratch/frd_muziyao/SHUD-OpenMP/SHUD/Basins/heihe_x4/forcing/X100.45Y38.15.csv
	 Reading 1196/1693: 	/scratch/frd_muziyao/SHUD-OpenMP/SHUD/Basins/heihe_x4/forcing/X100.45Y38.25.csv
	 Reading 1197/1693: 	/scratch/frd_muziyao/SHUD-OpenMP/SHUD/Basins/heihe_x4/forcing/X100.45Y38.35.csv
	 Reading 1198/1693: 	/scratch/frd_muziyao/SHUD-OpenMP/SHUD/Basins/heihe_x4/forcing/X100.45Y38.45.csv
	 Reading 1199/1693: 	/scratch/frd_muziyao/SHUD-OpenMP/SHUD/Basins/heihe_x4/forcing/X100.45Y38.55.csv
	 Reading 1200/1693: 	/scratch/frd_muziyao/SHUD-OpenMP/SHUD/Basins/heihe_x4/forcing/X100.45Y38.65.csv
	 Reading 1201/1693: 	/scratch/frd_muziyao/SHUD-OpenMP/SHUD/Basins/heihe_x4/forcing/X100.45Y38.75.csv
	 Reading 1202/1693: 	/scratch/frd_muziyao/SHUD-OpenMP/SHUD/Basins/heihe_x4/forcing/X100.45Y38.85.csv
	 Reading 1203/1693: 	/scratch/frd_muziyao/SHUD-OpenMP/SHUD/Basins/heihe_x4/forcing/X100.45Y38.95.csv
	 Reading 1204/1693: 	/scratch/frd_muziyao/SHUD-OpenMP/SHUD/Basins/heihe_x4/forcing/X100.45Y39.05.csv
	 Reading 1205/1693: 	/scratch/frd_muziyao/SHUD-OpenMP/SHUD/Basins/heihe_x4/forcing/X100.45Y39.15.csv
	 Reading 1206/1693: 	/scratch/frd_muziyao/SHUD-OpenMP/SHUD/Basins/heihe_x4/forcing/X100.45Y39.25.csv
	 Reading 1207/1693: 	/scratch/frd_muziyao/SHUD-OpenMP/SHUD/Basins/heihe_x4/forcing/X100.45Y39.35.csv
	 Reading 1208/1693: 	/scratch/frd_muziyao/SHUD-OpenMP/SHUD/Basins/heihe_x4/forcing/X100.45Y39.45.csv
	 Reading 1209/1693: 	/scratch/frd_muziyao/SHUD-OpenMP/SHUD/Basins/heihe_x4/forcing/X100.45Y39.55.csv
	 Reading 1210/1693: 	/scratch/frd_muziyao/SHUD-OpenMP/SHUD/Basins/heihe_x4/forcing/X100.45Y40.35.csv
	 Reading 1211/1693: 	/scratch/frd_muziyao/SHUD-OpenMP/SHUD/Basins/heihe_x4/forcing/X100.45Y40.45.csv
	 Reading 1212/1693: 	/scratch/frd_muziyao/SHUD-OpenMP/SHUD/Basins/heihe_x4/forcing/X100.45Y40.55.csv
	 Reading 1213/1693: 	/scratch/frd_muziyao/SHUD-OpenMP/SHUD/Basins/heihe_x4/forcing/X100.45Y40.65.csv
	 Reading 1214/1693: 	/scratch/frd_muziyao/SHUD-OpenMP/SHUD/Basins/heihe_x4/forcing/X100.45Y40.75.csv
	 Reading 1215/1693: 	/scratch/frd_muziyao/SHUD-OpenMP/SHUD/Basins/heihe_x4/forcing/X100.45Y40.85.csv
	 Reading 1216/1693: 	/scratch/frd_muziyao/SHUD-OpenMP/SHUD/Basins/heihe_x4/forcing/X100.45Y40.95.csv
	 Reading 1217/1693: 	/scratch/frd_muziyao/SHUD-OpenMP/SHUD/Basins/heihe_x4/forcing/X100.45Y41.05.csv
	 Reading 1218/1693: 	/scratch/frd_muziyao/SHUD-OpenMP/SHUD/Basins/heihe_x4/forcing/X100.45Y41.15.csv
	 Reading 1219/1693: 	/scratch/frd_muziyao/SHUD-OpenMP/SHUD/Basins/heihe_x4/forcing/X100.45Y41.25.csv
	 Reading 1220/1693: 	/scratch/frd_muziyao/SHUD-OpenMP/SHUD/Basins/heihe_x4/forcing/X100.45Y41.35.csv
	 Reading 1221/1693: 	/scratch/frd_muziyao/SHUD-OpenMP/SHUD/Basins/heihe_x4/forcing/X100.45Y41.45.csv
	 Reading 1222/1693: 	/scratch/frd_muziyao/SHUD-OpenMP/SHUD/Basins/heihe_x4/forcing/X100.45Y41.55.csv
	 Reading 1223/1693: 	/scratch/frd_muziyao/SHUD-OpenMP/SHUD/Basins/heihe_x4/forcing/X100.45Y41.65.csv
	 Reading 1224/1693: 	/scratch/frd_muziyao/SHUD-OpenMP/SHUD/Basins/heihe_x4/forcing/X100.45Y41.75.csv
	 Reading 1225/1693: 	/scratch/frd_muziyao/SHUD-OpenMP/SHUD/Basins/heihe_x4/forcing/X100.45Y41.85.csv
	 Reading 1226/1693: 	/scratch/frd_muziyao/SHUD-OpenMP/SHUD/Basins/heihe_x4/forcing/X100.45Y41.95.csv
	 Reading 1227/1693: 	/scratch/frd_muziyao/SHUD-OpenMP/SHUD/Basins/heihe_x4/forcing/X100.45Y42.05.csv
	 Reading 1228/1693: 	/scratch/frd_muziyao/SHUD-OpenMP/SHUD/Basins/heihe_x4/forcing/X100.45Y42.15.csv
	 Reading 1229/1693: 	/scratch/frd_muziyao/SHUD-OpenMP/SHUD/Basins/heihe_x4/forcing/X100.45Y42.25.csv
	 Reading 1230/1693: 	/scratch/frd_muziyao/SHUD-OpenMP/SHUD/Basins/heihe_x4/forcing/X100.45Y42.35.csv
	 Reading 1231/1693: 	/scratch/frd_muziyao/SHUD-OpenMP/SHUD/Basins/heihe_x4/forcing/X100.45Y42.45.csv
	 Reading 1232/1693: 	/scratch/frd_muziyao/SHUD-OpenMP/SHUD/Basins/heihe_x4/forcing/X100.45Y42.55.csv
	 Reading 1233/1693: 	/scratch/frd_muziyao/SHUD-OpenMP/SHUD/Basins/heihe_x4/forcing/X100.45Y42.65.csv
	 Reading 1234/1693: 	/scratch/frd_muziyao/SHUD-OpenMP/SHUD/Basins/heihe_x4/forcing/X100.45Y42.75.csv
	 Reading 1235/1693: 	/scratch/frd_muziyao/SHUD-OpenMP/SHUD/Basins/heihe_x4/forcing/X100.55Y37.85.csv
	 Reading 1236/1693: 	/scratch/frd_muziyao/SHUD-OpenMP/SHUD/Basins/heihe_x4/forcing/X100.55Y37.95.csv
	 Reading 1237/1693: 	/scratch/frd_muziyao/SHUD-OpenMP/SHUD/Basins/heihe_x4/forcing/X100.55Y38.05.csv
	 Reading 1238/1693: 	/scratch/frd_muziyao/SHUD-OpenMP/SHUD/Basins/heihe_x4/forcing/X100.55Y38.15.csv
	 Reading 1239/1693: 	/scratch/frd_muziyao/SHUD-OpenMP/SHUD/Basins/heihe_x4/forcing/X100.55Y38.25.csv
	 Reading 1240/1693: 	/scratch/frd_muziyao/SHUD-OpenMP/SHUD/Basins/heihe_x4/forcing/X100.55Y38.35.csv
	 Reading 1241/1693: 	/scratch/frd_muziyao/SHUD-OpenMP/SHUD/Basins/heihe_x4/forcing/X100.55Y38.45.csv
	 Reading 1242/1693: 	/scratch/frd_muziyao/SHUD-OpenMP/SHUD/Basins/heihe_x4/forcing/X100.55Y38.55.csv
	 Reading 1243/1693: 	/scratch/frd_muziyao/SHUD-OpenMP/SHUD/Basins/heihe_x4/forcing/X100.55Y38.65.csv
	 Reading 1244/1693: 	/scratch/frd_muziyao/SHUD-OpenMP/SHUD/Basins/heihe_x4/forcing/X100.55Y38.75.csv
	 Reading 1245/1693: 	/scratch/frd_muziyao/SHUD-OpenMP/SHUD/Basins/heihe_x4/forcing/X100.55Y38.85.csv
	 Reading 1246/1693: 	/scratch/frd_muziyao/SHUD-OpenMP/SHUD/Basins/heihe_x4/forcing/X100.55Y38.95.csv
	 Reading 1247/1693: 	/scratch/frd_muziyao/SHUD-OpenMP/SHUD/Basins/heihe_x4/forcing/X100.55Y39.05.csv
	 Reading 1248/1693: 	/scratch/frd_muziyao/SHUD-OpenMP/SHUD/Basins/heihe_x4/forcing/X100.55Y39.15.csv
	 Reading 1249/1693: 	/scratch/frd_muziyao/SHUD-OpenMP/SHUD/Basins/heihe_x4/forcing/X100.55Y39.25.csv
	 Reading 1250/1693: 	/scratch/frd_muziyao/SHUD-OpenMP/SHUD/Basins/heihe_x4/forcing/X100.55Y39.35.csv
	 Reading 1251/1693: 	/scratch/frd_muziyao/SHUD-OpenMP/SHUD/Basins/heihe_x4/forcing/X100.55Y39.45.csv
	 Reading 1252/1693: 	/scratch/frd_muziyao/SHUD-OpenMP/SHUD/Basins/heihe_x4/forcing/X100.55Y39.55.csv
	 Reading 1253/1693: 	/scratch/frd_muziyao/SHUD-OpenMP/SHUD/Basins/heihe_x4/forcing/X100.55Y40.35.csv
	 Reading 1254/1693: 	/scratch/frd_muziyao/SHUD-OpenMP/SHUD/Basins/heihe_x4/forcing/X100.55Y40.45.csv
	 Reading 1255/1693: 	/scratch/frd_muziyao/SHUD-OpenMP/SHUD/Basins/heihe_x4/forcing/X100.55Y40.55.csv
	 Reading 1256/1693: 	/scratch/frd_muziyao/SHUD-OpenMP/SHUD/Basins/heihe_x4/forcing/X100.55Y40.65.csv
	 Reading 1257/1693: 	/scratch/frd_muziyao/SHUD-OpenMP/SHUD/Basins/heihe_x4/forcing/X100.55Y40.75.csv
	 Reading 1258/1693: 	/scratch/frd_muziyao/SHUD-OpenMP/SHUD/Basins/heihe_x4/forcing/X100.55Y40.85.csv
	 Reading 1259/1693: 	/scratch/frd_muziyao/SHUD-OpenMP/SHUD/Basins/heihe_x4/forcing/X100.55Y40.95.csv
	 Reading 1260/1693: 	/scratch/frd_muziyao/SHUD-OpenMP/SHUD/Basins/heihe_x4/forcing/X100.55Y41.05.csv
	 Reading 1261/1693: 	/scratch/frd_muziyao/SHUD-OpenMP/SHUD/Basins/heihe_x4/forcing/X100.55Y41.15.csv
	 Reading 1262/1693: 	/scratch/frd_muziyao/SHUD-OpenMP/SHUD/Basins/heihe_x4/forcing/X100.55Y41.25.csv
	 Reading 1263/1693: 	/scratch/frd_muziyao/SHUD-OpenMP/SHUD/Basins/heihe_x4/forcing/X100.55Y41.35.csv
	 Reading 1264/1693: 	/scratch/frd_muziyao/SHUD-OpenMP/SHUD/Basins/heihe_x4/forcing/X100.55Y41.45.csv
	 Reading 1265/1693: 	/scratch/frd_muziyao/SHUD-OpenMP/SHUD/Basins/heihe_x4/forcing/X100.55Y41.55.csv
	 Reading 1266/1693: 	/scratch/frd_muziyao/SHUD-OpenMP/SHUD/Basins/heihe_x4/forcing/X100.55Y41.65.csv
	 Reading 1267/1693: 	/scratch/frd_muziyao/SHUD-OpenMP/SHUD/Basins/heihe_x4/forcing/X100.55Y41.75.csv
	 Reading 1268/1693: 	/scratch/frd_muziyao/SHUD-OpenMP/SHUD/Basins/heihe_x4/forcing/X100.55Y41.85.csv
	 Reading 1269/1693: 	/scratch/frd_muziyao/SHUD-OpenMP/SHUD/Basins/heihe_x4/forcing/X100.55Y41.95.csv
	 Reading 1270/1693: 	/scratch/frd_muziyao/SHUD-OpenMP/SHUD/Basins/heihe_x4/forcing/X100.55Y42.05.csv
	 Reading 1271/1693: 	/scratch/frd_muziyao/SHUD-OpenMP/SHUD/Basins/heihe_x4/forcing/X100.55Y42.15.csv
	 Reading 1272/1693: 	/scratch/frd_muziyao/SHUD-OpenMP/SHUD/Basins/heihe_x4/forcing/X100.55Y42.25.csv
	 Reading 1273/1693: 	/scratch/frd_muziyao/SHUD-OpenMP/SHUD/Basins/heihe_x4/forcing/X100.55Y42.35.csv
	 Reading 1274/1693: 	/scratch/frd_muziyao/SHUD-OpenMP/SHUD/Basins/heihe_x4/forcing/X100.55Y42.45.csv
	 Reading 1275/1693: 	/scratch/frd_muziyao/SHUD-OpenMP/SHUD/Basins/heihe_x4/forcing/X100.55Y42.55.csv
	 Reading 1276/1693: 	/scratch/frd_muziyao/SHUD-OpenMP/SHUD/Basins/heihe_x4/forcing/X100.55Y42.65.csv
	 Reading 1277/1693: 	/scratch/frd_muziyao/SHUD-OpenMP/SHUD/Basins/heihe_x4/forcing/X100.55Y42.75.csv
	 Reading 1278/1693: 	/scratch/frd_muziyao/SHUD-OpenMP/SHUD/Basins/heihe_x4/forcing/X100.65Y37.75.csv
	 Reading 1279/1693: 	/scratch/frd_muziyao/SHUD-OpenMP/SHUD/Basins/heihe_x4/forcing/X100.65Y37.85.csv
	 Reading 1280/1693: 	/scratch/frd_muziyao/SHUD-OpenMP/SHUD/Basins/heihe_x4/forcing/X100.65Y37.95.csv
	 Reading 1281/1693: 	/scratch/frd_muziyao/SHUD-OpenMP/SHUD/Basins/heihe_x4/forcing/X100.65Y38.05.csv
	 Reading 1282/1693: 	/scratch/frd_muziyao/SHUD-OpenMP/SHUD/Basins/heihe_x4/forcing/X100.65Y38.15.csv
	 Reading 1283/1693: 	/scratch/frd_muziyao/SHUD-OpenMP/SHUD/Basins/heihe_x4/forcing/X100.65Y38.25.csv
	 Reading 1284/1693: 	/scratch/frd_muziyao/SHUD-OpenMP/SHUD/Basins/heihe_x4/forcing/X100.65Y38.35.csv
	 Reading 1285/1693: 	/scratch/frd_muziyao/SHUD-OpenMP/SHUD/Basins/heihe_x4/forcing/X100.65Y38.45.csv
	 Reading 1286/1693: 	/scratch/frd_muziyao/SHUD-OpenMP/SHUD/Basins/heihe_x4/forcing/X100.65Y38.55.csv
	 Reading 1287/1693: 	/scratch/frd_muziyao/SHUD-OpenMP/SHUD/Basins/heihe_x4/forcing/X100.65Y38.65.csv
	 Reading 1288/1693: 	/scratch/frd_muziyao/SHUD-OpenMP/SHUD/Basins/heihe_x4/forcing/X100.65Y38.75.csv
	 Reading 1289/1693: 	/scratch/frd_muziyao/SHUD-OpenMP/SHUD/Basins/heihe_x4/forcing/X100.65Y38.85.csv
	 Reading 1290/1693: 	/scratch/frd_muziyao/SHUD-OpenMP/SHUD/Basins/heihe_x4/forcing/X100.65Y38.95.csv
	 Reading 1291/1693: 	/scratch/frd_muziyao/SHUD-OpenMP/SHUD/Basins/heihe_x4/forcing/X100.65Y39.05.csv
	 Reading 1292/1693: 	/scratch/frd_muziyao/SHUD-OpenMP/SHUD/Basins/heihe_x4/forcing/X100.65Y39.15.csv
	 Reading 1293/1693: 	/scratch/frd_muziyao/SHUD-OpenMP/SHUD/Basins/heihe_x4/forcing/X100.65Y39.25.csv
	 Reading 1294/1693: 	/scratch/frd_muziyao/SHUD-OpenMP/SHUD/Basins/heihe_x4/forcing/X100.65Y39.35.csv
	 Reading 1295/1693: 	/scratch/frd_muziyao/SHUD-OpenMP/SHUD/Basins/heihe_x4/forcing/X100.65Y39.45.csv
	 Reading 1296/1693: 	/scratch/frd_muziyao/SHUD-OpenMP/SHUD/Basins/heihe_x4/forcing/X100.65Y39.55.csv
	 Reading 1297/1693: 	/scratch/frd_muziyao/SHUD-OpenMP/SHUD/Basins/heihe_x4/forcing/X100.65Y40.45.csv
	 Reading 1298/1693: 	/scratch/frd_muziyao/SHUD-OpenMP/SHUD/Basins/heihe_x4/forcing/X100.65Y40.55.csv
	 Reading 1299/1693: 	/scratch/frd_muziyao/SHUD-OpenMP/SHUD/Basins/heihe_x4/forcing/X100.65Y40.65.csv
	 Reading 1300/1693: 	/scratch/frd_muziyao/SHUD-OpenMP/SHUD/Basins/heihe_x4/forcing/X100.65Y40.75.csv
	 Reading 1301/1693: 	/scratch/frd_muziyao/SHUD-OpenMP/SHUD/Basins/heihe_x4/forcing/X100.65Y40.85.csv
	 Reading 1302/1693: 	/scratch/frd_muziyao/SHUD-OpenMP/SHUD/Basins/heihe_x4/forcing/X100.65Y40.95.csv
	 Reading 1303/1693: 	/scratch/frd_muziyao/SHUD-OpenMP/SHUD/Basins/heihe_x4/forcing/X100.65Y41.05.csv
	 Reading 1304/1693: 	/scratch/frd_muziyao/SHUD-OpenMP/SHUD/Basins/heihe_x4/forcing/X100.65Y41.15.csv
	 Reading 1305/1693: 	/scratch/frd_muziyao/SHUD-OpenMP/SHUD/Basins/heihe_x4/forcing/X100.65Y41.25.csv
	 Reading 1306/1693: 	/scratch/frd_muziyao/SHUD-OpenMP/SHUD/Basins/heihe_x4/forcing/X100.65Y41.35.csv
	 Reading 1307/1693: 	/scratch/frd_muziyao/SHUD-OpenMP/SHUD/Basins/heihe_x4/forcing/X100.65Y41.45.csv
	 Reading 1308/1693: 	/scratch/frd_muziyao/SHUD-OpenMP/SHUD/Basins/heihe_x4/forcing/X100.65Y41.55.csv
	 Reading 1309/1693: 	/scratch/frd_muziyao/SHUD-OpenMP/SHUD/Basins/heihe_x4/forcing/X100.65Y41.65.csv
	 Reading 1310/1693: 	/scratch/frd_muziyao/SHUD-OpenMP/SHUD/Basins/heihe_x4/forcing/X100.65Y41.75.csv
	 Reading 1311/1693: 	/scratch/frd_muziyao/SHUD-OpenMP/SHUD/Basins/heihe_x4/forcing/X100.65Y41.85.csv
	 Reading 1312/1693: 	/scratch/frd_muziyao/SHUD-OpenMP/SHUD/Basins/heihe_x4/forcing/X100.65Y41.95.csv
	 Reading 1313/1693: 	/scratch/frd_muziyao/SHUD-OpenMP/SHUD/Basins/heihe_x4/forcing/X100.65Y42.05.csv
	 Reading 1314/1693: 	/scratch/frd_muziyao/SHUD-OpenMP/SHUD/Basins/heihe_x4/forcing/X100.65Y42.15.csv
	 Reading 1315/1693: 	/scratch/frd_muziyao/SHUD-OpenMP/SHUD/Basins/heihe_x4/forcing/X100.65Y42.25.csv
	 Reading 1316/1693: 	/scratch/frd_muziyao/SHUD-OpenMP/SHUD/Basins/heihe_x4/forcing/X100.65Y42.35.csv
	 Reading 1317/1693: 	/scratch/frd_muziyao/SHUD-OpenMP/SHUD/Basins/heihe_x4/forcing/X100.65Y42.45.csv
	 Reading 1318/1693: 	/scratch/frd_muziyao/SHUD-OpenMP/SHUD/Basins/heihe_x4/forcing/X100.65Y42.55.csv
	 Reading 1319/1693: 	/scratch/frd_muziyao/SHUD-OpenMP/SHUD/Basins/heihe_x4/forcing/X100.65Y42.65.csv
	 Reading 1320/1693: 	/scratch/frd_muziyao/SHUD-OpenMP/SHUD/Basins/heihe_x4/forcing/X100.65Y42.75.csv
	 Reading 1321/1693: 	/scratch/frd_muziyao/SHUD-OpenMP/SHUD/Basins/heihe_x4/forcing/X100.75Y37.75.csv
	 Reading 1322/1693: 	/scratch/frd_muziyao/SHUD-OpenMP/SHUD/Basins/heihe_x4/forcing/X100.75Y37.85.csv
	 Reading 1323/1693: 	/scratch/frd_muziyao/SHUD-OpenMP/SHUD/Basins/heihe_x4/forcing/X100.75Y37.95.csv
	 Reading 1324/1693: 	/scratch/frd_muziyao/SHUD-OpenMP/SHUD/Basins/heihe_x4/forcing/X100.75Y38.05.csv
	 Reading 1325/1693: 	/scratch/frd_muziyao/SHUD-OpenMP/SHUD/Basins/heihe_x4/forcing/X100.75Y38.15.csv
	 Reading 1326/1693: 	/scratch/frd_muziyao/SHUD-OpenMP/SHUD/Basins/heihe_x4/forcing/X100.75Y38.25.csv
	 Reading 1327/1693: 	/scratch/frd_muziyao/SHUD-OpenMP/SHUD/Basins/heihe_x4/forcing/X100.75Y38.35.csv
	 Reading 1328/1693: 	/scratch/frd_muziyao/SHUD-OpenMP/SHUD/Basins/heihe_x4/forcing/X100.75Y38.45.csv
	 Reading 1329/1693: 	/scratch/frd_muziyao/SHUD-OpenMP/SHUD/Basins/heihe_x4/forcing/X100.75Y38.55.csv
	 Reading 1330/1693: 	/scratch/frd_muziyao/SHUD-OpenMP/SHUD/Basins/heihe_x4/forcing/X100.75Y38.65.csv
	 Reading 1331/1693: 	/scratch/frd_muziyao/SHUD-OpenMP/SHUD/Basins/heihe_x4/forcing/X100.75Y38.75.csv
	 Reading 1332/1693: 	/scratch/frd_muziyao/SHUD-OpenMP/SHUD/Basins/heihe_x4/forcing/X100.75Y38.85.csv
	 Reading 1333/1693: 	/scratch/frd_muziyao/SHUD-OpenMP/SHUD/Basins/heihe_x4/forcing/X100.75Y38.95.csv
	 Reading 1334/1693: 	/scratch/frd_muziyao/SHUD-OpenMP/SHUD/Basins/heihe_x4/forcing/X100.75Y39.05.csv
	 Reading 1335/1693: 	/scratch/frd_muziyao/SHUD-OpenMP/SHUD/Basins/heihe_x4/forcing/X100.75Y39.15.csv
	 Reading 1336/1693: 	/scratch/frd_muziyao/SHUD-OpenMP/SHUD/Basins/heihe_x4/forcing/X100.75Y39.25.csv
	 Reading 1337/1693: 	/scratch/frd_muziyao/SHUD-OpenMP/SHUD/Basins/heihe_x4/forcing/X100.75Y39.35.csv
	 Reading 1338/1693: 	/scratch/frd_muziyao/SHUD-OpenMP/SHUD/Basins/heihe_x4/forcing/X100.75Y39.45.csv
	 Reading 1339/1693: 	/scratch/frd_muziyao/SHUD-OpenMP/SHUD/Basins/heihe_x4/forcing/X100.75Y40.45.csv
	 Reading 1340/1693: 	/scratch/frd_muziyao/SHUD-OpenMP/SHUD/Basins/heihe_x4/forcing/X100.75Y40.55.csv
	 Reading 1341/1693: 	/scratch/frd_muziyao/SHUD-OpenMP/SHUD/Basins/heihe_x4/forcing/X100.75Y40.65.csv
	 Reading 1342/1693: 	/scratch/frd_muziyao/SHUD-OpenMP/SHUD/Basins/heihe_x4/forcing/X100.75Y40.75.csv
	 Reading 1343/1693: 	/scratch/frd_muziyao/SHUD-OpenMP/SHUD/Basins/heihe_x4/forcing/X100.75Y40.85.csv
	 Reading 1344/1693: 	/scratch/frd_muziyao/SHUD-OpenMP/SHUD/Basins/heihe_x4/forcing/X100.75Y40.95.csv
	 Reading 1345/1693: 	/scratch/frd_muziyao/SHUD-OpenMP/SHUD/Basins/heihe_x4/forcing/X100.75Y41.05.csv
	 Reading 1346/1693: 	/scratch/frd_muziyao/SHUD-OpenMP/SHUD/Basins/heihe_x4/forcing/X100.75Y41.15.csv
	 Reading 1347/1693: 	/scratch/frd_muziyao/SHUD-OpenMP/SHUD/Basins/heihe_x4/forcing/X100.75Y41.25.csv
	 Reading 1348/1693: 	/scratch/frd_muziyao/SHUD-OpenMP/SHUD/Basins/heihe_x4/forcing/X100.75Y41.35.csv
	 Reading 1349/1693: 	/scratch/frd_muziyao/SHUD-OpenMP/SHUD/Basins/heihe_x4/forcing/X100.75Y41.45.csv
	 Reading 1350/1693: 	/scratch/frd_muziyao/SHUD-OpenMP/SHUD/Basins/heihe_x4/forcing/X100.75Y41.55.csv
	 Reading 1351/1693: 	/scratch/frd_muziyao/SHUD-OpenMP/SHUD/Basins/heihe_x4/forcing/X100.75Y41.65.csv
	 Reading 1352/1693: 	/scratch/frd_muziyao/SHUD-OpenMP/SHUD/Basins/heihe_x4/forcing/X100.75Y41.75.csv
	 Reading 1353/1693: 	/scratch/frd_muziyao/SHUD-OpenMP/SHUD/Basins/heihe_x4/forcing/X100.75Y41.85.csv
	 Reading 1354/1693: 	/scratch/frd_muziyao/SHUD-OpenMP/SHUD/Basins/heihe_x4/forcing/X100.75Y41.95.csv
	 Reading 1355/1693: 	/scratch/frd_muziyao/SHUD-OpenMP/SHUD/Basins/heihe_x4/forcing/X100.75Y42.05.csv
	 Reading 1356/1693: 	/scratch/frd_muziyao/SHUD-OpenMP/SHUD/Basins/heihe_x4/forcing/X100.75Y42.15.csv
	 Reading 1357/1693: 	/scratch/frd_muziyao/SHUD-OpenMP/SHUD/Basins/heihe_x4/forcing/X100.75Y42.25.csv
	 Reading 1358/1693: 	/scratch/frd_muziyao/SHUD-OpenMP/SHUD/Basins/heihe_x4/forcing/X100.75Y42.35.csv
	 Reading 1359/1693: 	/scratch/frd_muziyao/SHUD-OpenMP/SHUD/Basins/heihe_x4/forcing/X100.75Y42.45.csv
	 Reading 1360/1693: 	/scratch/frd_muziyao/SHUD-OpenMP/SHUD/Basins/heihe_x4/forcing/X100.75Y42.55.csv
	 Reading 1361/1693: 	/scratch/frd_muziyao/SHUD-OpenMP/SHUD/Basins/heihe_x4/forcing/X100.75Y42.65.csv
	 Reading 1362/1693: 	/scratch/frd_muziyao/SHUD-OpenMP/SHUD/Basins/heihe_x4/forcing/X100.75Y42.75.csv
	 Reading 1363/1693: 	/scratch/frd_muziyao/SHUD-OpenMP/SHUD/Basins/heihe_x4/forcing/X100.85Y37.75.csv
	 Reading 1364/1693: 	/scratch/frd_muziyao/SHUD-OpenMP/SHUD/Basins/heihe_x4/forcing/X100.85Y37.85.csv
	 Reading 1365/1693: 	/scratch/frd_muziyao/SHUD-OpenMP/SHUD/Basins/heihe_x4/forcing/X100.85Y37.95.csv
	 Reading 1366/1693: 	/scratch/frd_muziyao/SHUD-OpenMP/SHUD/Basins/heihe_x4/forcing/X100.85Y38.05.csv
	 Reading 1367/1693: 	/scratch/frd_muziyao/SHUD-OpenMP/SHUD/Basins/heihe_x4/forcing/X100.85Y38.15.csv
	 Reading 1368/1693: 	/scratch/frd_muziyao/SHUD-OpenMP/SHUD/Basins/heihe_x4/forcing/X100.85Y38.25.csv
	 Reading 1369/1693: 	/scratch/frd_muziyao/SHUD-OpenMP/SHUD/Basins/heihe_x4/forcing/X100.85Y38.35.csv
	 Reading 1370/1693: 	/scratch/frd_muziyao/SHUD-OpenMP/SHUD/Basins/heihe_x4/forcing/X100.85Y38.45.csv
	 Reading 1371/1693: 	/scratch/frd_muziyao/SHUD-OpenMP/SHUD/Basins/heihe_x4/forcing/X100.85Y38.55.csv
	 Reading 1372/1693: 	/scratch/frd_muziyao/SHUD-OpenMP/SHUD/Basins/heihe_x4/forcing/X100.85Y38.65.csv
	 Reading 1373/1693: 	/scratch/frd_muziyao/SHUD-OpenMP/SHUD/Basins/heihe_x4/forcing/X100.85Y38.75.csv
	 Reading 1374/1693: 	/scratch/frd_muziyao/SHUD-OpenMP/SHUD/Basins/heihe_x4/forcing/X100.85Y38.85.csv
	 Reading 1375/1693: 	/scratch/frd_muziyao/SHUD-OpenMP/SHUD/Basins/heihe_x4/forcing/X100.85Y38.95.csv
	 Reading 1376/1693: 	/scratch/frd_muziyao/SHUD-OpenMP/SHUD/Basins/heihe_x4/forcing/X100.85Y39.05.csv
	 Reading 1377/1693: 	/scratch/frd_muziyao/SHUD-OpenMP/SHUD/Basins/heihe_x4/forcing/X100.85Y40.45.csv
	 Reading 1378/1693: 	/scratch/frd_muziyao/SHUD-OpenMP/SHUD/Basins/heihe_x4/forcing/X100.85Y40.55.csv
	 Reading 1379/1693: 	/scratch/frd_muziyao/SHUD-OpenMP/SHUD/Basins/heihe_x4/forcing/X100.85Y40.65.csv
	 Reading 1380/1693: 	/scratch/frd_muziyao/SHUD-OpenMP/SHUD/Basins/heihe_x4/forcing/X100.85Y40.75.csv
	 Reading 1381/1693: 	/scratch/frd_muziyao/SHUD-OpenMP/SHUD/Basins/heihe_x4/forcing/X100.85Y40.85.csv
	 Reading 1382/1693: 	/scratch/frd_muziyao/SHUD-OpenMP/SHUD/Basins/heihe_x4/forcing/X100.85Y40.95.csv
	 Reading 1383/1693: 	/scratch/frd_muziyao/SHUD-OpenMP/SHUD/Basins/heihe_x4/forcing/X100.85Y41.05.csv
	 Reading 1384/1693: 	/scratch/frd_muziyao/SHUD-OpenMP/SHUD/Basins/heihe_x4/forcing/X100.85Y41.15.csv
	 Reading 1385/1693: 	/scratch/frd_muziyao/SHUD-OpenMP/SHUD/Basins/heihe_x4/forcing/X100.85Y41.25.csv
	 Reading 1386/1693: 	/scratch/frd_muziyao/SHUD-OpenMP/SHUD/Basins/heihe_x4/forcing/X100.85Y41.35.csv
	 Reading 1387/1693: 	/scratch/frd_muziyao/SHUD-OpenMP/SHUD/Basins/heihe_x4/forcing/X100.85Y41.45.csv
	 Reading 1388/1693: 	/scratch/frd_muziyao/SHUD-OpenMP/SHUD/Basins/heihe_x4/forcing/X100.85Y41.55.csv
	 Reading 1389/1693: 	/scratch/frd_muziyao/SHUD-OpenMP/SHUD/Basins/heihe_x4/forcing/X100.85Y41.65.csv
	 Reading 1390/1693: 	/scratch/frd_muziyao/SHUD-OpenMP/SHUD/Basins/heihe_x4/forcing/X100.85Y41.75.csv
	 Reading 1391/1693: 	/scratch/frd_muziyao/SHUD-OpenMP/SHUD/Basins/heihe_x4/forcing/X100.85Y41.85.csv
	 Reading 1392/1693: 	/scratch/frd_muziyao/SHUD-OpenMP/SHUD/Basins/heihe_x4/forcing/X100.85Y41.95.csv
	 Reading 1393/1693: 	/scratch/frd_muziyao/SHUD-OpenMP/SHUD/Basins/heihe_x4/forcing/X100.85Y42.05.csv
	 Reading 1394/1693: 	/scratch/frd_muziyao/SHUD-OpenMP/SHUD/Basins/heihe_x4/forcing/X100.85Y42.15.csv
	 Reading 1395/1693: 	/scratch/frd_muziyao/SHUD-OpenMP/SHUD/Basins/heihe_x4/forcing/X100.85Y42.25.csv
	 Reading 1396/1693: 	/scratch/frd_muziyao/SHUD-OpenMP/SHUD/Basins/heihe_x4/forcing/X100.85Y42.35.csv
	 Reading 1397/1693: 	/scratch/frd_muziyao/SHUD-OpenMP/SHUD/Basins/heihe_x4/forcing/X100.85Y42.45.csv
	 Reading 1398/1693: 	/scratch/frd_muziyao/SHUD-OpenMP/SHUD/Basins/heihe_x4/forcing/X100.85Y42.55.csv
	 Reading 1399/1693: 	/scratch/frd_muziyao/SHUD-OpenMP/SHUD/Basins/heihe_x4/forcing/X100.85Y42.65.csv
	 Reading 1400/1693: 	/scratch/frd_muziyao/SHUD-OpenMP/SHUD/Basins/heihe_x4/forcing/X100.85Y42.75.csv
	 Reading 1401/1693: 	/scratch/frd_muziyao/SHUD-OpenMP/SHUD/Basins/heihe_x4/forcing/X100.95Y37.75.csv
	 Reading 1402/1693: 	/scratch/frd_muziyao/SHUD-OpenMP/SHUD/Basins/heihe_x4/forcing/X100.95Y37.85.csv
	 Reading 1403/1693: 	/scratch/frd_muziyao/SHUD-OpenMP/SHUD/Basins/heihe_x4/forcing/X100.95Y37.95.csv
	 Reading 1404/1693: 	/scratch/frd_muziyao/SHUD-OpenMP/SHUD/Basins/heihe_x4/forcing/X100.95Y38.05.csv
	 Reading 1405/1693: 	/scratch/frd_muziyao/SHUD-OpenMP/SHUD/Basins/heihe_x4/forcing/X100.95Y38.15.csv
	 Reading 1406/1693: 	/scratch/frd_muziyao/SHUD-OpenMP/SHUD/Basins/heihe_x4/forcing/X100.95Y38.25.csv
	 Reading 1407/1693: 	/scratch/frd_muziyao/SHUD-OpenMP/SHUD/Basins/heihe_x4/forcing/X100.95Y38.35.csv
	 Reading 1408/1693: 	/scratch/frd_muziyao/SHUD-OpenMP/SHUD/Basins/heihe_x4/forcing/X100.95Y38.45.csv
	 Reading 1409/1693: 	/scratch/frd_muziyao/SHUD-OpenMP/SHUD/Basins/heihe_x4/forcing/X100.95Y38.55.csv
	 Reading 1410/1693: 	/scratch/frd_muziyao/SHUD-OpenMP/SHUD/Basins/heihe_x4/forcing/X100.95Y38.65.csv
	 Reading 1411/1693: 	/scratch/frd_muziyao/SHUD-OpenMP/SHUD/Basins/heihe_x4/forcing/X100.95Y38.75.csv
	 Reading 1412/1693: 	/scratch/frd_muziyao/SHUD-OpenMP/SHUD/Basins/heihe_x4/forcing/X100.95Y38.85.csv
	 Reading 1413/1693: 	/scratch/frd_muziyao/SHUD-OpenMP/SHUD/Basins/heihe_x4/forcing/X100.95Y38.95.csv
	 Reading 1414/1693: 	/scratch/frd_muziyao/SHUD-OpenMP/SHUD/Basins/heihe_x4/forcing/X100.95Y40.45.csv
	 Reading 1415/1693: 	/scratch/frd_muziyao/SHUD-OpenMP/SHUD/Basins/heihe_x4/forcing/X100.95Y40.55.csv
	 Reading 1416/1693: 	/scratch/frd_muziyao/SHUD-OpenMP/SHUD/Basins/heihe_x4/forcing/X100.95Y40.65.csv
	 Reading 1417/1693: 	/scratch/frd_muziyao/SHUD-OpenMP/SHUD/Basins/heihe_x4/forcing/X100.95Y40.75.csv
	 Reading 1418/1693: 	/scratch/frd_muziyao/SHUD-OpenMP/SHUD/Basins/heihe_x4/forcing/X100.95Y40.85.csv
	 Reading 1419/1693: 	/scratch/frd_muziyao/SHUD-OpenMP/SHUD/Basins/heihe_x4/forcing/X100.95Y40.95.csv
	 Reading 1420/1693: 	/scratch/frd_muziyao/SHUD-OpenMP/SHUD/Basins/heihe_x4/forcing/X100.95Y41.05.csv
	 Reading 1421/1693: 	/scratch/frd_muziyao/SHUD-OpenMP/SHUD/Basins/heihe_x4/forcing/X100.95Y41.15.csv
	 Reading 1422/1693: 	/scratch/frd_muziyao/SHUD-OpenMP/SHUD/Basins/heihe_x4/forcing/X100.95Y41.25.csv
	 Reading 1423/1693: 	/scratch/frd_muziyao/SHUD-OpenMP/SHUD/Basins/heihe_x4/forcing/X100.95Y41.35.csv
	 Reading 1424/1693: 	/scratch/frd_muziyao/SHUD-OpenMP/SHUD/Basins/heihe_x4/forcing/X100.95Y41.45.csv
	 Reading 1425/1693: 	/scratch/frd_muziyao/SHUD-OpenMP/SHUD/Basins/heihe_x4/forcing/X100.95Y41.55.csv
	 Reading 1426/1693: 	/scratch/frd_muziyao/SHUD-OpenMP/SHUD/Basins/heihe_x4/forcing/X100.95Y41.65.csv
	 Reading 1427/1693: 	/scratch/frd_muziyao/SHUD-OpenMP/SHUD/Basins/heihe_x4/forcing/X100.95Y41.75.csv
	 Reading 1428/1693: 	/scratch/frd_muziyao/SHUD-OpenMP/SHUD/Basins/heihe_x4/forcing/X100.95Y41.85.csv
	 Reading 1429/1693: 	/scratch/frd_muziyao/SHUD-OpenMP/SHUD/Basins/heihe_x4/forcing/X100.95Y41.95.csv
	 Reading 1430/1693: 	/scratch/frd_muziyao/SHUD-OpenMP/SHUD/Basins/heihe_x4/forcing/X100.95Y42.05.csv
	 Reading 1431/1693: 	/scratch/frd_muziyao/SHUD-OpenMP/SHUD/Basins/heihe_x4/forcing/X100.95Y42.15.csv
	 Reading 1432/1693: 	/scratch/frd_muziyao/SHUD-OpenMP/SHUD/Basins/heihe_x4/forcing/X100.95Y42.25.csv
	 Reading 1433/1693: 	/scratch/frd_muziyao/SHUD-OpenMP/SHUD/Basins/heihe_x4/forcing/X100.95Y42.35.csv
	 Reading 1434/1693: 	/scratch/frd_muziyao/SHUD-OpenMP/SHUD/Basins/heihe_x4/forcing/X100.95Y42.45.csv
	 Reading 1435/1693: 	/scratch/frd_muziyao/SHUD-OpenMP/SHUD/Basins/heihe_x4/forcing/X100.95Y42.55.csv
	 Reading 1436/1693: 	/scratch/frd_muziyao/SHUD-OpenMP/SHUD/Basins/heihe_x4/forcing/X100.95Y42.65.csv
	 Reading 1437/1693: 	/scratch/frd_muziyao/SHUD-OpenMP/SHUD/Basins/heihe_x4/forcing/X100.95Y42.75.csv
	 Reading 1438/1693: 	/scratch/frd_muziyao/SHUD-OpenMP/SHUD/Basins/heihe_x4/forcing/X101.05Y37.75.csv
	 Reading 1439/1693: 	/scratch/frd_muziyao/SHUD-OpenMP/SHUD/Basins/heihe_x4/forcing/X101.05Y37.85.csv
	 Reading 1440/1693: 	/scratch/frd_muziyao/SHUD-OpenMP/SHUD/Basins/heihe_x4/forcing/X101.05Y37.95.csv
	 Reading 1441/1693: 	/scratch/frd_muziyao/SHUD-OpenMP/SHUD/Basins/heihe_x4/forcing/X101.05Y38.05.csv
	 Reading 1442/1693: 	/scratch/frd_muziyao/SHUD-OpenMP/SHUD/Basins/heihe_x4/forcing/X101.05Y38.15.csv
	 Reading 1443/1693: 	/scratch/frd_muziyao/SHUD-OpenMP/SHUD/Basins/heihe_x4/forcing/X101.05Y38.25.csv
	 Reading 1444/1693: 	/scratch/frd_muziyao/SHUD-OpenMP/SHUD/Basins/heihe_x4/forcing/X101.05Y38.35.csv
	 Reading 1445/1693: 	/scratch/frd_muziyao/SHUD-OpenMP/SHUD/Basins/heihe_x4/forcing/X101.05Y38.45.csv
	 Reading 1446/1693: 	/scratch/frd_muziyao/SHUD-OpenMP/SHUD/Basins/heihe_x4/forcing/X101.05Y38.55.csv
	 Reading 1447/1693: 	/scratch/frd_muziyao/SHUD-OpenMP/SHUD/Basins/heihe_x4/forcing/X101.05Y38.65.csv
	 Reading 1448/1693: 	/scratch/frd_muziyao/SHUD-OpenMP/SHUD/Basins/heihe_x4/forcing/X101.05Y38.75.csv
	 Reading 1449/1693: 	/scratch/frd_muziyao/SHUD-OpenMP/SHUD/Basins/heihe_x4/forcing/X101.05Y38.85.csv
	 Reading 1450/1693: 	/scratch/frd_muziyao/SHUD-OpenMP/SHUD/Basins/heihe_x4/forcing/X101.05Y38.95.csv
	 Reading 1451/1693: 	/scratch/frd_muziyao/SHUD-OpenMP/SHUD/Basins/heihe_x4/forcing/X101.05Y40.45.csv
	 Reading 1452/1693: 	/scratch/frd_muziyao/SHUD-OpenMP/SHUD/Basins/heihe_x4/forcing/X101.05Y40.55.csv
	 Reading 1453/1693: 	/scratch/frd_muziyao/SHUD-OpenMP/SHUD/Basins/heihe_x4/forcing/X101.05Y40.65.csv
	 Reading 1454/1693: 	/scratch/frd_muziyao/SHUD-OpenMP/SHUD/Basins/heihe_x4/forcing/X101.05Y40.75.csv
	 Reading 1455/1693: 	/scratch/frd_muziyao/SHUD-OpenMP/SHUD/Basins/heihe_x4/forcing/X101.05Y40.85.csv
	 Reading 1456/1693: 	/scratch/frd_muziyao/SHUD-OpenMP/SHUD/Basins/heihe_x4/forcing/X101.05Y40.95.csv
	 Reading 1457/1693: 	/scratch/frd_muziyao/SHUD-OpenMP/SHUD/Basins/heihe_x4/forcing/X101.05Y41.05.csv
	 Reading 1458/1693: 	/scratch/frd_muziyao/SHUD-OpenMP/SHUD/Basins/heihe_x4/forcing/X101.05Y41.15.csv
	 Reading 1459/1693: 	/scratch/frd_muziyao/SHUD-OpenMP/SHUD/Basins/heihe_x4/forcing/X101.05Y41.25.csv
	 Reading 1460/1693: 	/scratch/frd_muziyao/SHUD-OpenMP/SHUD/Basins/heihe_x4/forcing/X101.05Y41.35.csv
	 Reading 1461/1693: 	/scratch/frd_muziyao/SHUD-OpenMP/SHUD/Basins/heihe_x4/forcing/X101.05Y41.45.csv
	 Reading 1462/1693: 	/scratch/frd_muziyao/SHUD-OpenMP/SHUD/Basins/heihe_x4/forcing/X101.05Y41.55.csv
	 Reading 1463/1693: 	/scratch/frd_muziyao/SHUD-OpenMP/SHUD/Basins/heihe_x4/forcing/X101.05Y41.65.csv
	 Reading 1464/1693: 	/scratch/frd_muziyao/SHUD-OpenMP/SHUD/Basins/heihe_x4/forcing/X101.05Y41.75.csv
	 Reading 1465/1693: 	/scratch/frd_muziyao/SHUD-OpenMP/SHUD/Basins/heihe_x4/forcing/X101.05Y41.85.csv
	 Reading 1466/1693: 	/scratch/frd_muziyao/SHUD-OpenMP/SHUD/Basins/heihe_x4/forcing/X101.05Y41.95.csv
	 Reading 1467/1693: 	/scratch/frd_muziyao/SHUD-OpenMP/SHUD/Basins/heihe_x4/forcing/X101.05Y42.05.csv
	 Reading 1468/1693: 	/scratch/frd_muziyao/SHUD-OpenMP/SHUD/Basins/heihe_x4/forcing/X101.05Y42.15.csv
	 Reading 1469/1693: 	/scratch/frd_muziyao/SHUD-OpenMP/SHUD/Basins/heihe_x4/forcing/X101.05Y42.25.csv
	 Reading 1470/1693: 	/scratch/frd_muziyao/SHUD-OpenMP/SHUD/Basins/heihe_x4/forcing/X101.05Y42.35.csv
	 Reading 1471/1693: 	/scratch/frd_muziyao/SHUD-OpenMP/SHUD/Basins/heihe_x4/forcing/X101.05Y42.45.csv
	 Reading 1472/1693: 	/scratch/frd_muziyao/SHUD-OpenMP/SHUD/Basins/heihe_x4/forcing/X101.05Y42.55.csv
	 Reading 1473/1693: 	/scratch/frd_muziyao/SHUD-OpenMP/SHUD/Basins/heihe_x4/forcing/X101.05Y42.65.csv
	 Reading 1474/1693: 	/scratch/frd_muziyao/SHUD-OpenMP/SHUD/Basins/heihe_x4/forcing/X101.15Y37.75.csv
	 Reading 1475/1693: 	/scratch/frd_muziyao/SHUD-OpenMP/SHUD/Basins/heihe_x4/forcing/X101.15Y37.85.csv
	 Reading 1476/1693: 	/scratch/frd_muziyao/SHUD-OpenMP/SHUD/Basins/heihe_x4/forcing/X101.15Y37.95.csv
	 Reading 1477/1693: 	/scratch/frd_muziyao/SHUD-OpenMP/SHUD/Basins/heihe_x4/forcing/X101.15Y38.05.csv
	 Reading 1478/1693: 	/scratch/frd_muziyao/SHUD-OpenMP/SHUD/Basins/heihe_x4/forcing/X101.15Y38.15.csv
	 Reading 1479/1693: 	/scratch/frd_muziyao/SHUD-OpenMP/SHUD/Basins/heihe_x4/forcing/X101.15Y38.25.csv
	 Reading 1480/1693: 	/scratch/frd_muziyao/SHUD-OpenMP/SHUD/Basins/heihe_x4/forcing/X101.15Y38.35.csv
	 Reading 1481/1693: 	/scratch/frd_muziyao/SHUD-OpenMP/SHUD/Basins/heihe_x4/forcing/X101.15Y38.45.csv
	 Reading 1482/1693: 	/scratch/frd_muziyao/SHUD-OpenMP/SHUD/Basins/heihe_x4/forcing/X101.15Y38.55.csv
	 Reading 1483/1693: 	/scratch/frd_muziyao/SHUD-OpenMP/SHUD/Basins/heihe_x4/forcing/X101.15Y38.65.csv
	 Reading 1484/1693: 	/scratch/frd_muziyao/SHUD-OpenMP/SHUD/Basins/heihe_x4/forcing/X101.15Y38.75.csv
	 Reading 1485/1693: 	/scratch/frd_muziyao/SHUD-OpenMP/SHUD/Basins/heihe_x4/forcing/X101.15Y38.85.csv
	 Reading 1486/1693: 	/scratch/frd_muziyao/SHUD-OpenMP/SHUD/Basins/heihe_x4/forcing/X101.15Y40.45.csv
	 Reading 1487/1693: 	/scratch/frd_muziyao/SHUD-OpenMP/SHUD/Basins/heihe_x4/forcing/X101.15Y40.55.csv
	 Reading 1488/1693: 	/scratch/frd_muziyao/SHUD-OpenMP/SHUD/Basins/heihe_x4/forcing/X101.15Y40.65.csv
	 Reading 1489/1693: 	/scratch/frd_muziyao/SHUD-OpenMP/SHUD/Basins/heihe_x4/forcing/X101.15Y40.75.csv
	 Reading 1490/1693: 	/scratch/frd_muziyao/SHUD-OpenMP/SHUD/Basins/heihe_x4/forcing/X101.15Y40.85.csv
	 Reading 1491/1693: 	/scratch/frd_muziyao/SHUD-OpenMP/SHUD/Basins/heihe_x4/forcing/X101.15Y40.95.csv
	 Reading 1492/1693: 	/scratch/frd_muziyao/SHUD-OpenMP/SHUD/Basins/heihe_x4/forcing/X101.15Y41.05.csv
	 Reading 1493/1693: 	/scratch/frd_muziyao/SHUD-OpenMP/SHUD/Basins/heihe_x4/forcing/X101.15Y41.15.csv
	 Reading 1494/1693: 	/scratch/frd_muziyao/SHUD-OpenMP/SHUD/Basins/heihe_x4/forcing/X101.15Y41.25.csv
	 Reading 1495/1693: 	/scratch/frd_muziyao/SHUD-OpenMP/SHUD/Basins/heihe_x4/forcing/X101.15Y41.35.csv
	 Reading 1496/1693: 	/scratch/frd_muziyao/SHUD-OpenMP/SHUD/Basins/heihe_x4/forcing/X101.15Y41.45.csv
	 Reading 1497/1693: 	/scratch/frd_muziyao/SHUD-OpenMP/SHUD/Basins/heihe_x4/forcing/X101.15Y41.55.csv
	 Reading 1498/1693: 	/scratch/frd_muziyao/SHUD-OpenMP/SHUD/Basins/heihe_x4/forcing/X101.15Y41.65.csv
	 Reading 1499/1693: 	/scratch/frd_muziyao/SHUD-OpenMP/SHUD/Basins/heihe_x4/forcing/X101.15Y41.75.csv
	 Reading 1500/1693: 	/scratch/frd_muziyao/SHUD-OpenMP/SHUD/Basins/heihe_x4/forcing/X101.15Y41.85.csv
	 Reading 1501/1693: 	/scratch/frd_muziyao/SHUD-OpenMP/SHUD/Basins/heihe_x4/forcing/X101.15Y41.95.csv
	 Reading 1502/1693: 	/scratch/frd_muziyao/SHUD-OpenMP/SHUD/Basins/heihe_x4/forcing/X101.15Y42.05.csv
	 Reading 1503/1693: 	/scratch/frd_muziyao/SHUD-OpenMP/SHUD/Basins/heihe_x4/forcing/X101.15Y42.15.csv
	 Reading 1504/1693: 	/scratch/frd_muziyao/SHUD-OpenMP/SHUD/Basins/heihe_x4/forcing/X101.15Y42.25.csv
	 Reading 1505/1693: 	/scratch/frd_muziyao/SHUD-OpenMP/SHUD/Basins/heihe_x4/forcing/X101.15Y42.35.csv
	 Reading 1506/1693: 	/scratch/frd_muziyao/SHUD-OpenMP/SHUD/Basins/heihe_x4/forcing/X101.15Y42.45.csv
	 Reading 1507/1693: 	/scratch/frd_muziyao/SHUD-OpenMP/SHUD/Basins/heihe_x4/forcing/X101.15Y42.55.csv
	 Reading 1508/1693: 	/scratch/frd_muziyao/SHUD-OpenMP/SHUD/Basins/heihe_x4/forcing/X101.15Y42.65.csv
	 Reading 1509/1693: 	/scratch/frd_muziyao/SHUD-OpenMP/SHUD/Basins/heihe_x4/forcing/X101.25Y38.05.csv
	 Reading 1510/1693: 	/scratch/frd_muziyao/SHUD-OpenMP/SHUD/Basins/heihe_x4/forcing/X101.25Y38.15.csv
	 Reading 1511/1693: 	/scratch/frd_muziyao/SHUD-OpenMP/SHUD/Basins/heihe_x4/forcing/X101.25Y38.25.csv
	 Reading 1512/1693: 	/scratch/frd_muziyao/SHUD-OpenMP/SHUD/Basins/heihe_x4/forcing/X101.25Y38.35.csv
	 Reading 1513/1693: 	/scratch/frd_muziyao/SHUD-OpenMP/SHUD/Basins/heihe_x4/forcing/X101.25Y38.45.csv
	 Reading 1514/1693: 	/scratch/frd_muziyao/SHUD-OpenMP/SHUD/Basins/heihe_x4/forcing/X101.25Y38.55.csv
	 Reading 1515/1693: 	/scratch/frd_muziyao/SHUD-OpenMP/SHUD/Basins/heihe_x4/forcing/X101.25Y38.65.csv
	 Reading 1516/1693: 	/scratch/frd_muziyao/SHUD-OpenMP/SHUD/Basins/heihe_x4/forcing/X101.25Y38.75.csv
	 Reading 1517/1693: 	/scratch/frd_muziyao/SHUD-OpenMP/SHUD/Basins/heihe_x4/forcing/X101.25Y38.85.csv
	 Reading 1518/1693: 	/scratch/frd_muziyao/SHUD-OpenMP/SHUD/Basins/heihe_x4/forcing/X101.25Y40.45.csv
	 Reading 1519/1693: 	/scratch/frd_muziyao/SHUD-OpenMP/SHUD/Basins/heihe_x4/forcing/X101.25Y40.55.csv
	 Reading 1520/1693: 	/scratch/frd_muziyao/SHUD-OpenMP/SHUD/Basins/heihe_x4/forcing/X101.25Y40.65.csv
	 Reading 1521/1693: 	/scratch/frd_muziyao/SHUD-OpenMP/SHUD/Basins/heihe_x4/forcing/X101.25Y40.75.csv
	 Reading 1522/1693: 	/scratch/frd_muziyao/SHUD-OpenMP/SHUD/Basins/heihe_x4/forcing/X101.25Y40.85.csv
	 Reading 1523/1693: 	/scratch/frd_muziyao/SHUD-OpenMP/SHUD/Basins/heihe_x4/forcing/X101.25Y40.95.csv
	 Reading 1524/1693: 	/scratch/frd_muziyao/SHUD-OpenMP/SHUD/Basins/heihe_x4/forcing/X101.25Y41.05.csv
	 Reading 1525/1693: 	/scratch/frd_muziyao/SHUD-OpenMP/SHUD/Basins/heihe_x4/forcing/X101.25Y41.15.csv
	 Reading 1526/1693: 	/scratch/frd_muziyao/SHUD-OpenMP/SHUD/Basins/heihe_x4/forcing/X101.25Y41.25.csv
	 Reading 1527/1693: 	/scratch/frd_muziyao/SHUD-OpenMP/SHUD/Basins/heihe_x4/forcing/X101.25Y41.35.csv
	 Reading 1528/1693: 	/scratch/frd_muziyao/SHUD-OpenMP/SHUD/Basins/heihe_x4/forcing/X101.25Y41.45.csv
	 Reading 1529/1693: 	/scratch/frd_muziyao/SHUD-OpenMP/SHUD/Basins/heihe_x4/forcing/X101.25Y41.55.csv
	 Reading 1530/1693: 	/scratch/frd_muziyao/SHUD-OpenMP/SHUD/Basins/heihe_x4/forcing/X101.25Y41.65.csv
	 Reading 1531/1693: 	/scratch/frd_muziyao/SHUD-OpenMP/SHUD/Basins/heihe_x4/forcing/X101.25Y41.75.csv
	 Reading 1532/1693: 	/scratch/frd_muziyao/SHUD-OpenMP/SHUD/Basins/heihe_x4/forcing/X101.25Y41.85.csv
	 Reading 1533/1693: 	/scratch/frd_muziyao/SHUD-OpenMP/SHUD/Basins/heihe_x4/forcing/X101.25Y41.95.csv
	 Reading 1534/1693: 	/scratch/frd_muziyao/SHUD-OpenMP/SHUD/Basins/heihe_x4/forcing/X101.25Y42.05.csv
	 Reading 1535/1693: 	/scratch/frd_muziyao/SHUD-OpenMP/SHUD/Basins/heihe_x4/forcing/X101.25Y42.15.csv
	 Reading 1536/1693: 	/scratch/frd_muziyao/SHUD-OpenMP/SHUD/Basins/heihe_x4/forcing/X101.25Y42.25.csv
	 Reading 1537/1693: 	/scratch/frd_muziyao/SHUD-OpenMP/SHUD/Basins/heihe_x4/forcing/X101.25Y42.35.csv
	 Reading 1538/1693: 	/scratch/frd_muziyao/SHUD-OpenMP/SHUD/Basins/heihe_x4/forcing/X101.25Y42.45.csv
	 Reading 1539/1693: 	/scratch/frd_muziyao/SHUD-OpenMP/SHUD/Basins/heihe_x4/forcing/X101.25Y42.55.csv
	 Reading 1540/1693: 	/scratch/frd_muziyao/SHUD-OpenMP/SHUD/Basins/heihe_x4/forcing/X101.25Y42.65.csv
	 Reading 1541/1693: 	/scratch/frd_muziyao/SHUD-OpenMP/SHUD/Basins/heihe_x4/forcing/X101.35Y38.25.csv
	 Reading 1542/1693: 	/scratch/frd_muziyao/SHUD-OpenMP/SHUD/Basins/heihe_x4/forcing/X101.35Y38.35.csv
	 Reading 1543/1693: 	/scratch/frd_muziyao/SHUD-OpenMP/SHUD/Basins/heihe_x4/forcing/X101.35Y38.45.csv
	 Reading 1544/1693: 	/scratch/frd_muziyao/SHUD-OpenMP/SHUD/Basins/heihe_x4/forcing/X101.35Y38.55.csv
	 Reading 1545/1693: 	/scratch/frd_muziyao/SHUD-OpenMP/SHUD/Basins/heihe_x4/forcing/X101.35Y38.65.csv
	 Reading 1546/1693: 	/scratch/frd_muziyao/SHUD-OpenMP/SHUD/Basins/heihe_x4/forcing/X101.35Y38.75.csv
	 Reading 1547/1693: 	/scratch/frd_muziyao/SHUD-OpenMP/SHUD/Basins/heihe_x4/forcing/X101.35Y38.85.csv
	 Reading 1548/1693: 	/scratch/frd_muziyao/SHUD-OpenMP/SHUD/Basins/heihe_x4/forcing/X101.35Y40.45.csv
	 Reading 1549/1693: 	/scratch/frd_muziyao/SHUD-OpenMP/SHUD/Basins/heihe_x4/forcing/X101.35Y40.55.csv
	 Reading 1550/1693: 	/scratch/frd_muziyao/SHUD-OpenMP/SHUD/Basins/heihe_x4/forcing/X101.35Y40.65.csv
	 Reading 1551/1693: 	/scratch/frd_muziyao/SHUD-OpenMP/SHUD/Basins/heihe_x4/forcing/X101.35Y40.75.csv
	 Reading 1552/1693: 	/scratch/frd_muziyao/SHUD-OpenMP/SHUD/Basins/heihe_x4/forcing/X101.35Y40.85.csv
	 Reading 1553/1693: 	/scratch/frd_muziyao/SHUD-OpenMP/SHUD/Basins/heihe_x4/forcing/X101.35Y40.95.csv
	 Reading 1554/1693: 	/scratch/frd_muziyao/SHUD-OpenMP/SHUD/Basins/heihe_x4/forcing/X101.35Y41.05.csv
	 Reading 1555/1693: 	/scratch/frd_muziyao/SHUD-OpenMP/SHUD/Basins/heihe_x4/forcing/X101.35Y41.15.csv
	 Reading 1556/1693: 	/scratch/frd_muziyao/SHUD-OpenMP/SHUD/Basins/heihe_x4/forcing/X101.35Y41.25.csv
	 Reading 1557/1693: 	/scratch/frd_muziyao/SHUD-OpenMP/SHUD/Basins/heihe_x4/forcing/X101.35Y41.35.csv
	 Reading 1558/1693: 	/scratch/frd_muziyao/SHUD-OpenMP/SHUD/Basins/heihe_x4/forcing/X101.35Y41.45.csv
	 Reading 1559/1693: 	/scratch/frd_muziyao/SHUD-OpenMP/SHUD/Basins/heihe_x4/forcing/X101.35Y41.55.csv
	 Reading 1560/1693: 	/scratch/frd_muziyao/SHUD-OpenMP/SHUD/Basins/heihe_x4/forcing/X101.35Y41.65.csv
	 Reading 1561/1693: 	/scratch/frd_muziyao/SHUD-OpenMP/SHUD/Basins/heihe_x4/forcing/X101.35Y41.75.csv
	 Reading 1562/1693: 	/scratch/frd_muziyao/SHUD-OpenMP/SHUD/Basins/heihe_x4/forcing/X101.35Y41.85.csv
	 Reading 1563/1693: 	/scratch/frd_muziyao/SHUD-OpenMP/SHUD/Basins/heihe_x4/forcing/X101.35Y41.95.csv
	 Reading 1564/1693: 	/scratch/frd_muziyao/SHUD-OpenMP/SHUD/Basins/heihe_x4/forcing/X101.35Y42.05.csv
	 Reading 1565/1693: 	/scratch/frd_muziyao/SHUD-OpenMP/SHUD/Basins/heihe_x4/forcing/X101.35Y42.15.csv
	 Reading 1566/1693: 	/scratch/frd_muziyao/SHUD-OpenMP/SHUD/Basins/heihe_x4/forcing/X101.35Y42.25.csv
	 Reading 1567/1693: 	/scratch/frd_muziyao/SHUD-OpenMP/SHUD/Basins/heihe_x4/forcing/X101.35Y42.35.csv
	 Reading 1568/1693: 	/scratch/frd_muziyao/SHUD-OpenMP/SHUD/Basins/heihe_x4/forcing/X101.35Y42.45.csv
	 Reading 1569/1693: 	/scratch/frd_muziyao/SHUD-OpenMP/SHUD/Basins/heihe_x4/forcing/X101.35Y42.55.csv
	 Reading 1570/1693: 	/scratch/frd_muziyao/SHUD-OpenMP/SHUD/Basins/heihe_x4/forcing/X101.35Y42.65.csv
	 Reading 1571/1693: 	/scratch/frd_muziyao/SHUD-OpenMP/SHUD/Basins/heihe_x4/forcing/X101.45Y38.35.csv
	 Reading 1572/1693: 	/scratch/frd_muziyao/SHUD-OpenMP/SHUD/Basins/heihe_x4/forcing/X101.45Y38.45.csv
	 Reading 1573/1693: 	/scratch/frd_muziyao/SHUD-OpenMP/SHUD/Basins/heihe_x4/forcing/X101.45Y38.55.csv
	 Reading 1574/1693: 	/scratch/frd_muziyao/SHUD-OpenMP/SHUD/Basins/heihe_x4/forcing/X101.45Y38.65.csv
	 Reading 1575/1693: 	/scratch/frd_muziyao/SHUD-OpenMP/SHUD/Basins/heihe_x4/forcing/X101.45Y38.75.csv
	 Reading 1576/1693: 	/scratch/frd_muziyao/SHUD-OpenMP/SHUD/Basins/heihe_x4/forcing/X101.45Y40.45.csv
	 Reading 1577/1693: 	/scratch/frd_muziyao/SHUD-OpenMP/SHUD/Basins/heihe_x4/forcing/X101.45Y40.55.csv
	 Reading 1578/1693: 	/scratch/frd_muziyao/SHUD-OpenMP/SHUD/Basins/heihe_x4/forcing/X101.45Y40.65.csv
	 Reading 1579/1693: 	/scratch/frd_muziyao/SHUD-OpenMP/SHUD/Basins/heihe_x4/forcing/X101.45Y40.75.csv
	 Reading 1580/1693: 	/scratch/frd_muziyao/SHUD-OpenMP/SHUD/Basins/heihe_x4/forcing/X101.45Y40.85.csv
	 Reading 1581/1693: 	/scratch/frd_muziyao/SHUD-OpenMP/SHUD/Basins/heihe_x4/forcing/X101.45Y40.95.csv
	 Reading 1582/1693: 	/scratch/frd_muziyao/SHUD-OpenMP/SHUD/Basins/heihe_x4/forcing/X101.45Y41.05.csv
	 Reading 1583/1693: 	/scratch/frd_muziyao/SHUD-OpenMP/SHUD/Basins/heihe_x4/forcing/X101.45Y41.15.csv
	 Reading 1584/1693: 	/scratch/frd_muziyao/SHUD-OpenMP/SHUD/Basins/heihe_x4/forcing/X101.45Y41.25.csv
	 Reading 1585/1693: 	/scratch/frd_muziyao/SHUD-OpenMP/SHUD/Basins/heihe_x4/forcing/X101.45Y41.35.csv
	 Reading 1586/1693: 	/scratch/frd_muziyao/SHUD-OpenMP/SHUD/Basins/heihe_x4/forcing/X101.45Y41.45.csv
	 Reading 1587/1693: 	/scratch/frd_muziyao/SHUD-OpenMP/SHUD/Basins/heihe_x4/forcing/X101.45Y41.55.csv
	 Reading 1588/1693: 	/scratch/frd_muziyao/SHUD-OpenMP/SHUD/Basins/heihe_x4/forcing/X101.45Y41.65.csv
	 Reading 1589/1693: 	/scratch/frd_muziyao/SHUD-OpenMP/SHUD/Basins/heihe_x4/forcing/X101.45Y41.75.csv
	 Reading 1590/1693: 	/scratch/frd_muziyao/SHUD-OpenMP/SHUD/Basins/heihe_x4/forcing/X101.45Y41.85.csv
	 Reading 1591/1693: 	/scratch/frd_muziyao/SHUD-OpenMP/SHUD/Basins/heihe_x4/forcing/X101.45Y41.95.csv
	 Reading 1592/1693: 	/scratch/frd_muziyao/SHUD-OpenMP/SHUD/Basins/heihe_x4/forcing/X101.45Y42.05.csv
	 Reading 1593/1693: 	/scratch/frd_muziyao/SHUD-OpenMP/SHUD/Basins/heihe_x4/forcing/X101.45Y42.15.csv
	 Reading 1594/1693: 	/scratch/frd_muziyao/SHUD-OpenMP/SHUD/Basins/heihe_x4/forcing/X101.45Y42.25.csv
	 Reading 1595/1693: 	/scratch/frd_muziyao/SHUD-OpenMP/SHUD/Basins/heihe_x4/forcing/X101.45Y42.35.csv
	 Reading 1596/1693: 	/scratch/frd_muziyao/SHUD-OpenMP/SHUD/Basins/heihe_x4/forcing/X101.45Y42.45.csv
	 Reading 1597/1693: 	/scratch/frd_muziyao/SHUD-OpenMP/SHUD/Basins/heihe_x4/forcing/X101.45Y42.55.csv
	 Reading 1598/1693: 	/scratch/frd_muziyao/SHUD-OpenMP/SHUD/Basins/heihe_x4/forcing/X101.45Y42.65.csv
	 Reading 1599/1693: 	/scratch/frd_muziyao/SHUD-OpenMP/SHUD/Basins/heihe_x4/forcing/X101.55Y38.35.csv
	 Reading 1600/1693: 	/scratch/frd_muziyao/SHUD-OpenMP/SHUD/Basins/heihe_x4/forcing/X101.55Y38.45.csv
	 Reading 1601/1693: 	/scratch/frd_muziyao/SHUD-OpenMP/SHUD/Basins/heihe_x4/forcing/X101.55Y38.55.csv
	 Reading 1602/1693: 	/scratch/frd_muziyao/SHUD-OpenMP/SHUD/Basins/heihe_x4/forcing/X101.55Y38.65.csv
	 Reading 1603/1693: 	/scratch/frd_muziyao/SHUD-OpenMP/SHUD/Basins/heihe_x4/forcing/X101.55Y38.75.csv
	 Reading 1604/1693: 	/scratch/frd_muziyao/SHUD-OpenMP/SHUD/Basins/heihe_x4/forcing/X101.55Y40.55.csv
	 Reading 1605/1693: 	/scratch/frd_muziyao/SHUD-OpenMP/SHUD/Basins/heihe_x4/forcing/X101.55Y40.65.csv
	 Reading 1606/1693: 	/scratch/frd_muziyao/SHUD-OpenMP/SHUD/Basins/heihe_x4/forcing/X101.55Y40.75.csv
	 Reading 1607/1693: 	/scratch/frd_muziyao/SHUD-OpenMP/SHUD/Basins/heihe_x4/forcing/X101.55Y40.85.csv
	 Reading 1608/1693: 	/scratch/frd_muziyao/SHUD-OpenMP/SHUD/Basins/heihe_x4/forcing/X101.55Y40.95.csv
	 Reading 1609/1693: 	/scratch/frd_muziyao/SHUD-OpenMP/SHUD/Basins/heihe_x4/forcing/X101.55Y41.05.csv
	 Reading 1610/1693: 	/scratch/frd_muziyao/SHUD-OpenMP/SHUD/Basins/heihe_x4/forcing/X101.55Y41.15.csv
	 Reading 1611/1693: 	/scratch/frd_muziyao/SHUD-OpenMP/SHUD/Basins/heihe_x4/forcing/X101.55Y41.25.csv
	 Reading 1612/1693: 	/scratch/frd_muziyao/SHUD-OpenMP/SHUD/Basins/heihe_x4/forcing/X101.55Y41.35.csv
	 Reading 1613/1693: 	/scratch/frd_muziyao/SHUD-OpenMP/SHUD/Basins/heihe_x4/forcing/X101.55Y41.45.csv
	 Reading 1614/1693: 	/scratch/frd_muziyao/SHUD-OpenMP/SHUD/Basins/heihe_x4/forcing/X101.55Y41.55.csv
	 Reading 1615/1693: 	/scratch/frd_muziyao/SHUD-OpenMP/SHUD/Basins/heihe_x4/forcing/X101.55Y41.65.csv
	 Reading 1616/1693: 	/scratch/frd_muziyao/SHUD-OpenMP/SHUD/Basins/heihe_x4/forcing/X101.55Y41.75.csv
	 Reading 1617/1693: 	/scratch/frd_muziyao/SHUD-OpenMP/SHUD/Basins/heihe_x4/forcing/X101.55Y41.85.csv
	 Reading 1618/1693: 	/scratch/frd_muziyao/SHUD-OpenMP/SHUD/Basins/heihe_x4/forcing/X101.55Y41.95.csv
	 Reading 1619/1693: 	/scratch/frd_muziyao/SHUD-OpenMP/SHUD/Basins/heihe_x4/forcing/X101.55Y42.05.csv
	 Reading 1620/1693: 	/scratch/frd_muziyao/SHUD-OpenMP/SHUD/Basins/heihe_x4/forcing/X101.55Y42.15.csv
	 Reading 1621/1693: 	/scratch/frd_muziyao/SHUD-OpenMP/SHUD/Basins/heihe_x4/forcing/X101.55Y42.25.csv
	 Reading 1622/1693: 	/scratch/frd_muziyao/SHUD-OpenMP/SHUD/Basins/heihe_x4/forcing/X101.55Y42.35.csv
	 Reading 1623/1693: 	/scratch/frd_muziyao/SHUD-OpenMP/SHUD/Basins/heihe_x4/forcing/X101.55Y42.45.csv
	 Reading 1624/1693: 	/scratch/frd_muziyao/SHUD-OpenMP/SHUD/Basins/heihe_x4/forcing/X101.55Y42.55.csv
	 Reading 1625/1693: 	/scratch/frd_muziyao/SHUD-OpenMP/SHUD/Basins/heihe_x4/forcing/X101.65Y38.35.csv
	 Reading 1626/1693: 	/scratch/frd_muziyao/SHUD-OpenMP/SHUD/Basins/heihe_x4/forcing/X101.65Y38.45.csv
	 Reading 1627/1693: 	/scratch/frd_muziyao/SHUD-OpenMP/SHUD/Basins/heihe_x4/forcing/X101.65Y38.55.csv
	 Reading 1628/1693: 	/scratch/frd_muziyao/SHUD-OpenMP/SHUD/Basins/heihe_x4/forcing/X101.65Y38.65.csv
	 Reading 1629/1693: 	/scratch/frd_muziyao/SHUD-OpenMP/SHUD/Basins/heihe_x4/forcing/X101.65Y38.75.csv
	 Reading 1630/1693: 	/scratch/frd_muziyao/SHUD-OpenMP/SHUD/Basins/heihe_x4/forcing/X101.65Y40.75.csv
	 Reading 1631/1693: 	/scratch/frd_muziyao/SHUD-OpenMP/SHUD/Basins/heihe_x4/forcing/X101.65Y40.85.csv
	 Reading 1632/1693: 	/scratch/frd_muziyao/SHUD-OpenMP/SHUD/Basins/heihe_x4/forcing/X101.65Y40.95.csv
	 Reading 1633/1693: 	/scratch/frd_muziyao/SHUD-OpenMP/SHUD/Basins/heihe_x4/forcing/X101.65Y41.05.csv
	 Reading 1634/1693: 	/scratch/frd_muziyao/SHUD-OpenMP/SHUD/Basins/heihe_x4/forcing/X101.65Y41.15.csv
	 Reading 1635/1693: 	/scratch/frd_muziyao/SHUD-OpenMP/SHUD/Basins/heihe_x4/forcing/X101.65Y41.25.csv
	 Reading 1636/1693: 	/scratch/frd_muziyao/SHUD-OpenMP/SHUD/Basins/heihe_x4/forcing/X101.65Y41.35.csv
	 Reading 1637/1693: 	/scratch/frd_muziyao/SHUD-OpenMP/SHUD/Basins/heihe_x4/forcing/X101.65Y41.45.csv
	 Reading 1638/1693: 	/scratch/frd_muziyao/SHUD-OpenMP/SHUD/Basins/heihe_x4/forcing/X101.65Y41.55.csv
	 Reading 1639/1693: 	/scratch/frd_muziyao/SHUD-OpenMP/SHUD/Basins/heihe_x4/forcing/X101.65Y41.65.csv
	 Reading 1640/1693: 	/scratch/frd_muziyao/SHUD-OpenMP/SHUD/Basins/heihe_x4/forcing/X101.65Y41.75.csv
	 Reading 1641/1693: 	/scratch/frd_muziyao/SHUD-OpenMP/SHUD/Basins/heihe_x4/forcing/X101.65Y41.85.csv
	 Reading 1642/1693: 	/scratch/frd_muziyao/SHUD-OpenMP/SHUD/Basins/heihe_x4/forcing/X101.65Y41.95.csv
	 Reading 1643/1693: 	/scratch/frd_muziyao/SHUD-OpenMP/SHUD/Basins/heihe_x4/forcing/X101.65Y42.05.csv
	 Reading 1644/1693: 	/scratch/frd_muziyao/SHUD-OpenMP/SHUD/Basins/heihe_x4/forcing/X101.65Y42.15.csv
	 Reading 1645/1693: 	/scratch/frd_muziyao/SHUD-OpenMP/SHUD/Basins/heihe_x4/forcing/X101.65Y42.25.csv
	 Reading 1646/1693: 	/scratch/frd_muziyao/SHUD-OpenMP/SHUD/Basins/heihe_x4/forcing/X101.65Y42.35.csv
	 Reading 1647/1693: 	/scratch/frd_muziyao/SHUD-OpenMP/SHUD/Basins/heihe_x4/forcing/X101.65Y42.45.csv
	 Reading 1648/1693: 	/scratch/frd_muziyao/SHUD-OpenMP/SHUD/Basins/heihe_x4/forcing/X101.65Y42.55.csv
	 Reading 1649/1693: 	/scratch/frd_muziyao/SHUD-OpenMP/SHUD/Basins/heihe_x4/forcing/X101.75Y38.35.csv
	 Reading 1650/1693: 	/scratch/frd_muziyao/SHUD-OpenMP/SHUD/Basins/heihe_x4/forcing/X101.75Y38.45.csv
	 Reading 1651/1693: 	/scratch/frd_muziyao/SHUD-OpenMP/SHUD/Basins/heihe_x4/forcing/X101.75Y38.55.csv
	 Reading 1652/1693: 	/scratch/frd_muziyao/SHUD-OpenMP/SHUD/Basins/heihe_x4/forcing/X101.75Y38.65.csv
	 Reading 1653/1693: 	/scratch/frd_muziyao/SHUD-OpenMP/SHUD/Basins/heihe_x4/forcing/X101.75Y40.95.csv
	 Reading 1654/1693: 	/scratch/frd_muziyao/SHUD-OpenMP/SHUD/Basins/heihe_x4/forcing/X101.75Y41.05.csv
	 Reading 1655/1693: 	/scratch/frd_muziyao/SHUD-OpenMP/SHUD/Basins/heihe_x4/forcing/X101.75Y41.15.csv
	 Reading 1656/1693: 	/scratch/frd_muziyao/SHUD-OpenMP/SHUD/Basins/heihe_x4/forcing/X101.75Y41.25.csv
	 Reading 1657/1693: 	/scratch/frd_muziyao/SHUD-OpenMP/SHUD/Basins/heihe_x4/forcing/X101.75Y41.45.csv
	 Reading 1658/1693: 	/scratch/frd_muziyao/SHUD-OpenMP/SHUD/Basins/heihe_x4/forcing/X101.75Y41.55.csv
	 Reading 1659/1693: 	/scratch/frd_muziyao/SHUD-OpenMP/SHUD/Basins/heihe_x4/forcing/X101.75Y41.65.csv
	 Reading 1660/1693: 	/scratch/frd_muziyao/SHUD-OpenMP/SHUD/Basins/heihe_x4/forcing/X101.75Y41.75.csv
	 Reading 1661/1693: 	/scratch/frd_muziyao/SHUD-OpenMP/SHUD/Basins/heihe_x4/forcing/X101.75Y41.85.csv
	 Reading 1662/1693: 	/scratch/frd_muziyao/SHUD-OpenMP/SHUD/Basins/heihe_x4/forcing/X101.75Y41.95.csv
	 Reading 1663/1693: 	/scratch/frd_muziyao/SHUD-OpenMP/SHUD/Basins/heihe_x4/forcing/X101.75Y42.05.csv
	 Reading 1664/1693: 	/scratch/frd_muziyao/SHUD-OpenMP/SHUD/Basins/heihe_x4/forcing/X101.75Y42.15.csv
	 Reading 1665/1693: 	/scratch/frd_muziyao/SHUD-OpenMP/SHUD/Basins/heihe_x4/forcing/X101.75Y42.25.csv
	 Reading 1666/1693: 	/scratch/frd_muziyao/SHUD-OpenMP/SHUD/Basins/heihe_x4/forcing/X101.75Y42.35.csv
	 Reading 1667/1693: 	/scratch/frd_muziyao/SHUD-OpenMP/SHUD/Basins/heihe_x4/forcing/X101.75Y42.45.csv
	 Reading 1668/1693: 	/scratch/frd_muziyao/SHUD-OpenMP/SHUD/Basins/heihe_x4/forcing/X101.75Y42.55.csv
	 Reading 1669/1693: 	/scratch/frd_muziyao/SHUD-OpenMP/SHUD/Basins/heihe_x4/forcing/X101.85Y38.45.csv
	 Reading 1670/1693: 	/scratch/frd_muziyao/SHUD-OpenMP/SHUD/Basins/heihe_x4/forcing/X101.85Y38.55.csv
	 Reading 1671/1693: 	/scratch/frd_muziyao/SHUD-OpenMP/SHUD/Basins/heihe_x4/forcing/X101.85Y38.65.csv
	 Reading 1672/1693: 	/scratch/frd_muziyao/SHUD-OpenMP/SHUD/Basins/heihe_x4/forcing/X101.85Y41.55.csv
	 Reading 1673/1693: 	/scratch/frd_muziyao/SHUD-OpenMP/SHUD/Basins/heihe_x4/forcing/X101.85Y41.65.csv
	 Reading 1674/1693: 	/scratch/frd_muziyao/SHUD-OpenMP/SHUD/Basins/heihe_x4/forcing/X101.85Y41.75.csv
	 Reading 1675/1693: 	/scratch/frd_muziyao/SHUD-OpenMP/SHUD/Basins/heihe_x4/forcing/X101.85Y41.85.csv
	 Reading 1676/1693: 	/scratch/frd_muziyao/SHUD-OpenMP/SHUD/Basins/heihe_x4/forcing/X101.85Y41.95.csv
	 Reading 1677/1693: 	/scratch/frd_muziyao/SHUD-OpenMP/SHUD/Basins/heihe_x4/forcing/X101.85Y42.05.csv
	 Reading 1678/1693: 	/scratch/frd_muziyao/SHUD-OpenMP/SHUD/Basins/heihe_x4/forcing/X101.85Y42.15.csv
	 Reading 1679/1693: 	/scratch/frd_muziyao/SHUD-OpenMP/SHUD/Basins/heihe_x4/forcing/X101.85Y42.25.csv
	 Reading 1680/1693: 	/scratch/frd_muziyao/SHUD-OpenMP/SHUD/Basins/heihe_x4/forcing/X101.85Y42.35.csv
	 Reading 1681/1693: 	/scratch/frd_muziyao/SHUD-OpenMP/SHUD/Basins/heihe_x4/forcing/X101.85Y42.45.csv
	 Reading 1682/1693: 	/scratch/frd_muziyao/SHUD-OpenMP/SHUD/Basins/heihe_x4/forcing/X101.85Y42.55.csv
	 Reading 1683/1693: 	/scratch/frd_muziyao/SHUD-OpenMP/SHUD/Basins/heihe_x4/forcing/X101.95Y41.65.csv
	 Reading 1684/1693: 	/scratch/frd_muziyao/SHUD-OpenMP/SHUD/Basins/heihe_x4/forcing/X101.95Y41.75.csv
	 Reading 1685/1693: 	/scratch/frd_muziyao/SHUD-OpenMP/SHUD/Basins/heihe_x4/forcing/X101.95Y41.85.csv
	 Reading 1686/1693: 	/scratch/frd_muziyao/SHUD-OpenMP/SHUD/Basins/heihe_x4/forcing/X101.95Y41.95.csv
	 Reading 1687/1693: 	/scratch/frd_muziyao/SHUD-OpenMP/SHUD/Basins/heihe_x4/forcing/X101.95Y42.05.csv
	 Reading 1688/1693: 	/scratch/frd_muziyao/SHUD-OpenMP/SHUD/Basins/heihe_x4/forcing/X101.95Y42.15.csv
	 Reading 1689/1693: 	/scratch/frd_muziyao/SHUD-OpenMP/SHUD/Basins/heihe_x4/forcing/X101.95Y42.25.csv
	 Reading 1690/1693: 	/scratch/frd_muziyao/SHUD-OpenMP/SHUD/Basins/heihe_x4/forcing/X101.95Y42.35.csv
	 Reading 1691/1693: 	/scratch/frd_muziyao/SHUD-OpenMP/SHUD/Basins/heihe_x4/forcing/X101.95Y42.45.csv
	 Reading 1692/1693: 	/scratch/frd_muziyao/SHUD-OpenMP/SHUD/Basins/heihe_x4/forcing/X102.05Y42.25.csv
	 Reading 1693/1693: 	/scratch/frd_muziyao/SHUD-OpenMP/SHUD/Basins/heihe_x4/forcing/X102.05Y42.35.csv
10 	 Reading file: input/heihe_x4/heihe_x4.tsd.lai
11 	 Reading file: input/heihe_x4/heihe_x4.tsd.mf
12 	 Reading file: input/heihe_x4/heihe_x4.cfg.calib

Initializing data structure ... 
[NUMA] first-touch skipped: OMP_PROC_BIND unset (3 sites: hot.soa, QeleSurf_flat, Ele_AoS)
Warning: remove sink on 13, from 1260.29 to 1261.82. dz = 1.52
Warning: remove sink on 57, from 4243.77 to 4283.51. dz = 39.74
Warning: remove sink on 117, from 1430.39 to 1432.33. dz = 1.94
Warning: remove sink on 154, from 1166.69 to 1167.61. dz = 0.92
Warning: remove sink on 167, from 1151.94 to 1152.91. dz = 0.97
Warning: remove sink on 258, from 1209.88 to 1211.36. dz = 1.48
Warning: remove sink on 345, from 1091.37 to 1094.04. dz = 2.67
Warning: remove sink on 401, from 1232.10 to 1232.52. dz = 0.42
Warning: remove sink on 409, from 1116.45 to 1122.71. dz = 6.26
Warning: remove sink on 414, from 1154.38 to 1157.77. dz = 3.39
Warning: remove sink on 479, from 1094.02 to 1097.60. dz = 3.58
Warning: remove sink on 496, from 966.00 to 967.21. dz = 1.21
Warning: remove sink on 498, from 1089.76 to 1095.59. dz = 5.83
Warning: remove sink on 509, from 1145.06 to 1145.40. dz = 0.34
Warning: remove sink on 518, from 1155.18 to 1159.67. dz = 4.49
Warning: remove sink on 525, from 1157.14 to 1157.42. dz = 0.29
Warning: remove sink on 541, from 970.25 to 971.67. dz = 1.42
Warning: remove sink on 554, from 967.29 to 968.23. dz = 0.94
Warning: remove sink on 715, from 945.48 to 946.63. dz = 1.15
Warning: remove sink on 746, from 1241.45 to 1241.74. dz = 0.29
Warning: remove sink on 777, from 1093.42 to 1095.59. dz = 2.17
Warning: remove sink on 782, from 1889.80 to 1891.18. dz = 1.38
Warning: remove sink on 805, from 1621.70 to 1622.13. dz = 0.43
Warning: remove sink on 846, from 4304.79 to 4324.69. dz = 19.90
Warning: remove sink on 890, from 1019.58 to 1021.23. dz = 1.65
Warning: remove sink on 907, from 1596.83 to 1597.68. dz = 0.85
Warning: remove sink on 912, from 1144.31 to 1144.50. dz = 0.19
Warning: remove sink on 924, from 935.31 to 935.48. dz = 0.17
Warning: remove sink on 976, from 1000.48 to 1005.76. dz = 5.28
Warning: remove sink on 995, from 1146.53 to 1147.47. dz = 0.94
Warning: remove sink on 1002, from 1079.06 to 1079.07. dz = 0.01
Warning: remove sink on 1004, from 933.86 to 934.32. dz = 0.46
Warning: remove sink on 1088, from 1069.61 to 1071.32. dz = 1.70
Warning: remove sink on 1120, from 932.91 to 934.68. dz = 1.77
Warning: remove sink on 1124, from 977.04 to 977.97. dz = 0.93
Warning: remove sink on 1137, from 955.41 to 957.54. dz = 2.14
Warning: remove sink on 1197, from 1021.38 to 1022.13. dz = 0.74
Warning: remove sink on 1249, from 972.81 to 977.97. dz = 5.16
Warning: remove sink on 1254, from 1141.20 to 1143.88. dz = 2.68
Warning: remove sink on 1372, from 1140.44 to 1143.19. dz = 2.75
Warning: remove sink on 1393, from 934.08 to 934.39. dz = 0.31
Warning: remove sink on 1414, from 936.82 to 938.12. dz = 1.29
Warning: remove sink on 1440, from 1042.39 to 1044.35. dz = 1.96
Warning: remove sink on 1454, from 979.16 to 983.38. dz = 4.23
Warning: remove sink on 1503, from 1019.05 to 1021.72. dz = 2.67
Warning: remove sink on 1513, from 1013.15 to 1013.41. dz = 0.26
Warning: remove sink on 1516, from 1026.96 to 1027.08. dz = 0.12
Warning: remove sink on 1535, from 1017.30 to 1019.13. dz = 1.83
Warning: remove sink on 1567, from 1030.35 to 1030.71. dz = 0.36
Warning: remove sink on 1568, from 1017.24 to 1017.25. dz = 0.01
Warning: remove sink on 1569, from 1012.68 to 1014.24. dz = 1.56
Warning: remove sink on 1570, from 1006.58 to 1007.86. dz = 1.28
Warning: remove sink on 1586, from 938.88 to 939.16. dz = 0.27
Warning: remove sink on 1605, from 1188.45 to 1196.29. dz = 7.84
Warning: remove sink on 1639, from 1010.45 to 1014.21. dz = 3.76
Warning: remove sink on 1653, from 1193.73 to 1196.29. dz = 2.56
Warning: remove sink on 1669, from 978.97 to 984.34. dz = 5.37
Warning: remove sink on 1671, from 991.45 to 993.53. dz = 2.08
Warning: remove sink on 1676, from 973.22 to 973.75. dz = 0.53
Warning: remove sink on 1698, from 897.85 to 899.03. dz = 1.17
Warning: remove sink on 1705, from 1020.54 to 1020.59. dz = 0.04
Warning: remove sink on 1708, from 1024.88 to 1026.06. dz = 1.19
Warning: remove sink on 1757, from 1006.37 to 1008.53. dz = 2.16
Warning: remove sink on 1770, from 1415.14 to 1416.08. dz = 0.93
Warning: remove sink on 1852, from 1036.40 to 1040.47. dz = 4.07
Warning: remove sink on 1856, from 1039.14 to 1041.60. dz = 2.46
Warning: remove sink on 1889, from 1079.87 to 1082.67. dz = 2.80
Warning: remove sink on 1897, from 1019.60 to 1020.72. dz = 1.13
Warning: remove sink on 1901, from 938.85 to 941.16. dz = 2.31
Warning: remove sink on 1906, from 920.14 to 922.88. dz = 2.74
Warning: remove sink on 1949, from 1086.06 to 1089.34. dz = 3.28
Warning: remove sink on 1966, from 1077.40 to 1078.48. dz = 1.08
Warning: remove sink on 1984, from 1007.50 to 1008.45. dz = 0.94
Warning: remove sink on 1987, from 1059.33 to 1059.49. dz = 0.16
Warning: remove sink on 2028, from 932.20 to 932.38. dz = 0.17
Warning: remove sink on 2029, from 934.42 to 934.70. dz = 0.28
Warning: remove sink on 2066, from 931.29 to 932.24. dz = 0.95
Warning: remove sink on 2087, from 918.53 to 919.41. dz = 0.88
Warning: remove sink on 2110, from 1066.98 to 1070.83. dz = 3.85
Warning: remove sink on 2113, from 1059.73 to 1060.15. dz = 0.41
Warning: remove sink on 2133, from 1001.31 to 1002.22. dz = 0.91
Warning: remove sink on 2148, from 955.93 to 956.50. dz = 0.56
Warning: remove sink on 2199, from 1014.32 to 1014.96. dz = 0.64
Warning: remove sink on 2224, from 1003.77 to 1004.02. dz = 0.25
Warning: remove sink on 2226, from 1002.13 to 1004.02. dz = 1.88
Warning: remove sink on 2246, from 1070.37 to 1070.83. dz = 0.46
Warning: remove sink on 2249, from 1007.91 to 1008.31. dz = 0.41
Warning: remove sink on 2275, from 969.81 to 972.80. dz = 2.99
Warning: remove sink on 2311, from 1054.94 to 1055.58. dz = 0.64
Warning: remove sink on 2324, from 976.29 to 977.40. dz = 1.11
Warning: remove sink on 2327, from 999.60 to 1000.30. dz = 0.70
Warning: remove sink on 2331, from 1055.85 to 1056.14. dz = 0.29
Warning: remove sink on 2333, from 1057.29 to 1057.47. dz = 0.19
Warning: remove sink on 2341, from 996.02 to 998.19. dz = 2.17
Warning: remove sink on 2346, from 988.05 to 988.58. dz = 0.53
Warning: remove sink on 2351, from 1004.38 to 1004.72. dz = 0.34
Warning: remove sink on 2353, from 992.40 to 992.74. dz = 0.33
Warning: remove sink on 2358, from 993.65 to 994.53. dz = 0.87
Warning: remove sink on 2363, from 1003.13 to 1003.90. dz = 0.77
Warning: remove sink on 2368, from 998.82 to 999.58. dz = 0.77
Warning: remove sink on 2389, from 1082.12 to 1082.17. dz = 0.05
Warning: remove sink on 2402, from 996.30 to 996.67. dz = 0.37
Warning: remove sink on 2412, from 989.54 to 990.02. dz = 0.47
Warning: remove sink on 2417, from 931.88 to 935.19. dz = 3.31
Warning: remove sink on 2437, from 1064.18 to 1065.84. dz = 1.67
Warning: remove sink on 2445, from 1059.40 to 1060.13. dz = 0.74
Warning: remove sink on 2478, from 1074.56 to 1076.91. dz = 2.35
Warning: remove sink on 2479, from 1078.57 to 1079.83. dz = 1.26
Warning: remove sink on 2504, from 1044.65 to 1045.23. dz = 0.58
Warning: remove sink on 2510, from 1043.62 to 1043.81. dz = 0.19
Warning: remove sink on 2514, from 1045.58 to 1046.72. dz = 1.14
Warning: remove sink on 2519, from 991.50 to 991.58. dz = 0.08
Warning: remove sink on 2526, from 995.98 to 996.38. dz = 0.39
Warning: remove sink on 2536, from 905.34 to 908.15. dz = 2.81
Warning: remove sink on 2548, from 1049.35 to 1049.76. dz = 0.41
Warning: remove sink on 2570, from 1051.74 to 1052.32. dz = 0.58
Warning: remove sink on 2577, from 993.06 to 995.85. dz = 2.79
Warning: remove sink on 2582, from 987.45 to 988.39. dz = 0.94
Warning: remove sink on 2586, from 993.84 to 996.71. dz = 2.86
Warning: remove sink on 2589, from 1048.72 to 1050.32. dz = 1.60
Warning: remove sink on 2656, from 987.01 to 987.96. dz = 0.95
Warning: remove sink on 2669, from 981.64 to 984.31. dz = 2.67
Warning: remove sink on 2677, from 1002.26 to 1004.32. dz = 2.06
Warning: remove sink on 2711, from 1003.57 to 1003.61. dz = 0.04
Warning: remove sink on 2727, from 991.36 to 991.51. dz = 0.15
Warning: remove sink on 2729, from 971.60 to 972.02. dz = 0.41
Warning: remove sink on 2736, from 997.76 to 998.11. dz = 0.36
Warning: remove sink on 2737, from 1000.91 to 1001.34. dz = 0.42
Warning: remove sink on 2765, from 1042.97 to 1043.16. dz = 0.19
Warning: remove sink on 2769, from 1038.15 to 1040.87. dz = 2.72
Warning: remove sink on 2803, from 946.19 to 950.27. dz = 4.08
Warning: remove sink on 2805, from 1049.67 to 1052.26. dz = 2.59
Warning: remove sink on 2812, from 1059.49 to 1062.39. dz = 2.90
Warning: remove sink on 2823, from 1025.99 to 1026.74. dz = 0.74
Warning: remove sink on 2825, from 1027.93 to 1028.19. dz = 0.26
Warning: remove sink on 2834, from 1028.79 to 1030.35. dz = 1.56
Warning: remove sink on 2868, from 1063.27 to 1066.07. dz = 2.80
Warning: remove sink on 2894, from 1009.69 to 1009.85. dz = 0.16
Warning: remove sink on 2931, from 1052.44 to 1052.79. dz = 0.35
Warning: remove sink on 2942, from 1019.37 to 1019.55. dz = 0.18
Warning: remove sink on 2946, from 988.26 to 989.77. dz = 1.51
Warning: remove sink on 2947, from 990.57 to 990.77. dz = 0.21
Warning: remove sink on 2972, from 990.31 to 990.41. dz = 0.10
Warning: remove sink on 2979, from 989.61 to 990.02. dz = 0.40
Warning: remove sink on 3013, from 988.11 to 988.17. dz = 0.06
Warning: remove sink on 3017, from 982.55 to 983.78. dz = 1.24
Warning: remove sink on 3024, from 982.18 to 984.39. dz = 2.21
Warning: remove sink on 3030, from 975.76 to 977.06. dz = 1.30
Warning: remove sink on 3031, from 979.11 to 979.44. dz = 0.33
Warning: remove sink on 3037, from 983.29 to 984.18. dz = 0.89
Warning: remove sink on 3045, from 971.31 to 971.61. dz = 0.30
Warning: remove sink on 3061, from 979.54 to 980.24. dz = 0.70
Warning: remove sink on 3086, from 963.76 to 965.45. dz = 1.69
Warning: remove sink on 3089, from 1099.74 to 1100.62. dz = 0.88
Warning: remove sink on 3093, from 3642.28 to 3653.61. dz = 11.33
Warning: remove sink on 3097, from 1196.84 to 1199.40. dz = 2.56
Warning: remove sink on 3102, from 1210.97 to 1212.04. dz = 1.08
Warning: remove sink on 3105, from 1209.27 to 1210.70. dz = 1.43
Warning: remove sink on 3128, from 1232.47 to 1238.55. dz = 6.08
Warning: remove sink on 3174, from 1052.20 to 1053.19. dz = 0.99
Warning: remove sink on 3191, from 962.37 to 965.37. dz = 3.00
Warning: remove sink on 3194, from 987.82 to 987.83. dz = 0.00
Warning: remove sink on 3247, from 1130.35 to 1133.06. dz = 2.71
Warning: remove sink on 3254, from 1134.18 to 1135.07. dz = 0.89
Warning: remove sink on 3259, from 1132.71 to 1133.67. dz = 0.96
Warning: remove sink on 3267, from 1129.51 to 1133.35. dz = 3.84
Warning: remove sink on 3274, from 1124.66 to 1127.16. dz = 2.50
Warning: remove sink on 3280, from 1134.61 to 1136.69. dz = 2.08
Warning: remove sink on 3382, from 4053.00 to 4057.76. dz = 4.76
Warning: remove sink on 3416, from 4052.90 to 4088.54. dz = 35.64
Warning: remove sink on 3662, from 3867.18 to 3870.48. dz = 3.30
Warning: remove sink on 3700, from 3986.44 to 3986.49. dz = 0.05
Warning: remove sink on 3715, from 4286.87 to 4315.32. dz = 28.45
Warning: remove sink on 3883, from 4184.65 to 4221.07. dz = 36.42
Warning: remove sink on 3887, from 4323.43 to 4329.51. dz = 6.07
Warning: remove sink on 3913, from 3106.98 to 3169.92. dz = 62.94
Warning: remove sink on 3932, from 3814.14 to 3816.92. dz = 2.79
Warning: remove sink on 3942, from 3218.02 to 3346.16. dz = 128.14
Warning: remove sink on 3996, from 4187.98 to 4192.21. dz = 4.23
Warning: remove sink on 4005, from 3739.74 to 3781.98. dz = 42.25
Warning: remove sink on 4026, from 4227.12 to 4240.33. dz = 13.21
Warning: remove sink on 4049, from 4140.63 to 4163.36. dz = 22.73
Warning: remove sink on 4068, from 3773.90 to 3778.04. dz = 4.14
Warning: remove sink on 4244, from 3766.03 to 3855.12. dz = 89.08
Warning: remove sink on 4397, from 3925.31 to 3926.41. dz = 1.10
Warning: remove sink on 4423, from 4118.88 to 4159.12. dz = 40.24
Warning: remove sink on 4568, from 935.68 to 936.45. dz = 0.77
Warning: remove sink on 4580, from 928.78 to 929.06. dz = 0.28
Warning: remove sink on 4583, from 935.27 to 936.06. dz = 0.79
Warning: remove sink on 4609, from 931.65 to 932.19. dz = 0.54
Warning: remove sink on 4614, from 897.13 to 897.31. dz = 0.18
Warning: remove sink on 4622, from 925.66 to 929.16. dz = 3.51
Warning: remove sink on 4641, from 926.27 to 927.79. dz = 1.52
Warning: remove sink on 4668, from 967.30 to 968.23. dz = 0.93
Warning: remove sink on 4675, from 971.66 to 973.46. dz = 1.80
Warning: remove sink on 4679, from 959.04 to 959.19. dz = 0.15
Warning: remove sink on 4691, from 975.38 to 975.75. dz = 0.36
Warning: remove sink on 4701, from 974.01 to 974.14. dz = 0.12
Warning: remove sink on 4704, from 975.46 to 975.78. dz = 0.31
Warning: remove sink on 4716, from 965.10 to 965.60. dz = 0.50
Warning: remove sink on 4725, from 961.13 to 962.20. dz = 1.08
Warning: remove sink on 4734, from 966.01 to 966.41. dz = 0.41
Warning: remove sink on 4743, from 953.64 to 954.13. dz = 0.49
Warning: remove sink on 4768, from 1546.27 to 1547.72. dz = 1.45
Warning: remove sink on 4822, from 1561.58 to 1562.58. dz = 1.01
Warning: remove sink on 4826, from 1493.72 to 1494.74. dz = 1.02
Warning: remove sink on 4860, from 1448.07 to 1448.68. dz = 0.61
Warning: remove sink on 4861, from 1472.63 to 1473.70. dz = 1.06
Warning: remove sink on 4873, from 1086.59 to 1086.91. dz = 0.33
Warning: remove sink on 4883, from 1075.56 to 1076.00. dz = 0.43
Warning: remove sink on 4915, from 1057.07 to 1057.52. dz = 0.45
Warning: remove sink on 4922, from 1019.59 to 1021.72. dz = 2.13
Warning: remove sink on 4926, from 1016.21 to 1017.73. dz = 1.52
Warning: remove sink on 4927, from 1019.16 to 1020.79. dz = 1.62
Warning: remove sink on 4929, from 1015.91 to 1016.11. dz = 0.20
Warning: remove sink on 4967, from 891.17 to 891.34. dz = 0.17
Warning: remove sink on 4970, from 930.55 to 934.04. dz = 3.49
Warning: remove sink on 5010, from 888.39 to 888.60. dz = 0.21
Warning: remove sink on 5011, from 895.34 to 897.00. dz = 1.66
Warning: remove sink on 5019, from 942.88 to 944.95. dz = 2.07
Warning: remove sink on 5033, from 920.91 to 922.56. dz = 1.65
Warning: remove sink on 5043, from 943.70 to 944.39. dz = 0.69
Warning: remove sink on 5052, from 896.92 to 896.94. dz = 0.02
Warning: remove sink on 5067, from 899.95 to 900.22. dz = 0.27
Warning: remove sink on 5085, from 906.92 to 907.00. dz = 0.08
Warning: remove sink on 5104, from 901.29 to 902.55. dz = 1.25
Warning: remove sink on 5112, from 901.18 to 904.07. dz = 2.89
Warning: remove sink on 5115, from 898.49 to 898.50. dz = 0.01
Warning: remove sink on 5117, from 902.26 to 902.60. dz = 0.34
Warning: remove sink on 5118, from 891.65 to 891.99. dz = 0.34
Warning: remove sink on 5126, from 911.06 to 911.32. dz = 0.26
Warning: remove sink on 5128, from 896.51 to 896.75. dz = 0.24
Warning: remove sink on 5145, from 902.80 to 903.98. dz = 1.18
Warning: remove sink on 5161, from 909.82 to 910.11. dz = 0.29
Warning: remove sink on 5175, from 906.48 to 908.63. dz = 2.15
Warning: remove sink on 5179, from 910.46 to 911.01. dz = 0.55
Warning: remove sink on 5196, from 893.86 to 894.42. dz = 0.56
Warning: remove sink on 5202, from 885.78 to 886.66. dz = 0.88
Warning: remove sink on 5210, from 901.56 to 901.92. dz = 0.37
Warning: remove sink on 5220, from 909.55 to 910.11. dz = 0.56
Warning: remove sink on 5221, from 910.14 to 910.30. dz = 0.16
Warning: remove sink on 5244, from 885.13 to 885.53. dz = 0.40
Warning: remove sink on 5259, from 883.38 to 884.87. dz = 1.49
Warning: remove sink on 5265, from 889.32 to 893.36. dz = 4.04
Warning: remove sink on 5284, from 892.18 to 892.75. dz = 0.57
Warning: remove sink on 5302, from 887.46 to 887.56. dz = 0.10
Warning: remove sink on 5316, from 922.74 to 924.42. dz = 1.68
Warning: remove sink on 5352, from 889.89 to 889.89. dz = 0.01
Warning: remove sink on 5383, from 886.82 to 887.36. dz = 0.54
Warning: remove sink on 5390, from 900.10 to 902.31. dz = 2.21
Warning: remove sink on 5421, from 914.24 to 916.20. dz = 1.96
Warning: remove sink on 5452, from 927.34 to 927.94. dz = 0.60
Warning: remove sink on 5453, from 915.60 to 915.98. dz = 0.39
Warning: remove sink on 5467, from 914.61 to 915.66. dz = 1.05
Warning: remove sink on 5470, from 913.67 to 914.48. dz = 0.81
Warning: remove sink on 5473, from 915.04 to 916.47. dz = 1.44
Warning: remove sink on 5476, from 915.88 to 916.13. dz = 0.25
Warning: remove sink on 5491, from 915.88 to 916.85. dz = 0.96
Warning: remove sink on 5507, from 917.20 to 919.73. dz = 2.53
Warning: remove sink on 5510, from 916.86 to 917.56. dz = 0.70
Warning: remove sink on 5511, from 914.50 to 914.76. dz = 0.26
Warning: remove sink on 5521, from 919.46 to 920.31. dz = 0.84
Warning: remove sink on 5533, from 908.99 to 910.33. dz = 1.34
Warning: remove sink on 5534, from 926.47 to 926.63. dz = 0.15
Warning: remove sink on 5540, from 916.77 to 917.45. dz = 0.69
Warning: remove sink on 5542, from 914.78 to 915.99. dz = 1.21
Warning: remove sink on 5544, from 912.08 to 912.45. dz = 0.37
Warning: remove sink on 5557, from 917.04 to 917.33. dz = 0.29
Warning: remove sink on 5564, from 915.27 to 917.01. dz = 1.73
Warning: remove sink on 5570, from 920.64 to 922.49. dz = 1.85
Warning: remove sink on 5578, from 917.07 to 918.11. dz = 1.04
Warning: remove sink on 5583, from 916.60 to 918.02. dz = 1.43
Warning: remove sink on 5586, from 917.95 to 918.11. dz = 0.16
Warning: remove sink on 5597, from 916.43 to 916.50. dz = 0.07
Warning: remove sink on 5613, from 928.51 to 929.56. dz = 1.05
Warning: remove sink on 5628, from 884.02 to 884.90. dz = 0.88
Warning: remove sink on 5632, from 919.45 to 919.98. dz = 0.54
Warning: remove sink on 5641, from 881.51 to 883.58. dz = 2.07
Warning: remove sink on 5646, from 933.65 to 934.35. dz = 0.70
Warning: remove sink on 5648, from 932.21 to 934.15. dz = 1.94
Warning: remove sink on 5652, from 946.81 to 947.22. dz = 0.41
Warning: remove sink on 5657, from 945.97 to 948.01. dz = 2.04
Warning: remove sink on 5669, from 947.90 to 947.91. dz = 0.01
Warning: remove sink on 5719, from 950.54 to 951.29. dz = 0.75
Warning: remove sink on 5726, from 966.17 to 966.30. dz = 0.12
Warning: remove sink on 5734, from 951.71 to 953.62. dz = 1.91
Warning: remove sink on 5758, from 980.55 to 981.12. dz = 0.57
Warning: remove sink on 5778, from 1000.89 to 1002.52. dz = 1.63
Warning: remove sink on 5783, from 971.95 to 973.54. dz = 1.60
Warning: remove sink on 5789, from 986.18 to 986.81. dz = 0.64
Warning: remove sink on 5807, from 976.91 to 978.40. dz = 1.48
Warning: remove sink on 5816, from 971.89 to 972.68. dz = 0.79
Warning: remove sink on 5822, from 957.00 to 959.72. dz = 2.71
Warning: remove sink on 5828, from 971.48 to 972.77. dz = 1.28
Warning: remove sink on 5842, from 964.25 to 968.20. dz = 3.96
Warning: remove sink on 5849, from 948.24 to 948.31. dz = 0.07
Warning: remove sink on 5858, from 975.74 to 978.77. dz = 3.02
Warning: remove sink on 5865, from 965.25 to 965.84. dz = 0.60
Warning: remove sink on 5899, from 955.29 to 955.34. dz = 0.05
Warning: remove sink on 5911, from 980.90 to 982.51. dz = 1.61
Warning: remove sink on 5913, from 978.72 to 979.06. dz = 0.34
Warning: remove sink on 5928, from 963.39 to 963.90. dz = 0.51
Warning: remove sink on 5933, from 982.51 to 984.60. dz = 2.09
Warning: remove sink on 5934, from 979.85 to 979.98. dz = 0.13
Warning: remove sink on 5944, from 985.10 to 985.28. dz = 0.18
Warning: remove sink on 5945, from 982.76 to 984.22. dz = 1.45
Warning: remove sink on 5954, from 979.61 to 979.73. dz = 0.12
Warning: remove sink on 5960, from 935.11 to 935.86. dz = 0.75
Warning: remove sink on 5964, from 932.90 to 934.38. dz = 1.48
Warning: remove sink on 5974, from 995.27 to 995.70. dz = 0.44
Warning: remove sink on 5990, from 983.18 to 984.60. dz = 1.42
Warning: remove sink on 6006, from 979.43 to 980.95. dz = 1.53
Warning: remove sink on 6007, from 954.26 to 954.27. dz = 0.01
Warning: remove sink on 6009, from 934.28 to 935.28. dz = 1.00
Warning: remove sink on 6023, from 937.70 to 938.59. dz = 0.89
Warning: remove sink on 6047, from 937.98 to 939.68. dz = 1.70
Warning: remove sink on 6052, from 940.18 to 940.23. dz = 0.06
Warning: remove sink on 6057, from 940.43 to 943.19. dz = 2.76
Warning: remove sink on 6088, from 969.85 to 970.54. dz = 0.68
Warning: remove sink on 6100, from 969.48 to 970.19. dz = 0.71
Warning: remove sink on 6102, from 978.36 to 978.61. dz = 0.26
Warning: remove sink on 6129, from 973.57 to 973.86. dz = 0.28
Warning: remove sink on 6133, from 973.62 to 973.81. dz = 0.19
Warning: remove sink on 6148, from 991.36 to 992.76. dz = 1.40
Warning: remove sink on 6165, from 975.41 to 976.31. dz = 0.91
Warning: remove sink on 6180, from 930.36 to 931.70. dz = 1.35
Warning: remove sink on 6186, from 979.37 to 980.34. dz = 0.96
Warning: remove sink on 6190, from 980.43 to 980.80. dz = 0.37
Warning: remove sink on 6193, from 952.10 to 953.63. dz = 1.53
Warning: remove sink on 6198, from 959.58 to 960.74. dz = 1.17
Warning: remove sink on 6208, from 931.36 to 931.99. dz = 0.63
Warning: remove sink on 6209, from 941.77 to 943.71. dz = 1.94
Warning: remove sink on 6216, from 944.84 to 944.92. dz = 0.08
Warning: remove sink on 6218, from 951.25 to 952.63. dz = 1.38
Warning: remove sink on 6240, from 999.26 to 999.54. dz = 0.28
Warning: remove sink on 6242, from 935.85 to 936.41. dz = 0.56
Warning: remove sink on 6244, from 923.80 to 926.70. dz = 2.90
Warning: remove sink on 6247, from 931.71 to 931.90. dz = 0.19
Warning: remove sink on 6249, from 936.75 to 940.42. dz = 3.67
Warning: remove sink on 6252, from 949.04 to 949.33. dz = 0.29
Warning: remove sink on 6255, from 999.93 to 1000.02. dz = 0.10
Warning: remove sink on 6257, from 1000.73 to 1000.84. dz = 0.11
Warning: remove sink on 6262, from 970.71 to 971.17. dz = 0.46
Warning: remove sink on 6269, from 969.41 to 970.19. dz = 0.78
Warning: remove sink on 6295, from 985.88 to 986.20. dz = 0.32
Warning: remove sink on 6304, from 988.88 to 993.02. dz = 4.14
Warning: remove sink on 6317, from 932.06 to 933.55. dz = 1.49
Warning: remove sink on 6328, from 932.20 to 933.38. dz = 1.19
Warning: remove sink on 6341, from 920.26 to 920.61. dz = 0.35
Warning: remove sink on 6348, from 914.73 to 915.04. dz = 0.31
Warning: remove sink on 6352, from 996.95 to 998.17. dz = 1.23
Warning: remove sink on 6355, from 981.04 to 981.26. dz = 0.21
Warning: remove sink on 6356, from 982.26 to 984.20. dz = 1.94
Warning: remove sink on 6364, from 1000.35 to 1002.09. dz = 1.74
Warning: remove sink on 6404, from 1030.13 to 1031.00. dz = 0.87
Warning: remove sink on 6424, from 991.67 to 992.08. dz = 0.42
Warning: remove sink on 6436, from 1000.53 to 1000.92. dz = 0.39
Warning: remove sink on 6440, from 1000.76 to 1001.18. dz = 0.41
Warning: remove sink on 6442, from 1068.80 to 1070.47. dz = 1.67
Warning: remove sink on 6452, from 1002.27 to 1002.61. dz = 0.34
Warning: remove sink on 6643, from 1823.96 to 1837.84. dz = 13.88
Warning: remove sink on 6646, from 1887.49 to 1889.61. dz = 2.11
Warning: remove sink on 6746, from 1924.48 to 1925.46. dz = 0.98
Warning: remove sink on 6750, from 1900.11 to 1917.49. dz = 17.38
Warning: remove sink on 6791, from 2180.44 to 2218.33. dz = 37.89
Warning: remove sink on 6899, from 3489.82 to 3496.29. dz = 6.47
Warning: remove sink on 6999, from 3229.44 to 3255.20. dz = 25.76
Warning: remove sink on 7006, from 3015.03 to 3030.49. dz = 15.47
Warning: remove sink on 7100, from 2377.62 to 2379.56. dz = 1.94
Warning: remove sink on 7187, from 3124.09 to 3164.56. dz = 40.48
Warning: remove sink on 7453, from 959.44 to 962.70. dz = 3.27
Warning: remove sink on 7463, from 1010.63 to 1011.21. dz = 0.58
Warning: remove sink on 7464, from 1011.16 to 1011.37. dz = 0.21
Warning: remove sink on 7465, from 1007.79 to 1009.68. dz = 1.89
Warning: remove sink on 7472, from 1006.15 to 1007.28. dz = 1.13
Warning: remove sink on 7480, from 1014.60 to 1015.14. dz = 0.54
Warning: remove sink on 7492, from 1009.69 to 1010.11. dz = 0.42
Warning: remove sink on 7493, from 1009.59 to 1010.55. dz = 0.96
Warning: remove sink on 7502, from 1018.89 to 1019.55. dz = 0.65
Warning: remove sink on 7510, from 1004.61 to 1004.67. dz = 0.06
Warning: remove sink on 7522, from 1012.77 to 1013.23. dz = 0.46
Warning: remove sink on 7538, from 1003.44 to 1003.67. dz = 0.23
Warning: remove sink on 7540, from 999.44 to 1002.31. dz = 2.87
Warning: remove sink on 7542, from 1000.32 to 1001.32. dz = 1.00
Warning: remove sink on 7565, from 1076.17 to 1076.82. dz = 0.65
Warning: remove sink on 7591, from 1071.20 to 1072.33. dz = 1.12
Warning: remove sink on 7592, from 1073.61 to 1074.57. dz = 0.96
Warning: remove sink on 7606, from 891.52 to 891.77. dz = 0.25
Warning: remove sink on 7633, from 904.41 to 904.59. dz = 0.18
Warning: remove sink on 7648, from 926.50 to 927.68. dz = 1.18
Warning: remove sink on 7650, from 909.03 to 909.26. dz = 0.23
Warning: remove sink on 7654, from 923.16 to 924.36. dz = 1.19
Warning: remove sink on 7676, from 945.56 to 949.25. dz = 3.69
Warning: remove sink on 7677, from 908.77 to 913.61. dz = 4.83
Warning: remove sink on 7691, from 931.61 to 932.11. dz = 0.50
Warning: remove sink on 7698, from 896.02 to 896.08. dz = 0.06
Warning: remove sink on 7701, from 898.67 to 899.26. dz = 0.59
Warning: remove sink on 7713, from 902.67 to 903.23. dz = 0.55
Warning: remove sink on 7717, from 912.60 to 914.59. dz = 1.99
Warning: remove sink on 7724, from 911.06 to 911.49. dz = 0.43
Warning: remove sink on 7728, from 896.43 to 897.61. dz = 1.18
Warning: remove sink on 7738, from 887.93 to 888.37. dz = 0.44
Warning: remove sink on 7743, from 881.57 to 884.90. dz = 3.33
Warning: remove sink on 7751, from 909.78 to 911.55. dz = 1.77
Warning: remove sink on 7762, from 898.10 to 898.32. dz = 0.22
Warning: remove sink on 7764, from 908.50 to 909.24. dz = 0.75
Warning: remove sink on 7790, from 884.52 to 885.25. dz = 0.74
Warning: remove sink on 7813, from 887.36 to 888.79. dz = 1.43
Warning: remove sink on 7838, from 907.38 to 907.76. dz = 0.38
Warning: remove sink on 7844, from 923.56 to 923.78. dz = 0.22
Warning: remove sink on 7846, from 879.66 to 882.98. dz = 3.32
Warning: remove sink on 7847, from 884.48 to 885.08. dz = 0.59
Warning: remove sink on 7870, from 1070.81 to 1074.00. dz = 3.18
Warning: remove sink on 7882, from 1058.87 to 1060.11. dz = 1.25
Warning: remove sink on 7885, from 1052.94 to 1054.89. dz = 1.95
Warning: remove sink on 7898, from 1056.52 to 1057.39. dz = 0.87
Warning: remove sink on 7903, from 1067.59 to 1068.45. dz = 0.85
Warning: remove sink on 7906, from 1037.51 to 1038.16. dz = 0.64
Warning: remove sink on 7918, from 1058.21 to 1061.76. dz = 3.55
Warning: remove sink on 7938, from 1063.63 to 1064.84. dz = 1.21
Warning: remove sink on 7942, from 1064.14 to 1064.86. dz = 0.72
Warning: remove sink on 7952, from 1053.67 to 1054.57. dz = 0.90
Warning: remove sink on 7980, from 1058.22 to 1058.71. dz = 0.49
Warning: remove sink on 7993, from 1036.61 to 1037.78. dz = 1.17
Warning: remove sink on 7994, from 1028.21 to 1028.35. dz = 0.14
Warning: remove sink on 8007, from 1054.15 to 1054.57. dz = 0.43
Warning: remove sink on 8053, from 1029.23 to 1030.08. dz = 0.86
Warning: remove sink on 8061, from 1067.89 to 1069.27. dz = 1.38
Warning: remove sink on 8177, from 986.64 to 987.00. dz = 0.35
Warning: remove sink on 8182, from 1070.71 to 1073.10. dz = 2.40
Warning: remove sink on 8192, from 977.39 to 978.80. dz = 1.41
Warning: remove sink on 8216, from 1031.62 to 1033.37. dz = 1.75
Warning: remove sink on 8225, from 1039.11 to 1040.50. dz = 1.39
Warning: remove sink on 8245, from 1048.61 to 1049.64. dz = 1.02
Warning: remove sink on 8252, from 1038.79 to 1038.96. dz = 0.18
Warning: remove sink on 8265, from 1039.11 to 1040.10. dz = 0.99
Warning: remove sink on 8271, from 1041.25 to 1042.79. dz = 1.54
Warning: remove sink on 8300, from 1022.59 to 1022.61. dz = 0.02
Warning: remove sink on 8306, from 1023.02 to 1024.42. dz = 1.40
Warning: remove sink on 8332, from 1021.41 to 1025.47. dz = 4.06
Warning: remove sink on 8337, from 1024.35 to 1025.58. dz = 1.23
Warning: remove sink on 8355, from 1027.93 to 1029.73. dz = 1.80
Warning: remove sink on 8357, from 1018.28 to 1019.50. dz = 1.21
Warning: remove sink on 8359, from 1024.71 to 1024.73. dz = 0.02
Warning: remove sink on 8373, from 1001.33 to 1001.98. dz = 0.65
Warning: remove sink on 8382, from 1008.74 to 1009.32. dz = 0.58
Warning: remove sink on 8395, from 1019.52 to 1020.04. dz = 0.52
Warning: remove sink on 8430, from 997.68 to 997.71. dz = 0.03
Warning: remove sink on 8435, from 1016.51 to 1017.36. dz = 0.85
Warning: remove sink on 8437, from 1029.11 to 1029.41. dz = 0.30
Warning: remove sink on 8457, from 1016.44 to 1016.77. dz = 0.33
Warning: remove sink on 8465, from 1017.88 to 1018.57. dz = 0.69
Warning: remove sink on 8468, from 1012.89 to 1012.91. dz = 0.02
Warning: remove sink on 8477, from 1011.35 to 1013.56. dz = 2.21
Warning: remove sink on 8484, from 1004.88 to 1004.92. dz = 0.04
Warning: remove sink on 8488, from 1006.31 to 1007.21. dz = 0.90
Warning: remove sink on 8493, from 1003.41 to 1003.77. dz = 0.36
Warning: remove sink on 8494, from 1017.04 to 1017.94. dz = 0.90
Warning: remove sink on 8496, from 1041.28 to 1042.24. dz = 0.96
Warning: remove sink on 8502, from 1004.84 to 1006.16. dz = 1.31
Warning: remove sink on 8515, from 1019.72 to 1020.20. dz = 0.48
Warning: remove sink on 8521, from 1008.72 to 1010.16. dz = 1.44
Warning: remove sink on 8522, from 1010.46 to 1011.41. dz = 0.95
Warning: remove sink on 8533, from 1003.29 to 1006.11. dz = 2.83
Warning: remove sink on 8542, from 1023.52 to 1024.04. dz = 0.52
Warning: remove sink on 8547, from 1026.22 to 1027.36. dz = 1.14
Warning: remove sink on 8573, from 1034.44 to 1036.96. dz = 2.52
Warning: remove sink on 8577, from 1034.23 to 1035.06. dz = 0.83
Warning: remove sink on 8589, from 977.57 to 978.44. dz = 0.86
Warning: remove sink on 8606, from 973.21 to 973.93. dz = 0.72
Warning: remove sink on 8615, from 980.44 to 980.75. dz = 0.31
Warning: remove sink on 8635, from 1083.79 to 1084.73. dz = 0.94
Warning: remove sink on 8679, from 1062.12 to 1062.32. dz = 0.20
Warning: remove sink on 8702, from 1115.78 to 1115.97. dz = 0.19
Warning: remove sink on 8722, from 1200.54 to 1202.66. dz = 2.13
Warning: remove sink on 8723, from 1178.07 to 1181.90. dz = 3.83
Warning: remove sink on 8798, from 1275.54 to 1276.42. dz = 0.88
Warning: remove sink on 8807, from 1232.58 to 1233.31. dz = 0.73
Warning: remove sink on 8819, from 1240.47 to 1248.77. dz = 8.30
Warning: remove sink on 8959, from 1599.06 to 1606.92. dz = 7.87
Warning: remove sink on 9004, from 3477.44 to 3484.87. dz = 7.43
Warning: remove sink on 9033, from 1124.82 to 1128.55. dz = 3.73
Warning: remove sink on 9037, from 1151.74 to 1151.91. dz = 0.17
Warning: remove sink on 9146, from 4323.77 to 4386.10. dz = 62.33
Warning: remove sink on 9314, from 4103.88 to 4130.19. dz = 26.32
Warning: remove sink on 9343, from 4169.66 to 4190.00. dz = 20.34
Warning: remove sink on 9353, from 4312.48 to 4349.27. dz = 36.78
Warning: remove sink on 9898, from 949.69 to 953.78. dz = 4.10
Warning: remove sink on 9906, from 913.73 to 913.88. dz = 0.15
Warning: remove sink on 9913, from 971.20 to 973.03. dz = 1.83
Warning: remove sink on 9916, from 975.68 to 976.09. dz = 0.41
Warning: remove sink on 9927, from 953.18 to 954.41. dz = 1.22
Warning: remove sink on 9934, from 1232.57 to 1233.12. dz = 0.55
Warning: remove sink on 9935, from 1583.40 to 1586.60. dz = 3.20
Warning: remove sink on 9948, from 1514.35 to 1514.77. dz = 0.42
Warning: remove sink on 10041, from 1231.74 to 1232.19. dz = 0.45
Warning: remove sink on 10049, from 1237.14 to 1237.17. dz = 0.03
Warning: remove sink on 10052, from 1230.40 to 1232.19. dz = 1.79
Warning: remove sink on 10054, from 1222.43 to 1223.93. dz = 1.51
Warning: remove sink on 10070, from 1230.10 to 1231.04. dz = 0.93
Warning: remove sink on 10097, from 1232.70 to 1233.88. dz = 1.19
Warning: remove sink on 10105, from 1233.04 to 1233.38. dz = 0.33
Warning: remove sink on 10119, from 1222.51 to 1223.39. dz = 0.88
Warning: remove sink on 10174, from 1174.76 to 1175.63. dz = 0.87
Warning: remove sink on 10202, from 1256.13 to 1256.58. dz = 0.45
Warning: remove sink on 10220, from 1226.67 to 1226.98. dz = 0.31
Warning: remove sink on 10227, from 1218.80 to 1218.98. dz = 0.18
Warning: remove sink on 10304, from 1207.92 to 1208.18. dz = 0.26
Warning: remove sink on 10310, from 1355.01 to 1355.17. dz = 0.17
Warning: remove sink on 10353, from 1241.41 to 1242.02. dz = 0.61
Warning: remove sink on 10360, from 1233.05 to 1234.05. dz = 1.00
Warning: remove sink on 10363, from 1225.58 to 1228.57. dz = 2.99
Warning: remove sink on 10372, from 1256.71 to 1261.18. dz = 4.47
Warning: remove sink on 10402, from 1013.74 to 1016.60. dz = 2.86
Warning: remove sink on 10416, from 962.86 to 967.28. dz = 4.41
Warning: remove sink on 10480, from 904.60 to 907.01. dz = 2.41
Warning: remove sink on 10498, from 888.95 to 889.14. dz = 0.19
Warning: remove sink on 10531, from 965.10 to 965.65. dz = 0.56
Warning: remove sink on 10544, from 1005.07 to 1005.50. dz = 0.43
Warning: remove sink on 10581, from 1003.34 to 1005.73. dz = 2.40
Warning: remove sink on 10625, from 992.10 to 999.26. dz = 7.16
Warning: remove sink on 10627, from 1055.22 to 1055.62. dz = 0.39
Warning: remove sink on 10652, from 919.47 to 920.73. dz = 1.26
Warning: remove sink on 10657, from 921.88 to 924.77. dz = 2.88
Warning: remove sink on 10658, from 920.30 to 920.61. dz = 0.32
Warning: remove sink on 10677, from 960.43 to 960.79. dz = 0.36
Warning: remove sink on 10680, from 963.72 to 964.12. dz = 0.40
Warning: remove sink on 10693, from 976.25 to 977.50. dz = 1.25
Warning: remove sink on 10699, from 972.16 to 972.25. dz = 0.09
Warning: remove sink on 10707, from 938.48 to 938.81. dz = 0.33
Warning: remove sink on 10714, from 989.58 to 991.39. dz = 1.81
Warning: remove sink on 10721, from 961.91 to 962.10. dz = 0.19
Warning: remove sink on 10740, from 946.85 to 947.54. dz = 0.68
Warning: remove sink on 10776, from 932.99 to 935.28. dz = 2.29
Warning: remove sink on 10778, from 913.25 to 915.59. dz = 2.33
Warning: remove sink on 10798, from 925.62 to 926.34. dz = 0.72
Warning: remove sink on 10804, from 946.94 to 948.37. dz = 1.43
Warning: remove sink on 10825, from 948.97 to 948.97. dz = 0.00
Warning: remove sink on 10828, from 942.38 to 943.36. dz = 0.97
Warning: remove sink on 10836, from 929.17 to 931.33. dz = 2.15
Warning: remove sink on 10851, from 954.15 to 955.39. dz = 1.24
Warning: remove sink on 10860, from 946.02 to 946.15. dz = 0.13
Warning: remove sink on 10863, from 948.72 to 949.89. dz = 1.17
Warning: remove sink on 10877, from 951.81 to 952.19. dz = 0.38
Warning: remove sink on 10897, from 965.93 to 967.08. dz = 1.15
Warning: remove sink on 10903, from 970.18 to 970.81. dz = 0.63
Warning: remove sink on 10926, from 959.43 to 959.64. dz = 0.21
Warning: remove sink on 10930, from 970.93 to 970.98. dz = 0.05
Warning: remove sink on 10935, from 960.94 to 961.17. dz = 0.23
Warning: remove sink on 10954, from 961.77 to 962.83. dz = 1.06
Warning: remove sink on 10955, from 972.59 to 973.80. dz = 1.21
Warning: remove sink on 10982, from 958.94 to 959.27. dz = 0.33
Warning: remove sink on 10987, from 956.68 to 957.43. dz = 0.75
Warning: remove sink on 11015, from 978.11 to 978.11. dz = 0.00
Warning: remove sink on 11031, from 972.24 to 972.27. dz = 0.04
Warning: remove sink on 11044, from 964.78 to 965.65. dz = 0.88
Warning: remove sink on 11048, from 962.45 to 963.69. dz = 1.24
Warning: remove sink on 11059, from 955.89 to 958.77. dz = 2.88
Warning: remove sink on 11061, from 961.89 to 962.91. dz = 1.02
Warning: remove sink on 11065, from 936.34 to 936.41. dz = 0.07
Warning: remove sink on 11072, from 937.92 to 938.39. dz = 0.48
Warning: remove sink on 11083, from 913.99 to 914.28. dz = 0.29
Warning: remove sink on 11084, from 920.92 to 921.48. dz = 0.56
Warning: remove sink on 11087, from 922.85 to 923.56. dz = 0.71
Warning: remove sink on 11090, from 918.02 to 919.66. dz = 1.64
Warning: remove sink on 11107, from 921.23 to 922.80. dz = 1.58
Warning: remove sink on 11108, from 923.28 to 924.07. dz = 0.79
Warning: remove sink on 11120, from 915.25 to 916.90. dz = 1.64
Warning: remove sink on 11125, from 912.19 to 913.97. dz = 1.78
Warning: remove sink on 11134, from 914.10 to 915.79. dz = 1.68
Warning: remove sink on 11148, from 922.22 to 922.37. dz = 0.15
Warning: remove sink on 11149, from 920.78 to 921.36. dz = 0.59
Warning: remove sink on 11158, from 911.75 to 912.52. dz = 0.77
Warning: remove sink on 11169, from 925.52 to 927.17. dz = 1.65
Warning: remove sink on 11180, from 908.51 to 908.82. dz = 0.32
Warning: remove sink on 11184, from 906.61 to 908.28. dz = 1.67
Warning: remove sink on 11202, from 941.09 to 946.24. dz = 5.15
Warning: remove sink on 11213, from 973.66 to 975.82. dz = 2.17
Warning: remove sink on 11249, from 983.75 to 984.98. dz = 1.22
Warning: remove sink on 11395, from 1368.37 to 1368.87. dz = 0.50
Warning: remove sink on 11525, from 1270.19 to 1270.43. dz = 0.24
Warning: remove sink on 11558, from 1746.42 to 1748.93. dz = 2.51
Warning: remove sink on 11655, from 4219.25 to 4387.80. dz = 168.55
Warning: remove sink on 11665, from 4380.55 to 4479.96. dz = 99.41
Warning: remove sink on 11681, from 4328.45 to 4331.05. dz = 2.61
Warning: remove sink on 11715, from 4066.34 to 4119.17. dz = 52.83
Warning: remove sink on 11749, from 4229.11 to 4276.23. dz = 47.12
Warning: remove sink on 11750, from 4011.33 to 4034.21. dz = 22.88
Warning: remove sink on 11751, from 3898.61 to 4003.51. dz = 104.89
Warning: remove sink on 11807, from 3245.94 to 3295.70. dz = 49.76
Warning: remove sink on 11906, from 3598.60 to 3605.50. dz = 6.89
Warning: remove sink on 11955, from 4025.40 to 4104.31. dz = 78.91
Warning: remove sink on 11970, from 4066.11 to 4088.45. dz = 22.34
Warning: remove sink on 12015, from 1110.69 to 1111.72. dz = 1.02
Warning: remove sink on 12036, from 1122.33 to 1124.30. dz = 1.97
Warning: remove sink on 12037, from 1112.05 to 1119.48. dz = 7.43
Warning: remove sink on 12046, from 1101.02 to 1105.88. dz = 4.85
Warning: remove sink on 12056, from 1108.84 to 1109.37. dz = 0.54
Warning: remove sink on 12087, from 1086.19 to 1087.25. dz = 1.05
Warning: remove sink on 12090, from 1003.29 to 1003.47. dz = 0.17
Warning: remove sink on 12106, from 926.03 to 932.10. dz = 6.07
Warning: remove sink on 12117, from 906.10 to 909.61. dz = 3.51
Warning: remove sink on 12121, from 895.16 to 897.90. dz = 2.74
Warning: remove sink on 12136, from 916.93 to 917.47. dz = 0.54
Warning: remove sink on 12145, from 916.37 to 917.47. dz = 1.10
Warning: remove sink on 12151, from 918.77 to 919.24. dz = 0.47
Warning: remove sink on 12154, from 1086.61 to 1087.53. dz = 0.92
Warning: remove sink on 12156, from 1087.95 to 1089.18. dz = 1.23
Warning: remove sink on 12163, from 1065.05 to 1067.94. dz = 2.89
Warning: remove sink on 12175, from 1069.45 to 1070.64. dz = 1.19
Warning: remove sink on 12186, from 1100.89 to 1104.05. dz = 3.16
Warning: remove sink on 12225, from 1019.16 to 1020.01. dz = 0.85
Warning: remove sink on 12226, from 1009.51 to 1010.99. dz = 1.47
Warning: remove sink on 12231, from 1001.53 to 1003.34. dz = 1.81
Warning: remove sink on 12250, from 1000.39 to 1001.51. dz = 1.12
Warning: remove sink on 12255, from 1026.56 to 1027.05. dz = 0.49
Warning: remove sink on 12264, from 994.69 to 998.15. dz = 3.46
Warning: remove sink on 12276, from 1034.85 to 1035.67. dz = 0.82
Warning: remove sink on 12286, from 1017.64 to 1017.98. dz = 0.34
Warning: remove sink on 12293, from 1015.74 to 1016.11. dz = 0.37
Warning: remove sink on 12325, from 1048.83 to 1049.62. dz = 0.79
Warning: remove sink on 12345, from 1315.17 to 1317.48. dz = 2.31
Warning: remove sink on 12350, from 1510.46 to 1512.39. dz = 1.93
Warning: remove sink on 12351, from 1313.52 to 1317.48. dz = 3.96
Warning: remove sink on 12352, from 1311.67 to 1317.48. dz = 5.81
Warning: remove sink on 12363, from 1319.03 to 1326.58. dz = 7.55
Warning: remove sink on 12388, from 1283.73 to 1294.20. dz = 10.47
Warning: remove sink on 12409, from 1197.96 to 1201.58. dz = 3.62
Warning: remove sink on 12420, from 1200.35 to 1202.26. dz = 1.91
Warning: remove sink on 12443, from 1207.86 to 1207.98. dz = 0.12
Warning: remove sink on 12451, from 1206.96 to 1207.71. dz = 0.75
Warning: remove sink on 12456, from 1200.65 to 1201.06. dz = 0.41
Warning: remove sink on 12475, from 1171.36 to 1171.81. dz = 0.45
Warning: remove sink on 12481, from 1156.97 to 1157.05. dz = 0.07
Warning: remove sink on 12482, from 1184.31 to 1184.87. dz = 0.56
Warning: remove sink on 12549, from 1211.62 to 1212.16. dz = 0.53
Warning: remove sink on 12611, from 1203.48 to 1203.59. dz = 0.12
Warning: remove sink on 12624, from 1201.23 to 1202.84. dz = 1.61
Warning: remove sink on 12630, from 1217.98 to 1220.10. dz = 2.12
Warning: remove sink on 12632, from 1248.38 to 1251.78. dz = 3.40
Warning: remove sink on 12709, from 1191.31 to 1192.00. dz = 0.69
Warning: remove sink on 12776, from 1204.46 to 1204.63. dz = 0.17
Warning: remove sink on 12788, from 1260.04 to 1261.19. dz = 1.15
Warning: remove sink on 12820, from 1206.00 to 1207.20. dz = 1.20
Warning: remove sink on 12846, from 1204.99 to 1205.29. dz = 0.30
Warning: remove sink on 13032, from 1692.76 to 1699.30. dz = 6.54
Warning: remove sink on 13133, from 1150.08 to 1150.15. dz = 0.07
Warning: remove sink on 13196, from 1190.30 to 1192.20. dz = 1.90
Warning: remove sink on 13285, from 1106.32 to 1107.76. dz = 1.44
Warning: remove sink on 13290, from 1103.31 to 1103.80. dz = 0.48
Warning: remove sink on 13302, from 1104.75 to 1107.13. dz = 2.38
Warning: remove sink on 13317, from 1112.92 to 1112.99. dz = 0.07
Warning: remove sink on 13319, from 1106.18 to 1106.34. dz = 0.16
Warning: remove sink on 13330, from 1106.04 to 1107.13. dz = 1.09
Warning: remove sink on 13332, from 1091.33 to 1091.60. dz = 0.28
Warning: remove sink on 13348, from 1112.82 to 1114.50. dz = 1.68
Warning: remove sink on 13353, from 1117.75 to 1123.81. dz = 6.06
Warning: remove sink on 13363, from 1112.68 to 1115.38. dz = 2.71
Warning: remove sink on 13374, from 1101.08 to 1102.17. dz = 1.09
Warning: remove sink on 13378, from 1085.85 to 1086.75. dz = 0.90
Warning: remove sink on 13395, from 1121.70 to 1128.19. dz = 6.49
Warning: remove sink on 13396, from 1126.13 to 1128.90. dz = 2.77
Warning: remove sink on 13399, from 1124.93 to 1126.79. dz = 1.86
Warning: remove sink on 13413, from 1115.21 to 1115.89. dz = 0.67
Warning: remove sink on 13415, from 1126.38 to 1129.50. dz = 3.12
Warning: remove sink on 13455, from 1085.83 to 1087.25. dz = 1.42
Warning: remove sink on 13460, from 1087.98 to 1089.77. dz = 1.79
Warning: remove sink on 13463, from 1089.18 to 1089.77. dz = 0.59
Warning: remove sink on 13464, from 1096.58 to 1097.08. dz = 0.49
Warning: remove sink on 13639, from 1233.71 to 1235.48. dz = 1.77
Warning: remove sink on 13920, from 1282.83 to 1287.65. dz = 4.83
Warning: remove sink on 13961, from 1210.40 to 1210.83. dz = 0.43
Warning: remove sink on 14209, from 1161.94 to 1162.88. dz = 0.94
Warning: remove sink on 14233, from 1201.28 to 1212.70. dz = 11.43
Warning: remove sink on 14236, from 1068.38 to 1072.53. dz = 4.15
Warning: remove sink on 14259, from 1051.03 to 1054.51. dz = 3.48
Warning: remove sink on 14269, from 1125.02 to 1130.22. dz = 5.20
Warning: remove sink on 14271, from 1120.54 to 1122.24. dz = 1.69
Warning: remove sink on 14278, from 1118.12 to 1121.84. dz = 3.73
Warning: remove sink on 14287, from 1123.98 to 1124.91. dz = 0.93
Warning: remove sink on 14305, from 1041.43 to 1043.68. dz = 2.26
Warning: remove sink on 14333, from 1589.06 to 1593.72. dz = 4.66
Warning: remove sink on 14346, from 1657.32 to 1658.00. dz = 0.68
Warning: remove sink on 14404, from 1591.00 to 1594.98. dz = 3.98
Warning: remove sink on 14440, from 1668.29 to 1671.76. dz = 3.47
Warning: remove sink on 14456, from 1687.49 to 1697.04. dz = 9.55
Warning: remove sink on 14493, from 1495.99 to 1497.70. dz = 1.72
Warning: remove sink on 14541, from 3845.89 to 3849.14. dz = 3.26
Warning: remove sink on 14551, from 4167.68 to 4168.23. dz = 0.55
Warning: remove sink on 14811, from 3682.96 to 3743.46. dz = 60.50
Warning: remove sink on 15111, from 2839.39 to 2855.57. dz = 16.18
Warning: remove sink on 15206, from 2465.70 to 2477.73. dz = 12.04
Warning: remove sink on 15453, from 1271.26 to 1274.93. dz = 3.67
Warning: remove sink on 15549, from 1494.22 to 1495.58. dz = 1.36
Warning: remove sink on 15589, from 1507.50 to 1512.78. dz = 5.27
Warning: remove sink on 15675, from 1451.28 to 1453.86. dz = 2.58
Warning: remove sink on 15704, from 1615.31 to 1618.15. dz = 2.84
Warning: remove sink on 15787, from 1490.49 to 1492.56. dz = 2.08
Warning: remove sink on 15799, from 1489.28 to 1492.56. dz = 3.28
Warning: remove sink on 15813, from 1457.80 to 1458.79. dz = 0.99
Warning: remove sink on 15828, from 1412.10 to 1412.75. dz = 0.66
Warning: remove sink on 15916, from 1471.60 to 1474.58. dz = 2.98
Warning: remove sink on 15918, from 1483.56 to 1487.89. dz = 4.33
Warning: remove sink on 15942, from 1551.45 to 1551.65. dz = 0.19
Warning: remove sink on 15960, from 1505.42 to 1509.59. dz = 4.17
Warning: remove sink on 16041, from 4299.31 to 4303.32. dz = 4.01
Warning: remove sink on 16044, from 4264.38 to 4274.49. dz = 10.11
Warning: remove sink on 16104, from 1223.42 to 1223.97. dz = 0.56
Warning: remove sink on 16121, from 1208.85 to 1209.16. dz = 0.31
Warning: remove sink on 16143, from 1333.44 to 1333.97. dz = 0.53
Warning: remove sink on 16154, from 1385.16 to 1385.22. dz = 0.06
Warning: remove sink on 16164, from 955.77 to 959.02. dz = 3.25
Warning: remove sink on 16166, from 954.21 to 954.47. dz = 0.25
Warning: remove sink on 16170, from 1011.29 to 1018.79. dz = 7.51
Warning: remove sink on 16175, from 943.76 to 944.95. dz = 1.19
Warning: remove sink on 16191, from 1001.21 to 1001.22. dz = 0.01
Warning: remove sink on 16196, from 1017.25 to 1019.35. dz = 2.10
Warning: remove sink on 16198, from 910.34 to 910.40. dz = 0.06
Warning: remove sink on 16200, from 912.34 to 913.87. dz = 1.52
Warning: remove sink on 16201, from 907.00 to 907.36. dz = 0.36
Warning: remove sink on 16205, from 905.11 to 909.53. dz = 4.41
Warning: remove sink on 16213, from 914.74 to 914.92. dz = 0.18
Warning: remove sink on 16237, from 907.17 to 907.58. dz = 0.41
Warning: remove sink on 16242, from 908.83 to 909.47. dz = 0.64
Warning: remove sink on 16245, from 912.04 to 912.65. dz = 0.61
Warning: remove sink on 16246, from 910.36 to 911.43. dz = 1.07
Warning: remove sink on 16266, from 912.59 to 913.43. dz = 0.83
Warning: remove sink on 16277, from 919.02 to 921.52. dz = 2.50
Warning: remove sink on 16282, from 920.72 to 920.74. dz = 0.02
Warning: remove sink on 16298, from 921.00 to 921.04. dz = 0.04
Warning: remove sink on 16299, from 915.01 to 915.74. dz = 0.73
Warning: remove sink on 16302, from 914.28 to 915.74. dz = 1.46
Warning: remove sink on 16304, from 917.97 to 919.44. dz = 1.47
Warning: remove sink on 16336, from 927.47 to 929.12. dz = 1.65
Warning: remove sink on 16339, from 929.86 to 930.14. dz = 0.27
Warning: remove sink on 16347, from 921.01 to 924.03. dz = 3.02
Warning: remove sink on 16349, from 923.88 to 924.40. dz = 0.52
Warning: remove sink on 16388, from 924.21 to 926.00. dz = 1.78
Warning: remove sink on 16407, from 900.45 to 900.53. dz = 0.08
Warning: remove sink on 16425, from 892.53 to 893.96. dz = 1.43
Warning: remove sink on 16429, from 890.95 to 891.15. dz = 0.20
Warning: remove sink on 16431, from 891.70 to 892.54. dz = 0.84
Warning: remove sink on 16443, from 888.93 to 890.72. dz = 1.80
Warning: remove sink on 16457, from 905.75 to 905.81. dz = 0.06
Warning: remove sink on 16461, from 899.21 to 899.57. dz = 0.35
Warning: remove sink on 16467, from 897.37 to 898.42. dz = 1.05
Warning: remove sink on 16476, from 890.52 to 892.21. dz = 1.69
Warning: remove sink on 16505, from 906.07 to 908.16. dz = 2.09
Warning: remove sink on 16525, from 902.91 to 903.05. dz = 0.14
Warning: remove sink on 16538, from 905.15 to 906.18. dz = 1.03
Warning: remove sink on 16541, from 906.57 to 906.89. dz = 0.33
Warning: remove sink on 16548, from 899.82 to 902.06. dz = 2.24
Warning: remove sink on 16575, from 908.64 to 908.65. dz = 0.01
Warning: remove sink on 16586, from 910.24 to 910.96. dz = 0.71
Warning: remove sink on 16593, from 920.72 to 922.33. dz = 1.60
Warning: remove sink on 16623, from 896.39 to 896.87. dz = 0.48
Warning: remove sink on 16653, from 917.52 to 919.81. dz = 2.28
Warning: remove sink on 16659, from 916.61 to 916.72. dz = 0.11
Warning: remove sink on 16681, from 928.25 to 928.35. dz = 0.10
Warning: remove sink on 16766, from 942.22 to 945.24. dz = 3.02
Warning: remove sink on 16772, from 909.06 to 909.39. dz = 0.33
Warning: remove sink on 16795, from 1052.03 to 1055.62. dz = 3.59
Warning: remove sink on 16814, from 926.08 to 926.64. dz = 0.55
Warning: remove sink on 16815, from 923.65 to 923.85. dz = 0.20
Warning: remove sink on 16819, from 934.75 to 934.91. dz = 0.16
Warning: remove sink on 16832, from 968.65 to 968.82. dz = 0.17
Warning: remove sink on 16839, from 949.35 to 950.69. dz = 1.34
Warning: remove sink on 16858, from 979.98 to 980.18. dz = 0.21
Warning: remove sink on 16869, from 979.08 to 979.90. dz = 0.82
Warning: remove sink on 16876, from 974.12 to 974.28. dz = 0.16
Warning: remove sink on 16877, from 975.70 to 976.86. dz = 1.16
Warning: remove sink on 16880, from 972.89 to 973.12. dz = 0.23
Warning: remove sink on 16903, from 973.51 to 973.99. dz = 0.48
Warning: remove sink on 16908, from 958.84 to 959.53. dz = 0.69
Warning: remove sink on 16924, from 974.22 to 974.26. dz = 0.03
Warning: remove sink on 16933, from 993.44 to 994.54. dz = 1.10
Warning: remove sink on 16942, from 980.64 to 981.19. dz = 0.55
Warning: remove sink on 16953, from 983.73 to 985.79. dz = 2.06
Warning: remove sink on 16954, from 1019.34 to 1020.61. dz = 1.28
Warning: remove sink on 16964, from 957.89 to 958.98. dz = 1.08
Warning: remove sink on 16993, from 955.57 to 955.66. dz = 0.09
Warning: remove sink on 17009, from 957.32 to 958.09. dz = 0.77
Warning: remove sink on 17039, from 974.94 to 975.69. dz = 0.75
Warning: remove sink on 17043, from 978.25 to 980.79. dz = 2.53
Warning: remove sink on 17045, from 974.70 to 975.69. dz = 0.99
Warning: remove sink on 17058, from 1004.63 to 1004.72. dz = 0.09
Warning: remove sink on 17063, from 1004.20 to 1004.72. dz = 0.52
Warning: remove sink on 17082, from 1005.55 to 1005.77. dz = 0.21
Warning: remove sink on 17087, from 1011.42 to 1012.08. dz = 0.67
Warning: remove sink on 17095, from 1017.35 to 1017.37. dz = 0.01
Warning: remove sink on 17103, from 1004.36 to 1004.37. dz = 0.01
Warning: remove sink on 17109, from 1014.26 to 1015.01. dz = 0.75
Warning: remove sink on 17115, from 1011.08 to 1011.32. dz = 0.24
Warning: remove sink on 17123, from 1023.38 to 1023.47. dz = 0.10
Warning: remove sink on 17124, from 1011.83 to 1012.00. dz = 0.16
Warning: remove sink on 17128, from 1013.73 to 1013.74. dz = 0.01
Warning: remove sink on 17129, from 1013.36 to 1014.21. dz = 0.85
Warning: remove sink on 17151, from 1021.06 to 1021.38. dz = 0.32
Warning: remove sink on 17163, from 1021.05 to 1021.83. dz = 0.79
Warning: remove sink on 17179, from 1015.61 to 1016.27. dz = 0.66
Warning: remove sink on 17183, from 1023.49 to 1023.99. dz = 0.50
Warning: remove sink on 17205, from 1030.71 to 1032.01. dz = 1.29
Warning: remove sink on 17229, from 1020.08 to 1021.01. dz = 0.93
Warning: remove sink on 17256, from 1035.23 to 1035.44. dz = 0.20
Warning: remove sink on 17273, from 998.82 to 1001.38. dz = 2.56
Warning: remove sink on 17298, from 996.22 to 997.88. dz = 1.67
Warning: remove sink on 17312, from 1006.97 to 1007.42. dz = 0.45
Warning: remove sink on 17328, from 987.65 to 988.21. dz = 0.56
Warning: remove sink on 17332, from 987.80 to 988.21. dz = 0.41
Warning: remove sink on 17333, from 989.03 to 989.51. dz = 0.48
Warning: remove sink on 17356, from 984.75 to 985.37. dz = 0.62
Warning: remove sink on 17359, from 981.99 to 983.87. dz = 1.87
Warning: remove sink on 17361, from 989.85 to 990.16. dz = 0.31
Warning: remove sink on 17364, from 978.50 to 980.20. dz = 1.70
Warning: remove sink on 17368, from 989.81 to 990.67. dz = 0.86
Warning: remove sink on 17371, from 987.29 to 988.56. dz = 1.26
Warning: remove sink on 17378, from 985.32 to 985.89. dz = 0.57
Warning: remove sink on 17383, from 991.05 to 991.85. dz = 0.80
Warning: remove sink on 17387, from 990.55 to 990.75. dz = 0.19
Warning: remove sink on 17454, from 1764.85 to 1769.39. dz = 4.54
Warning: remove sink on 17584, from 3717.99 to 3728.83. dz = 10.84
Warning: remove sink on 17653, from 3875.26 to 3922.18. dz = 46.92
Warning: remove sink on 17695, from 3424.27 to 3426.65. dz = 2.38
Warning: remove sink on 17731, from 1052.77 to 1052.89. dz = 0.12
Warning: remove sink on 17738, from 1083.71 to 1086.15. dz = 2.44
Warning: remove sink on 17739, from 1091.27 to 1093.10. dz = 1.83
Warning: remove sink on 17746, from 1060.18 to 1062.88. dz = 2.70
Warning: remove sink on 17761, from 1010.01 to 1011.12. dz = 1.11
Warning: remove sink on 17776, from 1009.20 to 1011.06. dz = 1.87
Warning: remove sink on 17814, from 3446.06 to 3462.78. dz = 16.72
Warning: remove sink on 17851, from 3968.72 to 4042.43. dz = 73.71
Warning: remove sink on 17911, from 1333.47 to 1337.92. dz = 4.45
Warning: remove sink on 17931, from 1082.35 to 1083.23. dz = 0.88
Warning: remove sink on 17958, from 1047.91 to 1048.06. dz = 0.16
Warning: remove sink on 17962, from 1032.80 to 1036.67. dz = 3.87
Warning: remove sink on 18040, from 1273.65 to 1276.56. dz = 2.91
Warning: remove sink on 18109, from 1495.10 to 1501.15. dz = 6.05
Warning: remove sink on 18148, from 1184.76 to 1185.89. dz = 1.13
Warning: remove sink on 18182, from 1464.51 to 1465.76. dz = 1.25
Warning: remove sink on 18262, from 1500.28 to 1503.03. dz = 2.75
Warning: remove sink on 18267, from 1484.69 to 1492.15. dz = 7.46
Warning: remove sink on 18385, from 1381.53 to 1390.60. dz = 9.07
Warning: remove sink on 18427, from 1174.23 to 1174.57. dz = 0.34
Warning: remove sink on 18435, from 1170.61 to 1170.93. dz = 0.32
Warning: remove sink on 18456, from 1206.68 to 1206.71. dz = 0.03
Warning: remove sink on 18483, from 1217.14 to 1218.35. dz = 1.21
Warning: remove sink on 18504, from 1348.70 to 1349.30. dz = 0.60
Warning: remove sink on 18721, from 1115.83 to 1120.11. dz = 4.28
Warning: remove sink on 18858, from 1420.83 to 1423.32. dz = 2.49
Warning: remove sink on 18883, from 1398.08 to 1398.85. dz = 0.78
Warning: remove sink on 18978, from 1261.33 to 1261.45. dz = 0.12
Warning: remove sink on 19204, from 993.59 to 996.11. dz = 2.52
Warning: remove sink on 19206, from 1010.66 to 1011.69. dz = 1.03
Warning: remove sink on 19217, from 995.56 to 996.27. dz = 0.72
Warning: remove sink on 19298, from 1030.67 to 1031.25. dz = 0.58
Warning: remove sink on 19316, from 1023.34 to 1023.49. dz = 0.15
Warning: remove sink on 19338, from 1023.29 to 1023.48. dz = 0.19
Warning: remove sink on 19351, from 994.78 to 996.75. dz = 1.97
Warning: remove sink on 19366, from 992.32 to 994.52. dz = 2.20
Warning: remove sink on 19374, from 999.30 to 999.63. dz = 0.33
Warning: remove sink on 19375, from 991.79 to 994.33. dz = 2.54
Warning: remove sink on 19381, from 994.31 to 994.47. dz = 0.17
Warning: remove sink on 19409, from 1054.29 to 1054.84. dz = 0.55
Warning: remove sink on 19427, from 995.17 to 995.45. dz = 0.27
Warning: remove sink on 19439, from 1034.66 to 1034.84. dz = 0.17
Warning: remove sink on 19448, from 1026.65 to 1027.08. dz = 0.43
Warning: remove sink on 19458, from 1031.02 to 1032.23. dz = 1.21
Warning: remove sink on 19469, from 1010.19 to 1011.22. dz = 1.04
Warning: remove sink on 19481, from 997.14 to 998.49. dz = 1.35
Warning: remove sink on 19487, from 1038.71 to 1039.74. dz = 1.03
Warning: remove sink on 19490, from 1033.05 to 1036.30. dz = 3.24
Warning: remove sink on 19512, from 1029.07 to 1029.89. dz = 0.82
Warning: remove sink on 19515, from 1019.13 to 1019.42. dz = 0.29
Warning: remove sink on 19533, from 1049.30 to 1050.19. dz = 0.89
Warning: remove sink on 19539, from 1009.81 to 1009.94. dz = 0.13
Warning: remove sink on 19551, from 1040.40 to 1041.54. dz = 1.14
Warning: remove sink on 19552, from 1038.50 to 1038.62. dz = 0.12
Warning: remove sink on 19563, from 1017.41 to 1018.42. dz = 1.01
Warning: remove sink on 19565, from 1009.99 to 1010.13. dz = 0.14
Warning: remove sink on 19577, from 1006.74 to 1007.13. dz = 0.39
Warning: remove sink on 19591, from 1033.57 to 1034.88. dz = 1.31
Warning: remove sink on 19597, from 1036.16 to 1036.41. dz = 0.25
Warning: remove sink on 19598, from 1034.54 to 1035.17. dz = 0.63
Warning: remove sink on 19603, from 1007.45 to 1008.41. dz = 0.96
Warning: remove sink on 19607, from 1004.30 to 1004.60. dz = 0.30
Warning: remove sink on 19612, from 1000.42 to 1000.66. dz = 0.24
Warning: remove sink on 19623, from 986.66 to 987.09. dz = 0.43
Warning: remove sink on 19626, from 999.38 to 1000.05. dz = 0.67
Warning: remove sink on 19638, from 1013.69 to 1014.86. dz = 1.17
Warning: remove sink on 19658, from 1009.87 to 1010.14. dz = 0.27
Warning: remove sink on 19663, from 1004.97 to 1005.29. dz = 0.32
Warning: remove sink on 19700, from 1052.22 to 1052.74. dz = 0.52
Warning: remove sink on 19718, from 1049.90 to 1050.54. dz = 0.63
Warning: remove sink on 19722, from 1047.15 to 1048.99. dz = 1.85
Warning: remove sink on 19737, from 1035.65 to 1035.99. dz = 0.34
Warning: remove sink on 19750, from 1032.81 to 1033.97. dz = 1.15
Warning: remove sink on 19785, from 1059.66 to 1059.86. dz = 0.20
Warning: remove sink on 19891, from 1425.97 to 1426.27. dz = 0.29
Warning: remove sink on 19937, from 1372.81 to 1373.27. dz = 0.46
Warning: remove sink on 20036, from 1446.79 to 1450.36. dz = 3.58
Warning: remove sink on 20040, from 1512.59 to 1517.50. dz = 4.90
Warning: remove sink on 20043, from 1421.66 to 1422.67. dz = 1.01
Warning: remove sink on 20122, from 1541.06 to 1542.75. dz = 1.69
Warning: remove sink on 20156, from 1358.62 to 1362.77. dz = 4.15
Warning: remove sink on 20166, from 1491.91 to 1492.80. dz = 0.89
Warning: remove sink on 20167, from 1494.18 to 1497.17. dz = 3.00
Warning: remove sink on 20193, from 1356.98 to 1362.81. dz = 5.82
Warning: remove sink on 20208, from 1373.40 to 1374.16. dz = 0.77
Warning: remove sink on 20210, from 1359.84 to 1363.91. dz = 4.08
Warning: remove sink on 20357, from 1350.36 to 1350.96. dz = 0.60
Warning: remove sink on 20390, from 1357.94 to 1359.63. dz = 1.69
Warning: remove sink on 20398, from 1413.85 to 1416.15. dz = 2.29
Warning: remove sink on 20436, from 1371.15 to 1372.56. dz = 1.42
Warning: remove sink on 20516, from 1260.47 to 1261.60. dz = 1.13
Warning: remove sink on 20546, from 1216.85 to 1223.06. dz = 6.21
Warning: remove sink on 20644, from 1156.62 to 1157.82. dz = 1.21
Warning: remove sink on 20667, from 1298.91 to 1300.81. dz = 1.90
Warning: remove sink on 20676, from 1203.62 to 1204.07. dz = 0.45
Warning: remove sink on 20695, from 1186.18 to 1186.23. dz = 0.06
Warning: remove sink on 20728, from 1217.81 to 1218.53. dz = 0.72
Warning: remove sink on 20736, from 1293.22 to 1296.07. dz = 2.85
Warning: remove sink on 20767, from 1219.60 to 1219.74. dz = 0.14
Warning: remove sink on 20777, from 1170.33 to 1171.71. dz = 1.39
Warning: remove sink on 20855, from 1336.22 to 1338.31. dz = 2.09
Warning: remove sink on 20907, from 1154.65 to 1154.65. dz = 0.01
Warning: remove sink on 20934, from 1161.60 to 1162.37. dz = 0.77
Warning: remove sink on 20951, from 1287.65 to 1288.46. dz = 0.81
Warning: remove sink on 20976, from 1326.20 to 1332.12. dz = 5.92
Warning: remove sink on 20984, from 1224.73 to 1226.15. dz = 1.43
Warning: remove sink on 21016, from 1223.50 to 1223.60. dz = 0.10
Warning: remove sink on 21018, from 1214.28 to 1215.53. dz = 1.25
Warning: remove sink on 21025, from 1225.55 to 1226.94. dz = 1.39
Warning: remove sink on 21055, from 1344.94 to 1348.83. dz = 3.89
Warning: remove sink on 21058, from 1330.33 to 1330.53. dz = 0.21
Warning: remove sink on 21066, from 1225.37 to 1226.94. dz = 1.57
Warning: remove sink on 21074, from 1298.51 to 1301.24. dz = 2.73
Warning: remove sink on 21116, from 1319.77 to 1324.15. dz = 4.38
Warning: remove sink on 21167, from 1244.52 to 1246.47. dz = 1.95
Warning: remove sink on 21209, from 1321.13 to 1323.80. dz = 2.67
Warning: remove sink on 21240, from 1364.08 to 1369.59. dz = 5.51
Warning: remove sink on 21253, from 1316.68 to 1319.70. dz = 3.03
Warning: remove sink on 21284, from 1303.41 to 1307.65. dz = 4.24
Warning: remove sink on 21300, from 1304.12 to 1305.37. dz = 1.25
Warning: remove sink on 21305, from 1374.00 to 1375.96. dz = 1.97
Warning: remove sink on 21345, from 1368.63 to 1369.59. dz = 0.96
Warning: remove sink on 21369, from 1305.21 to 1305.37. dz = 0.16
Warning: remove sink on 21451, from 1312.93 to 1314.83. dz = 1.90
Warning: remove sink on 21452, from 1288.89 to 1290.53. dz = 1.64
Warning: remove sink on 21468, from 1290.80 to 1290.84. dz = 0.04
Warning: remove sink on 21498, from 1331.44 to 1331.50. dz = 0.06
Warning: remove sink on 21540, from 1298.63 to 1300.17. dz = 1.54
Warning: remove sink on 21626, from 1367.18 to 1370.59. dz = 3.42
Warning: remove sink on 21754, from 1179.79 to 1180.49. dz = 0.70
Warning: remove sink on 21809, from 1134.79 to 1136.22. dz = 1.43
Warning: remove sink on 21812, from 1287.03 to 1290.21. dz = 3.18
Warning: remove sink on 21838, from 1141.47 to 1141.49. dz = 0.02
Warning: remove sink on 21862, from 1156.79 to 1161.05. dz = 4.25
Warning: remove sink on 21867, from 1152.71 to 1154.16. dz = 1.45
Warning: remove sink on 21993, from 3401.69 to 3419.34. dz = 17.66
Warning: remove sink on 22017, from 4116.74 to 4148.20. dz = 31.45
Warning: remove sink on 22124, from 3693.24 to 3762.83. dz = 69.59
Warning: remove sink on 22185, from 2449.87 to 2456.07. dz = 6.20
Warning: remove sink on 22186, from 2423.56 to 2431.60. dz = 8.04
Warning: remove sink on 22362, from 2700.38 to 2707.92. dz = 7.54
Warning: remove sink on 22440, from 3185.74 to 3207.40. dz = 21.66
Warning: remove sink on 22463, from 3422.29 to 3436.65. dz = 14.36
Warning: remove sink on 22496, from 3898.62 to 3927.66. dz = 29.05
Warning: remove sink on 22518, from 3467.46 to 3473.39. dz = 5.93
Warning: remove sink on 22607, from 1496.21 to 1496.69. dz = 0.48
Warning: remove sink on 22618, from 1444.87 to 1448.83. dz = 3.96
Warning: remove sink on 22643, from 1467.83 to 1468.72. dz = 0.90
Warning: remove sink on 22653, from 1540.27 to 1540.98. dz = 0.71
Warning: remove sink on 22655, from 1571.67 to 1573.97. dz = 2.30
Warning: remove sink on 22678, from 1414.35 to 1420.15. dz = 5.81
Warning: remove sink on 22688, from 1406.57 to 1408.25. dz = 1.67
Warning: remove sink on 22693, from 1395.67 to 1400.78. dz = 5.11
Warning: remove sink on 22750, from 1552.38 to 1552.92. dz = 0.54
Warning: remove sink on 22757, from 1503.05 to 1506.73. dz = 3.68
Warning: remove sink on 22758, from 1514.93 to 1516.92. dz = 1.99
Warning: remove sink on 22798, from 1246.80 to 1247.04. dz = 0.24
Warning: remove sink on 22857, from 931.35 to 936.77. dz = 5.42
Warning: remove sink on 22874, from 977.51 to 978.74. dz = 1.23
Warning: remove sink on 22885, from 918.47 to 920.25. dz = 1.78
Warning: remove sink on 22904, from 897.42 to 898.24. dz = 0.82
Warning: remove sink on 22915, from 930.27 to 931.23. dz = 0.95
Warning: remove sink on 22919, from 957.74 to 957.79. dz = 0.05
Warning: remove sink on 22934, from 937.10 to 937.48. dz = 0.38
Warning: remove sink on 23018, from 912.66 to 914.92. dz = 2.27
Warning: remove sink on 23023, from 963.59 to 965.82. dz = 2.23
Warning: remove sink on 23056, from 898.40 to 899.34. dz = 0.94
Warning: remove sink on 23058, from 892.62 to 892.88. dz = 0.25
Warning: remove sink on 23182, from 931.62 to 931.64. dz = 0.02
Warning: remove sink on 23204, from 940.45 to 941.14. dz = 0.69
Warning: remove sink on 23213, from 952.09 to 954.49. dz = 2.40
Warning: remove sink on 23222, from 932.73 to 935.31. dz = 2.57
Warning: remove sink on 23224, from 941.28 to 943.77. dz = 2.49
Warning: remove sink on 23229, from 939.91 to 941.19. dz = 1.28
Warning: remove sink on 23232, from 940.74 to 942.74. dz = 2.00
Warning: remove sink on 23246, from 940.27 to 940.33. dz = 0.05
Warning: remove sink on 23254, from 946.74 to 947.26. dz = 0.52
Warning: remove sink on 23272, from 963.73 to 963.90. dz = 0.17
Warning: remove sink on 23301, from 942.28 to 949.51. dz = 7.23
Warning: remove sink on 23314, from 934.08 to 934.56. dz = 0.47
Warning: remove sink on 23327, from 946.78 to 946.88. dz = 0.11
Warning: remove sink on 23329, from 930.42 to 930.67. dz = 0.25
Warning: remove sink on 23330, from 936.71 to 939.34. dz = 2.63
Warning: remove sink on 23346, from 947.97 to 948.20. dz = 0.23
Warning: remove sink on 23350, from 946.14 to 946.72. dz = 0.58
Warning: remove sink on 23352, from 938.74 to 939.78. dz = 1.05
Warning: remove sink on 23362, from 928.42 to 930.11. dz = 1.69
Warning: remove sink on 23372, from 927.86 to 937.72. dz = 9.86
Warning: remove sink on 23373, from 943.58 to 949.13. dz = 5.55
Warning: remove sink on 23401, from 934.07 to 936.88. dz = 2.80
Warning: remove sink on 23418, from 935.79 to 937.56. dz = 1.78
Warning: remove sink on 23433, from 916.76 to 917.79. dz = 1.03
Warning: remove sink on 23440, from 891.18 to 895.88. dz = 4.70
Warning: remove sink on 23444, from 938.72 to 938.85. dz = 0.13
Warning: remove sink on 23455, from 944.38 to 946.87. dz = 2.50
Warning: remove sink on 23483, from 940.01 to 940.18. dz = 0.17
Warning: remove sink on 23487, from 945.33 to 946.32. dz = 0.99
Warning: remove sink on 23506, from 924.44 to 925.32. dz = 0.88
Warning: remove sink on 23514, from 943.55 to 946.32. dz = 2.77
Warning: remove sink on 23515, from 950.70 to 951.54. dz = 0.84
Warning: remove sink on 23521, from 957.14 to 958.05. dz = 0.91
Warning: remove sink on 23526, from 937.48 to 940.18. dz = 2.69
Warning: remove sink on 23527, from 936.23 to 936.61. dz = 0.38
Warning: remove sink on 23530, from 933.35 to 934.74. dz = 1.39
Warning: remove sink on 23541, from 952.45 to 953.25. dz = 0.80
Warning: remove sink on 23549, from 954.34 to 955.30. dz = 0.96
Warning: remove sink on 23560, from 949.41 to 950.34. dz = 0.93
Warning: remove sink on 23563, from 955.75 to 956.70. dz = 0.95
Warning: remove sink on 23575, from 980.41 to 980.89. dz = 0.48
Warning: remove sink on 23606, from 985.19 to 985.54. dz = 0.35
Warning: remove sink on 23615, from 986.69 to 988.67. dz = 1.99
Warning: remove sink on 23617, from 990.78 to 991.47. dz = 0.69
Warning: remove sink on 23619, from 996.72 to 996.79. dz = 0.06
Warning: remove sink on 23660, from 1006.39 to 1006.54. dz = 0.14
Warning: remove sink on 23670, from 1021.22 to 1021.25. dz = 0.03
Warning: remove sink on 23684, from 988.32 to 988.89. dz = 0.58
Warning: remove sink on 23689, from 994.08 to 996.10. dz = 2.02
Warning: remove sink on 23693, from 996.81 to 998.24. dz = 1.42
Warning: remove sink on 23779, from 4118.47 to 4144.83. dz = 26.36
Warning: remove sink on 23804, from 1019.83 to 1021.02. dz = 1.19
Warning: remove sink on 23829, from 3971.53 to 3971.71. dz = 0.18
Warning: remove sink on 23904, from 1343.55 to 1351.20. dz = 7.65
Warning: remove sink on 23927, from 1033.75 to 1039.54. dz = 5.79
Warning: remove sink on 23929, from 1026.30 to 1027.25. dz = 0.95
Warning: remove sink on 23934, from 1002.13 to 1003.32. dz = 1.19
Warning: remove sink on 23967, from 994.11 to 995.38. dz = 1.28
Warning: remove sink on 23978, from 1069.32 to 1070.09. dz = 0.77
Warning: remove sink on 23984, from 997.39 to 999.19. dz = 1.80
Warning: remove sink on 23996, from 1094.26 to 1098.42. dz = 4.17
Warning: remove sink on 24072, from 1527.52 to 1530.12. dz = 2.59
Warning: remove sink on 24076, from 1464.14 to 1464.56. dz = 0.42
Warning: remove sink on 24123, from 1392.02 to 1392.90. dz = 0.88
Warning: remove sink on 24172, from 1425.75 to 1425.98. dz = 0.23
Warning: remove sink on 24416, from 1102.86 to 1104.42. dz = 1.56
Warning: remove sink on 24488, from 1485.29 to 1487.13. dz = 1.85
Warning: remove sink on 24642, from 1654.23 to 1659.52. dz = 5.30
Warning: remove sink on 24647, from 1647.04 to 1647.58. dz = 0.54
Warning: remove sink on 24788, from 1286.08 to 1286.35. dz = 0.26
Warning: remove sink on 24790, from 1272.80 to 1274.50. dz = 1.69
Warning: remove sink on 24795, from 1306.99 to 1308.87. dz = 1.88
Warning: remove sink on 24902, from 1359.41 to 1361.17. dz = 1.76
Warning: remove sink on 24920, from 1000.45 to 1000.58. dz = 0.13
Warning: remove sink on 24921, from 999.42 to 999.48. dz = 0.06
Warning: remove sink on 24928, from 994.40 to 994.47. dz = 0.08
Warning: remove sink on 24930, from 993.70 to 994.15. dz = 0.45
Warning: remove sink on 24942, from 981.18 to 981.47. dz = 0.29
Warning: remove sink on 24952, from 981.77 to 984.62. dz = 2.85
Warning: remove sink on 24960, from 976.66 to 979.55. dz = 2.89
Warning: remove sink on 24977, from 984.97 to 985.15. dz = 0.18
Warning: remove sink on 24984, from 974.61 to 975.70. dz = 1.09
Warning: remove sink on 24988, from 974.72 to 975.70. dz = 0.98
Warning: remove sink on 24998, from 978.86 to 981.08. dz = 2.21
Warning: remove sink on 25001, from 971.64 to 972.89. dz = 1.25
Warning: remove sink on 25018, from 965.63 to 966.44. dz = 0.81
Warning: remove sink on 25045, from 974.42 to 975.42. dz = 0.99
Warning: remove sink on 25047, from 969.83 to 970.30. dz = 0.47
Warning: remove sink on 25053, from 956.05 to 957.10. dz = 1.05
Warning: remove sink on 25066, from 962.19 to 963.35. dz = 1.17
Warning: remove sink on 25071, from 973.92 to 974.82. dz = 0.89
Warning: remove sink on 25081, from 960.13 to 962.14. dz = 2.01
Warning: remove sink on 25089, from 963.88 to 964.08. dz = 0.20
Warning: remove sink on 25099, from 987.61 to 992.56. dz = 4.95
Warning: remove sink on 25105, from 988.23 to 989.19. dz = 0.96
Warning: remove sink on 25131, from 955.87 to 956.18. dz = 0.31
Warning: remove sink on 25158, from 967.30 to 967.41. dz = 0.11
Warning: remove sink on 25176, from 964.75 to 969.62. dz = 4.87
Warning: remove sink on 25182, from 995.77 to 996.01. dz = 0.24
Warning: remove sink on 25196, from 954.46 to 955.48. dz = 1.02
Warning: remove sink on 25215, from 955.22 to 957.51. dz = 2.29
Warning: remove sink on 25216, from 953.26 to 954.45. dz = 1.18
Warning: remove sink on 25265, from 977.48 to 979.23. dz = 1.75
Warning: remove sink on 25273, from 1027.27 to 1027.59. dz = 0.32
Warning: remove sink on 25324, from 1010.64 to 1017.80. dz = 7.17
Warning: remove sink on 25331, from 1017.82 to 1018.91. dz = 1.09
Warning: remove sink on 25337, from 1003.32 to 1010.71. dz = 7.39
Warning: remove sink on 25349, from 1036.77 to 1038.17. dz = 1.39
Warning: remove sink on 25350, from 1022.56 to 1023.52. dz = 0.96
Warning: remove sink on 25453, from 1082.29 to 1084.24. dz = 1.95
Warning: remove sink on 25460, from 1077.16 to 1077.58. dz = 0.42
Warning: remove sink on 25464, from 1059.96 to 1064.34. dz = 4.39
Warning: remove sink on 25475, from 1030.54 to 1031.21. dz = 0.67
Warning: remove sink on 25531, from 1008.37 to 1009.40. dz = 1.03
Warning: remove sink on 25535, from 1041.48 to 1041.76. dz = 0.28
Warning: remove sink on 25548, from 1036.65 to 1043.45. dz = 6.80
Warning: remove sink on 25565, from 1033.35 to 1045.23. dz = 11.89
Warning: remove sink on 25596, from 1029.29 to 1029.88. dz = 0.60
Warning: remove sink on 25626, from 1050.22 to 1051.60. dz = 1.38
Warning: remove sink on 25645, from 1053.39 to 1054.15. dz = 0.75
Warning: remove sink on 25681, from 1053.59 to 1056.35. dz = 2.76
Warning: remove sink on 25699, from 1043.53 to 1045.70. dz = 2.17
Warning: remove sink on 25735, from 1117.75 to 1121.18. dz = 3.42
Warning: remove sink on 25801, from 1272.58 to 1276.10. dz = 3.52
Warning: remove sink on 25823, from 1165.19 to 1174.28. dz = 9.09
Warning: remove sink on 25862, from 1044.03 to 1045.46. dz = 1.43
Warning: remove sink on 25878, from 1043.99 to 1044.69. dz = 0.70
Warning: remove sink on 25900, from 999.62 to 1000.33. dz = 0.71
Warning: remove sink on 25901, from 996.94 to 999.93. dz = 2.99
Warning: remove sink on 25921, from 1170.98 to 1171.89. dz = 0.91
Warning: remove sink on 25936, from 1281.71 to 1285.29. dz = 3.59
Warning: remove sink on 26137, from 971.70 to 972.00. dz = 0.29
Warning: remove sink on 26149, from 897.24 to 898.77. dz = 1.53
Warning: remove sink on 26157, from 933.98 to 938.64. dz = 4.66
Warning: remove sink on 26235, from 923.58 to 924.30. dz = 0.71
Warning: remove sink on 26245, from 980.50 to 980.77. dz = 0.27
Warning: remove sink on 26267, from 1234.95 to 1243.50. dz = 8.56
Warning: remove sink on 26288, from 1269.15 to 1271.34. dz = 2.19
Warning: remove sink on 26293, from 920.09 to 926.56. dz = 6.47
Warning: remove sink on 26336, from 1269.59 to 1269.75. dz = 0.15
Warning: remove sink on 26337, from 1263.91 to 1265.52. dz = 1.61
Warning: remove sink on 26357, from 1241.93 to 1242.81. dz = 0.88
Warning: remove sink on 26371, from 908.38 to 908.66. dz = 0.28
Warning: remove sink on 26374, from 1255.69 to 1259.73. dz = 4.04
Warning: remove sink on 26397, from 967.96 to 968.91. dz = 0.95
Warning: remove sink on 26398, from 948.54 to 948.74. dz = 0.20
Warning: remove sink on 26402, from 909.22 to 912.24. dz = 3.02
Warning: remove sink on 26409, from 926.81 to 928.96. dz = 2.15
Warning: remove sink on 26423, from 936.19 to 936.49. dz = 0.31
Warning: remove sink on 26427, from 953.45 to 954.64. dz = 1.19
Warning: remove sink on 26459, from 904.30 to 908.66. dz = 4.36
Warning: remove sink on 26518, from 895.09 to 895.38. dz = 0.29
Warning: remove sink on 26522, from 904.11 to 905.27. dz = 1.16
Warning: remove sink on 26560, from 888.42 to 889.69. dz = 1.28
Warning: remove sink on 26632, from 898.18 to 902.09. dz = 3.91
Warning: remove sink on 26654, from 899.40 to 900.90. dz = 1.50
Warning: remove sink on 26660, from 907.01 to 909.04. dz = 2.04
Warning: remove sink on 26682, from 900.32 to 900.85. dz = 0.53
Warning: remove sink on 26703, from 1074.22 to 1075.92. dz = 1.70
Warning: remove sink on 26707, from 975.19 to 976.23. dz = 1.05
Warning: remove sink on 26724, from 908.11 to 909.88. dz = 1.77
Warning: remove sink on 26783, from 922.45 to 922.55. dz = 0.10
Warning: remove sink on 26793, from 999.50 to 1005.55. dz = 6.04
Warning: remove sink on 26862, from 1002.02 to 1002.04. dz = 0.02
Warning: remove sink on 26864, from 1013.97 to 1015.12. dz = 1.15
Warning: remove sink on 26866, from 1017.37 to 1017.56. dz = 0.19
Warning: remove sink on 26867, from 1014.75 to 1015.41. dz = 0.66
Warning: remove sink on 26879, from 1019.87 to 1020.83. dz = 0.96
Warning: remove sink on 26890, from 1051.15 to 1053.40. dz = 2.25
Warning: remove sink on 26907, from 1037.74 to 1041.50. dz = 3.76
Warning: remove sink on 26949, from 1421.24 to 1422.67. dz = 1.43
Warning: remove sink on 26954, from 1447.21 to 1448.52. dz = 1.31
Warning: remove sink on 26981, from 1376.15 to 1376.30. dz = 0.15
Warning: remove sink on 26991, from 1524.71 to 1527.85. dz = 3.14
Warning: remove sink on 27018, from 1449.66 to 1452.10. dz = 2.44
Warning: remove sink on 27062, from 1178.64 to 1180.57. dz = 1.93
Warning: remove sink on 27070, from 1300.74 to 1300.81. dz = 0.06
Warning: remove sink on 27072, from 1310.06 to 1310.07. dz = 0.01
Warning: remove sink on 27093, from 1188.35 to 1189.56. dz = 1.21
Warning: remove sink on 27094, from 1183.10 to 1184.49. dz = 1.39
Warning: remove sink on 27151, from 1412.52 to 1413.84. dz = 1.32
Warning: remove sink on 27173, from 1312.67 to 1313.41. dz = 0.74
Warning: remove sink on 27195, from 1342.53 to 1343.52. dz = 0.99
Warning: remove sink on 27222, from 1355.03 to 1356.16. dz = 1.13
Warning: remove sink on 27260, from 1421.52 to 1425.37. dz = 3.86
Warning: remove sink on 27280, from 1449.68 to 1452.21. dz = 2.53
Warning: remove sink on 27317, from 1436.33 to 1442.65. dz = 6.32
Warning: remove sink on 27365, from 1387.90 to 1391.95. dz = 4.05
Warning: remove sink on 27402, from 1393.15 to 1398.52. dz = 5.37
Warning: remove sink on 27403, from 1735.29 to 1742.44. dz = 7.14
Warning: remove sink on 27408, from 1518.85 to 1519.74. dz = 0.89
Warning: remove sink on 27412, from 1418.96 to 1422.99. dz = 4.03
Warning: remove sink on 27418, from 1527.43 to 1528.29. dz = 0.87
Warning: remove sink on 27419, from 1420.14 to 1422.99. dz = 2.85
Warning: remove sink on 27452, from 1479.82 to 1481.73. dz = 1.91
Warning: remove sink on 27491, from 1455.88 to 1456.69. dz = 0.81
Warning: remove sink on 27556, from 1446.37 to 1448.83. dz = 2.47
Warning: remove sink on 27559, from 1443.06 to 1443.74. dz = 0.68
Warning: remove sink on 27561, from 1458.74 to 1466.62. dz = 7.88
Warning: remove sink on 27599, from 1287.97 to 1289.56. dz = 1.60
Warning: remove sink on 27618, from 1507.26 to 1509.95. dz = 2.69
Warning: remove sink on 27629, from 1166.53 to 1176.37. dz = 9.84
Warning: remove sink on 27670, from 1536.25 to 1537.60. dz = 1.35
Warning: remove sink on 27673, from 1545.27 to 1545.85. dz = 0.59
Warning: remove sink on 27723, from 1302.80 to 1304.59. dz = 1.79
Warning: remove sink on 27805, from 1367.22 to 1367.49. dz = 0.27
Warning: remove sink on 27886, from 2525.09 to 2540.92. dz = 15.83
Warning: remove sink on 27932, from 1993.49 to 2009.19. dz = 15.70
Warning: remove sink on 27983, from 2169.59 to 2177.04. dz = 7.45
Warning: remove sink on 28053, from 2097.61 to 2099.43. dz = 1.81
Warning: remove sink on 28632, from 1295.58 to 1295.85. dz = 0.27
Warning: remove sink on 28763, from 1429.24 to 1429.40. dz = 0.16
Warning: remove sink on 28764, from 1352.34 to 1353.14. dz = 0.81
Warning: remove sink on 28807, from 3064.49 to 3100.94. dz = 36.45
Warning: remove sink on 28898, from 4370.13 to 4378.81. dz = 8.68
Warning: remove sink on 29033, from 3959.01 to 3973.47. dz = 14.46
Warning: remove sink on 29072, from 4239.70 to 4295.34. dz = 55.64
Warning: remove sink on 29085, from 4227.57 to 4252.18. dz = 24.61
Warning: remove sink on 29114, from 3999.49 to 4003.68. dz = 4.19
Warning: remove sink on 29167, from 3906.70 to 3918.15. dz = 11.45
Warning: remove sink on 29184, from 4088.96 to 4101.67. dz = 12.71
Warning: remove sink on 29234, from 3211.59 to 3212.63. dz = 1.04
Warning: remove sink on 29442, from 1857.25 to 1858.62. dz = 1.38
Warning: remove sink on 29471, from 1443.66 to 1444.54. dz = 0.88
Warning: remove sink on 29504, from 1489.65 to 1492.77. dz = 3.13
Warning: remove sink on 29508, from 1425.96 to 1431.70. dz = 5.74
Warning: remove sink on 29516, from 1464.98 to 1465.62. dz = 0.63
Warning: remove sink on 29587, from 1710.01 to 1710.15. dz = 0.14
Warning: remove sink on 29669, from 910.23 to 913.80. dz = 3.57
Warning: remove sink on 29678, from 928.02 to 929.08. dz = 1.06
Warning: remove sink on 29731, from 1084.72 to 1086.10. dz = 1.38
Warning: remove sink on 29820, from 1059.80 to 1064.73. dz = 4.92
Warning: remove sink on 29855, from 1133.53 to 1135.92. dz = 2.38
Warning: remove sink on 29857, from 1140.98 to 1146.41. dz = 5.44
Warning: remove sink on 29933, from 975.73 to 977.67. dz = 1.94
Warning: remove sink on 29943, from 984.82 to 989.11. dz = 4.29
Warning: remove sink on 29984, from 938.27 to 938.40. dz = 0.13
Warning: remove sink on 29988, from 937.25 to 938.37. dz = 1.11
Warning: remove sink on 30005, from 944.43 to 946.87. dz = 2.44
Warning: remove sink on 30016, from 918.06 to 918.71. dz = 0.65
Warning: remove sink on 30022, from 905.98 to 908.80. dz = 2.82
Warning: remove sink on 30029, from 916.13 to 918.26. dz = 2.13
Warning: remove sink on 30031, from 921.97 to 924.21. dz = 2.24
Warning: remove sink on 30047, from 962.47 to 962.61. dz = 0.14
Warning: remove sink on 30054, from 966.57 to 966.83. dz = 0.26
Warning: remove sink on 30072, from 987.39 to 988.89. dz = 1.50
Warning: remove sink on 30074, from 999.28 to 999.79. dz = 0.51
Warning: remove sink on 30084, from 1334.25 to 1336.24. dz = 1.99
Warning: remove sink on 30119, from 1042.52 to 1044.13. dz = 1.61
Warning: remove sink on 30120, from 1037.64 to 1038.16. dz = 0.51
Warning: remove sink on 30125, from 1036.74 to 1039.51. dz = 2.77
Warning: remove sink on 30148, from 1025.44 to 1026.55. dz = 1.12
Warning: remove sink on 30151, from 997.13 to 997.79. dz = 0.66
Warning: remove sink on 30242, from 996.15 to 998.58. dz = 2.43
Warning: remove sink on 30255, from 1079.69 to 1082.85. dz = 3.16
Warning: remove sink on 30274, from 1156.80 to 1156.99. dz = 0.19
Warning: remove sink on 30277, from 1160.02 to 1163.05. dz = 3.04
Warning: remove sink on 30298, from 1183.63 to 1186.37. dz = 2.75
Warning: remove sink on 30425, from 1354.82 to 1356.40. dz = 1.57
Warning: remove sink on 30430, from 1378.49 to 1380.81. dz = 2.32
Warning: remove sink on 30455, from 1374.41 to 1374.63. dz = 0.21
Warning: remove sink on 30528, from 1392.29 to 1392.78. dz = 0.49
Warning: remove sink on 30576, from 1446.81 to 1447.45. dz = 0.64
Warning: remove sink on 30591, from 1393.79 to 1394.48. dz = 0.69
Warning: remove sink on 30612, from 1433.03 to 1433.06. dz = 0.04
Warning: remove sink on 30617, from 1433.46 to 1438.73. dz = 5.27
Warning: remove sink on 30620, from 1429.82 to 1430.21. dz = 0.39
Warning: remove sink on 30658, from 1439.62 to 1441.30. dz = 1.68
Warning: remove sink on 30741, from 3651.56 to 3658.28. dz = 6.72
Warning: remove sink on 30761, from 3741.65 to 3782.18. dz = 40.53
Warning: remove sink on 30826, from 3723.22 to 3772.22. dz = 48.99
Warning: remove sink on 30850, from 3581.75 to 3621.07. dz = 39.32
Warning: remove sink on 31151, from 3527.60 to 3538.20. dz = 10.60
Warning: remove sink on 31376, from 2484.83 to 2486.12. dz = 1.29
Warning: remove sink on 31535, from 2152.56 to 2153.12. dz = 0.56
Warning: remove sink on 31852, from 2055.44 to 2058.04. dz = 2.60
Warning: remove sink on 32012, from 1499.18 to 1499.95. dz = 0.77
Warning: remove sink on 32049, from 1301.33 to 1310.08. dz = 8.75
Warning: remove sink on 32080, from 1712.83 to 1715.69. dz = 2.86
Warning: remove sink on 32101, from 1298.74 to 1304.22. dz = 5.48
Warning: remove sink on 32143, from 993.98 to 995.33. dz = 1.35
Warning: remove sink on 32150, from 975.01 to 977.27. dz = 2.26
Warning: remove sink on 32153, from 966.79 to 966.86. dz = 0.07
Warning: remove sink on 32161, from 939.56 to 941.78. dz = 2.23
Warning: remove sink on 32162, from 952.15 to 952.76. dz = 0.61
Warning: remove sink on 32176, from 983.28 to 983.98. dz = 0.70
Warning: remove sink on 32184, from 958.16 to 959.55. dz = 1.40
Warning: remove sink on 32192, from 947.12 to 947.64. dz = 0.52
Warning: remove sink on 32208, from 953.54 to 954.08. dz = 0.54
Warning: remove sink on 32239, from 925.46 to 927.13. dz = 1.67
Warning: remove sink on 32256, from 989.28 to 993.82. dz = 4.54
Warning: remove sink on 32286, from 925.84 to 925.99. dz = 0.15
Warning: remove sink on 32290, from 939.49 to 939.72. dz = 0.23
Warning: remove sink on 32336, from 967.26 to 968.30. dz = 1.04
Warning: remove sink on 32339, from 971.53 to 972.72. dz = 1.19
Warning: remove sink on 32364, from 952.30 to 953.80. dz = 1.50
Warning: remove sink on 32372, from 953.24 to 953.80. dz = 0.55
Warning: remove sink on 32378, from 943.37 to 943.98. dz = 0.61
Warning: remove sink on 32491, from 1302.61 to 1302.74. dz = 0.13
Warning: remove sink on 32508, from 1148.32 to 1148.89. dz = 0.57
Warning: remove sink on 32514, from 1147.37 to 1148.99. dz = 1.62
Warning: remove sink on 32518, from 1195.83 to 1203.49. dz = 7.66
Warning: remove sink on 32526, from 1175.36 to 1181.96. dz = 6.60
Warning: remove sink on 32579, from 932.72 to 933.57. dz = 0.85
Warning: remove sink on 32581, from 924.46 to 928.58. dz = 4.12
Warning: remove sink on 32619, from 905.92 to 906.59. dz = 0.66
Warning: remove sink on 32726, from 1157.44 to 1159.43. dz = 1.99
Warning: remove sink on 32767, from 1045.51 to 1046.13. dz = 0.62
Warning: remove sink on 32785, from 906.46 to 907.18. dz = 0.72
Warning: remove sink on 32812, from 976.07 to 978.94. dz = 2.87
Warning: remove sink on 32822, from 1074.48 to 1074.52. dz = 0.04
Warning: remove sink on 32845, from 1036.98 to 1037.70. dz = 0.71
Warning: remove sink on 32862, from 1041.79 to 1041.99. dz = 0.20
Warning: remove sink on 32901, from 1278.38 to 1280.43. dz = 2.05
Warning: remove sink on 32907, from 1289.58 to 1295.35. dz = 5.77
Warning: remove sink on 32911, from 1288.88 to 1294.09. dz = 5.20
Warning: remove sink on 32956, from 1303.19 to 1304.37. dz = 1.18
Warning: remove sink on 32977, from 1416.70 to 1418.51. dz = 1.81
Warning: remove sink on 32986, from 1375.17 to 1378.18. dz = 3.01
Warning: remove sink on 33026, from 1325.68 to 1326.12. dz = 0.44
Warning: remove sink on 33027, from 1316.12 to 1316.83. dz = 0.70
Warning: remove sink on 33036, from 1302.29 to 1304.37. dz = 2.07
Warning: remove sink on 33062, from 1308.90 to 1309.97. dz = 1.07
Warning: remove sink on 33063, from 1313.79 to 1314.92. dz = 1.13
Warning: remove sink on 33139, from 1299.48 to 1302.03. dz = 2.55
Warning: remove sink on 33171, from 1337.81 to 1346.03. dz = 8.23
Warning: remove sink on 33241, from 1381.78 to 1382.31. dz = 0.53
Warning: remove sink on 33281, from 1417.76 to 1418.77. dz = 1.01
Warning: remove sink on 33284, from 1407.31 to 1409.96. dz = 2.65
Warning: remove sink on 33301, from 1417.74 to 1418.36. dz = 0.62
Warning: remove sink on 33310, from 1427.94 to 1430.97. dz = 3.03
Warning: remove sink on 33319, from 1491.74 to 1492.17. dz = 0.42
Warning: remove sink on 33323, from 1315.44 to 1316.15. dz = 0.71
Warning: remove sink on 33358, from 1463.10 to 1463.71. dz = 0.62
Warning: remove sink on 33361, from 1469.62 to 1471.10. dz = 1.48
Warning: remove sink on 33364, from 1399.30 to 1401.76. dz = 2.46
Warning: remove sink on 33371, from 1377.28 to 1382.31. dz = 5.03
Warning: remove sink on 33386, from 1384.82 to 1386.48. dz = 1.65
Warning: remove sink on 33393, from 1360.45 to 1362.72. dz = 2.27
Warning: remove sink on 33413, from 1737.64 to 1738.27. dz = 0.62
Warning: remove sink on 33438, from 1103.53 to 1105.29. dz = 1.76
Warning: remove sink on 33491, from 4019.02 to 4032.29. dz = 13.27
Warning: remove sink on 33543, from 3385.25 to 3419.26. dz = 34.02
Warning: remove sink on 33573, from 4197.78 to 4199.74. dz = 1.96
Warning: remove sink on 33578, from 4302.84 to 4363.90. dz = 61.06
Warning: remove sink on 33583, from 4359.47 to 4369.08. dz = 9.61
Warning: remove sink on 33591, from 4198.67 to 4261.54. dz = 62.87
Warning: remove sink on 33612, from 4435.84 to 4446.86. dz = 11.02
Warning: remove sink on 33663, from 4196.58 to 4208.00. dz = 11.43
Warning: remove sink on 33666, from 4249.65 to 4263.32. dz = 13.67
Warning: remove sink on 33738, from 2384.22 to 2402.88. dz = 18.65
Warning: remove sink on 33905, from 1371.81 to 1371.99. dz = 0.18
Warning: remove sink on 33919, from 1815.03 to 1822.08. dz = 7.05
Warning: remove sink on 34033, from 3553.28 to 3574.44. dz = 21.16
Warning: remove sink on 34038, from 3448.84 to 3475.88. dz = 27.04
Warning: remove sink on 34113, from 1371.48 to 1371.95. dz = 0.46
Warning: remove sink on 34128, from 1383.14 to 1383.82. dz = 0.68
Warning: remove sink on 34138, from 1713.34 to 1717.46. dz = 4.12
Warning: remove sink on 34161, from 920.12 to 921.86. dz = 1.74
Warning: remove sink on 34203, from 920.71 to 921.96. dz = 1.25
Warning: remove sink on 34220, from 923.69 to 925.04. dz = 1.34
Warning: remove sink on 34245, from 929.87 to 930.81. dz = 0.94
Warning: remove sink on 34281, from 898.47 to 899.51. dz = 1.04
Warning: remove sink on 34320, from 933.01 to 934.09. dz = 1.07
Warning: remove sink on 34323, from 921.66 to 922.15. dz = 0.49
Warning: remove sink on 34343, from 996.46 to 998.24. dz = 1.77
Warning: remove sink on 34367, from 3971.48 to 3995.85. dz = 24.36
Warning: remove sink on 34408, from 1371.55 to 1377.66. dz = 6.12
Warning: remove sink on 34409, from 1378.81 to 1382.50. dz = 3.69
Warning: remove sink on 34421, from 993.88 to 995.57. dz = 1.69
Warning: remove sink on 34461, from 1385.12 to 1388.58. dz = 3.46
Warning: remove sink on 34468, from 1371.16 to 1375.11. dz = 3.95
Warning: remove sink on 34470, from 1375.01 to 1375.19. dz = 0.17
Warning: remove sink on 34506, from 1451.08 to 1454.07. dz = 2.99
Warning: remove sink on 34531, from 3797.28 to 3801.90. dz = 4.62
Warning: remove sink on 34545, from 3205.93 to 3213.56. dz = 7.63
Warning: remove sink on 34594, from 3690.72 to 3755.04. dz = 64.32
Warning: remove sink on 34598, from 3761.33 to 3761.56. dz = 0.22
Warning: remove sink on 34629, from 2353.04 to 2356.40. dz = 3.37
Warning: remove sink on 34682, from 3689.08 to 3760.14. dz = 71.06
Warning: remove sink on 34693, from 3971.72 to 3993.89. dz = 22.17
Warning: remove sink on 34702, from 3802.34 to 3823.49. dz = 21.15
Warning: remove sink on 34804, from 3185.95 to 3227.67. dz = 41.72
Warning: remove sink on 34827, from 3384.96 to 3385.67. dz = 0.70
Warning: remove sink on 34960, from 3986.50 to 4020.60. dz = 34.10
Warning: remove sink on 35809, from 1660.48 to 1663.34. dz = 2.86
Warning: remove sink on 35827, from 1730.67 to 1731.83. dz = 1.16
Warning: remove sink on 36146, from 2596.77 to 2610.02. dz = 13.24
Warning: remove sink on 36248, from 1845.80 to 1849.57. dz = 3.77
Warning: remove sink on 36310, from 1335.35 to 1336.24. dz = 0.89
Warning: remove sink on 36368, from 953.97 to 954.82. dz = 0.85
Warning: remove sink on 36369, from 950.12 to 950.59. dz = 0.47
Warning: remove sink on 36400, from 946.34 to 947.86. dz = 1.52
Warning: remove sink on 36403, from 910.91 to 911.89. dz = 0.98
Warning: remove sink on 36407, from 935.64 to 936.68. dz = 1.04
Warning: remove sink on 36410, from 955.61 to 957.09. dz = 1.48
Warning: remove sink on 36419, from 953.91 to 955.69. dz = 1.78
Warning: remove sink on 36421, from 987.30 to 987.74. dz = 0.43
Warning: remove sink on 36432, from 944.46 to 944.68. dz = 0.22
Warning: remove sink on 36439, from 926.81 to 927.44. dz = 0.63
Warning: remove sink on 36443, from 952.85 to 954.30. dz = 1.44
Warning: remove sink on 36444, from 946.37 to 948.27. dz = 1.90
Warning: remove sink on 36445, from 947.55 to 947.66. dz = 0.11
Warning: remove sink on 36446, from 949.00 to 950.46. dz = 1.46
Warning: remove sink on 36457, from 997.75 to 998.42. dz = 0.66
Warning: remove sink on 36459, from 998.59 to 1000.38. dz = 1.79
Warning: remove sink on 36480, from 1288.58 to 1290.74. dz = 2.16
Warning: remove sink on 36546, from 996.51 to 997.86. dz = 1.35
Warning: remove sink on 36626, from 948.84 to 950.20. dz = 1.37
Warning: remove sink on 36778, from 1411.60 to 1412.20. dz = 0.60
Warning: remove sink on 36796, from 1434.81 to 1435.02. dz = 0.21
Warning: remove sink on 36849, from 1418.76 to 1421.12. dz = 2.36
Warning: remove sink on 36866, from 1435.90 to 1436.61. dz = 0.71
Warning: remove sink on 36873, from 1522.29 to 1528.47. dz = 6.18
Warning: remove sink on 36946, from 1420.62 to 1424.80. dz = 4.18
Warning: remove sink on 36962, from 1414.71 to 1416.56. dz = 1.85
Warning: remove sink on 36975, from 1416.40 to 1417.68. dz = 1.28
Warning: remove sink on 37042, from 1582.68 to 1584.39. dz = 1.71
Warning: remove sink on 37062, from 1559.11 to 1559.15. dz = 0.04
Warning: remove sink on 37066, from 1415.18 to 1416.90. dz = 1.71
Warning: remove sink on 37083, from 4360.23 to 4363.90. dz = 3.66
Warning: remove sink on 37205, from 1397.17 to 1397.53. dz = 0.36
Warning: remove sink on 37260, from 3585.90 to 3595.80. dz = 9.90
Warning: remove sink on 37287, from 4296.45 to 4299.05. dz = 2.60
Warning: remove sink on 37328, from 1370.90 to 1371.95. dz = 1.04
Warning: remove sink on 37332, from 1351.78 to 1359.23. dz = 7.44
Warning: remove sink on 37345, from 925.67 to 925.93. dz = 0.26
Warning: remove sink on 37350, from 927.12 to 928.20. dz = 1.08
Warning: remove sink on 37355, from 930.64 to 930.65. dz = 0.01
Warning: remove sink on 37374, from 917.81 to 921.13. dz = 3.32
Warning: remove sink on 37429, from 3847.98 to 3853.69. dz = 5.71
Warning: remove sink on 37637, from 2962.35 to 2976.12. dz = 13.77
Warning: remove sink on 37679, from 3117.53 to 3219.83. dz = 102.30
Warning: remove sink on 37785, from 4176.66 to 4178.75. dz = 2.09
Warning: remove sink on 37867, from 3881.18 to 3888.35. dz = 7.17
Warning: remove sink on 37894, from 3631.32 to 3719.56. dz = 88.24
Warning: remove sink on 37907, from 3522.57 to 3569.44. dz = 46.87
Warning: remove sink on 38006, from 1453.35 to 1456.40. dz = 3.05
Warning: remove sink on 38078, from 1423.24 to 1423.90. dz = 0.66
Warning: remove sink on 38151, from 1392.47 to 1392.52. dz = 0.05
Warning: remove sink on 38297, from 3885.64 to 3896.49. dz = 10.85
Warning: remove sink on 38307, from 3720.14 to 3734.10. dz = 13.96
Warning: remove sink on 38336, from 1974.47 to 1979.52. dz = 5.06
Warning: remove sink on 38533, from 1494.10 to 1495.35. dz = 1.25
Warning: remove sink on 38561, from 1576.76 to 1579.40. dz = 2.64
Warning: remove sink on 38570, from 1530.59 to 1531.48. dz = 0.89
Warning: remove sink on 38580, from 1599.27 to 1599.83. dz = 0.56
Warning: remove sink on 38591, from 1597.23 to 1599.83. dz = 2.60
Warning: remove sink on 38686, from 1483.61 to 1484.11. dz = 0.50
Warning: remove sink on 38756, from 3823.17 to 3833.70. dz = 10.52
Warning: remove sink on 38920, from 3277.89 to 3295.68. dz = 17.79
Warning: remove sink on 38975, from 3251.40 to 3252.03. dz = 0.62
Warning: remove sink on 39196, from 1546.71 to 1546.98. dz = 0.27
Warning: remove sink on 39326, from 2810.29 to 2814.10. dz = 3.81
Warning: remove sink on 39501, from 3778.93 to 3815.09. dz = 36.16
Warning: remove sink on 39505, from 3939.71 to 3965.44. dz = 25.73
Warning: remove sink on 39511, from 4134.22 to 4193.81. dz = 59.59
Warning: remove sink on 39681, from 2948.95 to 2952.68. dz = 3.73
Warning: remove sink on 39744, from 4126.47 to 4167.30. dz = 40.83
Warning: remove sink on 39746, from 3805.70 to 3872.39. dz = 66.69
Warning: remove sink on 39791, from 996.46 to 996.67. dz = 0.21
Warning: remove sink on 39803, from 1052.57 to 1053.02. dz = 0.45
Warning: remove sink on 39813, from 975.78 to 976.36. dz = 0.59
Warning: remove sink on 39858, from 959.37 to 959.72. dz = 0.36
Warning: remove sink on 39864, from 1094.21 to 1098.98. dz = 4.77
Warning: remove sink on 39889, from 1005.13 to 1005.86. dz = 0.72
Warning: remove sink on 39926, from 1038.67 to 1041.24. dz = 2.57
Warning: remove sink on 39928, from 1387.27 to 1387.84. dz = 0.57
Warning: remove sink on 39956, from 1515.76 to 1516.35. dz = 0.59
[dump_adjacency] loaded case=heihe_x4: NumEle=40046 NumRiv=4257 NumLake=0 NumSegmt=10361 NumY=124395
[dump_adjacency] case_nnz_summary
  NumEle=40046  NumRiv=4257  NumLake=0  NumY=124395  total_nnz=653387
  per_block_nnz (row x col):
    surf       159426       40046       40046       10361           0
    unsat       40046       40046       40046           0           0
    gw          40046       40046      159426       10361           0
    river       10361           0       10361       12769           0
    lake            0           0           0           0           0
  output: heihe_x4_adjacency.csc
--- stage 2: fd_color_jacobian ---
[fd_color] loaded CSC: NumY=124395 total_nnz=653387
[fd_color] chromatic_number=16  (NumY=124395, density=0.00004)
		 * openMP disabled.
* 	 Project name: heihe_x4
* 	 Project input folder: input/heihe_x4
* 	 Project output folder: output/heihe_x4.out
1 	 Reading file: input/heihe_x4/heihe_x4.cfg.para
2 	 Reading file: input/heihe_x4/heihe_x4.sp.riv
	The downstream of RIV 4 is negtive (Outlet, -1)
3 	 Reading file: input/heihe_x4/heihe_x4.sp.rivseg
	Number of River segments: 10361
4 	 Reading file: input/heihe_x4/heihe_x4.sp.mesh
5 	 Reading file: input/heihe_x4/heihe_x4.sp.att
6 	 Reading file: input/heihe_x4/heihe_x4.para.soil
7 	 Reading file: input/heihe_x4/heihe_x4.para.geol
8 	 Reading file: input/heihe_x4/heihe_x4.para.lc
9 	 Reading file: input/heihe_x4/heihe_x4.tsd.forc
	Number of csv files: 1693
	 Reading 1/1693: 	/scratch/frd_muziyao/SHUD-OpenMP/SHUD/Basins/heihe_x4/forcing/X97.05Y41.65.csv
	 Reading 2/1693: 	/scratch/frd_muziyao/SHUD-OpenMP/SHUD/Basins/heihe_x4/forcing/X97.05Y41.75.csv
	 Reading 3/1693: 	/scratch/frd_muziyao/SHUD-OpenMP/SHUD/Basins/heihe_x4/forcing/X97.05Y41.85.csv
	 Reading 4/1693: 	/scratch/frd_muziyao/SHUD-OpenMP/SHUD/Basins/heihe_x4/forcing/X97.15Y41.35.csv
	 Reading 5/1693: 	/scratch/frd_muziyao/SHUD-OpenMP/SHUD/Basins/heihe_x4/forcing/X97.15Y41.45.csv
	 Reading 6/1693: 	/scratch/frd_muziyao/SHUD-OpenMP/SHUD/Basins/heihe_x4/forcing/X97.15Y41.55.csv
	 Reading 7/1693: 	/scratch/frd_muziyao/SHUD-OpenMP/SHUD/Basins/heihe_x4/forcing/X97.15Y41.65.csv
	 Reading 8/1693: 	/scratch/frd_muziyao/SHUD-OpenMP/SHUD/Basins/heihe_x4/forcing/X97.15Y41.75.csv
	 Reading 9/1693: 	/scratch/frd_muziyao/SHUD-OpenMP/SHUD/Basins/heihe_x4/forcing/X97.15Y41.85.csv
	 Reading 10/1693: 	/scratch/frd_muziyao/SHUD-OpenMP/SHUD/Basins/heihe_x4/forcing/X97.15Y41.95.csv
	 Reading 11/1693: 	/scratch/frd_muziyao/SHUD-OpenMP/SHUD/Basins/heihe_x4/forcing/X97.25Y41.15.csv
	 Reading 12/1693: 	/scratch/frd_muziyao/SHUD-OpenMP/SHUD/Basins/heihe_x4/forcing/X97.25Y41.25.csv
	 Reading 13/1693: 	/scratch/frd_muziyao/SHUD-OpenMP/SHUD/Basins/heihe_x4/forcing/X97.25Y41.35.csv
	 Reading 14/1693: 	/scratch/frd_muziyao/SHUD-OpenMP/SHUD/Basins/heihe_x4/forcing/X97.25Y41.45.csv
	 Reading 15/1693: 	/scratch/frd_muziyao/SHUD-OpenMP/SHUD/Basins/heihe_x4/forcing/X97.25Y41.55.csv
	 Reading 16/1693: 	/scratch/frd_muziyao/SHUD-OpenMP/SHUD/Basins/heihe_x4/forcing/X97.25Y41.65.csv
	 Reading 17/1693: 	/scratch/frd_muziyao/SHUD-OpenMP/SHUD/Basins/heihe_x4/forcing/X97.25Y41.75.csv
	 Reading 18/1693: 	/scratch/frd_muziyao/SHUD-OpenMP/SHUD/Basins/heihe_x4/forcing/X97.25Y41.85.csv
	 Reading 19/1693: 	/scratch/frd_muziyao/SHUD-OpenMP/SHUD/Basins/heihe_x4/forcing/X97.25Y41.95.csv
	 Reading 20/1693: 	/scratch/frd_muziyao/SHUD-OpenMP/SHUD/Basins/heihe_x4/forcing/X97.25Y42.05.csv
	 Reading 21/1693: 	/scratch/frd_muziyao/SHUD-OpenMP/SHUD/Basins/heihe_x4/forcing/X97.35Y39.15.csv
	 Reading 22/1693: 	/scratch/frd_muziyao/SHUD-OpenMP/SHUD/Basins/heihe_x4/forcing/X97.35Y39.25.csv
	 Reading 23/1693: 	/scratch/frd_muziyao/SHUD-OpenMP/SHUD/Basins/heihe_x4/forcing/X97.35Y39.35.csv
	 Reading 24/1693: 	/scratch/frd_muziyao/SHUD-OpenMP/SHUD/Basins/heihe_x4/forcing/X97.35Y40.85.csv
	 Reading 25/1693: 	/scratch/frd_muziyao/SHUD-OpenMP/SHUD/Basins/heihe_x4/forcing/X97.35Y40.95.csv
	 Reading 26/1693: 	/scratch/frd_muziyao/SHUD-OpenMP/SHUD/Basins/heihe_x4/forcing/X97.35Y41.05.csv
	 Reading 27/1693: 	/scratch/frd_muziyao/SHUD-OpenMP/SHUD/Basins/heihe_x4/forcing/X97.35Y41.15.csv
	 Reading 28/1693: 	/scratch/frd_muziyao/SHUD-OpenMP/SHUD/Basins/heihe_x4/forcing/X97.35Y41.25.csv
	 Reading 29/1693: 	/scratch/frd_muziyao/SHUD-OpenMP/SHUD/Basins/heihe_x4/forcing/X97.35Y41.35.csv
	 Reading 30/1693: 	/scratch/frd_muziyao/SHUD-OpenMP/SHUD/Basins/heihe_x4/forcing/X97.35Y41.45.csv
	 Reading 31/1693: 	/scratch/frd_muziyao/SHUD-OpenMP/SHUD/Basins/heihe_x4/forcing/X97.35Y41.55.csv
	 Reading 32/1693: 	/scratch/frd_muziyao/SHUD-OpenMP/SHUD/Basins/heihe_x4/forcing/X97.35Y41.65.csv
	 Reading 33/1693: 	/scratch/frd_muziyao/SHUD-OpenMP/SHUD/Basins/heihe_x4/forcing/X97.35Y41.75.csv
	 Reading 34/1693: 	/scratch/frd_muziyao/SHUD-OpenMP/SHUD/Basins/heihe_x4/forcing/X97.35Y41.85.csv
	 Reading 35/1693: 	/scratch/frd_muziyao/SHUD-OpenMP/SHUD/Basins/heihe_x4/forcing/X97.35Y41.95.csv
	 Reading 36/1693: 	/scratch/frd_muziyao/SHUD-OpenMP/SHUD/Basins/heihe_x4/forcing/X97.35Y42.05.csv
	 Reading 37/1693: 	/scratch/frd_muziyao/SHUD-OpenMP/SHUD/Basins/heihe_x4/forcing/X97.45Y39.05.csv
	 Reading 38/1693: 	/scratch/frd_muziyao/SHUD-OpenMP/SHUD/Basins/heihe_x4/forcing/X97.45Y39.15.csv
	 Reading 39/1693: 	/scratch/frd_muziyao/SHUD-OpenMP/SHUD/Basins/heihe_x4/forcing/X97.45Y39.25.csv
	 Reading 40/1693: 	/scratch/frd_muziyao/SHUD-OpenMP/SHUD/Basins/heihe_x4/forcing/X97.45Y39.35.csv
	 Reading 41/1693: 	/scratch/frd_muziyao/SHUD-OpenMP/SHUD/Basins/heihe_x4/forcing/X97.45Y40.85.csv
	 Reading 42/1693: 	/scratch/frd_muziyao/SHUD-OpenMP/SHUD/Basins/heihe_x4/forcing/X97.45Y40.95.csv
	 Reading 43/1693: 	/scratch/frd_muziyao/SHUD-OpenMP/SHUD/Basins/heihe_x4/forcing/X97.45Y41.05.csv
	 Reading 44/1693: 	/scratch/frd_muziyao/SHUD-OpenMP/SHUD/Basins/heihe_x4/forcing/X97.45Y41.15.csv
	 Reading 45/1693: 	/scratch/frd_muziyao/SHUD-OpenMP/SHUD/Basins/heihe_x4/forcing/X97.45Y41.25.csv
	 Reading 46/1693: 	/scratch/frd_muziyao/SHUD-OpenMP/SHUD/Basins/heihe_x4/forcing/X97.45Y41.35.csv
	 Reading 47/1693: 	/scratch/frd_muziyao/SHUD-OpenMP/SHUD/Basins/heihe_x4/forcing/X97.45Y41.45.csv
	 Reading 48/1693: 	/scratch/frd_muziyao/SHUD-OpenMP/SHUD/Basins/heihe_x4/forcing/X97.45Y41.55.csv
	 Reading 49/1693: 	/scratch/frd_muziyao/SHUD-OpenMP/SHUD/Basins/heihe_x4/forcing/X97.45Y41.65.csv
	 Reading 50/1693: 	/scratch/frd_muziyao/SHUD-OpenMP/SHUD/Basins/heihe_x4/forcing/X97.45Y41.75.csv
	 Reading 51/1693: 	/scratch/frd_muziyao/SHUD-OpenMP/SHUD/Basins/heihe_x4/forcing/X97.45Y41.85.csv
	 Reading 52/1693: 	/scratch/frd_muziyao/SHUD-OpenMP/SHUD/Basins/heihe_x4/forcing/X97.45Y41.95.csv
	 Reading 53/1693: 	/scratch/frd_muziyao/SHUD-OpenMP/SHUD/Basins/heihe_x4/forcing/X97.45Y42.05.csv
	 Reading 54/1693: 	/scratch/frd_muziyao/SHUD-OpenMP/SHUD/Basins/heihe_x4/forcing/X97.45Y42.15.csv
	 Reading 55/1693: 	/scratch/frd_muziyao/SHUD-OpenMP/SHUD/Basins/heihe_x4/forcing/X97.45Y42.25.csv
	 Reading 56/1693: 	/scratch/frd_muziyao/SHUD-OpenMP/SHUD/Basins/heihe_x4/forcing/X97.55Y39.05.csv
	 Reading 57/1693: 	/scratch/frd_muziyao/SHUD-OpenMP/SHUD/Basins/heihe_x4/forcing/X97.55Y39.15.csv
	 Reading 58/1693: 	/scratch/frd_muziyao/SHUD-OpenMP/SHUD/Basins/heihe_x4/forcing/X97.55Y39.25.csv
	 Reading 59/1693: 	/scratch/frd_muziyao/SHUD-OpenMP/SHUD/Basins/heihe_x4/forcing/X97.55Y39.35.csv
	 Reading 60/1693: 	/scratch/frd_muziyao/SHUD-OpenMP/SHUD/Basins/heihe_x4/forcing/X97.55Y40.85.csv
	 Reading 61/1693: 	/scratch/frd_muziyao/SHUD-OpenMP/SHUD/Basins/heihe_x4/forcing/X97.55Y40.95.csv
	 Reading 62/1693: 	/scratch/frd_muziyao/SHUD-OpenMP/SHUD/Basins/heihe_x4/forcing/X97.55Y41.05.csv
	 Reading 63/1693: 	/scratch/frd_muziyao/SHUD-OpenMP/SHUD/Basins/heihe_x4/forcing/X97.55Y41.15.csv
	 Reading 64/1693: 	/scratch/frd_muziyao/SHUD-OpenMP/SHUD/Basins/heihe_x4/forcing/X97.55Y41.25.csv
	 Reading 65/1693: 	/scratch/frd_muziyao/SHUD-OpenMP/SHUD/Basins/heihe_x4/forcing/X97.55Y41.35.csv
	 Reading 66/1693: 	/scratch/frd_muziyao/SHUD-OpenMP/SHUD/Basins/heihe_x4/forcing/X97.55Y41.45.csv
	 Reading 67/1693: 	/scratch/frd_muziyao/SHUD-OpenMP/SHUD/Basins/heihe_x4/forcing/X97.55Y41.55.csv
	 Reading 68/1693: 	/scratch/frd_muziyao/SHUD-OpenMP/SHUD/Basins/heihe_x4/forcing/X97.55Y41.65.csv
	 Reading 69/1693: 	/scratch/frd_muziyao/SHUD-OpenMP/SHUD/Basins/heihe_x4/forcing/X97.55Y41.75.csv
	 Reading 70/1693: 	/scratch/frd_muziyao/SHUD-OpenMP/SHUD/Basins/heihe_x4/forcing/X97.55Y41.85.csv
	 Reading 71/1693: 	/scratch/frd_muziyao/SHUD-OpenMP/SHUD/Basins/heihe_x4/forcing/X97.55Y41.95.csv
	 Reading 72/1693: 	/scratch/frd_muziyao/SHUD-OpenMP/SHUD/Basins/heihe_x4/forcing/X97.55Y42.05.csv
	 Reading 73/1693: 	/scratch/frd_muziyao/SHUD-OpenMP/SHUD/Basins/heihe_x4/forcing/X97.55Y42.15.csv
	 Reading 74/1693: 	/scratch/frd_muziyao/SHUD-OpenMP/SHUD/Basins/heihe_x4/forcing/X97.55Y42.25.csv
	 Reading 75/1693: 	/scratch/frd_muziyao/SHUD-OpenMP/SHUD/Basins/heihe_x4/forcing/X97.65Y38.95.csv
	 Reading 76/1693: 	/scratch/frd_muziyao/SHUD-OpenMP/SHUD/Basins/heihe_x4/forcing/X97.65Y39.05.csv
	 Reading 77/1693: 	/scratch/frd_muziyao/SHUD-OpenMP/SHUD/Basins/heihe_x4/forcing/X97.65Y39.15.csv
	 Reading 78/1693: 	/scratch/frd_muziyao/SHUD-OpenMP/SHUD/Basins/heihe_x4/forcing/X97.65Y39.25.csv
	 Reading 79/1693: 	/scratch/frd_muziyao/SHUD-OpenMP/SHUD/Basins/heihe_x4/forcing/X97.65Y39.35.csv
	 Reading 80/1693: 	/scratch/frd_muziyao/SHUD-OpenMP/SHUD/Basins/heihe_x4/forcing/X97.65Y39.45.csv
	 Reading 81/1693: 	/scratch/frd_muziyao/SHUD-OpenMP/SHUD/Basins/heihe_x4/forcing/X97.65Y40.75.csv
	 Reading 82/1693: 	/scratch/frd_muziyao/SHUD-OpenMP/SHUD/Basins/heihe_x4/forcing/X97.65Y40.85.csv
	 Reading 83/1693: 	/scratch/frd_muziyao/SHUD-OpenMP/SHUD/Basins/heihe_x4/forcing/X97.65Y40.95.csv
	 Reading 84/1693: 	/scratch/frd_muziyao/SHUD-OpenMP/SHUD/Basins/heihe_x4/forcing/X97.65Y41.05.csv
	 Reading 85/1693: 	/scratch/frd_muziyao/SHUD-OpenMP/SHUD/Basins/heihe_x4/forcing/X97.65Y41.15.csv
	 Reading 86/1693: 	/scratch/frd_muziyao/SHUD-OpenMP/SHUD/Basins/heihe_x4/forcing/X97.65Y41.25.csv
	 Reading 87/1693: 	/scratch/frd_muziyao/SHUD-OpenMP/SHUD/Basins/heihe_x4/forcing/X97.65Y41.35.csv
	 Reading 88/1693: 	/scratch/frd_muziyao/SHUD-OpenMP/SHUD/Basins/heihe_x4/forcing/X97.65Y41.45.csv
	 Reading 89/1693: 	/scratch/frd_muziyao/SHUD-OpenMP/SHUD/Basins/heihe_x4/forcing/X97.65Y41.55.csv
	 Reading 90/1693: 	/scratch/frd_muziyao/SHUD-OpenMP/SHUD/Basins/heihe_x4/forcing/X97.65Y41.65.csv
	 Reading 91/1693: 	/scratch/frd_muziyao/SHUD-OpenMP/SHUD/Basins/heihe_x4/forcing/X97.65Y41.75.csv
	 Reading 92/1693: 	/scratch/frd_muziyao/SHUD-OpenMP/SHUD/Basins/heihe_x4/forcing/X97.65Y41.85.csv
	 Reading 93/1693: 	/scratch/frd_muziyao/SHUD-OpenMP/SHUD/Basins/heihe_x4/forcing/X97.65Y41.95.csv
	 Reading 94/1693: 	/scratch/frd_muziyao/SHUD-OpenMP/SHUD/Basins/heihe_x4/forcing/X97.65Y42.05.csv
	 Reading 95/1693: 	/scratch/frd_muziyao/SHUD-OpenMP/SHUD/Basins/heihe_x4/forcing/X97.65Y42.15.csv
	 Reading 96/1693: 	/scratch/frd_muziyao/SHUD-OpenMP/SHUD/Basins/heihe_x4/forcing/X97.65Y42.25.csv
	 Reading 97/1693: 	/scratch/frd_muziyao/SHUD-OpenMP/SHUD/Basins/heihe_x4/forcing/X97.75Y38.95.csv
	 Reading 98/1693: 	/scratch/frd_muziyao/SHUD-OpenMP/SHUD/Basins/heihe_x4/forcing/X97.75Y39.05.csv
	 Reading 99/1693: 	/scratch/frd_muziyao/SHUD-OpenMP/SHUD/Basins/heihe_x4/forcing/X97.75Y39.15.csv
	 Reading 100/1693: 	/scratch/frd_muziyao/SHUD-OpenMP/SHUD/Basins/heihe_x4/forcing/X97.75Y39.25.csv
	 Reading 101/1693: 	/scratch/frd_muziyao/SHUD-OpenMP/SHUD/Basins/heihe_x4/forcing/X97.75Y39.35.csv
	 Reading 102/1693: 	/scratch/frd_muziyao/SHUD-OpenMP/SHUD/Basins/heihe_x4/forcing/X97.75Y39.45.csv
	 Reading 103/1693: 	/scratch/frd_muziyao/SHUD-OpenMP/SHUD/Basins/heihe_x4/forcing/X97.75Y39.55.csv
	 Reading 104/1693: 	/scratch/frd_muziyao/SHUD-OpenMP/SHUD/Basins/heihe_x4/forcing/X97.75Y39.65.csv
	 Reading 105/1693: 	/scratch/frd_muziyao/SHUD-OpenMP/SHUD/Basins/heihe_x4/forcing/X97.75Y39.75.csv
	 Reading 106/1693: 	/scratch/frd_muziyao/SHUD-OpenMP/SHUD/Basins/heihe_x4/forcing/X97.75Y39.85.csv
	 Reading 107/1693: 	/scratch/frd_muziyao/SHUD-OpenMP/SHUD/Basins/heihe_x4/forcing/X97.75Y40.75.csv
	 Reading 108/1693: 	/scratch/frd_muziyao/SHUD-OpenMP/SHUD/Basins/heihe_x4/forcing/X97.75Y40.85.csv
	 Reading 109/1693: 	/scratch/frd_muziyao/SHUD-OpenMP/SHUD/Basins/heihe_x4/forcing/X97.75Y40.95.csv
	 Reading 110/1693: 	/scratch/frd_muziyao/SHUD-OpenMP/SHUD/Basins/heihe_x4/forcing/X97.75Y41.05.csv
	 Reading 111/1693: 	/scratch/frd_muziyao/SHUD-OpenMP/SHUD/Basins/heihe_x4/forcing/X97.75Y41.15.csv
	 Reading 112/1693: 	/scratch/frd_muziyao/SHUD-OpenMP/SHUD/Basins/heihe_x4/forcing/X97.75Y41.25.csv
	 Reading 113/1693: 	/scratch/frd_muziyao/SHUD-OpenMP/SHUD/Basins/heihe_x4/forcing/X97.75Y41.35.csv
	 Reading 114/1693: 	/scratch/frd_muziyao/SHUD-OpenMP/SHUD/Basins/heihe_x4/forcing/X97.75Y41.45.csv
	 Reading 115/1693: 	/scratch/frd_muziyao/SHUD-OpenMP/SHUD/Basins/heihe_x4/forcing/X97.75Y41.55.csv
	 Reading 116/1693: 	/scratch/frd_muziyao/SHUD-OpenMP/SHUD/Basins/heihe_x4/forcing/X97.75Y41.65.csv
	 Reading 117/1693: 	/scratch/frd_muziyao/SHUD-OpenMP/SHUD/Basins/heihe_x4/forcing/X97.75Y41.75.csv
	 Reading 118/1693: 	/scratch/frd_muziyao/SHUD-OpenMP/SHUD/Basins/heihe_x4/forcing/X97.75Y41.85.csv
	 Reading 119/1693: 	/scratch/frd_muziyao/SHUD-OpenMP/SHUD/Basins/heihe_x4/forcing/X97.75Y41.95.csv
	 Reading 120/1693: 	/scratch/frd_muziyao/SHUD-OpenMP/SHUD/Basins/heihe_x4/forcing/X97.75Y42.05.csv
	 Reading 121/1693: 	/scratch/frd_muziyao/SHUD-OpenMP/SHUD/Basins/heihe_x4/forcing/X97.75Y42.15.csv
	 Reading 122/1693: 	/scratch/frd_muziyao/SHUD-OpenMP/SHUD/Basins/heihe_x4/forcing/X97.75Y42.25.csv
	 Reading 123/1693: 	/scratch/frd_muziyao/SHUD-OpenMP/SHUD/Basins/heihe_x4/forcing/X97.85Y38.85.csv
	 Reading 124/1693: 	/scratch/frd_muziyao/SHUD-OpenMP/SHUD/Basins/heihe_x4/forcing/X97.85Y38.95.csv
	 Reading 125/1693: 	/scratch/frd_muziyao/SHUD-OpenMP/SHUD/Basins/heihe_x4/forcing/X97.85Y39.05.csv
	 Reading 126/1693: 	/scratch/frd_muziyao/SHUD-OpenMP/SHUD/Basins/heihe_x4/forcing/X97.85Y39.15.csv
	 Reading 127/1693: 	/scratch/frd_muziyao/SHUD-OpenMP/SHUD/Basins/heihe_x4/forcing/X97.85Y39.25.csv
	 Reading 128/1693: 	/scratch/frd_muziyao/SHUD-OpenMP/SHUD/Basins/heihe_x4/forcing/X97.85Y39.35.csv
	 Reading 129/1693: 	/scratch/frd_muziyao/SHUD-OpenMP/SHUD/Basins/heihe_x4/forcing/X97.85Y39.45.csv
	 Reading 130/1693: 	/scratch/frd_muziyao/SHUD-OpenMP/SHUD/Basins/heihe_x4/forcing/X97.85Y39.55.csv
	 Reading 131/1693: 	/scratch/frd_muziyao/SHUD-OpenMP/SHUD/Basins/heihe_x4/forcing/X97.85Y39.65.csv
	 Reading 132/1693: 	/scratch/frd_muziyao/SHUD-OpenMP/SHUD/Basins/heihe_x4/forcing/X97.85Y39.75.csv
	 Reading 133/1693: 	/scratch/frd_muziyao/SHUD-OpenMP/SHUD/Basins/heihe_x4/forcing/X97.85Y39.85.csv
	 Reading 134/1693: 	/scratch/frd_muziyao/SHUD-OpenMP/SHUD/Basins/heihe_x4/forcing/X97.85Y39.95.csv
	 Reading 135/1693: 	/scratch/frd_muziyao/SHUD-OpenMP/SHUD/Basins/heihe_x4/forcing/X97.85Y40.75.csv
	 Reading 136/1693: 	/scratch/frd_muziyao/SHUD-OpenMP/SHUD/Basins/heihe_x4/forcing/X97.85Y40.85.csv
	 Reading 137/1693: 	/scratch/frd_muziyao/SHUD-OpenMP/SHUD/Basins/heihe_x4/forcing/X97.85Y40.95.csv
	 Reading 138/1693: 	/scratch/frd_muziyao/SHUD-OpenMP/SHUD/Basins/heihe_x4/forcing/X97.85Y41.05.csv
	 Reading 139/1693: 	/scratch/frd_muziyao/SHUD-OpenMP/SHUD/Basins/heihe_x4/forcing/X97.85Y41.15.csv
	 Reading 140/1693: 	/scratch/frd_muziyao/SHUD-OpenMP/SHUD/Basins/heihe_x4/forcing/X97.85Y41.25.csv
	 Reading 141/1693: 	/scratch/frd_muziyao/SHUD-OpenMP/SHUD/Basins/heihe_x4/forcing/X97.85Y41.35.csv
	 Reading 142/1693: 	/scratch/frd_muziyao/SHUD-OpenMP/SHUD/Basins/heihe_x4/forcing/X97.85Y41.45.csv
	 Reading 143/1693: 	/scratch/frd_muziyao/SHUD-OpenMP/SHUD/Basins/heihe_x4/forcing/X97.85Y41.55.csv
	 Reading 144/1693: 	/scratch/frd_muziyao/SHUD-OpenMP/SHUD/Basins/heihe_x4/forcing/X97.85Y41.65.csv
	 Reading 145/1693: 	/scratch/frd_muziyao/SHUD-OpenMP/SHUD/Basins/heihe_x4/forcing/X97.85Y41.75.csv
	 Reading 146/1693: 	/scratch/frd_muziyao/SHUD-OpenMP/SHUD/Basins/heihe_x4/forcing/X97.85Y41.85.csv
	 Reading 147/1693: 	/scratch/frd_muziyao/SHUD-OpenMP/SHUD/Basins/heihe_x4/forcing/X97.85Y41.95.csv
	 Reading 148/1693: 	/scratch/frd_muziyao/SHUD-OpenMP/SHUD/Basins/heihe_x4/forcing/X97.85Y42.05.csv
	 Reading 149/1693: 	/scratch/frd_muziyao/SHUD-OpenMP/SHUD/Basins/heihe_x4/forcing/X97.85Y42.15.csv
	 Reading 150/1693: 	/scratch/frd_muziyao/SHUD-OpenMP/SHUD/Basins/heihe_x4/forcing/X97.85Y42.25.csv
	 Reading 151/1693: 	/scratch/frd_muziyao/SHUD-OpenMP/SHUD/Basins/heihe_x4/forcing/X97.95Y38.85.csv
	 Reading 152/1693: 	/scratch/frd_muziyao/SHUD-OpenMP/SHUD/Basins/heihe_x4/forcing/X97.95Y38.95.csv
	 Reading 153/1693: 	/scratch/frd_muziyao/SHUD-OpenMP/SHUD/Basins/heihe_x4/forcing/X97.95Y39.05.csv
	 Reading 154/1693: 	/scratch/frd_muziyao/SHUD-OpenMP/SHUD/Basins/heihe_x4/forcing/X97.95Y39.15.csv
	 Reading 155/1693: 	/scratch/frd_muziyao/SHUD-OpenMP/SHUD/Basins/heihe_x4/forcing/X97.95Y39.25.csv
	 Reading 156/1693: 	/scratch/frd_muziyao/SHUD-OpenMP/SHUD/Basins/heihe_x4/forcing/X97.95Y39.35.csv
	 Reading 157/1693: 	/scratch/frd_muziyao/SHUD-OpenMP/SHUD/Basins/heihe_x4/forcing/X97.95Y39.45.csv
	 Reading 158/1693: 	/scratch/frd_muziyao/SHUD-OpenMP/SHUD/Basins/heihe_x4/forcing/X97.95Y39.55.csv
	 Reading 159/1693: 	/scratch/frd_muziyao/SHUD-OpenMP/SHUD/Basins/heihe_x4/forcing/X97.95Y39.65.csv
	 Reading 160/1693: 	/scratch/frd_muziyao/SHUD-OpenMP/SHUD/Basins/heihe_x4/forcing/X97.95Y39.75.csv
	 Reading 161/1693: 	/scratch/frd_muziyao/SHUD-OpenMP/SHUD/Basins/heihe_x4/forcing/X97.95Y39.85.csv
	 Reading 162/1693: 	/scratch/frd_muziyao/SHUD-OpenMP/SHUD/Basins/heihe_x4/forcing/X97.95Y39.95.csv
	 Reading 163/1693: 	/scratch/frd_muziyao/SHUD-OpenMP/SHUD/Basins/heihe_x4/forcing/X97.95Y40.75.csv
	 Reading 164/1693: 	/scratch/frd_muziyao/SHUD-OpenMP/SHUD/Basins/heihe_x4/forcing/X97.95Y40.85.csv
	 Reading 165/1693: 	/scratch/frd_muziyao/SHUD-OpenMP/SHUD/Basins/heihe_x4/forcing/X97.95Y40.95.csv
	 Reading 166/1693: 	/scratch/frd_muziyao/SHUD-OpenMP/SHUD/Basins/heihe_x4/forcing/X97.95Y41.05.csv
	 Reading 167/1693: 	/scratch/frd_muziyao/SHUD-OpenMP/SHUD/Basins/heihe_x4/forcing/X97.95Y41.15.csv
	 Reading 168/1693: 	/scratch/frd_muziyao/SHUD-OpenMP/SHUD/Basins/heihe_x4/forcing/X97.95Y41.25.csv
	 Reading 169/1693: 	/scratch/frd_muziyao/SHUD-OpenMP/SHUD/Basins/heihe_x4/forcing/X97.95Y41.35.csv
	 Reading 170/1693: 	/scratch/frd_muziyao/SHUD-OpenMP/SHUD/Basins/heihe_x4/forcing/X97.95Y41.45.csv
	 Reading 171/1693: 	/scratch/frd_muziyao/SHUD-OpenMP/SHUD/Basins/heihe_x4/forcing/X97.95Y41.55.csv
	 Reading 172/1693: 	/scratch/frd_muziyao/SHUD-OpenMP/SHUD/Basins/heihe_x4/forcing/X97.95Y41.65.csv
	 Reading 173/1693: 	/scratch/frd_muziyao/SHUD-OpenMP/SHUD/Basins/heihe_x4/forcing/X97.95Y41.75.csv
	 Reading 174/1693: 	/scratch/frd_muziyao/SHUD-OpenMP/SHUD/Basins/heihe_x4/forcing/X97.95Y41.85.csv
	 Reading 175/1693: 	/scratch/frd_muziyao/SHUD-OpenMP/SHUD/Basins/heihe_x4/forcing/X97.95Y41.95.csv
	 Reading 176/1693: 	/scratch/frd_muziyao/SHUD-OpenMP/SHUD/Basins/heihe_x4/forcing/X97.95Y42.05.csv
	 Reading 177/1693: 	/scratch/frd_muziyao/SHUD-OpenMP/SHUD/Basins/heihe_x4/forcing/X97.95Y42.15.csv
	 Reading 178/1693: 	/scratch/frd_muziyao/SHUD-OpenMP/SHUD/Basins/heihe_x4/forcing/X97.95Y42.25.csv
	 Reading 179/1693: 	/scratch/frd_muziyao/SHUD-OpenMP/SHUD/Basins/heihe_x4/forcing/X97.95Y42.35.csv
	 Reading 180/1693: 	/scratch/frd_muziyao/SHUD-OpenMP/SHUD/Basins/heihe_x4/forcing/X98.05Y38.75.csv
	 Reading 181/1693: 	/scratch/frd_muziyao/SHUD-OpenMP/SHUD/Basins/heihe_x4/forcing/X98.05Y38.85.csv
	 Reading 182/1693: 	/scratch/frd_muziyao/SHUD-OpenMP/SHUD/Basins/heihe_x4/forcing/X98.05Y38.95.csv
	 Reading 183/1693: 	/scratch/frd_muziyao/SHUD-OpenMP/SHUD/Basins/heihe_x4/forcing/X98.05Y39.05.csv
	 Reading 184/1693: 	/scratch/frd_muziyao/SHUD-OpenMP/SHUD/Basins/heihe_x4/forcing/X98.05Y39.15.csv
	 Reading 185/1693: 	/scratch/frd_muziyao/SHUD-OpenMP/SHUD/Basins/heihe_x4/forcing/X98.05Y39.25.csv
	 Reading 186/1693: 	/scratch/frd_muziyao/SHUD-OpenMP/SHUD/Basins/heihe_x4/forcing/X98.05Y39.35.csv
	 Reading 187/1693: 	/scratch/frd_muziyao/SHUD-OpenMP/SHUD/Basins/heihe_x4/forcing/X98.05Y39.45.csv
	 Reading 188/1693: 	/scratch/frd_muziyao/SHUD-OpenMP/SHUD/Basins/heihe_x4/forcing/X98.05Y39.55.csv
	 Reading 189/1693: 	/scratch/frd_muziyao/SHUD-OpenMP/SHUD/Basins/heihe_x4/forcing/X98.05Y39.65.csv
	 Reading 190/1693: 	/scratch/frd_muziyao/SHUD-OpenMP/SHUD/Basins/heihe_x4/forcing/X98.05Y39.75.csv
	 Reading 191/1693: 	/scratch/frd_muziyao/SHUD-OpenMP/SHUD/Basins/heihe_x4/forcing/X98.05Y39.85.csv
	 Reading 192/1693: 	/scratch/frd_muziyao/SHUD-OpenMP/SHUD/Basins/heihe_x4/forcing/X98.05Y39.95.csv
	 Reading 193/1693: 	/scratch/frd_muziyao/SHUD-OpenMP/SHUD/Basins/heihe_x4/forcing/X98.05Y40.65.csv
	 Reading 194/1693: 	/scratch/frd_muziyao/SHUD-OpenMP/SHUD/Basins/heihe_x4/forcing/X98.05Y40.75.csv
	 Reading 195/1693: 	/scratch/frd_muziyao/SHUD-OpenMP/SHUD/Basins/heihe_x4/forcing/X98.05Y40.85.csv
	 Reading 196/1693: 	/scratch/frd_muziyao/SHUD-OpenMP/SHUD/Basins/heihe_x4/forcing/X98.05Y40.95.csv
	 Reading 197/1693: 	/scratch/frd_muziyao/SHUD-OpenMP/SHUD/Basins/heihe_x4/forcing/X98.05Y41.05.csv
	 Reading 198/1693: 	/scratch/frd_muziyao/SHUD-OpenMP/SHUD/Basins/heihe_x4/forcing/X98.05Y41.15.csv
	 Reading 199/1693: 	/scratch/frd_muziyao/SHUD-OpenMP/SHUD/Basins/heihe_x4/forcing/X98.05Y41.25.csv
	 Reading 200/1693: 	/scratch/frd_muziyao/SHUD-OpenMP/SHUD/Basins/heihe_x4/forcing/X98.05Y41.35.csv
	 Reading 201/1693: 	/scratch/frd_muziyao/SHUD-OpenMP/SHUD/Basins/heihe_x4/forcing/X98.05Y41.45.csv
	 Reading 202/1693: 	/scratch/frd_muziyao/SHUD-OpenMP/SHUD/Basins/heihe_x4/forcing/X98.05Y41.55.csv
	 Reading 203/1693: 	/scratch/frd_muziyao/SHUD-OpenMP/SHUD/Basins/heihe_x4/forcing/X98.05Y41.65.csv
	 Reading 204/1693: 	/scratch/frd_muziyao/SHUD-OpenMP/SHUD/Basins/heihe_x4/forcing/X98.05Y41.75.csv
	 Reading 205/1693: 	/scratch/frd_muziyao/SHUD-OpenMP/SHUD/Basins/heihe_x4/forcing/X98.05Y41.85.csv
	 Reading 206/1693: 	/scratch/frd_muziyao/SHUD-OpenMP/SHUD/Basins/heihe_x4/forcing/X98.05Y41.95.csv
	 Reading 207/1693: 	/scratch/frd_muziyao/SHUD-OpenMP/SHUD/Basins/heihe_x4/forcing/X98.05Y42.05.csv
	 Reading 208/1693: 	/scratch/frd_muziyao/SHUD-OpenMP/SHUD/Basins/heihe_x4/forcing/X98.05Y42.15.csv
	 Reading 209/1693: 	/scratch/frd_muziyao/SHUD-OpenMP/SHUD/Basins/heihe_x4/forcing/X98.05Y42.25.csv
	 Reading 210/1693: 	/scratch/frd_muziyao/SHUD-OpenMP/SHUD/Basins/heihe_x4/forcing/X98.05Y42.35.csv
	 Reading 211/1693: 	/scratch/frd_muziyao/SHUD-OpenMP/SHUD/Basins/heihe_x4/forcing/X98.05Y42.45.csv
	 Reading 212/1693: 	/scratch/frd_muziyao/SHUD-OpenMP/SHUD/Basins/heihe_x4/forcing/X98.15Y38.65.csv
	 Reading 213/1693: 	/scratch/frd_muziyao/SHUD-OpenMP/SHUD/Basins/heihe_x4/forcing/X98.15Y38.75.csv
	 Reading 214/1693: 	/scratch/frd_muziyao/SHUD-OpenMP/SHUD/Basins/heihe_x4/forcing/X98.15Y38.85.csv
	 Reading 215/1693: 	/scratch/frd_muziyao/SHUD-OpenMP/SHUD/Basins/heihe_x4/forcing/X98.15Y38.95.csv
	 Reading 216/1693: 	/scratch/frd_muziyao/SHUD-OpenMP/SHUD/Basins/heihe_x4/forcing/X98.15Y39.05.csv
	 Reading 217/1693: 	/scratch/frd_muziyao/SHUD-OpenMP/SHUD/Basins/heihe_x4/forcing/X98.15Y39.15.csv
	 Reading 218/1693: 	/scratch/frd_muziyao/SHUD-OpenMP/SHUD/Basins/heihe_x4/forcing/X98.15Y39.25.csv
	 Reading 219/1693: 	/scratch/frd_muziyao/SHUD-OpenMP/SHUD/Basins/heihe_x4/forcing/X98.15Y39.35.csv
	 Reading 220/1693: 	/scratch/frd_muziyao/SHUD-OpenMP/SHUD/Basins/heihe_x4/forcing/X98.15Y39.45.csv
	 Reading 221/1693: 	/scratch/frd_muziyao/SHUD-OpenMP/SHUD/Basins/heihe_x4/forcing/X98.15Y39.55.csv
	 Reading 222/1693: 	/scratch/frd_muziyao/SHUD-OpenMP/SHUD/Basins/heihe_x4/forcing/X98.15Y39.65.csv
	 Reading 223/1693: 	/scratch/frd_muziyao/SHUD-OpenMP/SHUD/Basins/heihe_x4/forcing/X98.15Y39.75.csv
	 Reading 224/1693: 	/scratch/frd_muziyao/SHUD-OpenMP/SHUD/Basins/heihe_x4/forcing/X98.15Y39.85.csv
	 Reading 225/1693: 	/scratch/frd_muziyao/SHUD-OpenMP/SHUD/Basins/heihe_x4/forcing/X98.15Y39.95.csv
	 Reading 226/1693: 	/scratch/frd_muziyao/SHUD-OpenMP/SHUD/Basins/heihe_x4/forcing/X98.15Y40.65.csv
	 Reading 227/1693: 	/scratch/frd_muziyao/SHUD-OpenMP/SHUD/Basins/heihe_x4/forcing/X98.15Y40.75.csv
	 Reading 228/1693: 	/scratch/frd_muziyao/SHUD-OpenMP/SHUD/Basins/heihe_x4/forcing/X98.15Y40.85.csv
	 Reading 229/1693: 	/scratch/frd_muziyao/SHUD-OpenMP/SHUD/Basins/heihe_x4/forcing/X98.15Y40.95.csv
	 Reading 230/1693: 	/scratch/frd_muziyao/SHUD-OpenMP/SHUD/Basins/heihe_x4/forcing/X98.15Y41.05.csv
	 Reading 231/1693: 	/scratch/frd_muziyao/SHUD-OpenMP/SHUD/Basins/heihe_x4/forcing/X98.15Y41.15.csv
	 Reading 232/1693: 	/scratch/frd_muziyao/SHUD-OpenMP/SHUD/Basins/heihe_x4/forcing/X98.15Y41.25.csv
	 Reading 233/1693: 	/scratch/frd_muziyao/SHUD-OpenMP/SHUD/Basins/heihe_x4/forcing/X98.15Y41.35.csv
	 Reading 234/1693: 	/scratch/frd_muziyao/SHUD-OpenMP/SHUD/Basins/heihe_x4/forcing/X98.15Y41.45.csv
	 Reading 235/1693: 	/scratch/frd_muziyao/SHUD-OpenMP/SHUD/Basins/heihe_x4/forcing/X98.15Y41.55.csv
	 Reading 236/1693: 	/scratch/frd_muziyao/SHUD-OpenMP/SHUD/Basins/heihe_x4/forcing/X98.15Y41.65.csv
	 Reading 237/1693: 	/scratch/frd_muziyao/SHUD-OpenMP/SHUD/Basins/heihe_x4/forcing/X98.15Y41.75.csv
	 Reading 238/1693: 	/scratch/frd_muziyao/SHUD-OpenMP/SHUD/Basins/heihe_x4/forcing/X98.15Y41.85.csv
	 Reading 239/1693: 	/scratch/frd_muziyao/SHUD-OpenMP/SHUD/Basins/heihe_x4/forcing/X98.15Y41.95.csv
	 Reading 240/1693: 	/scratch/frd_muziyao/SHUD-OpenMP/SHUD/Basins/heihe_x4/forcing/X98.15Y42.05.csv
	 Reading 241/1693: 	/scratch/frd_muziyao/SHUD-OpenMP/SHUD/Basins/heihe_x4/forcing/X98.15Y42.15.csv
	 Reading 242/1693: 	/scratch/frd_muziyao/SHUD-OpenMP/SHUD/Basins/heihe_x4/forcing/X98.15Y42.25.csv
	 Reading 243/1693: 	/scratch/frd_muziyao/SHUD-OpenMP/SHUD/Basins/heihe_x4/forcing/X98.15Y42.35.csv
	 Reading 244/1693: 	/scratch/frd_muziyao/SHUD-OpenMP/SHUD/Basins/heihe_x4/forcing/X98.15Y42.45.csv
	 Reading 245/1693: 	/scratch/frd_muziyao/SHUD-OpenMP/SHUD/Basins/heihe_x4/forcing/X98.25Y38.65.csv
	 Reading 246/1693: 	/scratch/frd_muziyao/SHUD-OpenMP/SHUD/Basins/heihe_x4/forcing/X98.25Y38.75.csv
	 Reading 247/1693: 	/scratch/frd_muziyao/SHUD-OpenMP/SHUD/Basins/heihe_x4/forcing/X98.25Y38.85.csv
	 Reading 248/1693: 	/scratch/frd_muziyao/SHUD-OpenMP/SHUD/Basins/heihe_x4/forcing/X98.25Y38.95.csv
	 Reading 249/1693: 	/scratch/frd_muziyao/SHUD-OpenMP/SHUD/Basins/heihe_x4/forcing/X98.25Y39.05.csv
	 Reading 250/1693: 	/scratch/frd_muziyao/SHUD-OpenMP/SHUD/Basins/heihe_x4/forcing/X98.25Y39.15.csv
	 Reading 251/1693: 	/scratch/frd_muziyao/SHUD-OpenMP/SHUD/Basins/heihe_x4/forcing/X98.25Y39.25.csv
	 Reading 252/1693: 	/scratch/frd_muziyao/SHUD-OpenMP/SHUD/Basins/heihe_x4/forcing/X98.25Y39.35.csv
	 Reading 253/1693: 	/scratch/frd_muziyao/SHUD-OpenMP/SHUD/Basins/heihe_x4/forcing/X98.25Y39.45.csv
	 Reading 254/1693: 	/scratch/frd_muziyao/SHUD-OpenMP/SHUD/Basins/heihe_x4/forcing/X98.25Y39.55.csv
	 Reading 255/1693: 	/scratch/frd_muziyao/SHUD-OpenMP/SHUD/Basins/heihe_x4/forcing/X98.25Y39.65.csv
	 Reading 256/1693: 	/scratch/frd_muziyao/SHUD-OpenMP/SHUD/Basins/heihe_x4/forcing/X98.25Y39.75.csv
	 Reading 257/1693: 	/scratch/frd_muziyao/SHUD-OpenMP/SHUD/Basins/heihe_x4/forcing/X98.25Y39.85.csv
	 Reading 258/1693: 	/scratch/frd_muziyao/SHUD-OpenMP/SHUD/Basins/heihe_x4/forcing/X98.25Y39.95.csv
	 Reading 259/1693: 	/scratch/frd_muziyao/SHUD-OpenMP/SHUD/Basins/heihe_x4/forcing/X98.25Y40.05.csv
	 Reading 260/1693: 	/scratch/frd_muziyao/SHUD-OpenMP/SHUD/Basins/heihe_x4/forcing/X98.25Y40.75.csv
	 Reading 261/1693: 	/scratch/frd_muziyao/SHUD-OpenMP/SHUD/Basins/heihe_x4/forcing/X98.25Y40.85.csv
	 Reading 262/1693: 	/scratch/frd_muziyao/SHUD-OpenMP/SHUD/Basins/heihe_x4/forcing/X98.25Y40.95.csv
	 Reading 263/1693: 	/scratch/frd_muziyao/SHUD-OpenMP/SHUD/Basins/heihe_x4/forcing/X98.25Y41.05.csv
	 Reading 264/1693: 	/scratch/frd_muziyao/SHUD-OpenMP/SHUD/Basins/heihe_x4/forcing/X98.25Y41.15.csv
	 Reading 265/1693: 	/scratch/frd_muziyao/SHUD-OpenMP/SHUD/Basins/heihe_x4/forcing/X98.25Y41.25.csv
	 Reading 266/1693: 	/scratch/frd_muziyao/SHUD-OpenMP/SHUD/Basins/heihe_x4/forcing/X98.25Y41.35.csv
	 Reading 267/1693: 	/scratch/frd_muziyao/SHUD-OpenMP/SHUD/Basins/heihe_x4/forcing/X98.25Y41.45.csv
	 Reading 268/1693: 	/scratch/frd_muziyao/SHUD-OpenMP/SHUD/Basins/heihe_x4/forcing/X98.25Y41.55.csv
	 Reading 269/1693: 	/scratch/frd_muziyao/SHUD-OpenMP/SHUD/Basins/heihe_x4/forcing/X98.25Y41.65.csv
	 Reading 270/1693: 	/scratch/frd_muziyao/SHUD-OpenMP/SHUD/Basins/heihe_x4/forcing/X98.25Y41.75.csv
	 Reading 271/1693: 	/scratch/frd_muziyao/SHUD-OpenMP/SHUD/Basins/heihe_x4/forcing/X98.25Y41.85.csv
	 Reading 272/1693: 	/scratch/frd_muziyao/SHUD-OpenMP/SHUD/Basins/heihe_x4/forcing/X98.25Y41.95.csv
	 Reading 273/1693: 	/scratch/frd_muziyao/SHUD-OpenMP/SHUD/Basins/heihe_x4/forcing/X98.25Y42.05.csv
	 Reading 274/1693: 	/scratch/frd_muziyao/SHUD-OpenMP/SHUD/Basins/heihe_x4/forcing/X98.25Y42.15.csv
	 Reading 275/1693: 	/scratch/frd_muziyao/SHUD-OpenMP/SHUD/Basins/heihe_x4/forcing/X98.25Y42.25.csv
	 Reading 276/1693: 	/scratch/frd_muziyao/SHUD-OpenMP/SHUD/Basins/heihe_x4/forcing/X98.25Y42.35.csv
	 Reading 277/1693: 	/scratch/frd_muziyao/SHUD-OpenMP/SHUD/Basins/heihe_x4/forcing/X98.25Y42.45.csv
	 Reading 278/1693: 	/scratch/frd_muziyao/SHUD-OpenMP/SHUD/Basins/heihe_x4/forcing/X98.35Y38.55.csv
	 Reading 279/1693: 	/scratch/frd_muziyao/SHUD-OpenMP/SHUD/Basins/heihe_x4/forcing/X98.35Y38.65.csv
	 Reading 280/1693: 	/scratch/frd_muziyao/SHUD-OpenMP/SHUD/Basins/heihe_x4/forcing/X98.35Y38.75.csv
	 Reading 281/1693: 	/scratch/frd_muziyao/SHUD-OpenMP/SHUD/Basins/heihe_x4/forcing/X98.35Y38.85.csv
	 Reading 282/1693: 	/scratch/frd_muziyao/SHUD-OpenMP/SHUD/Basins/heihe_x4/forcing/X98.35Y38.95.csv
	 Reading 283/1693: 	/scratch/frd_muziyao/SHUD-OpenMP/SHUD/Basins/heihe_x4/forcing/X98.35Y39.05.csv
	 Reading 284/1693: 	/scratch/frd_muziyao/SHUD-OpenMP/SHUD/Basins/heihe_x4/forcing/X98.35Y39.15.csv
	 Reading 285/1693: 	/scratch/frd_muziyao/SHUD-OpenMP/SHUD/Basins/heihe_x4/forcing/X98.35Y39.25.csv
	 Reading 286/1693: 	/scratch/frd_muziyao/SHUD-OpenMP/SHUD/Basins/heihe_x4/forcing/X98.35Y39.35.csv
	 Reading 287/1693: 	/scratch/frd_muziyao/SHUD-OpenMP/SHUD/Basins/heihe_x4/forcing/X98.35Y39.45.csv
	 Reading 288/1693: 	/scratch/frd_muziyao/SHUD-OpenMP/SHUD/Basins/heihe_x4/forcing/X98.35Y39.55.csv
	 Reading 289/1693: 	/scratch/frd_muziyao/SHUD-OpenMP/SHUD/Basins/heihe_x4/forcing/X98.35Y39.65.csv
	 Reading 290/1693: 	/scratch/frd_muziyao/SHUD-OpenMP/SHUD/Basins/heihe_x4/forcing/X98.35Y39.75.csv
	 Reading 291/1693: 	/scratch/frd_muziyao/SHUD-OpenMP/SHUD/Basins/heihe_x4/forcing/X98.35Y39.85.csv
	 Reading 292/1693: 	/scratch/frd_muziyao/SHUD-OpenMP/SHUD/Basins/heihe_x4/forcing/X98.35Y39.95.csv
	 Reading 293/1693: 	/scratch/frd_muziyao/SHUD-OpenMP/SHUD/Basins/heihe_x4/forcing/X98.35Y40.05.csv
	 Reading 294/1693: 	/scratch/frd_muziyao/SHUD-OpenMP/SHUD/Basins/heihe_x4/forcing/X98.35Y40.15.csv
	 Reading 295/1693: 	/scratch/frd_muziyao/SHUD-OpenMP/SHUD/Basins/heihe_x4/forcing/X98.35Y40.65.csv
	 Reading 296/1693: 	/scratch/frd_muziyao/SHUD-OpenMP/SHUD/Basins/heihe_x4/forcing/X98.35Y40.75.csv
	 Reading 297/1693: 	/scratch/frd_muziyao/SHUD-OpenMP/SHUD/Basins/heihe_x4/forcing/X98.35Y40.85.csv
	 Reading 298/1693: 	/scratch/frd_muziyao/SHUD-OpenMP/SHUD/Basins/heihe_x4/forcing/X98.35Y40.95.csv
	 Reading 299/1693: 	/scratch/frd_muziyao/SHUD-OpenMP/SHUD/Basins/heihe_x4/forcing/X98.35Y41.05.csv
	 Reading 300/1693: 	/scratch/frd_muziyao/SHUD-OpenMP/SHUD/Basins/heihe_x4/forcing/X98.35Y41.15.csv
	 Reading 301/1693: 	/scratch/frd_muziyao/SHUD-OpenMP/SHUD/Basins/heihe_x4/forcing/X98.35Y41.25.csv
	 Reading 302/1693: 	/scratch/frd_muziyao/SHUD-OpenMP/SHUD/Basins/heihe_x4/forcing/X98.35Y41.35.csv
	 Reading 303/1693: 	/scratch/frd_muziyao/SHUD-OpenMP/SHUD/Basins/heihe_x4/forcing/X98.35Y41.45.csv
	 Reading 304/1693: 	/scratch/frd_muziyao/SHUD-OpenMP/SHUD/Basins/heihe_x4/forcing/X98.35Y41.55.csv
	 Reading 305/1693: 	/scratch/frd_muziyao/SHUD-OpenMP/SHUD/Basins/heihe_x4/forcing/X98.35Y41.65.csv
	 Reading 306/1693: 	/scratch/frd_muziyao/SHUD-OpenMP/SHUD/Basins/heihe_x4/forcing/X98.35Y41.75.csv
	 Reading 307/1693: 	/scratch/frd_muziyao/SHUD-OpenMP/SHUD/Basins/heihe_x4/forcing/X98.35Y41.85.csv
	 Reading 308/1693: 	/scratch/frd_muziyao/SHUD-OpenMP/SHUD/Basins/heihe_x4/forcing/X98.35Y41.95.csv
	 Reading 309/1693: 	/scratch/frd_muziyao/SHUD-OpenMP/SHUD/Basins/heihe_x4/forcing/X98.35Y42.05.csv
	 Reading 310/1693: 	/scratch/frd_muziyao/SHUD-OpenMP/SHUD/Basins/heihe_x4/forcing/X98.35Y42.15.csv
	 Reading 311/1693: 	/scratch/frd_muziyao/SHUD-OpenMP/SHUD/Basins/heihe_x4/forcing/X98.35Y42.25.csv
	 Reading 312/1693: 	/scratch/frd_muziyao/SHUD-OpenMP/SHUD/Basins/heihe_x4/forcing/X98.35Y42.35.csv
	 Reading 313/1693: 	/scratch/frd_muziyao/SHUD-OpenMP/SHUD/Basins/heihe_x4/forcing/X98.35Y42.45.csv
	 Reading 314/1693: 	/scratch/frd_muziyao/SHUD-OpenMP/SHUD/Basins/heihe_x4/forcing/X98.35Y42.55.csv
	 Reading 315/1693: 	/scratch/frd_muziyao/SHUD-OpenMP/SHUD/Basins/heihe_x4/forcing/X98.35Y42.65.csv
	 Reading 316/1693: 	/scratch/frd_muziyao/SHUD-OpenMP/SHUD/Basins/heihe_x4/forcing/X98.45Y38.55.csv
	 Reading 317/1693: 	/scratch/frd_muziyao/SHUD-OpenMP/SHUD/Basins/heihe_x4/forcing/X98.45Y38.65.csv
	 Reading 318/1693: 	/scratch/frd_muziyao/SHUD-OpenMP/SHUD/Basins/heihe_x4/forcing/X98.45Y38.75.csv
	 Reading 319/1693: 	/scratch/frd_muziyao/SHUD-OpenMP/SHUD/Basins/heihe_x4/forcing/X98.45Y38.85.csv
	 Reading 320/1693: 	/scratch/frd_muziyao/SHUD-OpenMP/SHUD/Basins/heihe_x4/forcing/X98.45Y38.95.csv
	 Reading 321/1693: 	/scratch/frd_muziyao/SHUD-OpenMP/SHUD/Basins/heihe_x4/forcing/X98.45Y39.05.csv
	 Reading 322/1693: 	/scratch/frd_muziyao/SHUD-OpenMP/SHUD/Basins/heihe_x4/forcing/X98.45Y39.15.csv
	 Reading 323/1693: 	/scratch/frd_muziyao/SHUD-OpenMP/SHUD/Basins/heihe_x4/forcing/X98.45Y39.25.csv
	 Reading 324/1693: 	/scratch/frd_muziyao/SHUD-OpenMP/SHUD/Basins/heihe_x4/forcing/X98.45Y39.35.csv
	 Reading 325/1693: 	/scratch/frd_muziyao/SHUD-OpenMP/SHUD/Basins/heihe_x4/forcing/X98.45Y39.45.csv
	 Reading 326/1693: 	/scratch/frd_muziyao/SHUD-OpenMP/SHUD/Basins/heihe_x4/forcing/X98.45Y39.55.csv
	 Reading 327/1693: 	/scratch/frd_muziyao/SHUD-OpenMP/SHUD/Basins/heihe_x4/forcing/X98.45Y39.65.csv
	 Reading 328/1693: 	/scratch/frd_muziyao/SHUD-OpenMP/SHUD/Basins/heihe_x4/forcing/X98.45Y39.75.csv
	 Reading 329/1693: 	/scratch/frd_muziyao/SHUD-OpenMP/SHUD/Basins/heihe_x4/forcing/X98.45Y39.85.csv
	 Reading 330/1693: 	/scratch/frd_muziyao/SHUD-OpenMP/SHUD/Basins/heihe_x4/forcing/X98.45Y39.95.csv
	 Reading 331/1693: 	/scratch/frd_muziyao/SHUD-OpenMP/SHUD/Basins/heihe_x4/forcing/X98.45Y40.05.csv
	 Reading 332/1693: 	/scratch/frd_muziyao/SHUD-OpenMP/SHUD/Basins/heihe_x4/forcing/X98.45Y40.15.csv
	 Reading 333/1693: 	/scratch/frd_muziyao/SHUD-OpenMP/SHUD/Basins/heihe_x4/forcing/X98.45Y40.25.csv
	 Reading 334/1693: 	/scratch/frd_muziyao/SHUD-OpenMP/SHUD/Basins/heihe_x4/forcing/X98.45Y40.35.csv
	 Reading 335/1693: 	/scratch/frd_muziyao/SHUD-OpenMP/SHUD/Basins/heihe_x4/forcing/X98.45Y40.45.csv
	 Reading 336/1693: 	/scratch/frd_muziyao/SHUD-OpenMP/SHUD/Basins/heihe_x4/forcing/X98.45Y40.55.csv
	 Reading 337/1693: 	/scratch/frd_muziyao/SHUD-OpenMP/SHUD/Basins/heihe_x4/forcing/X98.45Y40.65.csv
	 Reading 338/1693: 	/scratch/frd_muziyao/SHUD-OpenMP/SHUD/Basins/heihe_x4/forcing/X98.45Y40.75.csv
	 Reading 339/1693: 	/scratch/frd_muziyao/SHUD-OpenMP/SHUD/Basins/heihe_x4/forcing/X98.45Y40.85.csv
	 Reading 340/1693: 	/scratch/frd_muziyao/SHUD-OpenMP/SHUD/Basins/heihe_x4/forcing/X98.45Y40.95.csv
	 Reading 341/1693: 	/scratch/frd_muziyao/SHUD-OpenMP/SHUD/Basins/heihe_x4/forcing/X98.45Y41.05.csv
	 Reading 342/1693: 	/scratch/frd_muziyao/SHUD-OpenMP/SHUD/Basins/heihe_x4/forcing/X98.45Y41.15.csv
	 Reading 343/1693: 	/scratch/frd_muziyao/SHUD-OpenMP/SHUD/Basins/heihe_x4/forcing/X98.45Y41.25.csv
	 Reading 344/1693: 	/scratch/frd_muziyao/SHUD-OpenMP/SHUD/Basins/heihe_x4/forcing/X98.45Y41.35.csv
	 Reading 345/1693: 	/scratch/frd_muziyao/SHUD-OpenMP/SHUD/Basins/heihe_x4/forcing/X98.45Y41.45.csv
	 Reading 346/1693: 	/scratch/frd_muziyao/SHUD-OpenMP/SHUD/Basins/heihe_x4/forcing/X98.45Y41.55.csv
	 Reading 347/1693: 	/scratch/frd_muziyao/SHUD-OpenMP/SHUD/Basins/heihe_x4/forcing/X98.45Y41.65.csv
	 Reading 348/1693: 	/scratch/frd_muziyao/SHUD-OpenMP/SHUD/Basins/heihe_x4/forcing/X98.45Y41.75.csv
	 Reading 349/1693: 	/scratch/frd_muziyao/SHUD-OpenMP/SHUD/Basins/heihe_x4/forcing/X98.45Y41.85.csv
	 Reading 350/1693: 	/scratch/frd_muziyao/SHUD-OpenMP/SHUD/Basins/heihe_x4/forcing/X98.45Y41.95.csv
	 Reading 351/1693: 	/scratch/frd_muziyao/SHUD-OpenMP/SHUD/Basins/heihe_x4/forcing/X98.45Y42.05.csv
	 Reading 352/1693: 	/scratch/frd_muziyao/SHUD-OpenMP/SHUD/Basins/heihe_x4/forcing/X98.45Y42.15.csv
	 Reading 353/1693: 	/scratch/frd_muziyao/SHUD-OpenMP/SHUD/Basins/heihe_x4/forcing/X98.45Y42.25.csv
	 Reading 354/1693: 	/scratch/frd_muziyao/SHUD-OpenMP/SHUD/Basins/heihe_x4/forcing/X98.45Y42.35.csv
	 Reading 355/1693: 	/scratch/frd_muziyao/SHUD-OpenMP/SHUD/Basins/heihe_x4/forcing/X98.45Y42.45.csv
	 Reading 356/1693: 	/scratch/frd_muziyao/SHUD-OpenMP/SHUD/Basins/heihe_x4/forcing/X98.45Y42.55.csv
	 Reading 357/1693: 	/scratch/frd_muziyao/SHUD-OpenMP/SHUD/Basins/heihe_x4/forcing/X98.45Y42.65.csv
	 Reading 358/1693: 	/scratch/frd_muziyao/SHUD-OpenMP/SHUD/Basins/heihe_x4/forcing/X98.55Y38.55.csv
	 Reading 359/1693: 	/scratch/frd_muziyao/SHUD-OpenMP/SHUD/Basins/heihe_x4/forcing/X98.55Y38.65.csv
	 Reading 360/1693: 	/scratch/frd_muziyao/SHUD-OpenMP/SHUD/Basins/heihe_x4/forcing/X98.55Y38.75.csv
	 Reading 361/1693: 	/scratch/frd_muziyao/SHUD-OpenMP/SHUD/Basins/heihe_x4/forcing/X98.55Y38.85.csv
	 Reading 362/1693: 	/scratch/frd_muziyao/SHUD-OpenMP/SHUD/Basins/heihe_x4/forcing/X98.55Y38.95.csv
	 Reading 363/1693: 	/scratch/frd_muziyao/SHUD-OpenMP/SHUD/Basins/heihe_x4/forcing/X98.55Y39.05.csv
	 Reading 364/1693: 	/scratch/frd_muziyao/SHUD-OpenMP/SHUD/Basins/heihe_x4/forcing/X98.55Y39.15.csv
	 Reading 365/1693: 	/scratch/frd_muziyao/SHUD-OpenMP/SHUD/Basins/heihe_x4/forcing/X98.55Y39.25.csv
	 Reading 366/1693: 	/scratch/frd_muziyao/SHUD-OpenMP/SHUD/Basins/heihe_x4/forcing/X98.55Y39.35.csv
	 Reading 367/1693: 	/scratch/frd_muziyao/SHUD-OpenMP/SHUD/Basins/heihe_x4/forcing/X98.55Y39.45.csv
	 Reading 368/1693: 	/scratch/frd_muziyao/SHUD-OpenMP/SHUD/Basins/heihe_x4/forcing/X98.55Y39.55.csv
	 Reading 369/1693: 	/scratch/frd_muziyao/SHUD-OpenMP/SHUD/Basins/heihe_x4/forcing/X98.55Y39.65.csv
	 Reading 370/1693: 	/scratch/frd_muziyao/SHUD-OpenMP/SHUD/Basins/heihe_x4/forcing/X98.55Y39.75.csv
	 Reading 371/1693: 	/scratch/frd_muziyao/SHUD-OpenMP/SHUD/Basins/heihe_x4/forcing/X98.55Y39.85.csv
	 Reading 372/1693: 	/scratch/frd_muziyao/SHUD-OpenMP/SHUD/Basins/heihe_x4/forcing/X98.55Y39.95.csv
	 Reading 373/1693: 	/scratch/frd_muziyao/SHUD-OpenMP/SHUD/Basins/heihe_x4/forcing/X98.55Y40.05.csv
	 Reading 374/1693: 	/scratch/frd_muziyao/SHUD-OpenMP/SHUD/Basins/heihe_x4/forcing/X98.55Y40.15.csv
	 Reading 375/1693: 	/scratch/frd_muziyao/SHUD-OpenMP/SHUD/Basins/heihe_x4/forcing/X98.55Y40.25.csv
	 Reading 376/1693: 	/scratch/frd_muziyao/SHUD-OpenMP/SHUD/Basins/heihe_x4/forcing/X98.55Y40.35.csv
	 Reading 377/1693: 	/scratch/frd_muziyao/SHUD-OpenMP/SHUD/Basins/heihe_x4/forcing/X98.55Y40.45.csv
	 Reading 378/1693: 	/scratch/frd_muziyao/SHUD-OpenMP/SHUD/Basins/heihe_x4/forcing/X98.55Y40.55.csv
	 Reading 379/1693: 	/scratch/frd_muziyao/SHUD-OpenMP/SHUD/Basins/heihe_x4/forcing/X98.55Y40.65.csv
	 Reading 380/1693: 	/scratch/frd_muziyao/SHUD-OpenMP/SHUD/Basins/heihe_x4/forcing/X98.55Y40.75.csv
	 Reading 381/1693: 	/scratch/frd_muziyao/SHUD-OpenMP/SHUD/Basins/heihe_x4/forcing/X98.55Y40.85.csv
	 Reading 382/1693: 	/scratch/frd_muziyao/SHUD-OpenMP/SHUD/Basins/heihe_x4/forcing/X98.55Y40.95.csv
	 Reading 383/1693: 	/scratch/frd_muziyao/SHUD-OpenMP/SHUD/Basins/heihe_x4/forcing/X98.55Y41.05.csv
	 Reading 384/1693: 	/scratch/frd_muziyao/SHUD-OpenMP/SHUD/Basins/heihe_x4/forcing/X98.55Y41.15.csv
	 Reading 385/1693: 	/scratch/frd_muziyao/SHUD-OpenMP/SHUD/Basins/heihe_x4/forcing/X98.55Y41.25.csv
	 Reading 386/1693: 	/scratch/frd_muziyao/SHUD-OpenMP/SHUD/Basins/heihe_x4/forcing/X98.55Y41.35.csv
	 Reading 387/1693: 	/scratch/frd_muziyao/SHUD-OpenMP/SHUD/Basins/heihe_x4/forcing/X98.55Y41.45.csv
	 Reading 388/1693: 	/scratch/frd_muziyao/SHUD-OpenMP/SHUD/Basins/heihe_x4/forcing/X98.55Y41.55.csv
	 Reading 389/1693: 	/scratch/frd_muziyao/SHUD-OpenMP/SHUD/Basins/heihe_x4/forcing/X98.55Y41.65.csv
	 Reading 390/1693: 	/scratch/frd_muziyao/SHUD-OpenMP/SHUD/Basins/heihe_x4/forcing/X98.55Y41.75.csv
	 Reading 391/1693: 	/scratch/frd_muziyao/SHUD-OpenMP/SHUD/Basins/heihe_x4/forcing/X98.55Y41.85.csv
	 Reading 392/1693: 	/scratch/frd_muziyao/SHUD-OpenMP/SHUD/Basins/heihe_x4/forcing/X98.55Y41.95.csv
	 Reading 393/1693: 	/scratch/frd_muziyao/SHUD-OpenMP/SHUD/Basins/heihe_x4/forcing/X98.55Y42.05.csv
	 Reading 394/1693: 	/scratch/frd_muziyao/SHUD-OpenMP/SHUD/Basins/heihe_x4/forcing/X98.55Y42.15.csv
	 Reading 395/1693: 	/scratch/frd_muziyao/SHUD-OpenMP/SHUD/Basins/heihe_x4/forcing/X98.55Y42.25.csv
	 Reading 396/1693: 	/scratch/frd_muziyao/SHUD-OpenMP/SHUD/Basins/heihe_x4/forcing/X98.55Y42.35.csv
	 Reading 397/1693: 	/scratch/frd_muziyao/SHUD-OpenMP/SHUD/Basins/heihe_x4/forcing/X98.55Y42.45.csv
	 Reading 398/1693: 	/scratch/frd_muziyao/SHUD-OpenMP/SHUD/Basins/heihe_x4/forcing/X98.55Y42.55.csv
	 Reading 399/1693: 	/scratch/frd_muziyao/SHUD-OpenMP/SHUD/Basins/heihe_x4/forcing/X98.55Y42.65.csv
	 Reading 400/1693: 	/scratch/frd_muziyao/SHUD-OpenMP/SHUD/Basins/heihe_x4/forcing/X98.65Y38.55.csv
	 Reading 401/1693: 	/scratch/frd_muziyao/SHUD-OpenMP/SHUD/Basins/heihe_x4/forcing/X98.65Y38.65.csv
	 Reading 402/1693: 	/scratch/frd_muziyao/SHUD-OpenMP/SHUD/Basins/heihe_x4/forcing/X98.65Y38.75.csv
	 Reading 403/1693: 	/scratch/frd_muziyao/SHUD-OpenMP/SHUD/Basins/heihe_x4/forcing/X98.65Y38.85.csv
	 Reading 404/1693: 	/scratch/frd_muziyao/SHUD-OpenMP/SHUD/Basins/heihe_x4/forcing/X98.65Y38.95.csv
	 Reading 405/1693: 	/scratch/frd_muziyao/SHUD-OpenMP/SHUD/Basins/heihe_x4/forcing/X98.65Y39.05.csv
	 Reading 406/1693: 	/scratch/frd_muziyao/SHUD-OpenMP/SHUD/Basins/heihe_x4/forcing/X98.65Y39.15.csv
	 Reading 407/1693: 	/scratch/frd_muziyao/SHUD-OpenMP/SHUD/Basins/heihe_x4/forcing/X98.65Y39.25.csv
	 Reading 408/1693: 	/scratch/frd_muziyao/SHUD-OpenMP/SHUD/Basins/heihe_x4/forcing/X98.65Y39.35.csv
	 Reading 409/1693: 	/scratch/frd_muziyao/SHUD-OpenMP/SHUD/Basins/heihe_x4/forcing/X98.65Y39.45.csv
	 Reading 410/1693: 	/scratch/frd_muziyao/SHUD-OpenMP/SHUD/Basins/heihe_x4/forcing/X98.65Y39.55.csv
	 Reading 411/1693: 	/scratch/frd_muziyao/SHUD-OpenMP/SHUD/Basins/heihe_x4/forcing/X98.65Y39.65.csv
	 Reading 412/1693: 	/scratch/frd_muziyao/SHUD-OpenMP/SHUD/Basins/heihe_x4/forcing/X98.65Y39.75.csv
	 Reading 413/1693: 	/scratch/frd_muziyao/SHUD-OpenMP/SHUD/Basins/heihe_x4/forcing/X98.65Y39.85.csv
	 Reading 414/1693: 	/scratch/frd_muziyao/SHUD-OpenMP/SHUD/Basins/heihe_x4/forcing/X98.65Y39.95.csv
	 Reading 415/1693: 	/scratch/frd_muziyao/SHUD-OpenMP/SHUD/Basins/heihe_x4/forcing/X98.65Y40.05.csv
	 Reading 416/1693: 	/scratch/frd_muziyao/SHUD-OpenMP/SHUD/Basins/heihe_x4/forcing/X98.65Y40.15.csv
	 Reading 417/1693: 	/scratch/frd_muziyao/SHUD-OpenMP/SHUD/Basins/heihe_x4/forcing/X98.65Y40.25.csv
	 Reading 418/1693: 	/scratch/frd_muziyao/SHUD-OpenMP/SHUD/Basins/heihe_x4/forcing/X98.65Y40.35.csv
	 Reading 419/1693: 	/scratch/frd_muziyao/SHUD-OpenMP/SHUD/Basins/heihe_x4/forcing/X98.65Y40.45.csv
	 Reading 420/1693: 	/scratch/frd_muziyao/SHUD-OpenMP/SHUD/Basins/heihe_x4/forcing/X98.65Y40.55.csv
	 Reading 421/1693: 	/scratch/frd_muziyao/SHUD-OpenMP/SHUD/Basins/heihe_x4/forcing/X98.65Y40.65.csv
	 Reading 422/1693: 	/scratch/frd_muziyao/SHUD-OpenMP/SHUD/Basins/heihe_x4/forcing/X98.65Y40.75.csv
	 Reading 423/1693: 	/scratch/frd_muziyao/SHUD-OpenMP/SHUD/Basins/heihe_x4/forcing/X98.65Y40.85.csv
	 Reading 424/1693: 	/scratch/frd_muziyao/SHUD-OpenMP/SHUD/Basins/heihe_x4/forcing/X98.65Y40.95.csv
	 Reading 425/1693: 	/scratch/frd_muziyao/SHUD-OpenMP/SHUD/Basins/heihe_x4/forcing/X98.65Y41.05.csv
	 Reading 426/1693: 	/scratch/frd_muziyao/SHUD-OpenMP/SHUD/Basins/heihe_x4/forcing/X98.65Y41.15.csv
	 Reading 427/1693: 	/scratch/frd_muziyao/SHUD-OpenMP/SHUD/Basins/heihe_x4/forcing/X98.65Y41.25.csv
	 Reading 428/1693: 	/scratch/frd_muziyao/SHUD-OpenMP/SHUD/Basins/heihe_x4/forcing/X98.65Y41.35.csv
	 Reading 429/1693: 	/scratch/frd_muziyao/SHUD-OpenMP/SHUD/Basins/heihe_x4/forcing/X98.65Y41.45.csv
	 Reading 430/1693: 	/scratch/frd_muziyao/SHUD-OpenMP/SHUD/Basins/heihe_x4/forcing/X98.65Y41.55.csv
	 Reading 431/1693: 	/scratch/frd_muziyao/SHUD-OpenMP/SHUD/Basins/heihe_x4/forcing/X98.65Y41.65.csv
	 Reading 432/1693: 	/scratch/frd_muziyao/SHUD-OpenMP/SHUD/Basins/heihe_x4/forcing/X98.65Y41.75.csv
	 Reading 433/1693: 	/scratch/frd_muziyao/SHUD-OpenMP/SHUD/Basins/heihe_x4/forcing/X98.65Y41.85.csv
	 Reading 434/1693: 	/scratch/frd_muziyao/SHUD-OpenMP/SHUD/Basins/heihe_x4/forcing/X98.65Y41.95.csv
	 Reading 435/1693: 	/scratch/frd_muziyao/SHUD-OpenMP/SHUD/Basins/heihe_x4/forcing/X98.65Y42.05.csv
	 Reading 436/1693: 	/scratch/frd_muziyao/SHUD-OpenMP/SHUD/Basins/heihe_x4/forcing/X98.65Y42.15.csv
	 Reading 437/1693: 	/scratch/frd_muziyao/SHUD-OpenMP/SHUD/Basins/heihe_x4/forcing/X98.65Y42.25.csv
	 Reading 438/1693: 	/scratch/frd_muziyao/SHUD-OpenMP/SHUD/Basins/heihe_x4/forcing/X98.65Y42.35.csv
	 Reading 439/1693: 	/scratch/frd_muziyao/SHUD-OpenMP/SHUD/Basins/heihe_x4/forcing/X98.65Y42.45.csv
	 Reading 440/1693: 	/scratch/frd_muziyao/SHUD-OpenMP/SHUD/Basins/heihe_x4/forcing/X98.65Y42.55.csv
	 Reading 441/1693: 	/scratch/frd_muziyao/SHUD-OpenMP/SHUD/Basins/heihe_x4/forcing/X98.65Y42.65.csv
	 Reading 442/1693: 	/scratch/frd_muziyao/SHUD-OpenMP/SHUD/Basins/heihe_x4/forcing/X98.75Y38.45.csv
	 Reading 443/1693: 	/scratch/frd_muziyao/SHUD-OpenMP/SHUD/Basins/heihe_x4/forcing/X98.75Y38.55.csv
	 Reading 444/1693: 	/scratch/frd_muziyao/SHUD-OpenMP/SHUD/Basins/heihe_x4/forcing/X98.75Y38.65.csv
	 Reading 445/1693: 	/scratch/frd_muziyao/SHUD-OpenMP/SHUD/Basins/heihe_x4/forcing/X98.75Y38.75.csv
	 Reading 446/1693: 	/scratch/frd_muziyao/SHUD-OpenMP/SHUD/Basins/heihe_x4/forcing/X98.75Y38.85.csv
	 Reading 447/1693: 	/scratch/frd_muziyao/SHUD-OpenMP/SHUD/Basins/heihe_x4/forcing/X98.75Y38.95.csv
	 Reading 448/1693: 	/scratch/frd_muziyao/SHUD-OpenMP/SHUD/Basins/heihe_x4/forcing/X98.75Y39.05.csv
	 Reading 449/1693: 	/scratch/frd_muziyao/SHUD-OpenMP/SHUD/Basins/heihe_x4/forcing/X98.75Y39.15.csv
	 Reading 450/1693: 	/scratch/frd_muziyao/SHUD-OpenMP/SHUD/Basins/heihe_x4/forcing/X98.75Y39.25.csv
	 Reading 451/1693: 	/scratch/frd_muziyao/SHUD-OpenMP/SHUD/Basins/heihe_x4/forcing/X98.75Y39.35.csv
	 Reading 452/1693: 	/scratch/frd_muziyao/SHUD-OpenMP/SHUD/Basins/heihe_x4/forcing/X98.75Y39.45.csv
	 Reading 453/1693: 	/scratch/frd_muziyao/SHUD-OpenMP/SHUD/Basins/heihe_x4/forcing/X98.75Y39.55.csv
	 Reading 454/1693: 	/scratch/frd_muziyao/SHUD-OpenMP/SHUD/Basins/heihe_x4/forcing/X98.75Y39.65.csv
	 Reading 455/1693: 	/scratch/frd_muziyao/SHUD-OpenMP/SHUD/Basins/heihe_x4/forcing/X98.75Y39.75.csv
	 Reading 456/1693: 	/scratch/frd_muziyao/SHUD-OpenMP/SHUD/Basins/heihe_x4/forcing/X98.75Y39.85.csv
	 Reading 457/1693: 	/scratch/frd_muziyao/SHUD-OpenMP/SHUD/Basins/heihe_x4/forcing/X98.75Y39.95.csv
	 Reading 458/1693: 	/scratch/frd_muziyao/SHUD-OpenMP/SHUD/Basins/heihe_x4/forcing/X98.75Y40.05.csv
	 Reading 459/1693: 	/scratch/frd_muziyao/SHUD-OpenMP/SHUD/Basins/heihe_x4/forcing/X98.75Y40.15.csv
	 Reading 460/1693: 	/scratch/frd_muziyao/SHUD-OpenMP/SHUD/Basins/heihe_x4/forcing/X98.75Y40.25.csv
	 Reading 461/1693: 	/scratch/frd_muziyao/SHUD-OpenMP/SHUD/Basins/heihe_x4/forcing/X98.75Y40.35.csv
	 Reading 462/1693: 	/scratch/frd_muziyao/SHUD-OpenMP/SHUD/Basins/heihe_x4/forcing/X98.75Y40.45.csv
	 Reading 463/1693: 	/scratch/frd_muziyao/SHUD-OpenMP/SHUD/Basins/heihe_x4/forcing/X98.75Y40.55.csv
	 Reading 464/1693: 	/scratch/frd_muziyao/SHUD-OpenMP/SHUD/Basins/heihe_x4/forcing/X98.75Y40.65.csv
	 Reading 465/1693: 	/scratch/frd_muziyao/SHUD-OpenMP/SHUD/Basins/heihe_x4/forcing/X98.75Y40.75.csv
	 Reading 466/1693: 	/scratch/frd_muziyao/SHUD-OpenMP/SHUD/Basins/heihe_x4/forcing/X98.75Y40.85.csv
	 Reading 467/1693: 	/scratch/frd_muziyao/SHUD-OpenMP/SHUD/Basins/heihe_x4/forcing/X98.75Y40.95.csv
	 Reading 468/1693: 	/scratch/frd_muziyao/SHUD-OpenMP/SHUD/Basins/heihe_x4/forcing/X98.75Y41.05.csv
	 Reading 469/1693: 	/scratch/frd_muziyao/SHUD-OpenMP/SHUD/Basins/heihe_x4/forcing/X98.75Y41.15.csv
	 Reading 470/1693: 	/scratch/frd_muziyao/SHUD-OpenMP/SHUD/Basins/heihe_x4/forcing/X98.75Y41.25.csv
	 Reading 471/1693: 	/scratch/frd_muziyao/SHUD-OpenMP/SHUD/Basins/heihe_x4/forcing/X98.75Y41.35.csv
	 Reading 472/1693: 	/scratch/frd_muziyao/SHUD-OpenMP/SHUD/Basins/heihe_x4/forcing/X98.75Y41.45.csv
	 Reading 473/1693: 	/scratch/frd_muziyao/SHUD-OpenMP/SHUD/Basins/heihe_x4/forcing/X98.75Y41.55.csv
	 Reading 474/1693: 	/scratch/frd_muziyao/SHUD-OpenMP/SHUD/Basins/heihe_x4/forcing/X98.75Y41.65.csv
	 Reading 475/1693: 	/scratch/frd_muziyao/SHUD-OpenMP/SHUD/Basins/heihe_x4/forcing/X98.75Y41.75.csv
	 Reading 476/1693: 	/scratch/frd_muziyao/SHUD-OpenMP/SHUD/Basins/heihe_x4/forcing/X98.75Y41.85.csv
	 Reading 477/1693: 	/scratch/frd_muziyao/SHUD-OpenMP/SHUD/Basins/heihe_x4/forcing/X98.75Y41.95.csv
	 Reading 478/1693: 	/scratch/frd_muziyao/SHUD-OpenMP/SHUD/Basins/heihe_x4/forcing/X98.75Y42.05.csv
	 Reading 479/1693: 	/scratch/frd_muziyao/SHUD-OpenMP/SHUD/Basins/heihe_x4/forcing/X98.75Y42.15.csv
	 Reading 480/1693: 	/scratch/frd_muziyao/SHUD-OpenMP/SHUD/Basins/heihe_x4/forcing/X98.75Y42.25.csv
	 Reading 481/1693: 	/scratch/frd_muziyao/SHUD-OpenMP/SHUD/Basins/heihe_x4/forcing/X98.75Y42.35.csv
	 Reading 482/1693: 	/scratch/frd_muziyao/SHUD-OpenMP/SHUD/Basins/heihe_x4/forcing/X98.75Y42.45.csv
	 Reading 483/1693: 	/scratch/frd_muziyao/SHUD-OpenMP/SHUD/Basins/heihe_x4/forcing/X98.75Y42.55.csv
	 Reading 484/1693: 	/scratch/frd_muziyao/SHUD-OpenMP/SHUD/Basins/heihe_x4/forcing/X98.75Y42.65.csv
	 Reading 485/1693: 	/scratch/frd_muziyao/SHUD-OpenMP/SHUD/Basins/heihe_x4/forcing/X98.85Y38.25.csv
	 Reading 486/1693: 	/scratch/frd_muziyao/SHUD-OpenMP/SHUD/Basins/heihe_x4/forcing/X98.85Y38.35.csv
	 Reading 487/1693: 	/scratch/frd_muziyao/SHUD-OpenMP/SHUD/Basins/heihe_x4/forcing/X98.85Y38.45.csv
	 Reading 488/1693: 	/scratch/frd_muziyao/SHUD-OpenMP/SHUD/Basins/heihe_x4/forcing/X98.85Y38.55.csv
	 Reading 489/1693: 	/scratch/frd_muziyao/SHUD-OpenMP/SHUD/Basins/heihe_x4/forcing/X98.85Y38.65.csv
	 Reading 490/1693: 	/scratch/frd_muziyao/SHUD-OpenMP/SHUD/Basins/heihe_x4/forcing/X98.85Y38.75.csv
	 Reading 491/1693: 	/scratch/frd_muziyao/SHUD-OpenMP/SHUD/Basins/heihe_x4/forcing/X98.85Y38.85.csv
	 Reading 492/1693: 	/scratch/frd_muziyao/SHUD-OpenMP/SHUD/Basins/heihe_x4/forcing/X98.85Y38.95.csv
	 Reading 493/1693: 	/scratch/frd_muziyao/SHUD-OpenMP/SHUD/Basins/heihe_x4/forcing/X98.85Y39.05.csv
	 Reading 494/1693: 	/scratch/frd_muziyao/SHUD-OpenMP/SHUD/Basins/heihe_x4/forcing/X98.85Y39.15.csv
	 Reading 495/1693: 	/scratch/frd_muziyao/SHUD-OpenMP/SHUD/Basins/heihe_x4/forcing/X98.85Y39.25.csv
	 Reading 496/1693: 	/scratch/frd_muziyao/SHUD-OpenMP/SHUD/Basins/heihe_x4/forcing/X98.85Y39.35.csv
	 Reading 497/1693: 	/scratch/frd_muziyao/SHUD-OpenMP/SHUD/Basins/heihe_x4/forcing/X98.85Y39.45.csv
	 Reading 498/1693: 	/scratch/frd_muziyao/SHUD-OpenMP/SHUD/Basins/heihe_x4/forcing/X98.85Y39.55.csv
	 Reading 499/1693: 	/scratch/frd_muziyao/SHUD-OpenMP/SHUD/Basins/heihe_x4/forcing/X98.85Y39.65.csv
	 Reading 500/1693: 	/scratch/frd_muziyao/SHUD-OpenMP/SHUD/Basins/heihe_x4/forcing/X98.85Y39.75.csv
	 Reading 501/1693: 	/scratch/frd_muziyao/SHUD-OpenMP/SHUD/Basins/heihe_x4/forcing/X98.85Y39.85.csv
	 Reading 502/1693: 	/scratch/frd_muziyao/SHUD-OpenMP/SHUD/Basins/heihe_x4/forcing/X98.85Y39.95.csv
	 Reading 503/1693: 	/scratch/frd_muziyao/SHUD-OpenMP/SHUD/Basins/heihe_x4/forcing/X98.85Y40.05.csv
	 Reading 504/1693: 	/scratch/frd_muziyao/SHUD-OpenMP/SHUD/Basins/heihe_x4/forcing/X98.85Y40.15.csv
	 Reading 505/1693: 	/scratch/frd_muziyao/SHUD-OpenMP/SHUD/Basins/heihe_x4/forcing/X98.85Y40.25.csv
	 Reading 506/1693: 	/scratch/frd_muziyao/SHUD-OpenMP/SHUD/Basins/heihe_x4/forcing/X98.85Y40.35.csv
	 Reading 507/1693: 	/scratch/frd_muziyao/SHUD-OpenMP/SHUD/Basins/heihe_x4/forcing/X98.85Y40.45.csv
	 Reading 508/1693: 	/scratch/frd_muziyao/SHUD-OpenMP/SHUD/Basins/heihe_x4/forcing/X98.85Y40.55.csv
	 Reading 509/1693: 	/scratch/frd_muziyao/SHUD-OpenMP/SHUD/Basins/heihe_x4/forcing/X98.85Y40.65.csv
	 Reading 510/1693: 	/scratch/frd_muziyao/SHUD-OpenMP/SHUD/Basins/heihe_x4/forcing/X98.85Y40.75.csv
	 Reading 511/1693: 	/scratch/frd_muziyao/SHUD-OpenMP/SHUD/Basins/heihe_x4/forcing/X98.85Y40.85.csv
	 Reading 512/1693: 	/scratch/frd_muziyao/SHUD-OpenMP/SHUD/Basins/heihe_x4/forcing/X98.85Y40.95.csv
	 Reading 513/1693: 	/scratch/frd_muziyao/SHUD-OpenMP/SHUD/Basins/heihe_x4/forcing/X98.85Y41.05.csv
	 Reading 514/1693: 	/scratch/frd_muziyao/SHUD-OpenMP/SHUD/Basins/heihe_x4/forcing/X98.85Y41.15.csv
	 Reading 515/1693: 	/scratch/frd_muziyao/SHUD-OpenMP/SHUD/Basins/heihe_x4/forcing/X98.85Y41.25.csv
	 Reading 516/1693: 	/scratch/frd_muziyao/SHUD-OpenMP/SHUD/Basins/heihe_x4/forcing/X98.85Y41.35.csv
	 Reading 517/1693: 	/scratch/frd_muziyao/SHUD-OpenMP/SHUD/Basins/heihe_x4/forcing/X98.85Y41.45.csv
	 Reading 518/1693: 	/scratch/frd_muziyao/SHUD-OpenMP/SHUD/Basins/heihe_x4/forcing/X98.85Y41.55.csv
	 Reading 519/1693: 	/scratch/frd_muziyao/SHUD-OpenMP/SHUD/Basins/heihe_x4/forcing/X98.85Y41.65.csv
	 Reading 520/1693: 	/scratch/frd_muziyao/SHUD-OpenMP/SHUD/Basins/heihe_x4/forcing/X98.85Y41.75.csv
	 Reading 521/1693: 	/scratch/frd_muziyao/SHUD-OpenMP/SHUD/Basins/heihe_x4/forcing/X98.85Y41.85.csv
	 Reading 522/1693: 	/scratch/frd_muziyao/SHUD-OpenMP/SHUD/Basins/heihe_x4/forcing/X98.85Y41.95.csv
	 Reading 523/1693: 	/scratch/frd_muziyao/SHUD-OpenMP/SHUD/Basins/heihe_x4/forcing/X98.85Y42.05.csv
	 Reading 524/1693: 	/scratch/frd_muziyao/SHUD-OpenMP/SHUD/Basins/heihe_x4/forcing/X98.85Y42.15.csv
	 Reading 525/1693: 	/scratch/frd_muziyao/SHUD-OpenMP/SHUD/Basins/heihe_x4/forcing/X98.85Y42.25.csv
	 Reading 526/1693: 	/scratch/frd_muziyao/SHUD-OpenMP/SHUD/Basins/heihe_x4/forcing/X98.85Y42.35.csv
	 Reading 527/1693: 	/scratch/frd_muziyao/SHUD-OpenMP/SHUD/Basins/heihe_x4/forcing/X98.85Y42.45.csv
	 Reading 528/1693: 	/scratch/frd_muziyao/SHUD-OpenMP/SHUD/Basins/heihe_x4/forcing/X98.85Y42.55.csv
	 Reading 529/1693: 	/scratch/frd_muziyao/SHUD-OpenMP/SHUD/Basins/heihe_x4/forcing/X98.85Y42.65.csv
	 Reading 530/1693: 	/scratch/frd_muziyao/SHUD-OpenMP/SHUD/Basins/heihe_x4/forcing/X98.95Y38.25.csv
	 Reading 531/1693: 	/scratch/frd_muziyao/SHUD-OpenMP/SHUD/Basins/heihe_x4/forcing/X98.95Y38.35.csv
	 Reading 532/1693: 	/scratch/frd_muziyao/SHUD-OpenMP/SHUD/Basins/heihe_x4/forcing/X98.95Y38.45.csv
	 Reading 533/1693: 	/scratch/frd_muziyao/SHUD-OpenMP/SHUD/Basins/heihe_x4/forcing/X98.95Y38.55.csv
	 Reading 534/1693: 	/scratch/frd_muziyao/SHUD-OpenMP/SHUD/Basins/heihe_x4/forcing/X98.95Y38.65.csv
	 Reading 535/1693: 	/scratch/frd_muziyao/SHUD-OpenMP/SHUD/Basins/heihe_x4/forcing/X98.95Y38.75.csv
	 Reading 536/1693: 	/scratch/frd_muziyao/SHUD-OpenMP/SHUD/Basins/heihe_x4/forcing/X98.95Y38.85.csv
	 Reading 537/1693: 	/scratch/frd_muziyao/SHUD-OpenMP/SHUD/Basins/heihe_x4/forcing/X98.95Y38.95.csv
	 Reading 538/1693: 	/scratch/frd_muziyao/SHUD-OpenMP/SHUD/Basins/heihe_x4/forcing/X98.95Y39.05.csv
	 Reading 539/1693: 	/scratch/frd_muziyao/SHUD-OpenMP/SHUD/Basins/heihe_x4/forcing/X98.95Y39.15.csv
	 Reading 540/1693: 	/scratch/frd_muziyao/SHUD-OpenMP/SHUD/Basins/heihe_x4/forcing/X98.95Y39.25.csv
	 Reading 541/1693: 	/scratch/frd_muziyao/SHUD-OpenMP/SHUD/Basins/heihe_x4/forcing/X98.95Y39.35.csv
	 Reading 542/1693: 	/scratch/frd_muziyao/SHUD-OpenMP/SHUD/Basins/heihe_x4/forcing/X98.95Y39.45.csv
	 Reading 543/1693: 	/scratch/frd_muziyao/SHUD-OpenMP/SHUD/Basins/heihe_x4/forcing/X98.95Y39.55.csv
	 Reading 544/1693: 	/scratch/frd_muziyao/SHUD-OpenMP/SHUD/Basins/heihe_x4/forcing/X98.95Y39.65.csv
	 Reading 545/1693: 	/scratch/frd_muziyao/SHUD-OpenMP/SHUD/Basins/heihe_x4/forcing/X98.95Y39.75.csv
	 Reading 546/1693: 	/scratch/frd_muziyao/SHUD-OpenMP/SHUD/Basins/heihe_x4/forcing/X98.95Y39.85.csv
	 Reading 547/1693: 	/scratch/frd_muziyao/SHUD-OpenMP/SHUD/Basins/heihe_x4/forcing/X98.95Y39.95.csv
	 Reading 548/1693: 	/scratch/frd_muziyao/SHUD-OpenMP/SHUD/Basins/heihe_x4/forcing/X98.95Y40.05.csv
	 Reading 549/1693: 	/scratch/frd_muziyao/SHUD-OpenMP/SHUD/Basins/heihe_x4/forcing/X98.95Y40.15.csv
	 Reading 550/1693: 	/scratch/frd_muziyao/SHUD-OpenMP/SHUD/Basins/heihe_x4/forcing/X98.95Y40.25.csv
	 Reading 551/1693: 	/scratch/frd_muziyao/SHUD-OpenMP/SHUD/Basins/heihe_x4/forcing/X98.95Y40.35.csv
	 Reading 552/1693: 	/scratch/frd_muziyao/SHUD-OpenMP/SHUD/Basins/heihe_x4/forcing/X98.95Y40.45.csv
	 Reading 553/1693: 	/scratch/frd_muziyao/SHUD-OpenMP/SHUD/Basins/heihe_x4/forcing/X98.95Y40.55.csv
	 Reading 554/1693: 	/scratch/frd_muziyao/SHUD-OpenMP/SHUD/Basins/heihe_x4/forcing/X98.95Y40.65.csv
	 Reading 555/1693: 	/scratch/frd_muziyao/SHUD-OpenMP/SHUD/Basins/heihe_x4/forcing/X98.95Y40.75.csv
	 Reading 556/1693: 	/scratch/frd_muziyao/SHUD-OpenMP/SHUD/Basins/heihe_x4/forcing/X98.95Y40.85.csv
	 Reading 557/1693: 	/scratch/frd_muziyao/SHUD-OpenMP/SHUD/Basins/heihe_x4/forcing/X98.95Y40.95.csv
	 Reading 558/1693: 	/scratch/frd_muziyao/SHUD-OpenMP/SHUD/Basins/heihe_x4/forcing/X98.95Y41.05.csv
	 Reading 559/1693: 	/scratch/frd_muziyao/SHUD-OpenMP/SHUD/Basins/heihe_x4/forcing/X98.95Y41.15.csv
	 Reading 560/1693: 	/scratch/frd_muziyao/SHUD-OpenMP/SHUD/Basins/heihe_x4/forcing/X98.95Y41.25.csv
	 Reading 561/1693: 	/scratch/frd_muziyao/SHUD-OpenMP/SHUD/Basins/heihe_x4/forcing/X98.95Y41.35.csv
	 Reading 562/1693: 	/scratch/frd_muziyao/SHUD-OpenMP/SHUD/Basins/heihe_x4/forcing/X98.95Y41.45.csv
	 Reading 563/1693: 	/scratch/frd_muziyao/SHUD-OpenMP/SHUD/Basins/heihe_x4/forcing/X98.95Y41.55.csv
	 Reading 564/1693: 	/scratch/frd_muziyao/SHUD-OpenMP/SHUD/Basins/heihe_x4/forcing/X98.95Y41.65.csv
	 Reading 565/1693: 	/scratch/frd_muziyao/SHUD-OpenMP/SHUD/Basins/heihe_x4/forcing/X98.95Y41.75.csv
	 Reading 566/1693: 	/scratch/frd_muziyao/SHUD-OpenMP/SHUD/Basins/heihe_x4/forcing/X98.95Y41.85.csv
	 Reading 567/1693: 	/scratch/frd_muziyao/SHUD-OpenMP/SHUD/Basins/heihe_x4/forcing/X98.95Y41.95.csv
	 Reading 568/1693: 	/scratch/frd_muziyao/SHUD-OpenMP/SHUD/Basins/heihe_x4/forcing/X98.95Y42.05.csv
	 Reading 569/1693: 	/scratch/frd_muziyao/SHUD-OpenMP/SHUD/Basins/heihe_x4/forcing/X98.95Y42.15.csv
	 Reading 570/1693: 	/scratch/frd_muziyao/SHUD-OpenMP/SHUD/Basins/heihe_x4/forcing/X98.95Y42.25.csv
	 Reading 571/1693: 	/scratch/frd_muziyao/SHUD-OpenMP/SHUD/Basins/heihe_x4/forcing/X98.95Y42.35.csv
	 Reading 572/1693: 	/scratch/frd_muziyao/SHUD-OpenMP/SHUD/Basins/heihe_x4/forcing/X98.95Y42.45.csv
	 Reading 573/1693: 	/scratch/frd_muziyao/SHUD-OpenMP/SHUD/Basins/heihe_x4/forcing/X98.95Y42.55.csv
	 Reading 574/1693: 	/scratch/frd_muziyao/SHUD-OpenMP/SHUD/Basins/heihe_x4/forcing/X98.95Y42.65.csv
	 Reading 575/1693: 	/scratch/frd_muziyao/SHUD-OpenMP/SHUD/Basins/heihe_x4/forcing/X99.05Y38.25.csv
	 Reading 576/1693: 	/scratch/frd_muziyao/SHUD-OpenMP/SHUD/Basins/heihe_x4/forcing/X99.05Y38.35.csv
	 Reading 577/1693: 	/scratch/frd_muziyao/SHUD-OpenMP/SHUD/Basins/heihe_x4/forcing/X99.05Y38.45.csv
	 Reading 578/1693: 	/scratch/frd_muziyao/SHUD-OpenMP/SHUD/Basins/heihe_x4/forcing/X99.05Y38.55.csv
	 Reading 579/1693: 	/scratch/frd_muziyao/SHUD-OpenMP/SHUD/Basins/heihe_x4/forcing/X99.05Y38.65.csv
	 Reading 580/1693: 	/scratch/frd_muziyao/SHUD-OpenMP/SHUD/Basins/heihe_x4/forcing/X99.05Y38.75.csv
	 Reading 581/1693: 	/scratch/frd_muziyao/SHUD-OpenMP/SHUD/Basins/heihe_x4/forcing/X99.05Y38.85.csv
	 Reading 582/1693: 	/scratch/frd_muziyao/SHUD-OpenMP/SHUD/Basins/heihe_x4/forcing/X99.05Y38.95.csv
	 Reading 583/1693: 	/scratch/frd_muziyao/SHUD-OpenMP/SHUD/Basins/heihe_x4/forcing/X99.05Y39.05.csv
	 Reading 584/1693: 	/scratch/frd_muziyao/SHUD-OpenMP/SHUD/Basins/heihe_x4/forcing/X99.05Y39.15.csv
	 Reading 585/1693: 	/scratch/frd_muziyao/SHUD-OpenMP/SHUD/Basins/heihe_x4/forcing/X99.05Y39.25.csv
	 Reading 586/1693: 	/scratch/frd_muziyao/SHUD-OpenMP/SHUD/Basins/heihe_x4/forcing/X99.05Y39.35.csv
	 Reading 587/1693: 	/scratch/frd_muziyao/SHUD-OpenMP/SHUD/Basins/heihe_x4/forcing/X99.05Y39.45.csv
	 Reading 588/1693: 	/scratch/frd_muziyao/SHUD-OpenMP/SHUD/Basins/heihe_x4/forcing/X99.05Y39.55.csv
	 Reading 589/1693: 	/scratch/frd_muziyao/SHUD-OpenMP/SHUD/Basins/heihe_x4/forcing/X99.05Y39.65.csv
	 Reading 590/1693: 	/scratch/frd_muziyao/SHUD-OpenMP/SHUD/Basins/heihe_x4/forcing/X99.05Y39.75.csv
	 Reading 591/1693: 	/scratch/frd_muziyao/SHUD-OpenMP/SHUD/Basins/heihe_x4/forcing/X99.05Y39.85.csv
	 Reading 592/1693: 	/scratch/frd_muziyao/SHUD-OpenMP/SHUD/Basins/heihe_x4/forcing/X99.05Y39.95.csv
	 Reading 593/1693: 	/scratch/frd_muziyao/SHUD-OpenMP/SHUD/Basins/heihe_x4/forcing/X99.05Y40.05.csv
	 Reading 594/1693: 	/scratch/frd_muziyao/SHUD-OpenMP/SHUD/Basins/heihe_x4/forcing/X99.05Y40.15.csv
	 Reading 595/1693: 	/scratch/frd_muziyao/SHUD-OpenMP/SHUD/Basins/heihe_x4/forcing/X99.05Y40.25.csv
	 Reading 596/1693: 	/scratch/frd_muziyao/SHUD-OpenMP/SHUD/Basins/heihe_x4/forcing/X99.05Y40.35.csv
	 Reading 597/1693: 	/scratch/frd_muziyao/SHUD-OpenMP/SHUD/Basins/heihe_x4/forcing/X99.05Y40.45.csv
	 Reading 598/1693: 	/scratch/frd_muziyao/SHUD-OpenMP/SHUD/Basins/heihe_x4/forcing/X99.05Y40.55.csv
	 Reading 599/1693: 	/scratch/frd_muziyao/SHUD-OpenMP/SHUD/Basins/heihe_x4/forcing/X99.05Y40.65.csv
	 Reading 600/1693: 	/scratch/frd_muziyao/SHUD-OpenMP/SHUD/Basins/heihe_x4/forcing/X99.05Y40.75.csv
	 Reading 601/1693: 	/scratch/frd_muziyao/SHUD-OpenMP/SHUD/Basins/heihe_x4/forcing/X99.05Y40.85.csv
	 Reading 602/1693: 	/scratch/frd_muziyao/SHUD-OpenMP/SHUD/Basins/heihe_x4/forcing/X99.05Y40.95.csv
	 Reading 603/1693: 	/scratch/frd_muziyao/SHUD-OpenMP/SHUD/Basins/heihe_x4/forcing/X99.05Y41.05.csv
	 Reading 604/1693: 	/scratch/frd_muziyao/SHUD-OpenMP/SHUD/Basins/heihe_x4/forcing/X99.05Y41.15.csv
	 Reading 605/1693: 	/scratch/frd_muziyao/SHUD-OpenMP/SHUD/Basins/heihe_x4/forcing/X99.05Y41.25.csv
	 Reading 606/1693: 	/scratch/frd_muziyao/SHUD-OpenMP/SHUD/Basins/heihe_x4/forcing/X99.05Y41.35.csv
	 Reading 607/1693: 	/scratch/frd_muziyao/SHUD-OpenMP/SHUD/Basins/heihe_x4/forcing/X99.05Y41.45.csv
	 Reading 608/1693: 	/scratch/frd_muziyao/SHUD-OpenMP/SHUD/Basins/heihe_x4/forcing/X99.05Y41.55.csv
	 Reading 609/1693: 	/scratch/frd_muziyao/SHUD-OpenMP/SHUD/Basins/heihe_x4/forcing/X99.05Y41.65.csv
	 Reading 610/1693: 	/scratch/frd_muziyao/SHUD-OpenMP/SHUD/Basins/heihe_x4/forcing/X99.05Y41.75.csv
	 Reading 611/1693: 	/scratch/frd_muziyao/SHUD-OpenMP/SHUD/Basins/heihe_x4/forcing/X99.05Y41.85.csv
	 Reading 612/1693: 	/scratch/frd_muziyao/SHUD-OpenMP/SHUD/Basins/heihe_x4/forcing/X99.05Y41.95.csv
	 Reading 613/1693: 	/scratch/frd_muziyao/SHUD-OpenMP/SHUD/Basins/heihe_x4/forcing/X99.05Y42.05.csv
	 Reading 614/1693: 	/scratch/frd_muziyao/SHUD-OpenMP/SHUD/Basins/heihe_x4/forcing/X99.05Y42.15.csv
	 Reading 615/1693: 	/scratch/frd_muziyao/SHUD-OpenMP/SHUD/Basins/heihe_x4/forcing/X99.05Y42.25.csv
	 Reading 616/1693: 	/scratch/frd_muziyao/SHUD-OpenMP/SHUD/Basins/heihe_x4/forcing/X99.05Y42.35.csv
	 Reading 617/1693: 	/scratch/frd_muziyao/SHUD-OpenMP/SHUD/Basins/heihe_x4/forcing/X99.05Y42.45.csv
	 Reading 618/1693: 	/scratch/frd_muziyao/SHUD-OpenMP/SHUD/Basins/heihe_x4/forcing/X99.05Y42.55.csv
	 Reading 619/1693: 	/scratch/frd_muziyao/SHUD-OpenMP/SHUD/Basins/heihe_x4/forcing/X99.05Y42.65.csv
	 Reading 620/1693: 	/scratch/frd_muziyao/SHUD-OpenMP/SHUD/Basins/heihe_x4/forcing/X99.15Y38.25.csv
	 Reading 621/1693: 	/scratch/frd_muziyao/SHUD-OpenMP/SHUD/Basins/heihe_x4/forcing/X99.15Y38.35.csv
	 Reading 622/1693: 	/scratch/frd_muziyao/SHUD-OpenMP/SHUD/Basins/heihe_x4/forcing/X99.15Y38.45.csv
	 Reading 623/1693: 	/scratch/frd_muziyao/SHUD-OpenMP/SHUD/Basins/heihe_x4/forcing/X99.15Y38.55.csv
	 Reading 624/1693: 	/scratch/frd_muziyao/SHUD-OpenMP/SHUD/Basins/heihe_x4/forcing/X99.15Y38.65.csv
	 Reading 625/1693: 	/scratch/frd_muziyao/SHUD-OpenMP/SHUD/Basins/heihe_x4/forcing/X99.15Y38.75.csv
	 Reading 626/1693: 	/scratch/frd_muziyao/SHUD-OpenMP/SHUD/Basins/heihe_x4/forcing/X99.15Y38.85.csv
	 Reading 627/1693: 	/scratch/frd_muziyao/SHUD-OpenMP/SHUD/Basins/heihe_x4/forcing/X99.15Y38.95.csv
	 Reading 628/1693: 	/scratch/frd_muziyao/SHUD-OpenMP/SHUD/Basins/heihe_x4/forcing/X99.15Y39.05.csv
	 Reading 629/1693: 	/scratch/frd_muziyao/SHUD-OpenMP/SHUD/Basins/heihe_x4/forcing/X99.15Y39.15.csv
	 Reading 630/1693: 	/scratch/frd_muziyao/SHUD-OpenMP/SHUD/Basins/heihe_x4/forcing/X99.15Y39.25.csv
	 Reading 631/1693: 	/scratch/frd_muziyao/SHUD-OpenMP/SHUD/Basins/heihe_x4/forcing/X99.15Y39.35.csv
	 Reading 632/1693: 	/scratch/frd_muziyao/SHUD-OpenMP/SHUD/Basins/heihe_x4/forcing/X99.15Y39.45.csv
	 Reading 633/1693: 	/scratch/frd_muziyao/SHUD-OpenMP/SHUD/Basins/heihe_x4/forcing/X99.15Y39.55.csv
	 Reading 634/1693: 	/scratch/frd_muziyao/SHUD-OpenMP/SHUD/Basins/heihe_x4/forcing/X99.15Y39.65.csv
	 Reading 635/1693: 	/scratch/frd_muziyao/SHUD-OpenMP/SHUD/Basins/heihe_x4/forcing/X99.15Y39.75.csv
	 Reading 636/1693: 	/scratch/frd_muziyao/SHUD-OpenMP/SHUD/Basins/heihe_x4/forcing/X99.15Y39.85.csv
	 Reading 637/1693: 	/scratch/frd_muziyao/SHUD-OpenMP/SHUD/Basins/heihe_x4/forcing/X99.15Y39.95.csv
	 Reading 638/1693: 	/scratch/frd_muziyao/SHUD-OpenMP/SHUD/Basins/heihe_x4/forcing/X99.15Y40.05.csv
	 Reading 639/1693: 	/scratch/frd_muziyao/SHUD-OpenMP/SHUD/Basins/heihe_x4/forcing/X99.15Y40.15.csv
	 Reading 640/1693: 	/scratch/frd_muziyao/SHUD-OpenMP/SHUD/Basins/heihe_x4/forcing/X99.15Y40.25.csv
	 Reading 641/1693: 	/scratch/frd_muziyao/SHUD-OpenMP/SHUD/Basins/heihe_x4/forcing/X99.15Y40.35.csv
	 Reading 642/1693: 	/scratch/frd_muziyao/SHUD-OpenMP/SHUD/Basins/heihe_x4/forcing/X99.15Y40.45.csv
	 Reading 643/1693: 	/scratch/frd_muziyao/SHUD-OpenMP/SHUD/Basins/heihe_x4/forcing/X99.15Y40.55.csv
	 Reading 644/1693: 	/scratch/frd_muziyao/SHUD-OpenMP/SHUD/Basins/heihe_x4/forcing/X99.15Y40.65.csv
	 Reading 645/1693: 	/scratch/frd_muziyao/SHUD-OpenMP/SHUD/Basins/heihe_x4/forcing/X99.15Y40.75.csv
	 Reading 646/1693: 	/scratch/frd_muziyao/SHUD-OpenMP/SHUD/Basins/heihe_x4/forcing/X99.15Y40.85.csv
	 Reading 647/1693: 	/scratch/frd_muziyao/SHUD-OpenMP/SHUD/Basins/heihe_x4/forcing/X99.15Y40.95.csv
	 Reading 648/1693: 	/scratch/frd_muziyao/SHUD-OpenMP/SHUD/Basins/heihe_x4/forcing/X99.15Y41.05.csv
	 Reading 649/1693: 	/scratch/frd_muziyao/SHUD-OpenMP/SHUD/Basins/heihe_x4/forcing/X99.15Y41.15.csv
	 Reading 650/1693: 	/scratch/frd_muziyao/SHUD-OpenMP/SHUD/Basins/heihe_x4/forcing/X99.15Y41.25.csv
	 Reading 651/1693: 	/scratch/frd_muziyao/SHUD-OpenMP/SHUD/Basins/heihe_x4/forcing/X99.15Y41.35.csv
	 Reading 652/1693: 	/scratch/frd_muziyao/SHUD-OpenMP/SHUD/Basins/heihe_x4/forcing/X99.15Y41.45.csv
	 Reading 653/1693: 	/scratch/frd_muziyao/SHUD-OpenMP/SHUD/Basins/heihe_x4/forcing/X99.15Y41.55.csv
	 Reading 654/1693: 	/scratch/frd_muziyao/SHUD-OpenMP/SHUD/Basins/heihe_x4/forcing/X99.15Y41.65.csv
	 Reading 655/1693: 	/scratch/frd_muziyao/SHUD-OpenMP/SHUD/Basins/heihe_x4/forcing/X99.15Y41.75.csv
	 Reading 656/1693: 	/scratch/frd_muziyao/SHUD-OpenMP/SHUD/Basins/heihe_x4/forcing/X99.15Y41.85.csv
	 Reading 657/1693: 	/scratch/frd_muziyao/SHUD-OpenMP/SHUD/Basins/heihe_x4/forcing/X99.15Y41.95.csv
	 Reading 658/1693: 	/scratch/frd_muziyao/SHUD-OpenMP/SHUD/Basins/heihe_x4/forcing/X99.15Y42.05.csv
	 Reading 659/1693: 	/scratch/frd_muziyao/SHUD-OpenMP/SHUD/Basins/heihe_x4/forcing/X99.15Y42.15.csv
	 Reading 660/1693: 	/scratch/frd_muziyao/SHUD-OpenMP/SHUD/Basins/heihe_x4/forcing/X99.15Y42.25.csv
	 Reading 661/1693: 	/scratch/frd_muziyao/SHUD-OpenMP/SHUD/Basins/heihe_x4/forcing/X99.15Y42.35.csv
	 Reading 662/1693: 	/scratch/frd_muziyao/SHUD-OpenMP/SHUD/Basins/heihe_x4/forcing/X99.15Y42.45.csv
	 Reading 663/1693: 	/scratch/frd_muziyao/SHUD-OpenMP/SHUD/Basins/heihe_x4/forcing/X99.15Y42.55.csv
	 Reading 664/1693: 	/scratch/frd_muziyao/SHUD-OpenMP/SHUD/Basins/heihe_x4/forcing/X99.15Y42.65.csv
	 Reading 665/1693: 	/scratch/frd_muziyao/SHUD-OpenMP/SHUD/Basins/heihe_x4/forcing/X99.25Y38.25.csv
	 Reading 666/1693: 	/scratch/frd_muziyao/SHUD-OpenMP/SHUD/Basins/heihe_x4/forcing/X99.25Y38.35.csv
	 Reading 667/1693: 	/scratch/frd_muziyao/SHUD-OpenMP/SHUD/Basins/heihe_x4/forcing/X99.25Y38.45.csv
	 Reading 668/1693: 	/scratch/frd_muziyao/SHUD-OpenMP/SHUD/Basins/heihe_x4/forcing/X99.25Y38.55.csv
	 Reading 669/1693: 	/scratch/frd_muziyao/SHUD-OpenMP/SHUD/Basins/heihe_x4/forcing/X99.25Y38.65.csv
	 Reading 670/1693: 	/scratch/frd_muziyao/SHUD-OpenMP/SHUD/Basins/heihe_x4/forcing/X99.25Y38.75.csv
	 Reading 671/1693: 	/scratch/frd_muziyao/SHUD-OpenMP/SHUD/Basins/heihe_x4/forcing/X99.25Y38.85.csv
	 Reading 672/1693: 	/scratch/frd_muziyao/SHUD-OpenMP/SHUD/Basins/heihe_x4/forcing/X99.25Y38.95.csv
	 Reading 673/1693: 	/scratch/frd_muziyao/SHUD-OpenMP/SHUD/Basins/heihe_x4/forcing/X99.25Y39.05.csv
	 Reading 674/1693: 	/scratch/frd_muziyao/SHUD-OpenMP/SHUD/Basins/heihe_x4/forcing/X99.25Y39.15.csv
	 Reading 675/1693: 	/scratch/frd_muziyao/SHUD-OpenMP/SHUD/Basins/heihe_x4/forcing/X99.25Y39.25.csv
	 Reading 676/1693: 	/scratch/frd_muziyao/SHUD-OpenMP/SHUD/Basins/heihe_x4/forcing/X99.25Y39.35.csv
	 Reading 677/1693: 	/scratch/frd_muziyao/SHUD-OpenMP/SHUD/Basins/heihe_x4/forcing/X99.25Y39.45.csv
	 Reading 678/1693: 	/scratch/frd_muziyao/SHUD-OpenMP/SHUD/Basins/heihe_x4/forcing/X99.25Y39.55.csv
	 Reading 679/1693: 	/scratch/frd_muziyao/SHUD-OpenMP/SHUD/Basins/heihe_x4/forcing/X99.25Y39.65.csv
	 Reading 680/1693: 	/scratch/frd_muziyao/SHUD-OpenMP/SHUD/Basins/heihe_x4/forcing/X99.25Y39.75.csv
	 Reading 681/1693: 	/scratch/frd_muziyao/SHUD-OpenMP/SHUD/Basins/heihe_x4/forcing/X99.25Y39.85.csv
	 Reading 682/1693: 	/scratch/frd_muziyao/SHUD-OpenMP/SHUD/Basins/heihe_x4/forcing/X99.25Y39.95.csv
	 Reading 683/1693: 	/scratch/frd_muziyao/SHUD-OpenMP/SHUD/Basins/heihe_x4/forcing/X99.25Y40.05.csv
	 Reading 684/1693: 	/scratch/frd_muziyao/SHUD-OpenMP/SHUD/Basins/heihe_x4/forcing/X99.25Y40.15.csv
	 Reading 685/1693: 	/scratch/frd_muziyao/SHUD-OpenMP/SHUD/Basins/heihe_x4/forcing/X99.25Y40.25.csv
	 Reading 686/1693: 	/scratch/frd_muziyao/SHUD-OpenMP/SHUD/Basins/heihe_x4/forcing/X99.25Y40.35.csv
	 Reading 687/1693: 	/scratch/frd_muziyao/SHUD-OpenMP/SHUD/Basins/heihe_x4/forcing/X99.25Y40.45.csv
	 Reading 688/1693: 	/scratch/frd_muziyao/SHUD-OpenMP/SHUD/Basins/heihe_x4/forcing/X99.25Y40.55.csv
	 Reading 689/1693: 	/scratch/frd_muziyao/SHUD-OpenMP/SHUD/Basins/heihe_x4/forcing/X99.25Y40.65.csv
	 Reading 690/1693: 	/scratch/frd_muziyao/SHUD-OpenMP/SHUD/Basins/heihe_x4/forcing/X99.25Y40.75.csv
	 Reading 691/1693: 	/scratch/frd_muziyao/SHUD-OpenMP/SHUD/Basins/heihe_x4/forcing/X99.25Y40.85.csv
	 Reading 692/1693: 	/scratch/frd_muziyao/SHUD-OpenMP/SHUD/Basins/heihe_x4/forcing/X99.25Y40.95.csv
	 Reading 693/1693: 	/scratch/frd_muziyao/SHUD-OpenMP/SHUD/Basins/heihe_x4/forcing/X99.25Y41.05.csv
	 Reading 694/1693: 	/scratch/frd_muziyao/SHUD-OpenMP/SHUD/Basins/heihe_x4/forcing/X99.25Y41.15.csv
	 Reading 695/1693: 	/scratch/frd_muziyao/SHUD-OpenMP/SHUD/Basins/heihe_x4/forcing/X99.25Y41.25.csv
	 Reading 696/1693: 	/scratch/frd_muziyao/SHUD-OpenMP/SHUD/Basins/heihe_x4/forcing/X99.25Y41.35.csv
	 Reading 697/1693: 	/scratch/frd_muziyao/SHUD-OpenMP/SHUD/Basins/heihe_x4/forcing/X99.25Y41.45.csv
	 Reading 698/1693: 	/scratch/frd_muziyao/SHUD-OpenMP/SHUD/Basins/heihe_x4/forcing/X99.25Y41.55.csv
	 Reading 699/1693: 	/scratch/frd_muziyao/SHUD-OpenMP/SHUD/Basins/heihe_x4/forcing/X99.25Y41.65.csv
	 Reading 700/1693: 	/scratch/frd_muziyao/SHUD-OpenMP/SHUD/Basins/heihe_x4/forcing/X99.25Y41.75.csv
	 Reading 701/1693: 	/scratch/frd_muziyao/SHUD-OpenMP/SHUD/Basins/heihe_x4/forcing/X99.25Y41.85.csv
	 Reading 702/1693: 	/scratch/frd_muziyao/SHUD-OpenMP/SHUD/Basins/heihe_x4/forcing/X99.25Y41.95.csv
	 Reading 703/1693: 	/scratch/frd_muziyao/SHUD-OpenMP/SHUD/Basins/heihe_x4/forcing/X99.25Y42.05.csv
	 Reading 704/1693: 	/scratch/frd_muziyao/SHUD-OpenMP/SHUD/Basins/heihe_x4/forcing/X99.25Y42.15.csv
	 Reading 705/1693: 	/scratch/frd_muziyao/SHUD-OpenMP/SHUD/Basins/heihe_x4/forcing/X99.25Y42.25.csv
	 Reading 706/1693: 	/scratch/frd_muziyao/SHUD-OpenMP/SHUD/Basins/heihe_x4/forcing/X99.25Y42.35.csv
	 Reading 707/1693: 	/scratch/frd_muziyao/SHUD-OpenMP/SHUD/Basins/heihe_x4/forcing/X99.25Y42.45.csv
	 Reading 708/1693: 	/scratch/frd_muziyao/SHUD-OpenMP/SHUD/Basins/heihe_x4/forcing/X99.25Y42.55.csv
	 Reading 709/1693: 	/scratch/frd_muziyao/SHUD-OpenMP/SHUD/Basins/heihe_x4/forcing/X99.25Y42.65.csv
	 Reading 710/1693: 	/scratch/frd_muziyao/SHUD-OpenMP/SHUD/Basins/heihe_x4/forcing/X99.35Y38.25.csv
	 Reading 711/1693: 	/scratch/frd_muziyao/SHUD-OpenMP/SHUD/Basins/heihe_x4/forcing/X99.35Y38.35.csv
	 Reading 712/1693: 	/scratch/frd_muziyao/SHUD-OpenMP/SHUD/Basins/heihe_x4/forcing/X99.35Y38.45.csv
	 Reading 713/1693: 	/scratch/frd_muziyao/SHUD-OpenMP/SHUD/Basins/heihe_x4/forcing/X99.35Y38.55.csv
	 Reading 714/1693: 	/scratch/frd_muziyao/SHUD-OpenMP/SHUD/Basins/heihe_x4/forcing/X99.35Y38.65.csv
	 Reading 715/1693: 	/scratch/frd_muziyao/SHUD-OpenMP/SHUD/Basins/heihe_x4/forcing/X99.35Y38.75.csv
	 Reading 716/1693: 	/scratch/frd_muziyao/SHUD-OpenMP/SHUD/Basins/heihe_x4/forcing/X99.35Y38.85.csv
	 Reading 717/1693: 	/scratch/frd_muziyao/SHUD-OpenMP/SHUD/Basins/heihe_x4/forcing/X99.35Y38.95.csv
	 Reading 718/1693: 	/scratch/frd_muziyao/SHUD-OpenMP/SHUD/Basins/heihe_x4/forcing/X99.35Y39.05.csv
	 Reading 719/1693: 	/scratch/frd_muziyao/SHUD-OpenMP/SHUD/Basins/heihe_x4/forcing/X99.35Y39.15.csv
	 Reading 720/1693: 	/scratch/frd_muziyao/SHUD-OpenMP/SHUD/Basins/heihe_x4/forcing/X99.35Y39.25.csv
	 Reading 721/1693: 	/scratch/frd_muziyao/SHUD-OpenMP/SHUD/Basins/heihe_x4/forcing/X99.35Y39.35.csv
	 Reading 722/1693: 	/scratch/frd_muziyao/SHUD-OpenMP/SHUD/Basins/heihe_x4/forcing/X99.35Y39.45.csv
	 Reading 723/1693: 	/scratch/frd_muziyao/SHUD-OpenMP/SHUD/Basins/heihe_x4/forcing/X99.35Y39.55.csv
	 Reading 724/1693: 	/scratch/frd_muziyao/SHUD-OpenMP/SHUD/Basins/heihe_x4/forcing/X99.35Y39.65.csv
	 Reading 725/1693: 	/scratch/frd_muziyao/SHUD-OpenMP/SHUD/Basins/heihe_x4/forcing/X99.35Y39.75.csv
	 Reading 726/1693: 	/scratch/frd_muziyao/SHUD-OpenMP/SHUD/Basins/heihe_x4/forcing/X99.35Y39.85.csv
	 Reading 727/1693: 	/scratch/frd_muziyao/SHUD-OpenMP/SHUD/Basins/heihe_x4/forcing/X99.35Y39.95.csv
	 Reading 728/1693: 	/scratch/frd_muziyao/SHUD-OpenMP/SHUD/Basins/heihe_x4/forcing/X99.35Y40.05.csv
	 Reading 729/1693: 	/scratch/frd_muziyao/SHUD-OpenMP/SHUD/Basins/heihe_x4/forcing/X99.35Y40.15.csv
	 Reading 730/1693: 	/scratch/frd_muziyao/SHUD-OpenMP/SHUD/Basins/heihe_x4/forcing/X99.35Y40.25.csv
	 Reading 731/1693: 	/scratch/frd_muziyao/SHUD-OpenMP/SHUD/Basins/heihe_x4/forcing/X99.35Y40.35.csv
	 Reading 732/1693: 	/scratch/frd_muziyao/SHUD-OpenMP/SHUD/Basins/heihe_x4/forcing/X99.35Y40.45.csv
	 Reading 733/1693: 	/scratch/frd_muziyao/SHUD-OpenMP/SHUD/Basins/heihe_x4/forcing/X99.35Y40.55.csv
	 Reading 734/1693: 	/scratch/frd_muziyao/SHUD-OpenMP/SHUD/Basins/heihe_x4/forcing/X99.35Y40.65.csv
	 Reading 735/1693: 	/scratch/frd_muziyao/SHUD-OpenMP/SHUD/Basins/heihe_x4/forcing/X99.35Y40.75.csv
	 Reading 736/1693: 	/scratch/frd_muziyao/SHUD-OpenMP/SHUD/Basins/heihe_x4/forcing/X99.35Y40.85.csv
	 Reading 737/1693: 	/scratch/frd_muziyao/SHUD-OpenMP/SHUD/Basins/heihe_x4/forcing/X99.35Y40.95.csv
	 Reading 738/1693: 	/scratch/frd_muziyao/SHUD-OpenMP/SHUD/Basins/heihe_x4/forcing/X99.35Y41.05.csv
	 Reading 739/1693: 	/scratch/frd_muziyao/SHUD-OpenMP/SHUD/Basins/heihe_x4/forcing/X99.35Y41.15.csv
	 Reading 740/1693: 	/scratch/frd_muziyao/SHUD-OpenMP/SHUD/Basins/heihe_x4/forcing/X99.35Y41.25.csv
	 Reading 741/1693: 	/scratch/frd_muziyao/SHUD-OpenMP/SHUD/Basins/heihe_x4/forcing/X99.35Y41.35.csv
	 Reading 742/1693: 	/scratch/frd_muziyao/SHUD-OpenMP/SHUD/Basins/heihe_x4/forcing/X99.35Y41.45.csv
	 Reading 743/1693: 	/scratch/frd_muziyao/SHUD-OpenMP/SHUD/Basins/heihe_x4/forcing/X99.35Y41.55.csv
	 Reading 744/1693: 	/scratch/frd_muziyao/SHUD-OpenMP/SHUD/Basins/heihe_x4/forcing/X99.35Y41.65.csv
	 Reading 745/1693: 	/scratch/frd_muziyao/SHUD-OpenMP/SHUD/Basins/heihe_x4/forcing/X99.35Y41.75.csv
	 Reading 746/1693: 	/scratch/frd_muziyao/SHUD-OpenMP/SHUD/Basins/heihe_x4/forcing/X99.35Y41.85.csv
	 Reading 747/1693: 	/scratch/frd_muziyao/SHUD-OpenMP/SHUD/Basins/heihe_x4/forcing/X99.35Y41.95.csv
	 Reading 748/1693: 	/scratch/frd_muziyao/SHUD-OpenMP/SHUD/Basins/heihe_x4/forcing/X99.35Y42.05.csv
	 Reading 749/1693: 	/scratch/frd_muziyao/SHUD-OpenMP/SHUD/Basins/heihe_x4/forcing/X99.35Y42.15.csv
	 Reading 750/1693: 	/scratch/frd_muziyao/SHUD-OpenMP/SHUD/Basins/heihe_x4/forcing/X99.35Y42.25.csv
	 Reading 751/1693: 	/scratch/frd_muziyao/SHUD-OpenMP/SHUD/Basins/heihe_x4/forcing/X99.35Y42.35.csv
	 Reading 752/1693: 	/scratch/frd_muziyao/SHUD-OpenMP/SHUD/Basins/heihe_x4/forcing/X99.35Y42.45.csv
	 Reading 753/1693: 	/scratch/frd_muziyao/SHUD-OpenMP/SHUD/Basins/heihe_x4/forcing/X99.35Y42.55.csv
	 Reading 754/1693: 	/scratch/frd_muziyao/SHUD-OpenMP/SHUD/Basins/heihe_x4/forcing/X99.35Y42.65.csv
	 Reading 755/1693: 	/scratch/frd_muziyao/SHUD-OpenMP/SHUD/Basins/heihe_x4/forcing/X99.45Y38.25.csv
	 Reading 756/1693: 	/scratch/frd_muziyao/SHUD-OpenMP/SHUD/Basins/heihe_x4/forcing/X99.45Y38.35.csv
	 Reading 757/1693: 	/scratch/frd_muziyao/SHUD-OpenMP/SHUD/Basins/heihe_x4/forcing/X99.45Y38.45.csv
	 Reading 758/1693: 	/scratch/frd_muziyao/SHUD-OpenMP/SHUD/Basins/heihe_x4/forcing/X99.45Y38.55.csv
	 Reading 759/1693: 	/scratch/frd_muziyao/SHUD-OpenMP/SHUD/Basins/heihe_x4/forcing/X99.45Y38.65.csv
	 Reading 760/1693: 	/scratch/frd_muziyao/SHUD-OpenMP/SHUD/Basins/heihe_x4/forcing/X99.45Y38.75.csv
	 Reading 761/1693: 	/scratch/frd_muziyao/SHUD-OpenMP/SHUD/Basins/heihe_x4/forcing/X99.45Y38.85.csv
	 Reading 762/1693: 	/scratch/frd_muziyao/SHUD-OpenMP/SHUD/Basins/heihe_x4/forcing/X99.45Y38.95.csv
	 Reading 763/1693: 	/scratch/frd_muziyao/SHUD-OpenMP/SHUD/Basins/heihe_x4/forcing/X99.45Y39.05.csv
	 Reading 764/1693: 	/scratch/frd_muziyao/SHUD-OpenMP/SHUD/Basins/heihe_x4/forcing/X99.45Y39.15.csv
	 Reading 765/1693: 	/scratch/frd_muziyao/SHUD-OpenMP/SHUD/Basins/heihe_x4/forcing/X99.45Y39.25.csv
	 Reading 766/1693: 	/scratch/frd_muziyao/SHUD-OpenMP/SHUD/Basins/heihe_x4/forcing/X99.45Y39.35.csv
	 Reading 767/1693: 	/scratch/frd_muziyao/SHUD-OpenMP/SHUD/Basins/heihe_x4/forcing/X99.45Y39.45.csv
	 Reading 768/1693: 	/scratch/frd_muziyao/SHUD-OpenMP/SHUD/Basins/heihe_x4/forcing/X99.45Y39.55.csv
	 Reading 769/1693: 	/scratch/frd_muziyao/SHUD-OpenMP/SHUD/Basins/heihe_x4/forcing/X99.45Y39.65.csv
	 Reading 770/1693: 	/scratch/frd_muziyao/SHUD-OpenMP/SHUD/Basins/heihe_x4/forcing/X99.45Y39.75.csv
	 Reading 771/1693: 	/scratch/frd_muziyao/SHUD-OpenMP/SHUD/Basins/heihe_x4/forcing/X99.45Y39.85.csv
	 Reading 772/1693: 	/scratch/frd_muziyao/SHUD-OpenMP/SHUD/Basins/heihe_x4/forcing/X99.45Y39.95.csv
	 Reading 773/1693: 	/scratch/frd_muziyao/SHUD-OpenMP/SHUD/Basins/heihe_x4/forcing/X99.45Y40.05.csv
	 Reading 774/1693: 	/scratch/frd_muziyao/SHUD-OpenMP/SHUD/Basins/heihe_x4/forcing/X99.45Y40.15.csv
	 Reading 775/1693: 	/scratch/frd_muziyao/SHUD-OpenMP/SHUD/Basins/heihe_x4/forcing/X99.45Y40.25.csv
	 Reading 776/1693: 	/scratch/frd_muziyao/SHUD-OpenMP/SHUD/Basins/heihe_x4/forcing/X99.45Y40.35.csv
	 Reading 777/1693: 	/scratch/frd_muziyao/SHUD-OpenMP/SHUD/Basins/heihe_x4/forcing/X99.45Y40.45.csv
	 Reading 778/1693: 	/scratch/frd_muziyao/SHUD-OpenMP/SHUD/Basins/heihe_x4/forcing/X99.45Y40.55.csv
	 Reading 779/1693: 	/scratch/frd_muziyao/SHUD-OpenMP/SHUD/Basins/heihe_x4/forcing/X99.45Y40.65.csv
	 Reading 780/1693: 	/scratch/frd_muziyao/SHUD-OpenMP/SHUD/Basins/heihe_x4/forcing/X99.45Y40.75.csv
	 Reading 781/1693: 	/scratch/frd_muziyao/SHUD-OpenMP/SHUD/Basins/heihe_x4/forcing/X99.45Y40.85.csv
	 Reading 782/1693: 	/scratch/frd_muziyao/SHUD-OpenMP/SHUD/Basins/heihe_x4/forcing/X99.45Y40.95.csv
	 Reading 783/1693: 	/scratch/frd_muziyao/SHUD-OpenMP/SHUD/Basins/heihe_x4/forcing/X99.45Y41.05.csv
	 Reading 784/1693: 	/scratch/frd_muziyao/SHUD-OpenMP/SHUD/Basins/heihe_x4/forcing/X99.45Y41.15.csv
	 Reading 785/1693: 	/scratch/frd_muziyao/SHUD-OpenMP/SHUD/Basins/heihe_x4/forcing/X99.45Y41.25.csv
	 Reading 786/1693: 	/scratch/frd_muziyao/SHUD-OpenMP/SHUD/Basins/heihe_x4/forcing/X99.45Y41.35.csv
	 Reading 787/1693: 	/scratch/frd_muziyao/SHUD-OpenMP/SHUD/Basins/heihe_x4/forcing/X99.45Y41.45.csv
	 Reading 788/1693: 	/scratch/frd_muziyao/SHUD-OpenMP/SHUD/Basins/heihe_x4/forcing/X99.45Y41.55.csv
	 Reading 789/1693: 	/scratch/frd_muziyao/SHUD-OpenMP/SHUD/Basins/heihe_x4/forcing/X99.45Y41.65.csv
	 Reading 790/1693: 	/scratch/frd_muziyao/SHUD-OpenMP/SHUD/Basins/heihe_x4/forcing/X99.45Y41.75.csv
	 Reading 791/1693: 	/scratch/frd_muziyao/SHUD-OpenMP/SHUD/Basins/heihe_x4/forcing/X99.45Y41.85.csv
	 Reading 792/1693: 	/scratch/frd_muziyao/SHUD-OpenMP/SHUD/Basins/heihe_x4/forcing/X99.45Y41.95.csv
	 Reading 793/1693: 	/scratch/frd_muziyao/SHUD-OpenMP/SHUD/Basins/heihe_x4/forcing/X99.45Y42.05.csv
	 Reading 794/1693: 	/scratch/frd_muziyao/SHUD-OpenMP/SHUD/Basins/heihe_x4/forcing/X99.45Y42.15.csv
	 Reading 795/1693: 	/scratch/frd_muziyao/SHUD-OpenMP/SHUD/Basins/heihe_x4/forcing/X99.45Y42.25.csv
	 Reading 796/1693: 	/scratch/frd_muziyao/SHUD-OpenMP/SHUD/Basins/heihe_x4/forcing/X99.45Y42.35.csv
	 Reading 797/1693: 	/scratch/frd_muziyao/SHUD-OpenMP/SHUD/Basins/heihe_x4/forcing/X99.45Y42.45.csv
	 Reading 798/1693: 	/scratch/frd_muziyao/SHUD-OpenMP/SHUD/Basins/heihe_x4/forcing/X99.45Y42.55.csv
	 Reading 799/1693: 	/scratch/frd_muziyao/SHUD-OpenMP/SHUD/Basins/heihe_x4/forcing/X99.45Y42.65.csv
	 Reading 800/1693: 	/scratch/frd_muziyao/SHUD-OpenMP/SHUD/Basins/heihe_x4/forcing/X99.55Y38.15.csv
	 Reading 801/1693: 	/scratch/frd_muziyao/SHUD-OpenMP/SHUD/Basins/heihe_x4/forcing/X99.55Y38.25.csv
	 Reading 802/1693: 	/scratch/frd_muziyao/SHUD-OpenMP/SHUD/Basins/heihe_x4/forcing/X99.55Y38.35.csv
	 Reading 803/1693: 	/scratch/frd_muziyao/SHUD-OpenMP/SHUD/Basins/heihe_x4/forcing/X99.55Y38.45.csv
	 Reading 804/1693: 	/scratch/frd_muziyao/SHUD-OpenMP/SHUD/Basins/heihe_x4/forcing/X99.55Y38.55.csv
	 Reading 805/1693: 	/scratch/frd_muziyao/SHUD-OpenMP/SHUD/Basins/heihe_x4/forcing/X99.55Y38.65.csv
	 Reading 806/1693: 	/scratch/frd_muziyao/SHUD-OpenMP/SHUD/Basins/heihe_x4/forcing/X99.55Y38.75.csv
	 Reading 807/1693: 	/scratch/frd_muziyao/SHUD-OpenMP/SHUD/Basins/heihe_x4/forcing/X99.55Y38.85.csv
	 Reading 808/1693: 	/scratch/frd_muziyao/SHUD-OpenMP/SHUD/Basins/heihe_x4/forcing/X99.55Y38.95.csv
	 Reading 809/1693: 	/scratch/frd_muziyao/SHUD-OpenMP/SHUD/Basins/heihe_x4/forcing/X99.55Y39.05.csv
	 Reading 810/1693: 	/scratch/frd_muziyao/SHUD-OpenMP/SHUD/Basins/heihe_x4/forcing/X99.55Y39.15.csv
	 Reading 811/1693: 	/scratch/frd_muziyao/SHUD-OpenMP/SHUD/Basins/heihe_x4/forcing/X99.55Y39.25.csv
	 Reading 812/1693: 	/scratch/frd_muziyao/SHUD-OpenMP/SHUD/Basins/heihe_x4/forcing/X99.55Y39.35.csv
	 Reading 813/1693: 	/scratch/frd_muziyao/SHUD-OpenMP/SHUD/Basins/heihe_x4/forcing/X99.55Y39.45.csv
	 Reading 814/1693: 	/scratch/frd_muziyao/SHUD-OpenMP/SHUD/Basins/heihe_x4/forcing/X99.55Y39.55.csv
	 Reading 815/1693: 	/scratch/frd_muziyao/SHUD-OpenMP/SHUD/Basins/heihe_x4/forcing/X99.55Y39.65.csv
	 Reading 816/1693: 	/scratch/frd_muziyao/SHUD-OpenMP/SHUD/Basins/heihe_x4/forcing/X99.55Y39.75.csv
	 Reading 817/1693: 	/scratch/frd_muziyao/SHUD-OpenMP/SHUD/Basins/heihe_x4/forcing/X99.55Y39.85.csv
	 Reading 818/1693: 	/scratch/frd_muziyao/SHUD-OpenMP/SHUD/Basins/heihe_x4/forcing/X99.55Y39.95.csv
	 Reading 819/1693: 	/scratch/frd_muziyao/SHUD-OpenMP/SHUD/Basins/heihe_x4/forcing/X99.55Y40.05.csv
	 Reading 820/1693: 	/scratch/frd_muziyao/SHUD-OpenMP/SHUD/Basins/heihe_x4/forcing/X99.55Y40.15.csv
	 Reading 821/1693: 	/scratch/frd_muziyao/SHUD-OpenMP/SHUD/Basins/heihe_x4/forcing/X99.55Y40.25.csv
	 Reading 822/1693: 	/scratch/frd_muziyao/SHUD-OpenMP/SHUD/Basins/heihe_x4/forcing/X99.55Y40.35.csv
	 Reading 823/1693: 	/scratch/frd_muziyao/SHUD-OpenMP/SHUD/Basins/heihe_x4/forcing/X99.55Y40.45.csv
	 Reading 824/1693: 	/scratch/frd_muziyao/SHUD-OpenMP/SHUD/Basins/heihe_x4/forcing/X99.55Y40.55.csv
	 Reading 825/1693: 	/scratch/frd_muziyao/SHUD-OpenMP/SHUD/Basins/heihe_x4/forcing/X99.55Y40.65.csv
	 Reading 826/1693: 	/scratch/frd_muziyao/SHUD-OpenMP/SHUD/Basins/heihe_x4/forcing/X99.55Y40.75.csv
	 Reading 827/1693: 	/scratch/frd_muziyao/SHUD-OpenMP/SHUD/Basins/heihe_x4/forcing/X99.55Y40.85.csv
	 Reading 828/1693: 	/scratch/frd_muziyao/SHUD-OpenMP/SHUD/Basins/heihe_x4/forcing/X99.55Y40.95.csv
	 Reading 829/1693: 	/scratch/frd_muziyao/SHUD-OpenMP/SHUD/Basins/heihe_x4/forcing/X99.55Y41.05.csv
	 Reading 830/1693: 	/scratch/frd_muziyao/SHUD-OpenMP/SHUD/Basins/heihe_x4/forcing/X99.55Y41.15.csv
	 Reading 831/1693: 	/scratch/frd_muziyao/SHUD-OpenMP/SHUD/Basins/heihe_x4/forcing/X99.55Y41.25.csv
	 Reading 832/1693: 	/scratch/frd_muziyao/SHUD-OpenMP/SHUD/Basins/heihe_x4/forcing/X99.55Y41.35.csv
	 Reading 833/1693: 	/scratch/frd_muziyao/SHUD-OpenMP/SHUD/Basins/heihe_x4/forcing/X99.55Y41.45.csv
	 Reading 834/1693: 	/scratch/frd_muziyao/SHUD-OpenMP/SHUD/Basins/heihe_x4/forcing/X99.55Y41.55.csv
	 Reading 835/1693: 	/scratch/frd_muziyao/SHUD-OpenMP/SHUD/Basins/heihe_x4/forcing/X99.55Y41.65.csv
	 Reading 836/1693: 	/scratch/frd_muziyao/SHUD-OpenMP/SHUD/Basins/heihe_x4/forcing/X99.55Y41.75.csv
	 Reading 837/1693: 	/scratch/frd_muziyao/SHUD-OpenMP/SHUD/Basins/heihe_x4/forcing/X99.55Y41.85.csv
	 Reading 838/1693: 	/scratch/frd_muziyao/SHUD-OpenMP/SHUD/Basins/heihe_x4/forcing/X99.55Y41.95.csv
	 Reading 839/1693: 	/scratch/frd_muziyao/SHUD-OpenMP/SHUD/Basins/heihe_x4/forcing/X99.55Y42.05.csv
	 Reading 840/1693: 	/scratch/frd_muziyao/SHUD-OpenMP/SHUD/Basins/heihe_x4/forcing/X99.55Y42.15.csv
	 Reading 841/1693: 	/scratch/frd_muziyao/SHUD-OpenMP/SHUD/Basins/heihe_x4/forcing/X99.55Y42.25.csv
	 Reading 842/1693: 	/scratch/frd_muziyao/SHUD-OpenMP/SHUD/Basins/heihe_x4/forcing/X99.55Y42.35.csv
	 Reading 843/1693: 	/scratch/frd_muziyao/SHUD-OpenMP/SHUD/Basins/heihe_x4/forcing/X99.55Y42.45.csv
	 Reading 844/1693: 	/scratch/frd_muziyao/SHUD-OpenMP/SHUD/Basins/heihe_x4/forcing/X99.55Y42.55.csv
	 Reading 845/1693: 	/scratch/frd_muziyao/SHUD-OpenMP/SHUD/Basins/heihe_x4/forcing/X99.55Y42.65.csv
	 Reading 846/1693: 	/scratch/frd_muziyao/SHUD-OpenMP/SHUD/Basins/heihe_x4/forcing/X99.65Y38.15.csv
	 Reading 847/1693: 	/scratch/frd_muziyao/SHUD-OpenMP/SHUD/Basins/heihe_x4/forcing/X99.65Y38.25.csv
	 Reading 848/1693: 	/scratch/frd_muziyao/SHUD-OpenMP/SHUD/Basins/heihe_x4/forcing/X99.65Y38.35.csv
	 Reading 849/1693: 	/scratch/frd_muziyao/SHUD-OpenMP/SHUD/Basins/heihe_x4/forcing/X99.65Y38.45.csv
	 Reading 850/1693: 	/scratch/frd_muziyao/SHUD-OpenMP/SHUD/Basins/heihe_x4/forcing/X99.65Y38.55.csv
	 Reading 851/1693: 	/scratch/frd_muziyao/SHUD-OpenMP/SHUD/Basins/heihe_x4/forcing/X99.65Y38.65.csv
	 Reading 852/1693: 	/scratch/frd_muziyao/SHUD-OpenMP/SHUD/Basins/heihe_x4/forcing/X99.65Y38.75.csv
	 Reading 853/1693: 	/scratch/frd_muziyao/SHUD-OpenMP/SHUD/Basins/heihe_x4/forcing/X99.65Y38.85.csv
	 Reading 854/1693: 	/scratch/frd_muziyao/SHUD-OpenMP/SHUD/Basins/heihe_x4/forcing/X99.65Y38.95.csv
	 Reading 855/1693: 	/scratch/frd_muziyao/SHUD-OpenMP/SHUD/Basins/heihe_x4/forcing/X99.65Y39.05.csv
	 Reading 856/1693: 	/scratch/frd_muziyao/SHUD-OpenMP/SHUD/Basins/heihe_x4/forcing/X99.65Y39.15.csv
	 Reading 857/1693: 	/scratch/frd_muziyao/SHUD-OpenMP/SHUD/Basins/heihe_x4/forcing/X99.65Y39.25.csv
	 Reading 858/1693: 	/scratch/frd_muziyao/SHUD-OpenMP/SHUD/Basins/heihe_x4/forcing/X99.65Y39.35.csv
	 Reading 859/1693: 	/scratch/frd_muziyao/SHUD-OpenMP/SHUD/Basins/heihe_x4/forcing/X99.65Y39.45.csv
	 Reading 860/1693: 	/scratch/frd_muziyao/SHUD-OpenMP/SHUD/Basins/heihe_x4/forcing/X99.65Y39.55.csv
	 Reading 861/1693: 	/scratch/frd_muziyao/SHUD-OpenMP/SHUD/Basins/heihe_x4/forcing/X99.65Y39.65.csv
	 Reading 862/1693: 	/scratch/frd_muziyao/SHUD-OpenMP/SHUD/Basins/heihe_x4/forcing/X99.65Y39.75.csv
	 Reading 863/1693: 	/scratch/frd_muziyao/SHUD-OpenMP/SHUD/Basins/heihe_x4/forcing/X99.65Y39.85.csv
	 Reading 864/1693: 	/scratch/frd_muziyao/SHUD-OpenMP/SHUD/Basins/heihe_x4/forcing/X99.65Y40.05.csv
	 Reading 865/1693: 	/scratch/frd_muziyao/SHUD-OpenMP/SHUD/Basins/heihe_x4/forcing/X99.65Y40.15.csv
	 Reading 866/1693: 	/scratch/frd_muziyao/SHUD-OpenMP/SHUD/Basins/heihe_x4/forcing/X99.65Y40.25.csv
	 Reading 867/1693: 	/scratch/frd_muziyao/SHUD-OpenMP/SHUD/Basins/heihe_x4/forcing/X99.65Y40.35.csv
	 Reading 868/1693: 	/scratch/frd_muziyao/SHUD-OpenMP/SHUD/Basins/heihe_x4/forcing/X99.65Y40.45.csv
	 Reading 869/1693: 	/scratch/frd_muziyao/SHUD-OpenMP/SHUD/Basins/heihe_x4/forcing/X99.65Y40.55.csv
	 Reading 870/1693: 	/scratch/frd_muziyao/SHUD-OpenMP/SHUD/Basins/heihe_x4/forcing/X99.65Y40.65.csv
	 Reading 871/1693: 	/scratch/frd_muziyao/SHUD-OpenMP/SHUD/Basins/heihe_x4/forcing/X99.65Y40.75.csv
	 Reading 872/1693: 	/scratch/frd_muziyao/SHUD-OpenMP/SHUD/Basins/heihe_x4/forcing/X99.65Y40.85.csv
	 Reading 873/1693: 	/scratch/frd_muziyao/SHUD-OpenMP/SHUD/Basins/heihe_x4/forcing/X99.65Y40.95.csv
	 Reading 874/1693: 	/scratch/frd_muziyao/SHUD-OpenMP/SHUD/Basins/heihe_x4/forcing/X99.65Y41.05.csv
	 Reading 875/1693: 	/scratch/frd_muziyao/SHUD-OpenMP/SHUD/Basins/heihe_x4/forcing/X99.65Y41.15.csv
	 Reading 876/1693: 	/scratch/frd_muziyao/SHUD-OpenMP/SHUD/Basins/heihe_x4/forcing/X99.65Y41.25.csv
	 Reading 877/1693: 	/scratch/frd_muziyao/SHUD-OpenMP/SHUD/Basins/heihe_x4/forcing/X99.65Y41.35.csv
	 Reading 878/1693: 	/scratch/frd_muziyao/SHUD-OpenMP/SHUD/Basins/heihe_x4/forcing/X99.65Y41.45.csv
	 Reading 879/1693: 	/scratch/frd_muziyao/SHUD-OpenMP/SHUD/Basins/heihe_x4/forcing/X99.65Y41.55.csv
	 Reading 880/1693: 	/scratch/frd_muziyao/SHUD-OpenMP/SHUD/Basins/heihe_x4/forcing/X99.65Y41.65.csv
	 Reading 881/1693: 	/scratch/frd_muziyao/SHUD-OpenMP/SHUD/Basins/heihe_x4/forcing/X99.65Y41.75.csv
	 Reading 882/1693: 	/scratch/frd_muziyao/SHUD-OpenMP/SHUD/Basins/heihe_x4/forcing/X99.65Y41.85.csv
	 Reading 883/1693: 	/scratch/frd_muziyao/SHUD-OpenMP/SHUD/Basins/heihe_x4/forcing/X99.65Y41.95.csv
	 Reading 884/1693: 	/scratch/frd_muziyao/SHUD-OpenMP/SHUD/Basins/heihe_x4/forcing/X99.65Y42.05.csv
	 Reading 885/1693: 	/scratch/frd_muziyao/SHUD-OpenMP/SHUD/Basins/heihe_x4/forcing/X99.65Y42.15.csv
	 Reading 886/1693: 	/scratch/frd_muziyao/SHUD-OpenMP/SHUD/Basins/heihe_x4/forcing/X99.65Y42.25.csv
	 Reading 887/1693: 	/scratch/frd_muziyao/SHUD-OpenMP/SHUD/Basins/heihe_x4/forcing/X99.65Y42.35.csv
	 Reading 888/1693: 	/scratch/frd_muziyao/SHUD-OpenMP/SHUD/Basins/heihe_x4/forcing/X99.65Y42.45.csv
	 Reading 889/1693: 	/scratch/frd_muziyao/SHUD-OpenMP/SHUD/Basins/heihe_x4/forcing/X99.65Y42.55.csv
	 Reading 890/1693: 	/scratch/frd_muziyao/SHUD-OpenMP/SHUD/Basins/heihe_x4/forcing/X99.65Y42.65.csv
	 Reading 891/1693: 	/scratch/frd_muziyao/SHUD-OpenMP/SHUD/Basins/heihe_x4/forcing/X99.75Y38.15.csv
	 Reading 892/1693: 	/scratch/frd_muziyao/SHUD-OpenMP/SHUD/Basins/heihe_x4/forcing/X99.75Y38.25.csv
	 Reading 893/1693: 	/scratch/frd_muziyao/SHUD-OpenMP/SHUD/Basins/heihe_x4/forcing/X99.75Y38.35.csv
	 Reading 894/1693: 	/scratch/frd_muziyao/SHUD-OpenMP/SHUD/Basins/heihe_x4/forcing/X99.75Y38.45.csv
	 Reading 895/1693: 	/scratch/frd_muziyao/SHUD-OpenMP/SHUD/Basins/heihe_x4/forcing/X99.75Y38.55.csv
	 Reading 896/1693: 	/scratch/frd_muziyao/SHUD-OpenMP/SHUD/Basins/heihe_x4/forcing/X99.75Y38.65.csv
	 Reading 897/1693: 	/scratch/frd_muziyao/SHUD-OpenMP/SHUD/Basins/heihe_x4/forcing/X99.75Y38.75.csv
	 Reading 898/1693: 	/scratch/frd_muziyao/SHUD-OpenMP/SHUD/Basins/heihe_x4/forcing/X99.75Y38.85.csv
	 Reading 899/1693: 	/scratch/frd_muziyao/SHUD-OpenMP/SHUD/Basins/heihe_x4/forcing/X99.75Y38.95.csv
	 Reading 900/1693: 	/scratch/frd_muziyao/SHUD-OpenMP/SHUD/Basins/heihe_x4/forcing/X99.75Y39.05.csv
	 Reading 901/1693: 	/scratch/frd_muziyao/SHUD-OpenMP/SHUD/Basins/heihe_x4/forcing/X99.75Y39.15.csv
	 Reading 902/1693: 	/scratch/frd_muziyao/SHUD-OpenMP/SHUD/Basins/heihe_x4/forcing/X99.75Y39.25.csv
	 Reading 903/1693: 	/scratch/frd_muziyao/SHUD-OpenMP/SHUD/Basins/heihe_x4/forcing/X99.75Y39.35.csv
	 Reading 904/1693: 	/scratch/frd_muziyao/SHUD-OpenMP/SHUD/Basins/heihe_x4/forcing/X99.75Y39.45.csv
	 Reading 905/1693: 	/scratch/frd_muziyao/SHUD-OpenMP/SHUD/Basins/heihe_x4/forcing/X99.75Y39.55.csv
	 Reading 906/1693: 	/scratch/frd_muziyao/SHUD-OpenMP/SHUD/Basins/heihe_x4/forcing/X99.75Y39.65.csv
	 Reading 907/1693: 	/scratch/frd_muziyao/SHUD-OpenMP/SHUD/Basins/heihe_x4/forcing/X99.75Y39.75.csv
	 Reading 908/1693: 	/scratch/frd_muziyao/SHUD-OpenMP/SHUD/Basins/heihe_x4/forcing/X99.75Y39.85.csv
	 Reading 909/1693: 	/scratch/frd_muziyao/SHUD-OpenMP/SHUD/Basins/heihe_x4/forcing/X99.75Y40.05.csv
	 Reading 910/1693: 	/scratch/frd_muziyao/SHUD-OpenMP/SHUD/Basins/heihe_x4/forcing/X99.75Y40.15.csv
	 Reading 911/1693: 	/scratch/frd_muziyao/SHUD-OpenMP/SHUD/Basins/heihe_x4/forcing/X99.75Y40.25.csv
	 Reading 912/1693: 	/scratch/frd_muziyao/SHUD-OpenMP/SHUD/Basins/heihe_x4/forcing/X99.75Y40.35.csv
	 Reading 913/1693: 	/scratch/frd_muziyao/SHUD-OpenMP/SHUD/Basins/heihe_x4/forcing/X99.75Y40.45.csv
	 Reading 914/1693: 	/scratch/frd_muziyao/SHUD-OpenMP/SHUD/Basins/heihe_x4/forcing/X99.75Y40.55.csv
	 Reading 915/1693: 	/scratch/frd_muziyao/SHUD-OpenMP/SHUD/Basins/heihe_x4/forcing/X99.75Y40.65.csv
	 Reading 916/1693: 	/scratch/frd_muziyao/SHUD-OpenMP/SHUD/Basins/heihe_x4/forcing/X99.75Y40.75.csv
	 Reading 917/1693: 	/scratch/frd_muziyao/SHUD-OpenMP/SHUD/Basins/heihe_x4/forcing/X99.75Y40.85.csv
	 Reading 918/1693: 	/scratch/frd_muziyao/SHUD-OpenMP/SHUD/Basins/heihe_x4/forcing/X99.75Y40.95.csv
	 Reading 919/1693: 	/scratch/frd_muziyao/SHUD-OpenMP/SHUD/Basins/heihe_x4/forcing/X99.75Y41.05.csv
	 Reading 920/1693: 	/scratch/frd_muziyao/SHUD-OpenMP/SHUD/Basins/heihe_x4/forcing/X99.75Y41.15.csv
	 Reading 921/1693: 	/scratch/frd_muziyao/SHUD-OpenMP/SHUD/Basins/heihe_x4/forcing/X99.75Y41.25.csv
	 Reading 922/1693: 	/scratch/frd_muziyao/SHUD-OpenMP/SHUD/Basins/heihe_x4/forcing/X99.75Y41.35.csv
	 Reading 923/1693: 	/scratch/frd_muziyao/SHUD-OpenMP/SHUD/Basins/heihe_x4/forcing/X99.75Y41.45.csv
	 Reading 924/1693: 	/scratch/frd_muziyao/SHUD-OpenMP/SHUD/Basins/heihe_x4/forcing/X99.75Y41.55.csv
	 Reading 925/1693: 	/scratch/frd_muziyao/SHUD-OpenMP/SHUD/Basins/heihe_x4/forcing/X99.75Y41.65.csv
	 Reading 926/1693: 	/scratch/frd_muziyao/SHUD-OpenMP/SHUD/Basins/heihe_x4/forcing/X99.75Y41.75.csv
	 Reading 927/1693: 	/scratch/frd_muziyao/SHUD-OpenMP/SHUD/Basins/heihe_x4/forcing/X99.75Y41.85.csv
	 Reading 928/1693: 	/scratch/frd_muziyao/SHUD-OpenMP/SHUD/Basins/heihe_x4/forcing/X99.75Y41.95.csv
	 Reading 929/1693: 	/scratch/frd_muziyao/SHUD-OpenMP/SHUD/Basins/heihe_x4/forcing/X99.75Y42.05.csv
	 Reading 930/1693: 	/scratch/frd_muziyao/SHUD-OpenMP/SHUD/Basins/heihe_x4/forcing/X99.75Y42.15.csv
	 Reading 931/1693: 	/scratch/frd_muziyao/SHUD-OpenMP/SHUD/Basins/heihe_x4/forcing/X99.75Y42.25.csv
	 Reading 932/1693: 	/scratch/frd_muziyao/SHUD-OpenMP/SHUD/Basins/heihe_x4/forcing/X99.75Y42.35.csv
	 Reading 933/1693: 	/scratch/frd_muziyao/SHUD-OpenMP/SHUD/Basins/heihe_x4/forcing/X99.75Y42.45.csv
	 Reading 934/1693: 	/scratch/frd_muziyao/SHUD-OpenMP/SHUD/Basins/heihe_x4/forcing/X99.75Y42.55.csv
	 Reading 935/1693: 	/scratch/frd_muziyao/SHUD-OpenMP/SHUD/Basins/heihe_x4/forcing/X99.75Y42.65.csv
	 Reading 936/1693: 	/scratch/frd_muziyao/SHUD-OpenMP/SHUD/Basins/heihe_x4/forcing/X99.85Y38.05.csv
	 Reading 937/1693: 	/scratch/frd_muziyao/SHUD-OpenMP/SHUD/Basins/heihe_x4/forcing/X99.85Y38.15.csv
	 Reading 938/1693: 	/scratch/frd_muziyao/SHUD-OpenMP/SHUD/Basins/heihe_x4/forcing/X99.85Y38.25.csv
	 Reading 939/1693: 	/scratch/frd_muziyao/SHUD-OpenMP/SHUD/Basins/heihe_x4/forcing/X99.85Y38.35.csv
	 Reading 940/1693: 	/scratch/frd_muziyao/SHUD-OpenMP/SHUD/Basins/heihe_x4/forcing/X99.85Y38.45.csv
	 Reading 941/1693: 	/scratch/frd_muziyao/SHUD-OpenMP/SHUD/Basins/heihe_x4/forcing/X99.85Y38.55.csv
	 Reading 942/1693: 	/scratch/frd_muziyao/SHUD-OpenMP/SHUD/Basins/heihe_x4/forcing/X99.85Y38.65.csv
	 Reading 943/1693: 	/scratch/frd_muziyao/SHUD-OpenMP/SHUD/Basins/heihe_x4/forcing/X99.85Y38.75.csv
	 Reading 944/1693: 	/scratch/frd_muziyao/SHUD-OpenMP/SHUD/Basins/heihe_x4/forcing/X99.85Y38.85.csv
	 Reading 945/1693: 	/scratch/frd_muziyao/SHUD-OpenMP/SHUD/Basins/heihe_x4/forcing/X99.85Y38.95.csv
	 Reading 946/1693: 	/scratch/frd_muziyao/SHUD-OpenMP/SHUD/Basins/heihe_x4/forcing/X99.85Y39.05.csv
	 Reading 947/1693: 	/scratch/frd_muziyao/SHUD-OpenMP/SHUD/Basins/heihe_x4/forcing/X99.85Y39.15.csv
	 Reading 948/1693: 	/scratch/frd_muziyao/SHUD-OpenMP/SHUD/Basins/heihe_x4/forcing/X99.85Y39.25.csv
	 Reading 949/1693: 	/scratch/frd_muziyao/SHUD-OpenMP/SHUD/Basins/heihe_x4/forcing/X99.85Y39.35.csv
	 Reading 950/1693: 	/scratch/frd_muziyao/SHUD-OpenMP/SHUD/Basins/heihe_x4/forcing/X99.85Y39.45.csv
	 Reading 951/1693: 	/scratch/frd_muziyao/SHUD-OpenMP/SHUD/Basins/heihe_x4/forcing/X99.85Y39.55.csv
	 Reading 952/1693: 	/scratch/frd_muziyao/SHUD-OpenMP/SHUD/Basins/heihe_x4/forcing/X99.85Y39.65.csv
	 Reading 953/1693: 	/scratch/frd_muziyao/SHUD-OpenMP/SHUD/Basins/heihe_x4/forcing/X99.85Y39.75.csv
	 Reading 954/1693: 	/scratch/frd_muziyao/SHUD-OpenMP/SHUD/Basins/heihe_x4/forcing/X99.85Y40.15.csv
	 Reading 955/1693: 	/scratch/frd_muziyao/SHUD-OpenMP/SHUD/Basins/heihe_x4/forcing/X99.85Y40.25.csv
	 Reading 956/1693: 	/scratch/frd_muziyao/SHUD-OpenMP/SHUD/Basins/heihe_x4/forcing/X99.85Y40.35.csv
	 Reading 957/1693: 	/scratch/frd_muziyao/SHUD-OpenMP/SHUD/Basins/heihe_x4/forcing/X99.85Y40.45.csv
	 Reading 958/1693: 	/scratch/frd_muziyao/SHUD-OpenMP/SHUD/Basins/heihe_x4/forcing/X99.85Y40.55.csv
	 Reading 959/1693: 	/scratch/frd_muziyao/SHUD-OpenMP/SHUD/Basins/heihe_x4/forcing/X99.85Y40.65.csv
	 Reading 960/1693: 	/scratch/frd_muziyao/SHUD-OpenMP/SHUD/Basins/heihe_x4/forcing/X99.85Y40.75.csv
	 Reading 961/1693: 	/scratch/frd_muziyao/SHUD-OpenMP/SHUD/Basins/heihe_x4/forcing/X99.85Y40.85.csv
	 Reading 962/1693: 	/scratch/frd_muziyao/SHUD-OpenMP/SHUD/Basins/heihe_x4/forcing/X99.85Y40.95.csv
	 Reading 963/1693: 	/scratch/frd_muziyao/SHUD-OpenMP/SHUD/Basins/heihe_x4/forcing/X99.85Y41.05.csv
	 Reading 964/1693: 	/scratch/frd_muziyao/SHUD-OpenMP/SHUD/Basins/heihe_x4/forcing/X99.85Y41.15.csv
	 Reading 965/1693: 	/scratch/frd_muziyao/SHUD-OpenMP/SHUD/Basins/heihe_x4/forcing/X99.85Y41.25.csv
	 Reading 966/1693: 	/scratch/frd_muziyao/SHUD-OpenMP/SHUD/Basins/heihe_x4/forcing/X99.85Y41.35.csv
	 Reading 967/1693: 	/scratch/frd_muziyao/SHUD-OpenMP/SHUD/Basins/heihe_x4/forcing/X99.85Y41.45.csv
	 Reading 968/1693: 	/scratch/frd_muziyao/SHUD-OpenMP/SHUD/Basins/heihe_x4/forcing/X99.85Y41.55.csv
	 Reading 969/1693: 	/scratch/frd_muziyao/SHUD-OpenMP/SHUD/Basins/heihe_x4/forcing/X99.85Y41.65.csv
	 Reading 970/1693: 	/scratch/frd_muziyao/SHUD-OpenMP/SHUD/Basins/heihe_x4/forcing/X99.85Y41.75.csv
	 Reading 971/1693: 	/scratch/frd_muziyao/SHUD-OpenMP/SHUD/Basins/heihe_x4/forcing/X99.85Y41.85.csv
	 Reading 972/1693: 	/scratch/frd_muziyao/SHUD-OpenMP/SHUD/Basins/heihe_x4/forcing/X99.85Y41.95.csv
	 Reading 973/1693: 	/scratch/frd_muziyao/SHUD-OpenMP/SHUD/Basins/heihe_x4/forcing/X99.85Y42.05.csv
	 Reading 974/1693: 	/scratch/frd_muziyao/SHUD-OpenMP/SHUD/Basins/heihe_x4/forcing/X99.85Y42.15.csv
	 Reading 975/1693: 	/scratch/frd_muziyao/SHUD-OpenMP/SHUD/Basins/heihe_x4/forcing/X99.85Y42.25.csv
	 Reading 976/1693: 	/scratch/frd_muziyao/SHUD-OpenMP/SHUD/Basins/heihe_x4/forcing/X99.85Y42.35.csv
	 Reading 977/1693: 	/scratch/frd_muziyao/SHUD-OpenMP/SHUD/Basins/heihe_x4/forcing/X99.85Y42.45.csv
	 Reading 978/1693: 	/scratch/frd_muziyao/SHUD-OpenMP/SHUD/Basins/heihe_x4/forcing/X99.85Y42.55.csv
	 Reading 979/1693: 	/scratch/frd_muziyao/SHUD-OpenMP/SHUD/Basins/heihe_x4/forcing/X99.85Y42.65.csv
	 Reading 980/1693: 	/scratch/frd_muziyao/SHUD-OpenMP/SHUD/Basins/heihe_x4/forcing/X99.95Y38.05.csv
	 Reading 981/1693: 	/scratch/frd_muziyao/SHUD-OpenMP/SHUD/Basins/heihe_x4/forcing/X99.95Y38.15.csv
	 Reading 982/1693: 	/scratch/frd_muziyao/SHUD-OpenMP/SHUD/Basins/heihe_x4/forcing/X99.95Y38.25.csv
	 Reading 983/1693: 	/scratch/frd_muziyao/SHUD-OpenMP/SHUD/Basins/heihe_x4/forcing/X99.95Y38.35.csv
	 Reading 984/1693: 	/scratch/frd_muziyao/SHUD-OpenMP/SHUD/Basins/heihe_x4/forcing/X99.95Y38.45.csv
	 Reading 985/1693: 	/scratch/frd_muziyao/SHUD-OpenMP/SHUD/Basins/heihe_x4/forcing/X99.95Y38.55.csv
	 Reading 986/1693: 	/scratch/frd_muziyao/SHUD-OpenMP/SHUD/Basins/heihe_x4/forcing/X99.95Y38.65.csv
	 Reading 987/1693: 	/scratch/frd_muziyao/SHUD-OpenMP/SHUD/Basins/heihe_x4/forcing/X99.95Y38.75.csv
	 Reading 988/1693: 	/scratch/frd_muziyao/SHUD-OpenMP/SHUD/Basins/heihe_x4/forcing/X99.95Y38.85.csv
	 Reading 989/1693: 	/scratch/frd_muziyao/SHUD-OpenMP/SHUD/Basins/heihe_x4/forcing/X99.95Y38.95.csv
	 Reading 990/1693: 	/scratch/frd_muziyao/SHUD-OpenMP/SHUD/Basins/heihe_x4/forcing/X99.95Y39.05.csv
	 Reading 991/1693: 	/scratch/frd_muziyao/SHUD-OpenMP/SHUD/Basins/heihe_x4/forcing/X99.95Y39.15.csv
	 Reading 992/1693: 	/scratch/frd_muziyao/SHUD-OpenMP/SHUD/Basins/heihe_x4/forcing/X99.95Y39.25.csv
	 Reading 993/1693: 	/scratch/frd_muziyao/SHUD-OpenMP/SHUD/Basins/heihe_x4/forcing/X99.95Y39.35.csv
	 Reading 994/1693: 	/scratch/frd_muziyao/SHUD-OpenMP/SHUD/Basins/heihe_x4/forcing/X99.95Y39.45.csv
	 Reading 995/1693: 	/scratch/frd_muziyao/SHUD-OpenMP/SHUD/Basins/heihe_x4/forcing/X99.95Y39.55.csv
	 Reading 996/1693: 	/scratch/frd_muziyao/SHUD-OpenMP/SHUD/Basins/heihe_x4/forcing/X99.95Y39.65.csv
	 Reading 997/1693: 	/scratch/frd_muziyao/SHUD-OpenMP/SHUD/Basins/heihe_x4/forcing/X99.95Y39.75.csv
	 Reading 998/1693: 	/scratch/frd_muziyao/SHUD-OpenMP/SHUD/Basins/heihe_x4/forcing/X99.95Y40.25.csv
	 Reading 999/1693: 	/scratch/frd_muziyao/SHUD-OpenMP/SHUD/Basins/heihe_x4/forcing/X99.95Y40.35.csv
	 Reading 1000/1693: 	/scratch/frd_muziyao/SHUD-OpenMP/SHUD/Basins/heihe_x4/forcing/X99.95Y40.45.csv
	 Reading 1001/1693: 	/scratch/frd_muziyao/SHUD-OpenMP/SHUD/Basins/heihe_x4/forcing/X99.95Y40.55.csv
	 Reading 1002/1693: 	/scratch/frd_muziyao/SHUD-OpenMP/SHUD/Basins/heihe_x4/forcing/X99.95Y40.65.csv
	 Reading 1003/1693: 	/scratch/frd_muziyao/SHUD-OpenMP/SHUD/Basins/heihe_x4/forcing/X99.95Y40.75.csv
	 Reading 1004/1693: 	/scratch/frd_muziyao/SHUD-OpenMP/SHUD/Basins/heihe_x4/forcing/X99.95Y40.85.csv
	 Reading 1005/1693: 	/scratch/frd_muziyao/SHUD-OpenMP/SHUD/Basins/heihe_x4/forcing/X99.95Y40.95.csv
	 Reading 1006/1693: 	/scratch/frd_muziyao/SHUD-OpenMP/SHUD/Basins/heihe_x4/forcing/X99.95Y41.05.csv
	 Reading 1007/1693: 	/scratch/frd_muziyao/SHUD-OpenMP/SHUD/Basins/heihe_x4/forcing/X99.95Y41.15.csv
	 Reading 1008/1693: 	/scratch/frd_muziyao/SHUD-OpenMP/SHUD/Basins/heihe_x4/forcing/X99.95Y41.25.csv
	 Reading 1009/1693: 	/scratch/frd_muziyao/SHUD-OpenMP/SHUD/Basins/heihe_x4/forcing/X99.95Y41.35.csv
	 Reading 1010/1693: 	/scratch/frd_muziyao/SHUD-OpenMP/SHUD/Basins/heihe_x4/forcing/X99.95Y41.45.csv
	 Reading 1011/1693: 	/scratch/frd_muziyao/SHUD-OpenMP/SHUD/Basins/heihe_x4/forcing/X99.95Y41.55.csv
	 Reading 1012/1693: 	/scratch/frd_muziyao/SHUD-OpenMP/SHUD/Basins/heihe_x4/forcing/X99.95Y41.65.csv
	 Reading 1013/1693: 	/scratch/frd_muziyao/SHUD-OpenMP/SHUD/Basins/heihe_x4/forcing/X99.95Y41.75.csv
	 Reading 1014/1693: 	/scratch/frd_muziyao/SHUD-OpenMP/SHUD/Basins/heihe_x4/forcing/X99.95Y41.85.csv
	 Reading 1015/1693: 	/scratch/frd_muziyao/SHUD-OpenMP/SHUD/Basins/heihe_x4/forcing/X99.95Y41.95.csv
	 Reading 1016/1693: 	/scratch/frd_muziyao/SHUD-OpenMP/SHUD/Basins/heihe_x4/forcing/X99.95Y42.05.csv
	 Reading 1017/1693: 	/scratch/frd_muziyao/SHUD-OpenMP/SHUD/Basins/heihe_x4/forcing/X99.95Y42.15.csv
	 Reading 1018/1693: 	/scratch/frd_muziyao/SHUD-OpenMP/SHUD/Basins/heihe_x4/forcing/X99.95Y42.25.csv
	 Reading 1019/1693: 	/scratch/frd_muziyao/SHUD-OpenMP/SHUD/Basins/heihe_x4/forcing/X99.95Y42.35.csv
	 Reading 1020/1693: 	/scratch/frd_muziyao/SHUD-OpenMP/SHUD/Basins/heihe_x4/forcing/X99.95Y42.45.csv
	 Reading 1021/1693: 	/scratch/frd_muziyao/SHUD-OpenMP/SHUD/Basins/heihe_x4/forcing/X99.95Y42.55.csv
	 Reading 1022/1693: 	/scratch/frd_muziyao/SHUD-OpenMP/SHUD/Basins/heihe_x4/forcing/X99.95Y42.65.csv
	 Reading 1023/1693: 	/scratch/frd_muziyao/SHUD-OpenMP/SHUD/Basins/heihe_x4/forcing/X100.05Y38.05.csv
	 Reading 1024/1693: 	/scratch/frd_muziyao/SHUD-OpenMP/SHUD/Basins/heihe_x4/forcing/X100.05Y38.15.csv
	 Reading 1025/1693: 	/scratch/frd_muziyao/SHUD-OpenMP/SHUD/Basins/heihe_x4/forcing/X100.05Y38.25.csv
	 Reading 1026/1693: 	/scratch/frd_muziyao/SHUD-OpenMP/SHUD/Basins/heihe_x4/forcing/X100.05Y38.35.csv
	 Reading 1027/1693: 	/scratch/frd_muziyao/SHUD-OpenMP/SHUD/Basins/heihe_x4/forcing/X100.05Y38.45.csv
	 Reading 1028/1693: 	/scratch/frd_muziyao/SHUD-OpenMP/SHUD/Basins/heihe_x4/forcing/X100.05Y38.55.csv
	 Reading 1029/1693: 	/scratch/frd_muziyao/SHUD-OpenMP/SHUD/Basins/heihe_x4/forcing/X100.05Y38.65.csv
	 Reading 1030/1693: 	/scratch/frd_muziyao/SHUD-OpenMP/SHUD/Basins/heihe_x4/forcing/X100.05Y38.75.csv
	 Reading 1031/1693: 	/scratch/frd_muziyao/SHUD-OpenMP/SHUD/Basins/heihe_x4/forcing/X100.05Y38.85.csv
	 Reading 1032/1693: 	/scratch/frd_muziyao/SHUD-OpenMP/SHUD/Basins/heihe_x4/forcing/X100.05Y38.95.csv
	 Reading 1033/1693: 	/scratch/frd_muziyao/SHUD-OpenMP/SHUD/Basins/heihe_x4/forcing/X100.05Y39.05.csv
	 Reading 1034/1693: 	/scratch/frd_muziyao/SHUD-OpenMP/SHUD/Basins/heihe_x4/forcing/X100.05Y39.15.csv
	 Reading 1035/1693: 	/scratch/frd_muziyao/SHUD-OpenMP/SHUD/Basins/heihe_x4/forcing/X100.05Y39.25.csv
	 Reading 1036/1693: 	/scratch/frd_muziyao/SHUD-OpenMP/SHUD/Basins/heihe_x4/forcing/X100.05Y39.35.csv
	 Reading 1037/1693: 	/scratch/frd_muziyao/SHUD-OpenMP/SHUD/Basins/heihe_x4/forcing/X100.05Y39.45.csv
	 Reading 1038/1693: 	/scratch/frd_muziyao/SHUD-OpenMP/SHUD/Basins/heihe_x4/forcing/X100.05Y39.55.csv
	 Reading 1039/1693: 	/scratch/frd_muziyao/SHUD-OpenMP/SHUD/Basins/heihe_x4/forcing/X100.05Y39.65.csv
	 Reading 1040/1693: 	/scratch/frd_muziyao/SHUD-OpenMP/SHUD/Basins/heihe_x4/forcing/X100.05Y40.25.csv
	 Reading 1041/1693: 	/scratch/frd_muziyao/SHUD-OpenMP/SHUD/Basins/heihe_x4/forcing/X100.05Y40.35.csv
	 Reading 1042/1693: 	/scratch/frd_muziyao/SHUD-OpenMP/SHUD/Basins/heihe_x4/forcing/X100.05Y40.45.csv
	 Reading 1043/1693: 	/scratch/frd_muziyao/SHUD-OpenMP/SHUD/Basins/heihe_x4/forcing/X100.05Y40.55.csv
	 Reading 1044/1693: 	/scratch/frd_muziyao/SHUD-OpenMP/SHUD/Basins/heihe_x4/forcing/X100.05Y40.65.csv
	 Reading 1045/1693: 	/scratch/frd_muziyao/SHUD-OpenMP/SHUD/Basins/heihe_x4/forcing/X100.05Y40.75.csv
	 Reading 1046/1693: 	/scratch/frd_muziyao/SHUD-OpenMP/SHUD/Basins/heihe_x4/forcing/X100.05Y40.85.csv
	 Reading 1047/1693: 	/scratch/frd_muziyao/SHUD-OpenMP/SHUD/Basins/heihe_x4/forcing/X100.05Y40.95.csv
	 Reading 1048/1693: 	/scratch/frd_muziyao/SHUD-OpenMP/SHUD/Basins/heihe_x4/forcing/X100.05Y41.05.csv
	 Reading 1049/1693: 	/scratch/frd_muziyao/SHUD-OpenMP/SHUD/Basins/heihe_x4/forcing/X100.05Y41.15.csv
	 Reading 1050/1693: 	/scratch/frd_muziyao/SHUD-OpenMP/SHUD/Basins/heihe_x4/forcing/X100.05Y41.25.csv
	 Reading 1051/1693: 	/scratch/frd_muziyao/SHUD-OpenMP/SHUD/Basins/heihe_x4/forcing/X100.05Y41.35.csv
	 Reading 1052/1693: 	/scratch/frd_muziyao/SHUD-OpenMP/SHUD/Basins/heihe_x4/forcing/X100.05Y41.45.csv
	 Reading 1053/1693: 	/scratch/frd_muziyao/SHUD-OpenMP/SHUD/Basins/heihe_x4/forcing/X100.05Y41.55.csv
	 Reading 1054/1693: 	/scratch/frd_muziyao/SHUD-OpenMP/SHUD/Basins/heihe_x4/forcing/X100.05Y41.65.csv
	 Reading 1055/1693: 	/scratch/frd_muziyao/SHUD-OpenMP/SHUD/Basins/heihe_x4/forcing/X100.05Y41.75.csv
	 Reading 1056/1693: 	/scratch/frd_muziyao/SHUD-OpenMP/SHUD/Basins/heihe_x4/forcing/X100.05Y41.85.csv
	 Reading 1057/1693: 	/scratch/frd_muziyao/SHUD-OpenMP/SHUD/Basins/heihe_x4/forcing/X100.05Y41.95.csv
	 Reading 1058/1693: 	/scratch/frd_muziyao/SHUD-OpenMP/SHUD/Basins/heihe_x4/forcing/X100.05Y42.05.csv
	 Reading 1059/1693: 	/scratch/frd_muziyao/SHUD-OpenMP/SHUD/Basins/heihe_x4/forcing/X100.05Y42.15.csv
	 Reading 1060/1693: 	/scratch/frd_muziyao/SHUD-OpenMP/SHUD/Basins/heihe_x4/forcing/X100.05Y42.25.csv
	 Reading 1061/1693: 	/scratch/frd_muziyao/SHUD-OpenMP/SHUD/Basins/heihe_x4/forcing/X100.05Y42.35.csv
	 Reading 1062/1693: 	/scratch/frd_muziyao/SHUD-OpenMP/SHUD/Basins/heihe_x4/forcing/X100.05Y42.45.csv
	 Reading 1063/1693: 	/scratch/frd_muziyao/SHUD-OpenMP/SHUD/Basins/heihe_x4/forcing/X100.05Y42.55.csv
	 Reading 1064/1693: 	/scratch/frd_muziyao/SHUD-OpenMP/SHUD/Basins/heihe_x4/forcing/X100.05Y42.65.csv
	 Reading 1065/1693: 	/scratch/frd_muziyao/SHUD-OpenMP/SHUD/Basins/heihe_x4/forcing/X100.15Y38.05.csv
	 Reading 1066/1693: 	/scratch/frd_muziyao/SHUD-OpenMP/SHUD/Basins/heihe_x4/forcing/X100.15Y38.15.csv
	 Reading 1067/1693: 	/scratch/frd_muziyao/SHUD-OpenMP/SHUD/Basins/heihe_x4/forcing/X100.15Y38.25.csv
	 Reading 1068/1693: 	/scratch/frd_muziyao/SHUD-OpenMP/SHUD/Basins/heihe_x4/forcing/X100.15Y38.35.csv
	 Reading 1069/1693: 	/scratch/frd_muziyao/SHUD-OpenMP/SHUD/Basins/heihe_x4/forcing/X100.15Y38.45.csv
	 Reading 1070/1693: 	/scratch/frd_muziyao/SHUD-OpenMP/SHUD/Basins/heihe_x4/forcing/X100.15Y38.55.csv
	 Reading 1071/1693: 	/scratch/frd_muziyao/SHUD-OpenMP/SHUD/Basins/heihe_x4/forcing/X100.15Y38.65.csv
	 Reading 1072/1693: 	/scratch/frd_muziyao/SHUD-OpenMP/SHUD/Basins/heihe_x4/forcing/X100.15Y38.75.csv
	 Reading 1073/1693: 	/scratch/frd_muziyao/SHUD-OpenMP/SHUD/Basins/heihe_x4/forcing/X100.15Y38.85.csv
	 Reading 1074/1693: 	/scratch/frd_muziyao/SHUD-OpenMP/SHUD/Basins/heihe_x4/forcing/X100.15Y38.95.csv
	 Reading 1075/1693: 	/scratch/frd_muziyao/SHUD-OpenMP/SHUD/Basins/heihe_x4/forcing/X100.15Y39.05.csv
	 Reading 1076/1693: 	/scratch/frd_muziyao/SHUD-OpenMP/SHUD/Basins/heihe_x4/forcing/X100.15Y39.15.csv
	 Reading 1077/1693: 	/scratch/frd_muziyao/SHUD-OpenMP/SHUD/Basins/heihe_x4/forcing/X100.15Y39.25.csv
	 Reading 1078/1693: 	/scratch/frd_muziyao/SHUD-OpenMP/SHUD/Basins/heihe_x4/forcing/X100.15Y39.35.csv
	 Reading 1079/1693: 	/scratch/frd_muziyao/SHUD-OpenMP/SHUD/Basins/heihe_x4/forcing/X100.15Y39.45.csv
	 Reading 1080/1693: 	/scratch/frd_muziyao/SHUD-OpenMP/SHUD/Basins/heihe_x4/forcing/X100.15Y39.55.csv
	 Reading 1081/1693: 	/scratch/frd_muziyao/SHUD-OpenMP/SHUD/Basins/heihe_x4/forcing/X100.15Y39.65.csv
	 Reading 1082/1693: 	/scratch/frd_muziyao/SHUD-OpenMP/SHUD/Basins/heihe_x4/forcing/X100.15Y40.25.csv
	 Reading 1083/1693: 	/scratch/frd_muziyao/SHUD-OpenMP/SHUD/Basins/heihe_x4/forcing/X100.15Y40.35.csv
	 Reading 1084/1693: 	/scratch/frd_muziyao/SHUD-OpenMP/SHUD/Basins/heihe_x4/forcing/X100.15Y40.45.csv
	 Reading 1085/1693: 	/scratch/frd_muziyao/SHUD-OpenMP/SHUD/Basins/heihe_x4/forcing/X100.15Y40.55.csv
	 Reading 1086/1693: 	/scratch/frd_muziyao/SHUD-OpenMP/SHUD/Basins/heihe_x4/forcing/X100.15Y40.65.csv
	 Reading 1087/1693: 	/scratch/frd_muziyao/SHUD-OpenMP/SHUD/Basins/heihe_x4/forcing/X100.15Y40.75.csv
	 Reading 1088/1693: 	/scratch/frd_muziyao/SHUD-OpenMP/SHUD/Basins/heihe_x4/forcing/X100.15Y40.85.csv
	 Reading 1089/1693: 	/scratch/frd_muziyao/SHUD-OpenMP/SHUD/Basins/heihe_x4/forcing/X100.15Y40.95.csv
	 Reading 1090/1693: 	/scratch/frd_muziyao/SHUD-OpenMP/SHUD/Basins/heihe_x4/forcing/X100.15Y41.05.csv
	 Reading 1091/1693: 	/scratch/frd_muziyao/SHUD-OpenMP/SHUD/Basins/heihe_x4/forcing/X100.15Y41.15.csv
	 Reading 1092/1693: 	/scratch/frd_muziyao/SHUD-OpenMP/SHUD/Basins/heihe_x4/forcing/X100.15Y41.25.csv
	 Reading 1093/1693: 	/scratch/frd_muziyao/SHUD-OpenMP/SHUD/Basins/heihe_x4/forcing/X100.15Y41.35.csv
	 Reading 1094/1693: 	/scratch/frd_muziyao/SHUD-OpenMP/SHUD/Basins/heihe_x4/forcing/X100.15Y41.45.csv
	 Reading 1095/1693: 	/scratch/frd_muziyao/SHUD-OpenMP/SHUD/Basins/heihe_x4/forcing/X100.15Y41.55.csv
	 Reading 1096/1693: 	/scratch/frd_muziyao/SHUD-OpenMP/SHUD/Basins/heihe_x4/forcing/X100.15Y41.65.csv
	 Reading 1097/1693: 	/scratch/frd_muziyao/SHUD-OpenMP/SHUD/Basins/heihe_x4/forcing/X100.15Y41.75.csv
	 Reading 1098/1693: 	/scratch/frd_muziyao/SHUD-OpenMP/SHUD/Basins/heihe_x4/forcing/X100.15Y41.85.csv
	 Reading 1099/1693: 	/scratch/frd_muziyao/SHUD-OpenMP/SHUD/Basins/heihe_x4/forcing/X100.15Y41.95.csv
	 Reading 1100/1693: 	/scratch/frd_muziyao/SHUD-OpenMP/SHUD/Basins/heihe_x4/forcing/X100.15Y42.05.csv
	 Reading 1101/1693: 	/scratch/frd_muziyao/SHUD-OpenMP/SHUD/Basins/heihe_x4/forcing/X100.15Y42.15.csv
	 Reading 1102/1693: 	/scratch/frd_muziyao/SHUD-OpenMP/SHUD/Basins/heihe_x4/forcing/X100.15Y42.25.csv
	 Reading 1103/1693: 	/scratch/frd_muziyao/SHUD-OpenMP/SHUD/Basins/heihe_x4/forcing/X100.15Y42.35.csv
	 Reading 1104/1693: 	/scratch/frd_muziyao/SHUD-OpenMP/SHUD/Basins/heihe_x4/forcing/X100.15Y42.45.csv
	 Reading 1105/1693: 	/scratch/frd_muziyao/SHUD-OpenMP/SHUD/Basins/heihe_x4/forcing/X100.15Y42.55.csv
	 Reading 1106/1693: 	/scratch/frd_muziyao/SHUD-OpenMP/SHUD/Basins/heihe_x4/forcing/X100.15Y42.65.csv
	 Reading 1107/1693: 	/scratch/frd_muziyao/SHUD-OpenMP/SHUD/Basins/heihe_x4/forcing/X100.25Y37.95.csv
	 Reading 1108/1693: 	/scratch/frd_muziyao/SHUD-OpenMP/SHUD/Basins/heihe_x4/forcing/X100.25Y38.05.csv
	 Reading 1109/1693: 	/scratch/frd_muziyao/SHUD-OpenMP/SHUD/Basins/heihe_x4/forcing/X100.25Y38.15.csv
	 Reading 1110/1693: 	/scratch/frd_muziyao/SHUD-OpenMP/SHUD/Basins/heihe_x4/forcing/X100.25Y38.25.csv
	 Reading 1111/1693: 	/scratch/frd_muziyao/SHUD-OpenMP/SHUD/Basins/heihe_x4/forcing/X100.25Y38.35.csv
	 Reading 1112/1693: 	/scratch/frd_muziyao/SHUD-OpenMP/SHUD/Basins/heihe_x4/forcing/X100.25Y38.45.csv
	 Reading 1113/1693: 	/scratch/frd_muziyao/SHUD-OpenMP/SHUD/Basins/heihe_x4/forcing/X100.25Y38.55.csv
	 Reading 1114/1693: 	/scratch/frd_muziyao/SHUD-OpenMP/SHUD/Basins/heihe_x4/forcing/X100.25Y38.65.csv
	 Reading 1115/1693: 	/scratch/frd_muziyao/SHUD-OpenMP/SHUD/Basins/heihe_x4/forcing/X100.25Y38.75.csv
	 Reading 1116/1693: 	/scratch/frd_muziyao/SHUD-OpenMP/SHUD/Basins/heihe_x4/forcing/X100.25Y38.85.csv
	 Reading 1117/1693: 	/scratch/frd_muziyao/SHUD-OpenMP/SHUD/Basins/heihe_x4/forcing/X100.25Y38.95.csv
	 Reading 1118/1693: 	/scratch/frd_muziyao/SHUD-OpenMP/SHUD/Basins/heihe_x4/forcing/X100.25Y39.05.csv
	 Reading 1119/1693: 	/scratch/frd_muziyao/SHUD-OpenMP/SHUD/Basins/heihe_x4/forcing/X100.25Y39.15.csv
	 Reading 1120/1693: 	/scratch/frd_muziyao/SHUD-OpenMP/SHUD/Basins/heihe_x4/forcing/X100.25Y39.25.csv
	 Reading 1121/1693: 	/scratch/frd_muziyao/SHUD-OpenMP/SHUD/Basins/heihe_x4/forcing/X100.25Y39.35.csv
	 Reading 1122/1693: 	/scratch/frd_muziyao/SHUD-OpenMP/SHUD/Basins/heihe_x4/forcing/X100.25Y39.45.csv
	 Reading 1123/1693: 	/scratch/frd_muziyao/SHUD-OpenMP/SHUD/Basins/heihe_x4/forcing/X100.25Y39.55.csv
	 Reading 1124/1693: 	/scratch/frd_muziyao/SHUD-OpenMP/SHUD/Basins/heihe_x4/forcing/X100.25Y39.65.csv
	 Reading 1125/1693: 	/scratch/frd_muziyao/SHUD-OpenMP/SHUD/Basins/heihe_x4/forcing/X100.25Y40.35.csv
	 Reading 1126/1693: 	/scratch/frd_muziyao/SHUD-OpenMP/SHUD/Basins/heihe_x4/forcing/X100.25Y40.45.csv
	 Reading 1127/1693: 	/scratch/frd_muziyao/SHUD-OpenMP/SHUD/Basins/heihe_x4/forcing/X100.25Y40.55.csv
	 Reading 1128/1693: 	/scratch/frd_muziyao/SHUD-OpenMP/SHUD/Basins/heihe_x4/forcing/X100.25Y40.65.csv
	 Reading 1129/1693: 	/scratch/frd_muziyao/SHUD-OpenMP/SHUD/Basins/heihe_x4/forcing/X100.25Y40.75.csv
	 Reading 1130/1693: 	/scratch/frd_muziyao/SHUD-OpenMP/SHUD/Basins/heihe_x4/forcing/X100.25Y40.85.csv
	 Reading 1131/1693: 	/scratch/frd_muziyao/SHUD-OpenMP/SHUD/Basins/heihe_x4/forcing/X100.25Y40.95.csv
	 Reading 1132/1693: 	/scratch/frd_muziyao/SHUD-OpenMP/SHUD/Basins/heihe_x4/forcing/X100.25Y41.05.csv
	 Reading 1133/1693: 	/scratch/frd_muziyao/SHUD-OpenMP/SHUD/Basins/heihe_x4/forcing/X100.25Y41.15.csv
	 Reading 1134/1693: 	/scratch/frd_muziyao/SHUD-OpenMP/SHUD/Basins/heihe_x4/forcing/X100.25Y41.25.csv
	 Reading 1135/1693: 	/scratch/frd_muziyao/SHUD-OpenMP/SHUD/Basins/heihe_x4/forcing/X100.25Y41.35.csv
	 Reading 1136/1693: 	/scratch/frd_muziyao/SHUD-OpenMP/SHUD/Basins/heihe_x4/forcing/X100.25Y41.45.csv
	 Reading 1137/1693: 	/scratch/frd_muziyao/SHUD-OpenMP/SHUD/Basins/heihe_x4/forcing/X100.25Y41.55.csv
	 Reading 1138/1693: 	/scratch/frd_muziyao/SHUD-OpenMP/SHUD/Basins/heihe_x4/forcing/X100.25Y41.65.csv
	 Reading 1139/1693: 	/scratch/frd_muziyao/SHUD-OpenMP/SHUD/Basins/heihe_x4/forcing/X100.25Y41.75.csv
	 Reading 1140/1693: 	/scratch/frd_muziyao/SHUD-OpenMP/SHUD/Basins/heihe_x4/forcing/X100.25Y41.85.csv
	 Reading 1141/1693: 	/scratch/frd_muziyao/SHUD-OpenMP/SHUD/Basins/heihe_x4/forcing/X100.25Y41.95.csv
	 Reading 1142/1693: 	/scratch/frd_muziyao/SHUD-OpenMP/SHUD/Basins/heihe_x4/forcing/X100.25Y42.05.csv
	 Reading 1143/1693: 	/scratch/frd_muziyao/SHUD-OpenMP/SHUD/Basins/heihe_x4/forcing/X100.25Y42.15.csv
	 Reading 1144/1693: 	/scratch/frd_muziyao/SHUD-OpenMP/SHUD/Basins/heihe_x4/forcing/X100.25Y42.25.csv
	 Reading 1145/1693: 	/scratch/frd_muziyao/SHUD-OpenMP/SHUD/Basins/heihe_x4/forcing/X100.25Y42.35.csv
	 Reading 1146/1693: 	/scratch/frd_muziyao/SHUD-OpenMP/SHUD/Basins/heihe_x4/forcing/X100.25Y42.45.csv
	 Reading 1147/1693: 	/scratch/frd_muziyao/SHUD-OpenMP/SHUD/Basins/heihe_x4/forcing/X100.25Y42.55.csv
	 Reading 1148/1693: 	/scratch/frd_muziyao/SHUD-OpenMP/SHUD/Basins/heihe_x4/forcing/X100.25Y42.65.csv
	 Reading 1149/1693: 	/scratch/frd_muziyao/SHUD-OpenMP/SHUD/Basins/heihe_x4/forcing/X100.25Y42.75.csv
	 Reading 1150/1693: 	/scratch/frd_muziyao/SHUD-OpenMP/SHUD/Basins/heihe_x4/forcing/X100.35Y37.95.csv
	 Reading 1151/1693: 	/scratch/frd_muziyao/SHUD-OpenMP/SHUD/Basins/heihe_x4/forcing/X100.35Y38.05.csv
	 Reading 1152/1693: 	/scratch/frd_muziyao/SHUD-OpenMP/SHUD/Basins/heihe_x4/forcing/X100.35Y38.15.csv
	 Reading 1153/1693: 	/scratch/frd_muziyao/SHUD-OpenMP/SHUD/Basins/heihe_x4/forcing/X100.35Y38.25.csv
	 Reading 1154/1693: 	/scratch/frd_muziyao/SHUD-OpenMP/SHUD/Basins/heihe_x4/forcing/X100.35Y38.35.csv
	 Reading 1155/1693: 	/scratch/frd_muziyao/SHUD-OpenMP/SHUD/Basins/heihe_x4/forcing/X100.35Y38.45.csv
	 Reading 1156/1693: 	/scratch/frd_muziyao/SHUD-OpenMP/SHUD/Basins/heihe_x4/forcing/X100.35Y38.55.csv
	 Reading 1157/1693: 	/scratch/frd_muziyao/SHUD-OpenMP/SHUD/Basins/heihe_x4/forcing/X100.35Y38.65.csv
	 Reading 1158/1693: 	/scratch/frd_muziyao/SHUD-OpenMP/SHUD/Basins/heihe_x4/forcing/X100.35Y38.75.csv
	 Reading 1159/1693: 	/scratch/frd_muziyao/SHUD-OpenMP/SHUD/Basins/heihe_x4/forcing/X100.35Y38.85.csv
	 Reading 1160/1693: 	/scratch/frd_muziyao/SHUD-OpenMP/SHUD/Basins/heihe_x4/forcing/X100.35Y38.95.csv
	 Reading 1161/1693: 	/scratch/frd_muziyao/SHUD-OpenMP/SHUD/Basins/heihe_x4/forcing/X100.35Y39.05.csv
	 Reading 1162/1693: 	/scratch/frd_muziyao/SHUD-OpenMP/SHUD/Basins/heihe_x4/forcing/X100.35Y39.15.csv
	 Reading 1163/1693: 	/scratch/frd_muziyao/SHUD-OpenMP/SHUD/Basins/heihe_x4/forcing/X100.35Y39.25.csv
	 Reading 1164/1693: 	/scratch/frd_muziyao/SHUD-OpenMP/SHUD/Basins/heihe_x4/forcing/X100.35Y39.35.csv
	 Reading 1165/1693: 	/scratch/frd_muziyao/SHUD-OpenMP/SHUD/Basins/heihe_x4/forcing/X100.35Y39.45.csv
	 Reading 1166/1693: 	/scratch/frd_muziyao/SHUD-OpenMP/SHUD/Basins/heihe_x4/forcing/X100.35Y39.55.csv
	 Reading 1167/1693: 	/scratch/frd_muziyao/SHUD-OpenMP/SHUD/Basins/heihe_x4/forcing/X100.35Y40.35.csv
	 Reading 1168/1693: 	/scratch/frd_muziyao/SHUD-OpenMP/SHUD/Basins/heihe_x4/forcing/X100.35Y40.45.csv
	 Reading 1169/1693: 	/scratch/frd_muziyao/SHUD-OpenMP/SHUD/Basins/heihe_x4/forcing/X100.35Y40.55.csv
	 Reading 1170/1693: 	/scratch/frd_muziyao/SHUD-OpenMP/SHUD/Basins/heihe_x4/forcing/X100.35Y40.65.csv
	 Reading 1171/1693: 	/scratch/frd_muziyao/SHUD-OpenMP/SHUD/Basins/heihe_x4/forcing/X100.35Y40.75.csv
	 Reading 1172/1693: 	/scratch/frd_muziyao/SHUD-OpenMP/SHUD/Basins/heihe_x4/forcing/X100.35Y40.85.csv
	 Reading 1173/1693: 	/scratch/frd_muziyao/SHUD-OpenMP/SHUD/Basins/heihe_x4/forcing/X100.35Y40.95.csv
	 Reading 1174/1693: 	/scratch/frd_muziyao/SHUD-OpenMP/SHUD/Basins/heihe_x4/forcing/X100.35Y41.05.csv
	 Reading 1175/1693: 	/scratch/frd_muziyao/SHUD-OpenMP/SHUD/Basins/heihe_x4/forcing/X100.35Y41.15.csv
	 Reading 1176/1693: 	/scratch/frd_muziyao/SHUD-OpenMP/SHUD/Basins/heihe_x4/forcing/X100.35Y41.25.csv
	 Reading 1177/1693: 	/scratch/frd_muziyao/SHUD-OpenMP/SHUD/Basins/heihe_x4/forcing/X100.35Y41.35.csv
	 Reading 1178/1693: 	/scratch/frd_muziyao/SHUD-OpenMP/SHUD/Basins/heihe_x4/forcing/X100.35Y41.45.csv
	 Reading 1179/1693: 	/scratch/frd_muziyao/SHUD-OpenMP/SHUD/Basins/heihe_x4/forcing/X100.35Y41.55.csv
	 Reading 1180/1693: 	/scratch/frd_muziyao/SHUD-OpenMP/SHUD/Basins/heihe_x4/forcing/X100.35Y41.65.csv
	 Reading 1181/1693: 	/scratch/frd_muziyao/SHUD-OpenMP/SHUD/Basins/heihe_x4/forcing/X100.35Y41.75.csv
	 Reading 1182/1693: 	/scratch/frd_muziyao/SHUD-OpenMP/SHUD/Basins/heihe_x4/forcing/X100.35Y41.85.csv
	 Reading 1183/1693: 	/scratch/frd_muziyao/SHUD-OpenMP/SHUD/Basins/heihe_x4/forcing/X100.35Y41.95.csv
	 Reading 1184/1693: 	/scratch/frd_muziyao/SHUD-OpenMP/SHUD/Basins/heihe_x4/forcing/X100.35Y42.05.csv
	 Reading 1185/1693: 	/scratch/frd_muziyao/SHUD-OpenMP/SHUD/Basins/heihe_x4/forcing/X100.35Y42.15.csv
	 Reading 1186/1693: 	/scratch/frd_muziyao/SHUD-OpenMP/SHUD/Basins/heihe_x4/forcing/X100.35Y42.25.csv
	 Reading 1187/1693: 	/scratch/frd_muziyao/SHUD-OpenMP/SHUD/Basins/heihe_x4/forcing/X100.35Y42.35.csv
	 Reading 1188/1693: 	/scratch/frd_muziyao/SHUD-OpenMP/SHUD/Basins/heihe_x4/forcing/X100.35Y42.45.csv
	 Reading 1189/1693: 	/scratch/frd_muziyao/SHUD-OpenMP/SHUD/Basins/heihe_x4/forcing/X100.35Y42.55.csv
	 Reading 1190/1693: 	/scratch/frd_muziyao/SHUD-OpenMP/SHUD/Basins/heihe_x4/forcing/X100.35Y42.65.csv
	 Reading 1191/1693: 	/scratch/frd_muziyao/SHUD-OpenMP/SHUD/Basins/heihe_x4/forcing/X100.35Y42.75.csv
	 Reading 1192/1693: 	/scratch/frd_muziyao/SHUD-OpenMP/SHUD/Basins/heihe_x4/forcing/X100.45Y37.85.csv
	 Reading 1193/1693: 	/scratch/frd_muziyao/SHUD-OpenMP/SHUD/Basins/heihe_x4/forcing/X100.45Y37.95.csv
	 Reading 1194/1693: 	/scratch/frd_muziyao/SHUD-OpenMP/SHUD/Basins/heihe_x4/forcing/X100.45Y38.05.csv
	 Reading 1195/1693: 	/scratch/frd_muziyao/SHUD-OpenMP/SHUD/Basins/heihe_x4/forcing/X100.45Y38.15.csv
	 Reading 1196/1693: 	/scratch/frd_muziyao/SHUD-OpenMP/SHUD/Basins/heihe_x4/forcing/X100.45Y38.25.csv
	 Reading 1197/1693: 	/scratch/frd_muziyao/SHUD-OpenMP/SHUD/Basins/heihe_x4/forcing/X100.45Y38.35.csv
	 Reading 1198/1693: 	/scratch/frd_muziyao/SHUD-OpenMP/SHUD/Basins/heihe_x4/forcing/X100.45Y38.45.csv
	 Reading 1199/1693: 	/scratch/frd_muziyao/SHUD-OpenMP/SHUD/Basins/heihe_x4/forcing/X100.45Y38.55.csv
	 Reading 1200/1693: 	/scratch/frd_muziyao/SHUD-OpenMP/SHUD/Basins/heihe_x4/forcing/X100.45Y38.65.csv
	 Reading 1201/1693: 	/scratch/frd_muziyao/SHUD-OpenMP/SHUD/Basins/heihe_x4/forcing/X100.45Y38.75.csv
	 Reading 1202/1693: 	/scratch/frd_muziyao/SHUD-OpenMP/SHUD/Basins/heihe_x4/forcing/X100.45Y38.85.csv
	 Reading 1203/1693: 	/scratch/frd_muziyao/SHUD-OpenMP/SHUD/Basins/heihe_x4/forcing/X100.45Y38.95.csv
	 Reading 1204/1693: 	/scratch/frd_muziyao/SHUD-OpenMP/SHUD/Basins/heihe_x4/forcing/X100.45Y39.05.csv
	 Reading 1205/1693: 	/scratch/frd_muziyao/SHUD-OpenMP/SHUD/Basins/heihe_x4/forcing/X100.45Y39.15.csv
	 Reading 1206/1693: 	/scratch/frd_muziyao/SHUD-OpenMP/SHUD/Basins/heihe_x4/forcing/X100.45Y39.25.csv
	 Reading 1207/1693: 	/scratch/frd_muziyao/SHUD-OpenMP/SHUD/Basins/heihe_x4/forcing/X100.45Y39.35.csv
	 Reading 1208/1693: 	/scratch/frd_muziyao/SHUD-OpenMP/SHUD/Basins/heihe_x4/forcing/X100.45Y39.45.csv
	 Reading 1209/1693: 	/scratch/frd_muziyao/SHUD-OpenMP/SHUD/Basins/heihe_x4/forcing/X100.45Y39.55.csv
	 Reading 1210/1693: 	/scratch/frd_muziyao/SHUD-OpenMP/SHUD/Basins/heihe_x4/forcing/X100.45Y40.35.csv
	 Reading 1211/1693: 	/scratch/frd_muziyao/SHUD-OpenMP/SHUD/Basins/heihe_x4/forcing/X100.45Y40.45.csv
	 Reading 1212/1693: 	/scratch/frd_muziyao/SHUD-OpenMP/SHUD/Basins/heihe_x4/forcing/X100.45Y40.55.csv
	 Reading 1213/1693: 	/scratch/frd_muziyao/SHUD-OpenMP/SHUD/Basins/heihe_x4/forcing/X100.45Y40.65.csv
	 Reading 1214/1693: 	/scratch/frd_muziyao/SHUD-OpenMP/SHUD/Basins/heihe_x4/forcing/X100.45Y40.75.csv
	 Reading 1215/1693: 	/scratch/frd_muziyao/SHUD-OpenMP/SHUD/Basins/heihe_x4/forcing/X100.45Y40.85.csv
	 Reading 1216/1693: 	/scratch/frd_muziyao/SHUD-OpenMP/SHUD/Basins/heihe_x4/forcing/X100.45Y40.95.csv
	 Reading 1217/1693: 	/scratch/frd_muziyao/SHUD-OpenMP/SHUD/Basins/heihe_x4/forcing/X100.45Y41.05.csv
	 Reading 1218/1693: 	/scratch/frd_muziyao/SHUD-OpenMP/SHUD/Basins/heihe_x4/forcing/X100.45Y41.15.csv
	 Reading 1219/1693: 	/scratch/frd_muziyao/SHUD-OpenMP/SHUD/Basins/heihe_x4/forcing/X100.45Y41.25.csv
	 Reading 1220/1693: 	/scratch/frd_muziyao/SHUD-OpenMP/SHUD/Basins/heihe_x4/forcing/X100.45Y41.35.csv
	 Reading 1221/1693: 	/scratch/frd_muziyao/SHUD-OpenMP/SHUD/Basins/heihe_x4/forcing/X100.45Y41.45.csv
	 Reading 1222/1693: 	/scratch/frd_muziyao/SHUD-OpenMP/SHUD/Basins/heihe_x4/forcing/X100.45Y41.55.csv
	 Reading 1223/1693: 	/scratch/frd_muziyao/SHUD-OpenMP/SHUD/Basins/heihe_x4/forcing/X100.45Y41.65.csv
	 Reading 1224/1693: 	/scratch/frd_muziyao/SHUD-OpenMP/SHUD/Basins/heihe_x4/forcing/X100.45Y41.75.csv
	 Reading 1225/1693: 	/scratch/frd_muziyao/SHUD-OpenMP/SHUD/Basins/heihe_x4/forcing/X100.45Y41.85.csv
	 Reading 1226/1693: 	/scratch/frd_muziyao/SHUD-OpenMP/SHUD/Basins/heihe_x4/forcing/X100.45Y41.95.csv
	 Reading 1227/1693: 	/scratch/frd_muziyao/SHUD-OpenMP/SHUD/Basins/heihe_x4/forcing/X100.45Y42.05.csv
	 Reading 1228/1693: 	/scratch/frd_muziyao/SHUD-OpenMP/SHUD/Basins/heihe_x4/forcing/X100.45Y42.15.csv
	 Reading 1229/1693: 	/scratch/frd_muziyao/SHUD-OpenMP/SHUD/Basins/heihe_x4/forcing/X100.45Y42.25.csv
	 Reading 1230/1693: 	/scratch/frd_muziyao/SHUD-OpenMP/SHUD/Basins/heihe_x4/forcing/X100.45Y42.35.csv
	 Reading 1231/1693: 	/scratch/frd_muziyao/SHUD-OpenMP/SHUD/Basins/heihe_x4/forcing/X100.45Y42.45.csv
	 Reading 1232/1693: 	/scratch/frd_muziyao/SHUD-OpenMP/SHUD/Basins/heihe_x4/forcing/X100.45Y42.55.csv
	 Reading 1233/1693: 	/scratch/frd_muziyao/SHUD-OpenMP/SHUD/Basins/heihe_x4/forcing/X100.45Y42.65.csv
	 Reading 1234/1693: 	/scratch/frd_muziyao/SHUD-OpenMP/SHUD/Basins/heihe_x4/forcing/X100.45Y42.75.csv
	 Reading 1235/1693: 	/scratch/frd_muziyao/SHUD-OpenMP/SHUD/Basins/heihe_x4/forcing/X100.55Y37.85.csv
	 Reading 1236/1693: 	/scratch/frd_muziyao/SHUD-OpenMP/SHUD/Basins/heihe_x4/forcing/X100.55Y37.95.csv
	 Reading 1237/1693: 	/scratch/frd_muziyao/SHUD-OpenMP/SHUD/Basins/heihe_x4/forcing/X100.55Y38.05.csv
	 Reading 1238/1693: 	/scratch/frd_muziyao/SHUD-OpenMP/SHUD/Basins/heihe_x4/forcing/X100.55Y38.15.csv
	 Reading 1239/1693: 	/scratch/frd_muziyao/SHUD-OpenMP/SHUD/Basins/heihe_x4/forcing/X100.55Y38.25.csv
	 Reading 1240/1693: 	/scratch/frd_muziyao/SHUD-OpenMP/SHUD/Basins/heihe_x4/forcing/X100.55Y38.35.csv
	 Reading 1241/1693: 	/scratch/frd_muziyao/SHUD-OpenMP/SHUD/Basins/heihe_x4/forcing/X100.55Y38.45.csv
	 Reading 1242/1693: 	/scratch/frd_muziyao/SHUD-OpenMP/SHUD/Basins/heihe_x4/forcing/X100.55Y38.55.csv
	 Reading 1243/1693: 	/scratch/frd_muziyao/SHUD-OpenMP/SHUD/Basins/heihe_x4/forcing/X100.55Y38.65.csv
	 Reading 1244/1693: 	/scratch/frd_muziyao/SHUD-OpenMP/SHUD/Basins/heihe_x4/forcing/X100.55Y38.75.csv
	 Reading 1245/1693: 	/scratch/frd_muziyao/SHUD-OpenMP/SHUD/Basins/heihe_x4/forcing/X100.55Y38.85.csv
	 Reading 1246/1693: 	/scratch/frd_muziyao/SHUD-OpenMP/SHUD/Basins/heihe_x4/forcing/X100.55Y38.95.csv
	 Reading 1247/1693: 	/scratch/frd_muziyao/SHUD-OpenMP/SHUD/Basins/heihe_x4/forcing/X100.55Y39.05.csv
	 Reading 1248/1693: 	/scratch/frd_muziyao/SHUD-OpenMP/SHUD/Basins/heihe_x4/forcing/X100.55Y39.15.csv
	 Reading 1249/1693: 	/scratch/frd_muziyao/SHUD-OpenMP/SHUD/Basins/heihe_x4/forcing/X100.55Y39.25.csv
	 Reading 1250/1693: 	/scratch/frd_muziyao/SHUD-OpenMP/SHUD/Basins/heihe_x4/forcing/X100.55Y39.35.csv
	 Reading 1251/1693: 	/scratch/frd_muziyao/SHUD-OpenMP/SHUD/Basins/heihe_x4/forcing/X100.55Y39.45.csv
	 Reading 1252/1693: 	/scratch/frd_muziyao/SHUD-OpenMP/SHUD/Basins/heihe_x4/forcing/X100.55Y39.55.csv
	 Reading 1253/1693: 	/scratch/frd_muziyao/SHUD-OpenMP/SHUD/Basins/heihe_x4/forcing/X100.55Y40.35.csv
	 Reading 1254/1693: 	/scratch/frd_muziyao/SHUD-OpenMP/SHUD/Basins/heihe_x4/forcing/X100.55Y40.45.csv
	 Reading 1255/1693: 	/scratch/frd_muziyao/SHUD-OpenMP/SHUD/Basins/heihe_x4/forcing/X100.55Y40.55.csv
	 Reading 1256/1693: 	/scratch/frd_muziyao/SHUD-OpenMP/SHUD/Basins/heihe_x4/forcing/X100.55Y40.65.csv
	 Reading 1257/1693: 	/scratch/frd_muziyao/SHUD-OpenMP/SHUD/Basins/heihe_x4/forcing/X100.55Y40.75.csv
	 Reading 1258/1693: 	/scratch/frd_muziyao/SHUD-OpenMP/SHUD/Basins/heihe_x4/forcing/X100.55Y40.85.csv
	 Reading 1259/1693: 	/scratch/frd_muziyao/SHUD-OpenMP/SHUD/Basins/heihe_x4/forcing/X100.55Y40.95.csv
	 Reading 1260/1693: 	/scratch/frd_muziyao/SHUD-OpenMP/SHUD/Basins/heihe_x4/forcing/X100.55Y41.05.csv
	 Reading 1261/1693: 	/scratch/frd_muziyao/SHUD-OpenMP/SHUD/Basins/heihe_x4/forcing/X100.55Y41.15.csv
	 Reading 1262/1693: 	/scratch/frd_muziyao/SHUD-OpenMP/SHUD/Basins/heihe_x4/forcing/X100.55Y41.25.csv
	 Reading 1263/1693: 	/scratch/frd_muziyao/SHUD-OpenMP/SHUD/Basins/heihe_x4/forcing/X100.55Y41.35.csv
	 Reading 1264/1693: 	/scratch/frd_muziyao/SHUD-OpenMP/SHUD/Basins/heihe_x4/forcing/X100.55Y41.45.csv
	 Reading 1265/1693: 	/scratch/frd_muziyao/SHUD-OpenMP/SHUD/Basins/heihe_x4/forcing/X100.55Y41.55.csv
	 Reading 1266/1693: 	/scratch/frd_muziyao/SHUD-OpenMP/SHUD/Basins/heihe_x4/forcing/X100.55Y41.65.csv
	 Reading 1267/1693: 	/scratch/frd_muziyao/SHUD-OpenMP/SHUD/Basins/heihe_x4/forcing/X100.55Y41.75.csv
	 Reading 1268/1693: 	/scratch/frd_muziyao/SHUD-OpenMP/SHUD/Basins/heihe_x4/forcing/X100.55Y41.85.csv
	 Reading 1269/1693: 	/scratch/frd_muziyao/SHUD-OpenMP/SHUD/Basins/heihe_x4/forcing/X100.55Y41.95.csv
	 Reading 1270/1693: 	/scratch/frd_muziyao/SHUD-OpenMP/SHUD/Basins/heihe_x4/forcing/X100.55Y42.05.csv
	 Reading 1271/1693: 	/scratch/frd_muziyao/SHUD-OpenMP/SHUD/Basins/heihe_x4/forcing/X100.55Y42.15.csv
	 Reading 1272/1693: 	/scratch/frd_muziyao/SHUD-OpenMP/SHUD/Basins/heihe_x4/forcing/X100.55Y42.25.csv
	 Reading 1273/1693: 	/scratch/frd_muziyao/SHUD-OpenMP/SHUD/Basins/heihe_x4/forcing/X100.55Y42.35.csv
	 Reading 1274/1693: 	/scratch/frd_muziyao/SHUD-OpenMP/SHUD/Basins/heihe_x4/forcing/X100.55Y42.45.csv
	 Reading 1275/1693: 	/scratch/frd_muziyao/SHUD-OpenMP/SHUD/Basins/heihe_x4/forcing/X100.55Y42.55.csv
	 Reading 1276/1693: 	/scratch/frd_muziyao/SHUD-OpenMP/SHUD/Basins/heihe_x4/forcing/X100.55Y42.65.csv
	 Reading 1277/1693: 	/scratch/frd_muziyao/SHUD-OpenMP/SHUD/Basins/heihe_x4/forcing/X100.55Y42.75.csv
	 Reading 1278/1693: 	/scratch/frd_muziyao/SHUD-OpenMP/SHUD/Basins/heihe_x4/forcing/X100.65Y37.75.csv
	 Reading 1279/1693: 	/scratch/frd_muziyao/SHUD-OpenMP/SHUD/Basins/heihe_x4/forcing/X100.65Y37.85.csv
	 Reading 1280/1693: 	/scratch/frd_muziyao/SHUD-OpenMP/SHUD/Basins/heihe_x4/forcing/X100.65Y37.95.csv
	 Reading 1281/1693: 	/scratch/frd_muziyao/SHUD-OpenMP/SHUD/Basins/heihe_x4/forcing/X100.65Y38.05.csv
	 Reading 1282/1693: 	/scratch/frd_muziyao/SHUD-OpenMP/SHUD/Basins/heihe_x4/forcing/X100.65Y38.15.csv
	 Reading 1283/1693: 	/scratch/frd_muziyao/SHUD-OpenMP/SHUD/Basins/heihe_x4/forcing/X100.65Y38.25.csv
	 Reading 1284/1693: 	/scratch/frd_muziyao/SHUD-OpenMP/SHUD/Basins/heihe_x4/forcing/X100.65Y38.35.csv
	 Reading 1285/1693: 	/scratch/frd_muziyao/SHUD-OpenMP/SHUD/Basins/heihe_x4/forcing/X100.65Y38.45.csv
	 Reading 1286/1693: 	/scratch/frd_muziyao/SHUD-OpenMP/SHUD/Basins/heihe_x4/forcing/X100.65Y38.55.csv
	 Reading 1287/1693: 	/scratch/frd_muziyao/SHUD-OpenMP/SHUD/Basins/heihe_x4/forcing/X100.65Y38.65.csv
	 Reading 1288/1693: 	/scratch/frd_muziyao/SHUD-OpenMP/SHUD/Basins/heihe_x4/forcing/X100.65Y38.75.csv
	 Reading 1289/1693: 	/scratch/frd_muziyao/SHUD-OpenMP/SHUD/Basins/heihe_x4/forcing/X100.65Y38.85.csv
	 Reading 1290/1693: 	/scratch/frd_muziyao/SHUD-OpenMP/SHUD/Basins/heihe_x4/forcing/X100.65Y38.95.csv
	 Reading 1291/1693: 	/scratch/frd_muziyao/SHUD-OpenMP/SHUD/Basins/heihe_x4/forcing/X100.65Y39.05.csv
	 Reading 1292/1693: 	/scratch/frd_muziyao/SHUD-OpenMP/SHUD/Basins/heihe_x4/forcing/X100.65Y39.15.csv
	 Reading 1293/1693: 	/scratch/frd_muziyao/SHUD-OpenMP/SHUD/Basins/heihe_x4/forcing/X100.65Y39.25.csv
	 Reading 1294/1693: 	/scratch/frd_muziyao/SHUD-OpenMP/SHUD/Basins/heihe_x4/forcing/X100.65Y39.35.csv
	 Reading 1295/1693: 	/scratch/frd_muziyao/SHUD-OpenMP/SHUD/Basins/heihe_x4/forcing/X100.65Y39.45.csv
	 Reading 1296/1693: 	/scratch/frd_muziyao/SHUD-OpenMP/SHUD/Basins/heihe_x4/forcing/X100.65Y39.55.csv
	 Reading 1297/1693: 	/scratch/frd_muziyao/SHUD-OpenMP/SHUD/Basins/heihe_x4/forcing/X100.65Y40.45.csv
	 Reading 1298/1693: 	/scratch/frd_muziyao/SHUD-OpenMP/SHUD/Basins/heihe_x4/forcing/X100.65Y40.55.csv
	 Reading 1299/1693: 	/scratch/frd_muziyao/SHUD-OpenMP/SHUD/Basins/heihe_x4/forcing/X100.65Y40.65.csv
	 Reading 1300/1693: 	/scratch/frd_muziyao/SHUD-OpenMP/SHUD/Basins/heihe_x4/forcing/X100.65Y40.75.csv
	 Reading 1301/1693: 	/scratch/frd_muziyao/SHUD-OpenMP/SHUD/Basins/heihe_x4/forcing/X100.65Y40.85.csv
	 Reading 1302/1693: 	/scratch/frd_muziyao/SHUD-OpenMP/SHUD/Basins/heihe_x4/forcing/X100.65Y40.95.csv
	 Reading 1303/1693: 	/scratch/frd_muziyao/SHUD-OpenMP/SHUD/Basins/heihe_x4/forcing/X100.65Y41.05.csv
	 Reading 1304/1693: 	/scratch/frd_muziyao/SHUD-OpenMP/SHUD/Basins/heihe_x4/forcing/X100.65Y41.15.csv
	 Reading 1305/1693: 	/scratch/frd_muziyao/SHUD-OpenMP/SHUD/Basins/heihe_x4/forcing/X100.65Y41.25.csv
	 Reading 1306/1693: 	/scratch/frd_muziyao/SHUD-OpenMP/SHUD/Basins/heihe_x4/forcing/X100.65Y41.35.csv
	 Reading 1307/1693: 	/scratch/frd_muziyao/SHUD-OpenMP/SHUD/Basins/heihe_x4/forcing/X100.65Y41.45.csv
	 Reading 1308/1693: 	/scratch/frd_muziyao/SHUD-OpenMP/SHUD/Basins/heihe_x4/forcing/X100.65Y41.55.csv
	 Reading 1309/1693: 	/scratch/frd_muziyao/SHUD-OpenMP/SHUD/Basins/heihe_x4/forcing/X100.65Y41.65.csv
	 Reading 1310/1693: 	/scratch/frd_muziyao/SHUD-OpenMP/SHUD/Basins/heihe_x4/forcing/X100.65Y41.75.csv
	 Reading 1311/1693: 	/scratch/frd_muziyao/SHUD-OpenMP/SHUD/Basins/heihe_x4/forcing/X100.65Y41.85.csv
	 Reading 1312/1693: 	/scratch/frd_muziyao/SHUD-OpenMP/SHUD/Basins/heihe_x4/forcing/X100.65Y41.95.csv
	 Reading 1313/1693: 	/scratch/frd_muziyao/SHUD-OpenMP/SHUD/Basins/heihe_x4/forcing/X100.65Y42.05.csv
	 Reading 1314/1693: 	/scratch/frd_muziyao/SHUD-OpenMP/SHUD/Basins/heihe_x4/forcing/X100.65Y42.15.csv
	 Reading 1315/1693: 	/scratch/frd_muziyao/SHUD-OpenMP/SHUD/Basins/heihe_x4/forcing/X100.65Y42.25.csv
	 Reading 1316/1693: 	/scratch/frd_muziyao/SHUD-OpenMP/SHUD/Basins/heihe_x4/forcing/X100.65Y42.35.csv
	 Reading 1317/1693: 	/scratch/frd_muziyao/SHUD-OpenMP/SHUD/Basins/heihe_x4/forcing/X100.65Y42.45.csv
	 Reading 1318/1693: 	/scratch/frd_muziyao/SHUD-OpenMP/SHUD/Basins/heihe_x4/forcing/X100.65Y42.55.csv
	 Reading 1319/1693: 	/scratch/frd_muziyao/SHUD-OpenMP/SHUD/Basins/heihe_x4/forcing/X100.65Y42.65.csv
	 Reading 1320/1693: 	/scratch/frd_muziyao/SHUD-OpenMP/SHUD/Basins/heihe_x4/forcing/X100.65Y42.75.csv
	 Reading 1321/1693: 	/scratch/frd_muziyao/SHUD-OpenMP/SHUD/Basins/heihe_x4/forcing/X100.75Y37.75.csv
	 Reading 1322/1693: 	/scratch/frd_muziyao/SHUD-OpenMP/SHUD/Basins/heihe_x4/forcing/X100.75Y37.85.csv
	 Reading 1323/1693: 	/scratch/frd_muziyao/SHUD-OpenMP/SHUD/Basins/heihe_x4/forcing/X100.75Y37.95.csv
	 Reading 1324/1693: 	/scratch/frd_muziyao/SHUD-OpenMP/SHUD/Basins/heihe_x4/forcing/X100.75Y38.05.csv
	 Reading 1325/1693: 	/scratch/frd_muziyao/SHUD-OpenMP/SHUD/Basins/heihe_x4/forcing/X100.75Y38.15.csv
	 Reading 1326/1693: 	/scratch/frd_muziyao/SHUD-OpenMP/SHUD/Basins/heihe_x4/forcing/X100.75Y38.25.csv
	 Reading 1327/1693: 	/scratch/frd_muziyao/SHUD-OpenMP/SHUD/Basins/heihe_x4/forcing/X100.75Y38.35.csv
	 Reading 1328/1693: 	/scratch/frd_muziyao/SHUD-OpenMP/SHUD/Basins/heihe_x4/forcing/X100.75Y38.45.csv
	 Reading 1329/1693: 	/scratch/frd_muziyao/SHUD-OpenMP/SHUD/Basins/heihe_x4/forcing/X100.75Y38.55.csv
	 Reading 1330/1693: 	/scratch/frd_muziyao/SHUD-OpenMP/SHUD/Basins/heihe_x4/forcing/X100.75Y38.65.csv
	 Reading 1331/1693: 	/scratch/frd_muziyao/SHUD-OpenMP/SHUD/Basins/heihe_x4/forcing/X100.75Y38.75.csv
	 Reading 1332/1693: 	/scratch/frd_muziyao/SHUD-OpenMP/SHUD/Basins/heihe_x4/forcing/X100.75Y38.85.csv
	 Reading 1333/1693: 	/scratch/frd_muziyao/SHUD-OpenMP/SHUD/Basins/heihe_x4/forcing/X100.75Y38.95.csv
	 Reading 1334/1693: 	/scratch/frd_muziyao/SHUD-OpenMP/SHUD/Basins/heihe_x4/forcing/X100.75Y39.05.csv
	 Reading 1335/1693: 	/scratch/frd_muziyao/SHUD-OpenMP/SHUD/Basins/heihe_x4/forcing/X100.75Y39.15.csv
	 Reading 1336/1693: 	/scratch/frd_muziyao/SHUD-OpenMP/SHUD/Basins/heihe_x4/forcing/X100.75Y39.25.csv
	 Reading 1337/1693: 	/scratch/frd_muziyao/SHUD-OpenMP/SHUD/Basins/heihe_x4/forcing/X100.75Y39.35.csv
	 Reading 1338/1693: 	/scratch/frd_muziyao/SHUD-OpenMP/SHUD/Basins/heihe_x4/forcing/X100.75Y39.45.csv
	 Reading 1339/1693: 	/scratch/frd_muziyao/SHUD-OpenMP/SHUD/Basins/heihe_x4/forcing/X100.75Y40.45.csv
	 Reading 1340/1693: 	/scratch/frd_muziyao/SHUD-OpenMP/SHUD/Basins/heihe_x4/forcing/X100.75Y40.55.csv
	 Reading 1341/1693: 	/scratch/frd_muziyao/SHUD-OpenMP/SHUD/Basins/heihe_x4/forcing/X100.75Y40.65.csv
	 Reading 1342/1693: 	/scratch/frd_muziyao/SHUD-OpenMP/SHUD/Basins/heihe_x4/forcing/X100.75Y40.75.csv
	 Reading 1343/1693: 	/scratch/frd_muziyao/SHUD-OpenMP/SHUD/Basins/heihe_x4/forcing/X100.75Y40.85.csv
	 Reading 1344/1693: 	/scratch/frd_muziyao/SHUD-OpenMP/SHUD/Basins/heihe_x4/forcing/X100.75Y40.95.csv
	 Reading 1345/1693: 	/scratch/frd_muziyao/SHUD-OpenMP/SHUD/Basins/heihe_x4/forcing/X100.75Y41.05.csv
	 Reading 1346/1693: 	/scratch/frd_muziyao/SHUD-OpenMP/SHUD/Basins/heihe_x4/forcing/X100.75Y41.15.csv
	 Reading 1347/1693: 	/scratch/frd_muziyao/SHUD-OpenMP/SHUD/Basins/heihe_x4/forcing/X100.75Y41.25.csv
	 Reading 1348/1693: 	/scratch/frd_muziyao/SHUD-OpenMP/SHUD/Basins/heihe_x4/forcing/X100.75Y41.35.csv
	 Reading 1349/1693: 	/scratch/frd_muziyao/SHUD-OpenMP/SHUD/Basins/heihe_x4/forcing/X100.75Y41.45.csv
	 Reading 1350/1693: 	/scratch/frd_muziyao/SHUD-OpenMP/SHUD/Basins/heihe_x4/forcing/X100.75Y41.55.csv
	 Reading 1351/1693: 	/scratch/frd_muziyao/SHUD-OpenMP/SHUD/Basins/heihe_x4/forcing/X100.75Y41.65.csv
	 Reading 1352/1693: 	/scratch/frd_muziyao/SHUD-OpenMP/SHUD/Basins/heihe_x4/forcing/X100.75Y41.75.csv
	 Reading 1353/1693: 	/scratch/frd_muziyao/SHUD-OpenMP/SHUD/Basins/heihe_x4/forcing/X100.75Y41.85.csv
	 Reading 1354/1693: 	/scratch/frd_muziyao/SHUD-OpenMP/SHUD/Basins/heihe_x4/forcing/X100.75Y41.95.csv
	 Reading 1355/1693: 	/scratch/frd_muziyao/SHUD-OpenMP/SHUD/Basins/heihe_x4/forcing/X100.75Y42.05.csv
	 Reading 1356/1693: 	/scratch/frd_muziyao/SHUD-OpenMP/SHUD/Basins/heihe_x4/forcing/X100.75Y42.15.csv
	 Reading 1357/1693: 	/scratch/frd_muziyao/SHUD-OpenMP/SHUD/Basins/heihe_x4/forcing/X100.75Y42.25.csv
	 Reading 1358/1693: 	/scratch/frd_muziyao/SHUD-OpenMP/SHUD/Basins/heihe_x4/forcing/X100.75Y42.35.csv
	 Reading 1359/1693: 	/scratch/frd_muziyao/SHUD-OpenMP/SHUD/Basins/heihe_x4/forcing/X100.75Y42.45.csv
	 Reading 1360/1693: 	/scratch/frd_muziyao/SHUD-OpenMP/SHUD/Basins/heihe_x4/forcing/X100.75Y42.55.csv
	 Reading 1361/1693: 	/scratch/frd_muziyao/SHUD-OpenMP/SHUD/Basins/heihe_x4/forcing/X100.75Y42.65.csv
	 Reading 1362/1693: 	/scratch/frd_muziyao/SHUD-OpenMP/SHUD/Basins/heihe_x4/forcing/X100.75Y42.75.csv
	 Reading 1363/1693: 	/scratch/frd_muziyao/SHUD-OpenMP/SHUD/Basins/heihe_x4/forcing/X100.85Y37.75.csv
	 Reading 1364/1693: 	/scratch/frd_muziyao/SHUD-OpenMP/SHUD/Basins/heihe_x4/forcing/X100.85Y37.85.csv
	 Reading 1365/1693: 	/scratch/frd_muziyao/SHUD-OpenMP/SHUD/Basins/heihe_x4/forcing/X100.85Y37.95.csv
	 Reading 1366/1693: 	/scratch/frd_muziyao/SHUD-OpenMP/SHUD/Basins/heihe_x4/forcing/X100.85Y38.05.csv
	 Reading 1367/1693: 	/scratch/frd_muziyao/SHUD-OpenMP/SHUD/Basins/heihe_x4/forcing/X100.85Y38.15.csv
	 Reading 1368/1693: 	/scratch/frd_muziyao/SHUD-OpenMP/SHUD/Basins/heihe_x4/forcing/X100.85Y38.25.csv
	 Reading 1369/1693: 	/scratch/frd_muziyao/SHUD-OpenMP/SHUD/Basins/heihe_x4/forcing/X100.85Y38.35.csv
	 Reading 1370/1693: 	/scratch/frd_muziyao/SHUD-OpenMP/SHUD/Basins/heihe_x4/forcing/X100.85Y38.45.csv
	 Reading 1371/1693: 	/scratch/frd_muziyao/SHUD-OpenMP/SHUD/Basins/heihe_x4/forcing/X100.85Y38.55.csv
	 Reading 1372/1693: 	/scratch/frd_muziyao/SHUD-OpenMP/SHUD/Basins/heihe_x4/forcing/X100.85Y38.65.csv
	 Reading 1373/1693: 	/scratch/frd_muziyao/SHUD-OpenMP/SHUD/Basins/heihe_x4/forcing/X100.85Y38.75.csv
	 Reading 1374/1693: 	/scratch/frd_muziyao/SHUD-OpenMP/SHUD/Basins/heihe_x4/forcing/X100.85Y38.85.csv
	 Reading 1375/1693: 	/scratch/frd_muziyao/SHUD-OpenMP/SHUD/Basins/heihe_x4/forcing/X100.85Y38.95.csv
	 Reading 1376/1693: 	/scratch/frd_muziyao/SHUD-OpenMP/SHUD/Basins/heihe_x4/forcing/X100.85Y39.05.csv
	 Reading 1377/1693: 	/scratch/frd_muziyao/SHUD-OpenMP/SHUD/Basins/heihe_x4/forcing/X100.85Y40.45.csv
	 Reading 1378/1693: 	/scratch/frd_muziyao/SHUD-OpenMP/SHUD/Basins/heihe_x4/forcing/X100.85Y40.55.csv
	 Reading 1379/1693: 	/scratch/frd_muziyao/SHUD-OpenMP/SHUD/Basins/heihe_x4/forcing/X100.85Y40.65.csv
	 Reading 1380/1693: 	/scratch/frd_muziyao/SHUD-OpenMP/SHUD/Basins/heihe_x4/forcing/X100.85Y40.75.csv
	 Reading 1381/1693: 	/scratch/frd_muziyao/SHUD-OpenMP/SHUD/Basins/heihe_x4/forcing/X100.85Y40.85.csv
	 Reading 1382/1693: 	/scratch/frd_muziyao/SHUD-OpenMP/SHUD/Basins/heihe_x4/forcing/X100.85Y40.95.csv
	 Reading 1383/1693: 	/scratch/frd_muziyao/SHUD-OpenMP/SHUD/Basins/heihe_x4/forcing/X100.85Y41.05.csv
	 Reading 1384/1693: 	/scratch/frd_muziyao/SHUD-OpenMP/SHUD/Basins/heihe_x4/forcing/X100.85Y41.15.csv
	 Reading 1385/1693: 	/scratch/frd_muziyao/SHUD-OpenMP/SHUD/Basins/heihe_x4/forcing/X100.85Y41.25.csv
	 Reading 1386/1693: 	/scratch/frd_muziyao/SHUD-OpenMP/SHUD/Basins/heihe_x4/forcing/X100.85Y41.35.csv
	 Reading 1387/1693: 	/scratch/frd_muziyao/SHUD-OpenMP/SHUD/Basins/heihe_x4/forcing/X100.85Y41.45.csv
	 Reading 1388/1693: 	/scratch/frd_muziyao/SHUD-OpenMP/SHUD/Basins/heihe_x4/forcing/X100.85Y41.55.csv
	 Reading 1389/1693: 	/scratch/frd_muziyao/SHUD-OpenMP/SHUD/Basins/heihe_x4/forcing/X100.85Y41.65.csv
	 Reading 1390/1693: 	/scratch/frd_muziyao/SHUD-OpenMP/SHUD/Basins/heihe_x4/forcing/X100.85Y41.75.csv
	 Reading 1391/1693: 	/scratch/frd_muziyao/SHUD-OpenMP/SHUD/Basins/heihe_x4/forcing/X100.85Y41.85.csv
	 Reading 1392/1693: 	/scratch/frd_muziyao/SHUD-OpenMP/SHUD/Basins/heihe_x4/forcing/X100.85Y41.95.csv
	 Reading 1393/1693: 	/scratch/frd_muziyao/SHUD-OpenMP/SHUD/Basins/heihe_x4/forcing/X100.85Y42.05.csv
	 Reading 1394/1693: 	/scratch/frd_muziyao/SHUD-OpenMP/SHUD/Basins/heihe_x4/forcing/X100.85Y42.15.csv
	 Reading 1395/1693: 	/scratch/frd_muziyao/SHUD-OpenMP/SHUD/Basins/heihe_x4/forcing/X100.85Y42.25.csv
	 Reading 1396/1693: 	/scratch/frd_muziyao/SHUD-OpenMP/SHUD/Basins/heihe_x4/forcing/X100.85Y42.35.csv
	 Reading 1397/1693: 	/scratch/frd_muziyao/SHUD-OpenMP/SHUD/Basins/heihe_x4/forcing/X100.85Y42.45.csv
	 Reading 1398/1693: 	/scratch/frd_muziyao/SHUD-OpenMP/SHUD/Basins/heihe_x4/forcing/X100.85Y42.55.csv
	 Reading 1399/1693: 	/scratch/frd_muziyao/SHUD-OpenMP/SHUD/Basins/heihe_x4/forcing/X100.85Y42.65.csv
	 Reading 1400/1693: 	/scratch/frd_muziyao/SHUD-OpenMP/SHUD/Basins/heihe_x4/forcing/X100.85Y42.75.csv
	 Reading 1401/1693: 	/scratch/frd_muziyao/SHUD-OpenMP/SHUD/Basins/heihe_x4/forcing/X100.95Y37.75.csv
	 Reading 1402/1693: 	/scratch/frd_muziyao/SHUD-OpenMP/SHUD/Basins/heihe_x4/forcing/X100.95Y37.85.csv
	 Reading 1403/1693: 	/scratch/frd_muziyao/SHUD-OpenMP/SHUD/Basins/heihe_x4/forcing/X100.95Y37.95.csv
	 Reading 1404/1693: 	/scratch/frd_muziyao/SHUD-OpenMP/SHUD/Basins/heihe_x4/forcing/X100.95Y38.05.csv
	 Reading 1405/1693: 	/scratch/frd_muziyao/SHUD-OpenMP/SHUD/Basins/heihe_x4/forcing/X100.95Y38.15.csv
	 Reading 1406/1693: 	/scratch/frd_muziyao/SHUD-OpenMP/SHUD/Basins/heihe_x4/forcing/X100.95Y38.25.csv
	 Reading 1407/1693: 	/scratch/frd_muziyao/SHUD-OpenMP/SHUD/Basins/heihe_x4/forcing/X100.95Y38.35.csv
	 Reading 1408/1693: 	/scratch/frd_muziyao/SHUD-OpenMP/SHUD/Basins/heihe_x4/forcing/X100.95Y38.45.csv
	 Reading 1409/1693: 	/scratch/frd_muziyao/SHUD-OpenMP/SHUD/Basins/heihe_x4/forcing/X100.95Y38.55.csv
	 Reading 1410/1693: 	/scratch/frd_muziyao/SHUD-OpenMP/SHUD/Basins/heihe_x4/forcing/X100.95Y38.65.csv
	 Reading 1411/1693: 	/scratch/frd_muziyao/SHUD-OpenMP/SHUD/Basins/heihe_x4/forcing/X100.95Y38.75.csv
	 Reading 1412/1693: 	/scratch/frd_muziyao/SHUD-OpenMP/SHUD/Basins/heihe_x4/forcing/X100.95Y38.85.csv
	 Reading 1413/1693: 	/scratch/frd_muziyao/SHUD-OpenMP/SHUD/Basins/heihe_x4/forcing/X100.95Y38.95.csv
	 Reading 1414/1693: 	/scratch/frd_muziyao/SHUD-OpenMP/SHUD/Basins/heihe_x4/forcing/X100.95Y40.45.csv
	 Reading 1415/1693: 	/scratch/frd_muziyao/SHUD-OpenMP/SHUD/Basins/heihe_x4/forcing/X100.95Y40.55.csv
	 Reading 1416/1693: 	/scratch/frd_muziyao/SHUD-OpenMP/SHUD/Basins/heihe_x4/forcing/X100.95Y40.65.csv
	 Reading 1417/1693: 	/scratch/frd_muziyao/SHUD-OpenMP/SHUD/Basins/heihe_x4/forcing/X100.95Y40.75.csv
	 Reading 1418/1693: 	/scratch/frd_muziyao/SHUD-OpenMP/SHUD/Basins/heihe_x4/forcing/X100.95Y40.85.csv
	 Reading 1419/1693: 	/scratch/frd_muziyao/SHUD-OpenMP/SHUD/Basins/heihe_x4/forcing/X100.95Y40.95.csv
	 Reading 1420/1693: 	/scratch/frd_muziyao/SHUD-OpenMP/SHUD/Basins/heihe_x4/forcing/X100.95Y41.05.csv
	 Reading 1421/1693: 	/scratch/frd_muziyao/SHUD-OpenMP/SHUD/Basins/heihe_x4/forcing/X100.95Y41.15.csv
	 Reading 1422/1693: 	/scratch/frd_muziyao/SHUD-OpenMP/SHUD/Basins/heihe_x4/forcing/X100.95Y41.25.csv
	 Reading 1423/1693: 	/scratch/frd_muziyao/SHUD-OpenMP/SHUD/Basins/heihe_x4/forcing/X100.95Y41.35.csv
	 Reading 1424/1693: 	/scratch/frd_muziyao/SHUD-OpenMP/SHUD/Basins/heihe_x4/forcing/X100.95Y41.45.csv
	 Reading 1425/1693: 	/scratch/frd_muziyao/SHUD-OpenMP/SHUD/Basins/heihe_x4/forcing/X100.95Y41.55.csv
	 Reading 1426/1693: 	/scratch/frd_muziyao/SHUD-OpenMP/SHUD/Basins/heihe_x4/forcing/X100.95Y41.65.csv
	 Reading 1427/1693: 	/scratch/frd_muziyao/SHUD-OpenMP/SHUD/Basins/heihe_x4/forcing/X100.95Y41.75.csv
	 Reading 1428/1693: 	/scratch/frd_muziyao/SHUD-OpenMP/SHUD/Basins/heihe_x4/forcing/X100.95Y41.85.csv
	 Reading 1429/1693: 	/scratch/frd_muziyao/SHUD-OpenMP/SHUD/Basins/heihe_x4/forcing/X100.95Y41.95.csv
	 Reading 1430/1693: 	/scratch/frd_muziyao/SHUD-OpenMP/SHUD/Basins/heihe_x4/forcing/X100.95Y42.05.csv
	 Reading 1431/1693: 	/scratch/frd_muziyao/SHUD-OpenMP/SHUD/Basins/heihe_x4/forcing/X100.95Y42.15.csv
	 Reading 1432/1693: 	/scratch/frd_muziyao/SHUD-OpenMP/SHUD/Basins/heihe_x4/forcing/X100.95Y42.25.csv
	 Reading 1433/1693: 	/scratch/frd_muziyao/SHUD-OpenMP/SHUD/Basins/heihe_x4/forcing/X100.95Y42.35.csv
	 Reading 1434/1693: 	/scratch/frd_muziyao/SHUD-OpenMP/SHUD/Basins/heihe_x4/forcing/X100.95Y42.45.csv
	 Reading 1435/1693: 	/scratch/frd_muziyao/SHUD-OpenMP/SHUD/Basins/heihe_x4/forcing/X100.95Y42.55.csv
	 Reading 1436/1693: 	/scratch/frd_muziyao/SHUD-OpenMP/SHUD/Basins/heihe_x4/forcing/X100.95Y42.65.csv
	 Reading 1437/1693: 	/scratch/frd_muziyao/SHUD-OpenMP/SHUD/Basins/heihe_x4/forcing/X100.95Y42.75.csv
	 Reading 1438/1693: 	/scratch/frd_muziyao/SHUD-OpenMP/SHUD/Basins/heihe_x4/forcing/X101.05Y37.75.csv
	 Reading 1439/1693: 	/scratch/frd_muziyao/SHUD-OpenMP/SHUD/Basins/heihe_x4/forcing/X101.05Y37.85.csv
	 Reading 1440/1693: 	/scratch/frd_muziyao/SHUD-OpenMP/SHUD/Basins/heihe_x4/forcing/X101.05Y37.95.csv
	 Reading 1441/1693: 	/scratch/frd_muziyao/SHUD-OpenMP/SHUD/Basins/heihe_x4/forcing/X101.05Y38.05.csv
	 Reading 1442/1693: 	/scratch/frd_muziyao/SHUD-OpenMP/SHUD/Basins/heihe_x4/forcing/X101.05Y38.15.csv
	 Reading 1443/1693: 	/scratch/frd_muziyao/SHUD-OpenMP/SHUD/Basins/heihe_x4/forcing/X101.05Y38.25.csv
	 Reading 1444/1693: 	/scratch/frd_muziyao/SHUD-OpenMP/SHUD/Basins/heihe_x4/forcing/X101.05Y38.35.csv
	 Reading 1445/1693: 	/scratch/frd_muziyao/SHUD-OpenMP/SHUD/Basins/heihe_x4/forcing/X101.05Y38.45.csv
	 Reading 1446/1693: 	/scratch/frd_muziyao/SHUD-OpenMP/SHUD/Basins/heihe_x4/forcing/X101.05Y38.55.csv
	 Reading 1447/1693: 	/scratch/frd_muziyao/SHUD-OpenMP/SHUD/Basins/heihe_x4/forcing/X101.05Y38.65.csv
	 Reading 1448/1693: 	/scratch/frd_muziyao/SHUD-OpenMP/SHUD/Basins/heihe_x4/forcing/X101.05Y38.75.csv
	 Reading 1449/1693: 	/scratch/frd_muziyao/SHUD-OpenMP/SHUD/Basins/heihe_x4/forcing/X101.05Y38.85.csv
	 Reading 1450/1693: 	/scratch/frd_muziyao/SHUD-OpenMP/SHUD/Basins/heihe_x4/forcing/X101.05Y38.95.csv
	 Reading 1451/1693: 	/scratch/frd_muziyao/SHUD-OpenMP/SHUD/Basins/heihe_x4/forcing/X101.05Y40.45.csv
	 Reading 1452/1693: 	/scratch/frd_muziyao/SHUD-OpenMP/SHUD/Basins/heihe_x4/forcing/X101.05Y40.55.csv
	 Reading 1453/1693: 	/scratch/frd_muziyao/SHUD-OpenMP/SHUD/Basins/heihe_x4/forcing/X101.05Y40.65.csv
	 Reading 1454/1693: 	/scratch/frd_muziyao/SHUD-OpenMP/SHUD/Basins/heihe_x4/forcing/X101.05Y40.75.csv
	 Reading 1455/1693: 	/scratch/frd_muziyao/SHUD-OpenMP/SHUD/Basins/heihe_x4/forcing/X101.05Y40.85.csv
	 Reading 1456/1693: 	/scratch/frd_muziyao/SHUD-OpenMP/SHUD/Basins/heihe_x4/forcing/X101.05Y40.95.csv
	 Reading 1457/1693: 	/scratch/frd_muziyao/SHUD-OpenMP/SHUD/Basins/heihe_x4/forcing/X101.05Y41.05.csv
	 Reading 1458/1693: 	/scratch/frd_muziyao/SHUD-OpenMP/SHUD/Basins/heihe_x4/forcing/X101.05Y41.15.csv
	 Reading 1459/1693: 	/scratch/frd_muziyao/SHUD-OpenMP/SHUD/Basins/heihe_x4/forcing/X101.05Y41.25.csv
	 Reading 1460/1693: 	/scratch/frd_muziyao/SHUD-OpenMP/SHUD/Basins/heihe_x4/forcing/X101.05Y41.35.csv
	 Reading 1461/1693: 	/scratch/frd_muziyao/SHUD-OpenMP/SHUD/Basins/heihe_x4/forcing/X101.05Y41.45.csv
	 Reading 1462/1693: 	/scratch/frd_muziyao/SHUD-OpenMP/SHUD/Basins/heihe_x4/forcing/X101.05Y41.55.csv
	 Reading 1463/1693: 	/scratch/frd_muziyao/SHUD-OpenMP/SHUD/Basins/heihe_x4/forcing/X101.05Y41.65.csv
	 Reading 1464/1693: 	/scratch/frd_muziyao/SHUD-OpenMP/SHUD/Basins/heihe_x4/forcing/X101.05Y41.75.csv
	 Reading 1465/1693: 	/scratch/frd_muziyao/SHUD-OpenMP/SHUD/Basins/heihe_x4/forcing/X101.05Y41.85.csv
	 Reading 1466/1693: 	/scratch/frd_muziyao/SHUD-OpenMP/SHUD/Basins/heihe_x4/forcing/X101.05Y41.95.csv
	 Reading 1467/1693: 	/scratch/frd_muziyao/SHUD-OpenMP/SHUD/Basins/heihe_x4/forcing/X101.05Y42.05.csv
	 Reading 1468/1693: 	/scratch/frd_muziyao/SHUD-OpenMP/SHUD/Basins/heihe_x4/forcing/X101.05Y42.15.csv
	 Reading 1469/1693: 	/scratch/frd_muziyao/SHUD-OpenMP/SHUD/Basins/heihe_x4/forcing/X101.05Y42.25.csv
	 Reading 1470/1693: 	/scratch/frd_muziyao/SHUD-OpenMP/SHUD/Basins/heihe_x4/forcing/X101.05Y42.35.csv
	 Reading 1471/1693: 	/scratch/frd_muziyao/SHUD-OpenMP/SHUD/Basins/heihe_x4/forcing/X101.05Y42.45.csv
	 Reading 1472/1693: 	/scratch/frd_muziyao/SHUD-OpenMP/SHUD/Basins/heihe_x4/forcing/X101.05Y42.55.csv
	 Reading 1473/1693: 	/scratch/frd_muziyao/SHUD-OpenMP/SHUD/Basins/heihe_x4/forcing/X101.05Y42.65.csv
	 Reading 1474/1693: 	/scratch/frd_muziyao/SHUD-OpenMP/SHUD/Basins/heihe_x4/forcing/X101.15Y37.75.csv
	 Reading 1475/1693: 	/scratch/frd_muziyao/SHUD-OpenMP/SHUD/Basins/heihe_x4/forcing/X101.15Y37.85.csv
	 Reading 1476/1693: 	/scratch/frd_muziyao/SHUD-OpenMP/SHUD/Basins/heihe_x4/forcing/X101.15Y37.95.csv
	 Reading 1477/1693: 	/scratch/frd_muziyao/SHUD-OpenMP/SHUD/Basins/heihe_x4/forcing/X101.15Y38.05.csv
	 Reading 1478/1693: 	/scratch/frd_muziyao/SHUD-OpenMP/SHUD/Basins/heihe_x4/forcing/X101.15Y38.15.csv
	 Reading 1479/1693: 	/scratch/frd_muziyao/SHUD-OpenMP/SHUD/Basins/heihe_x4/forcing/X101.15Y38.25.csv
	 Reading 1480/1693: 	/scratch/frd_muziyao/SHUD-OpenMP/SHUD/Basins/heihe_x4/forcing/X101.15Y38.35.csv
	 Reading 1481/1693: 	/scratch/frd_muziyao/SHUD-OpenMP/SHUD/Basins/heihe_x4/forcing/X101.15Y38.45.csv
	 Reading 1482/1693: 	/scratch/frd_muziyao/SHUD-OpenMP/SHUD/Basins/heihe_x4/forcing/X101.15Y38.55.csv
	 Reading 1483/1693: 	/scratch/frd_muziyao/SHUD-OpenMP/SHUD/Basins/heihe_x4/forcing/X101.15Y38.65.csv
	 Reading 1484/1693: 	/scratch/frd_muziyao/SHUD-OpenMP/SHUD/Basins/heihe_x4/forcing/X101.15Y38.75.csv
	 Reading 1485/1693: 	/scratch/frd_muziyao/SHUD-OpenMP/SHUD/Basins/heihe_x4/forcing/X101.15Y38.85.csv
	 Reading 1486/1693: 	/scratch/frd_muziyao/SHUD-OpenMP/SHUD/Basins/heihe_x4/forcing/X101.15Y40.45.csv
	 Reading 1487/1693: 	/scratch/frd_muziyao/SHUD-OpenMP/SHUD/Basins/heihe_x4/forcing/X101.15Y40.55.csv
	 Reading 1488/1693: 	/scratch/frd_muziyao/SHUD-OpenMP/SHUD/Basins/heihe_x4/forcing/X101.15Y40.65.csv
	 Reading 1489/1693: 	/scratch/frd_muziyao/SHUD-OpenMP/SHUD/Basins/heihe_x4/forcing/X101.15Y40.75.csv
	 Reading 1490/1693: 	/scratch/frd_muziyao/SHUD-OpenMP/SHUD/Basins/heihe_x4/forcing/X101.15Y40.85.csv
	 Reading 1491/1693: 	/scratch/frd_muziyao/SHUD-OpenMP/SHUD/Basins/heihe_x4/forcing/X101.15Y40.95.csv
	 Reading 1492/1693: 	/scratch/frd_muziyao/SHUD-OpenMP/SHUD/Basins/heihe_x4/forcing/X101.15Y41.05.csv
	 Reading 1493/1693: 	/scratch/frd_muziyao/SHUD-OpenMP/SHUD/Basins/heihe_x4/forcing/X101.15Y41.15.csv
	 Reading 1494/1693: 	/scratch/frd_muziyao/SHUD-OpenMP/SHUD/Basins/heihe_x4/forcing/X101.15Y41.25.csv
	 Reading 1495/1693: 	/scratch/frd_muziyao/SHUD-OpenMP/SHUD/Basins/heihe_x4/forcing/X101.15Y41.35.csv
	 Reading 1496/1693: 	/scratch/frd_muziyao/SHUD-OpenMP/SHUD/Basins/heihe_x4/forcing/X101.15Y41.45.csv
	 Reading 1497/1693: 	/scratch/frd_muziyao/SHUD-OpenMP/SHUD/Basins/heihe_x4/forcing/X101.15Y41.55.csv
	 Reading 1498/1693: 	/scratch/frd_muziyao/SHUD-OpenMP/SHUD/Basins/heihe_x4/forcing/X101.15Y41.65.csv
	 Reading 1499/1693: 	/scratch/frd_muziyao/SHUD-OpenMP/SHUD/Basins/heihe_x4/forcing/X101.15Y41.75.csv
	 Reading 1500/1693: 	/scratch/frd_muziyao/SHUD-OpenMP/SHUD/Basins/heihe_x4/forcing/X101.15Y41.85.csv
	 Reading 1501/1693: 	/scratch/frd_muziyao/SHUD-OpenMP/SHUD/Basins/heihe_x4/forcing/X101.15Y41.95.csv
	 Reading 1502/1693: 	/scratch/frd_muziyao/SHUD-OpenMP/SHUD/Basins/heihe_x4/forcing/X101.15Y42.05.csv
	 Reading 1503/1693: 	/scratch/frd_muziyao/SHUD-OpenMP/SHUD/Basins/heihe_x4/forcing/X101.15Y42.15.csv
	 Reading 1504/1693: 	/scratch/frd_muziyao/SHUD-OpenMP/SHUD/Basins/heihe_x4/forcing/X101.15Y42.25.csv
	 Reading 1505/1693: 	/scratch/frd_muziyao/SHUD-OpenMP/SHUD/Basins/heihe_x4/forcing/X101.15Y42.35.csv
	 Reading 1506/1693: 	/scratch/frd_muziyao/SHUD-OpenMP/SHUD/Basins/heihe_x4/forcing/X101.15Y42.45.csv
	 Reading 1507/1693: 	/scratch/frd_muziyao/SHUD-OpenMP/SHUD/Basins/heihe_x4/forcing/X101.15Y42.55.csv
	 Reading 1508/1693: 	/scratch/frd_muziyao/SHUD-OpenMP/SHUD/Basins/heihe_x4/forcing/X101.15Y42.65.csv
	 Reading 1509/1693: 	/scratch/frd_muziyao/SHUD-OpenMP/SHUD/Basins/heihe_x4/forcing/X101.25Y38.05.csv
	 Reading 1510/1693: 	/scratch/frd_muziyao/SHUD-OpenMP/SHUD/Basins/heihe_x4/forcing/X101.25Y38.15.csv
	 Reading 1511/1693: 	/scratch/frd_muziyao/SHUD-OpenMP/SHUD/Basins/heihe_x4/forcing/X101.25Y38.25.csv
	 Reading 1512/1693: 	/scratch/frd_muziyao/SHUD-OpenMP/SHUD/Basins/heihe_x4/forcing/X101.25Y38.35.csv
	 Reading 1513/1693: 	/scratch/frd_muziyao/SHUD-OpenMP/SHUD/Basins/heihe_x4/forcing/X101.25Y38.45.csv
	 Reading 1514/1693: 	/scratch/frd_muziyao/SHUD-OpenMP/SHUD/Basins/heihe_x4/forcing/X101.25Y38.55.csv
	 Reading 1515/1693: 	/scratch/frd_muziyao/SHUD-OpenMP/SHUD/Basins/heihe_x4/forcing/X101.25Y38.65.csv
	 Reading 1516/1693: 	/scratch/frd_muziyao/SHUD-OpenMP/SHUD/Basins/heihe_x4/forcing/X101.25Y38.75.csv
	 Reading 1517/1693: 	/scratch/frd_muziyao/SHUD-OpenMP/SHUD/Basins/heihe_x4/forcing/X101.25Y38.85.csv
	 Reading 1518/1693: 	/scratch/frd_muziyao/SHUD-OpenMP/SHUD/Basins/heihe_x4/forcing/X101.25Y40.45.csv
	 Reading 1519/1693: 	/scratch/frd_muziyao/SHUD-OpenMP/SHUD/Basins/heihe_x4/forcing/X101.25Y40.55.csv
	 Reading 1520/1693: 	/scratch/frd_muziyao/SHUD-OpenMP/SHUD/Basins/heihe_x4/forcing/X101.25Y40.65.csv
	 Reading 1521/1693: 	/scratch/frd_muziyao/SHUD-OpenMP/SHUD/Basins/heihe_x4/forcing/X101.25Y40.75.csv
	 Reading 1522/1693: 	/scratch/frd_muziyao/SHUD-OpenMP/SHUD/Basins/heihe_x4/forcing/X101.25Y40.85.csv
	 Reading 1523/1693: 	/scratch/frd_muziyao/SHUD-OpenMP/SHUD/Basins/heihe_x4/forcing/X101.25Y40.95.csv
	 Reading 1524/1693: 	/scratch/frd_muziyao/SHUD-OpenMP/SHUD/Basins/heihe_x4/forcing/X101.25Y41.05.csv
	 Reading 1525/1693: 	/scratch/frd_muziyao/SHUD-OpenMP/SHUD/Basins/heihe_x4/forcing/X101.25Y41.15.csv
	 Reading 1526/1693: 	/scratch/frd_muziyao/SHUD-OpenMP/SHUD/Basins/heihe_x4/forcing/X101.25Y41.25.csv
	 Reading 1527/1693: 	/scratch/frd_muziyao/SHUD-OpenMP/SHUD/Basins/heihe_x4/forcing/X101.25Y41.35.csv
	 Reading 1528/1693: 	/scratch/frd_muziyao/SHUD-OpenMP/SHUD/Basins/heihe_x4/forcing/X101.25Y41.45.csv
	 Reading 1529/1693: 	/scratch/frd_muziyao/SHUD-OpenMP/SHUD/Basins/heihe_x4/forcing/X101.25Y41.55.csv
	 Reading 1530/1693: 	/scratch/frd_muziyao/SHUD-OpenMP/SHUD/Basins/heihe_x4/forcing/X101.25Y41.65.csv
	 Reading 1531/1693: 	/scratch/frd_muziyao/SHUD-OpenMP/SHUD/Basins/heihe_x4/forcing/X101.25Y41.75.csv
	 Reading 1532/1693: 	/scratch/frd_muziyao/SHUD-OpenMP/SHUD/Basins/heihe_x4/forcing/X101.25Y41.85.csv
	 Reading 1533/1693: 	/scratch/frd_muziyao/SHUD-OpenMP/SHUD/Basins/heihe_x4/forcing/X101.25Y41.95.csv
	 Reading 1534/1693: 	/scratch/frd_muziyao/SHUD-OpenMP/SHUD/Basins/heihe_x4/forcing/X101.25Y42.05.csv
	 Reading 1535/1693: 	/scratch/frd_muziyao/SHUD-OpenMP/SHUD/Basins/heihe_x4/forcing/X101.25Y42.15.csv
	 Reading 1536/1693: 	/scratch/frd_muziyao/SHUD-OpenMP/SHUD/Basins/heihe_x4/forcing/X101.25Y42.25.csv
	 Reading 1537/1693: 	/scratch/frd_muziyao/SHUD-OpenMP/SHUD/Basins/heihe_x4/forcing/X101.25Y42.35.csv
	 Reading 1538/1693: 	/scratch/frd_muziyao/SHUD-OpenMP/SHUD/Basins/heihe_x4/forcing/X101.25Y42.45.csv
	 Reading 1539/1693: 	/scratch/frd_muziyao/SHUD-OpenMP/SHUD/Basins/heihe_x4/forcing/X101.25Y42.55.csv
	 Reading 1540/1693: 	/scratch/frd_muziyao/SHUD-OpenMP/SHUD/Basins/heihe_x4/forcing/X101.25Y42.65.csv
	 Reading 1541/1693: 	/scratch/frd_muziyao/SHUD-OpenMP/SHUD/Basins/heihe_x4/forcing/X101.35Y38.25.csv
	 Reading 1542/1693: 	/scratch/frd_muziyao/SHUD-OpenMP/SHUD/Basins/heihe_x4/forcing/X101.35Y38.35.csv
	 Reading 1543/1693: 	/scratch/frd_muziyao/SHUD-OpenMP/SHUD/Basins/heihe_x4/forcing/X101.35Y38.45.csv
	 Reading 1544/1693: 	/scratch/frd_muziyao/SHUD-OpenMP/SHUD/Basins/heihe_x4/forcing/X101.35Y38.55.csv
	 Reading 1545/1693: 	/scratch/frd_muziyao/SHUD-OpenMP/SHUD/Basins/heihe_x4/forcing/X101.35Y38.65.csv
	 Reading 1546/1693: 	/scratch/frd_muziyao/SHUD-OpenMP/SHUD/Basins/heihe_x4/forcing/X101.35Y38.75.csv
	 Reading 1547/1693: 	/scratch/frd_muziyao/SHUD-OpenMP/SHUD/Basins/heihe_x4/forcing/X101.35Y38.85.csv
	 Reading 1548/1693: 	/scratch/frd_muziyao/SHUD-OpenMP/SHUD/Basins/heihe_x4/forcing/X101.35Y40.45.csv
	 Reading 1549/1693: 	/scratch/frd_muziyao/SHUD-OpenMP/SHUD/Basins/heihe_x4/forcing/X101.35Y40.55.csv
	 Reading 1550/1693: 	/scratch/frd_muziyao/SHUD-OpenMP/SHUD/Basins/heihe_x4/forcing/X101.35Y40.65.csv
	 Reading 1551/1693: 	/scratch/frd_muziyao/SHUD-OpenMP/SHUD/Basins/heihe_x4/forcing/X101.35Y40.75.csv
	 Reading 1552/1693: 	/scratch/frd_muziyao/SHUD-OpenMP/SHUD/Basins/heihe_x4/forcing/X101.35Y40.85.csv
	 Reading 1553/1693: 	/scratch/frd_muziyao/SHUD-OpenMP/SHUD/Basins/heihe_x4/forcing/X101.35Y40.95.csv
	 Reading 1554/1693: 	/scratch/frd_muziyao/SHUD-OpenMP/SHUD/Basins/heihe_x4/forcing/X101.35Y41.05.csv
	 Reading 1555/1693: 	/scratch/frd_muziyao/SHUD-OpenMP/SHUD/Basins/heihe_x4/forcing/X101.35Y41.15.csv
	 Reading 1556/1693: 	/scratch/frd_muziyao/SHUD-OpenMP/SHUD/Basins/heihe_x4/forcing/X101.35Y41.25.csv
	 Reading 1557/1693: 	/scratch/frd_muziyao/SHUD-OpenMP/SHUD/Basins/heihe_x4/forcing/X101.35Y41.35.csv
	 Reading 1558/1693: 	/scratch/frd_muziyao/SHUD-OpenMP/SHUD/Basins/heihe_x4/forcing/X101.35Y41.45.csv
	 Reading 1559/1693: 	/scratch/frd_muziyao/SHUD-OpenMP/SHUD/Basins/heihe_x4/forcing/X101.35Y41.55.csv
	 Reading 1560/1693: 	/scratch/frd_muziyao/SHUD-OpenMP/SHUD/Basins/heihe_x4/forcing/X101.35Y41.65.csv
	 Reading 1561/1693: 	/scratch/frd_muziyao/SHUD-OpenMP/SHUD/Basins/heihe_x4/forcing/X101.35Y41.75.csv
	 Reading 1562/1693: 	/scratch/frd_muziyao/SHUD-OpenMP/SHUD/Basins/heihe_x4/forcing/X101.35Y41.85.csv
	 Reading 1563/1693: 	/scratch/frd_muziyao/SHUD-OpenMP/SHUD/Basins/heihe_x4/forcing/X101.35Y41.95.csv
	 Reading 1564/1693: 	/scratch/frd_muziyao/SHUD-OpenMP/SHUD/Basins/heihe_x4/forcing/X101.35Y42.05.csv
	 Reading 1565/1693: 	/scratch/frd_muziyao/SHUD-OpenMP/SHUD/Basins/heihe_x4/forcing/X101.35Y42.15.csv
	 Reading 1566/1693: 	/scratch/frd_muziyao/SHUD-OpenMP/SHUD/Basins/heihe_x4/forcing/X101.35Y42.25.csv
	 Reading 1567/1693: 	/scratch/frd_muziyao/SHUD-OpenMP/SHUD/Basins/heihe_x4/forcing/X101.35Y42.35.csv
	 Reading 1568/1693: 	/scratch/frd_muziyao/SHUD-OpenMP/SHUD/Basins/heihe_x4/forcing/X101.35Y42.45.csv
	 Reading 1569/1693: 	/scratch/frd_muziyao/SHUD-OpenMP/SHUD/Basins/heihe_x4/forcing/X101.35Y42.55.csv
	 Reading 1570/1693: 	/scratch/frd_muziyao/SHUD-OpenMP/SHUD/Basins/heihe_x4/forcing/X101.35Y42.65.csv
	 Reading 1571/1693: 	/scratch/frd_muziyao/SHUD-OpenMP/SHUD/Basins/heihe_x4/forcing/X101.45Y38.35.csv
	 Reading 1572/1693: 	/scratch/frd_muziyao/SHUD-OpenMP/SHUD/Basins/heihe_x4/forcing/X101.45Y38.45.csv
	 Reading 1573/1693: 	/scratch/frd_muziyao/SHUD-OpenMP/SHUD/Basins/heihe_x4/forcing/X101.45Y38.55.csv
	 Reading 1574/1693: 	/scratch/frd_muziyao/SHUD-OpenMP/SHUD/Basins/heihe_x4/forcing/X101.45Y38.65.csv
	 Reading 1575/1693: 	/scratch/frd_muziyao/SHUD-OpenMP/SHUD/Basins/heihe_x4/forcing/X101.45Y38.75.csv
	 Reading 1576/1693: 	/scratch/frd_muziyao/SHUD-OpenMP/SHUD/Basins/heihe_x4/forcing/X101.45Y40.45.csv
	 Reading 1577/1693: 	/scratch/frd_muziyao/SHUD-OpenMP/SHUD/Basins/heihe_x4/forcing/X101.45Y40.55.csv
	 Reading 1578/1693: 	/scratch/frd_muziyao/SHUD-OpenMP/SHUD/Basins/heihe_x4/forcing/X101.45Y40.65.csv
	 Reading 1579/1693: 	/scratch/frd_muziyao/SHUD-OpenMP/SHUD/Basins/heihe_x4/forcing/X101.45Y40.75.csv
	 Reading 1580/1693: 	/scratch/frd_muziyao/SHUD-OpenMP/SHUD/Basins/heihe_x4/forcing/X101.45Y40.85.csv
	 Reading 1581/1693: 	/scratch/frd_muziyao/SHUD-OpenMP/SHUD/Basins/heihe_x4/forcing/X101.45Y40.95.csv
	 Reading 1582/1693: 	/scratch/frd_muziyao/SHUD-OpenMP/SHUD/Basins/heihe_x4/forcing/X101.45Y41.05.csv
	 Reading 1583/1693: 	/scratch/frd_muziyao/SHUD-OpenMP/SHUD/Basins/heihe_x4/forcing/X101.45Y41.15.csv
	 Reading 1584/1693: 	/scratch/frd_muziyao/SHUD-OpenMP/SHUD/Basins/heihe_x4/forcing/X101.45Y41.25.csv
	 Reading 1585/1693: 	/scratch/frd_muziyao/SHUD-OpenMP/SHUD/Basins/heihe_x4/forcing/X101.45Y41.35.csv
	 Reading 1586/1693: 	/scratch/frd_muziyao/SHUD-OpenMP/SHUD/Basins/heihe_x4/forcing/X101.45Y41.45.csv
	 Reading 1587/1693: 	/scratch/frd_muziyao/SHUD-OpenMP/SHUD/Basins/heihe_x4/forcing/X101.45Y41.55.csv
	 Reading 1588/1693: 	/scratch/frd_muziyao/SHUD-OpenMP/SHUD/Basins/heihe_x4/forcing/X101.45Y41.65.csv
	 Reading 1589/1693: 	/scratch/frd_muziyao/SHUD-OpenMP/SHUD/Basins/heihe_x4/forcing/X101.45Y41.75.csv
	 Reading 1590/1693: 	/scratch/frd_muziyao/SHUD-OpenMP/SHUD/Basins/heihe_x4/forcing/X101.45Y41.85.csv
	 Reading 1591/1693: 	/scratch/frd_muziyao/SHUD-OpenMP/SHUD/Basins/heihe_x4/forcing/X101.45Y41.95.csv
	 Reading 1592/1693: 	/scratch/frd_muziyao/SHUD-OpenMP/SHUD/Basins/heihe_x4/forcing/X101.45Y42.05.csv
	 Reading 1593/1693: 	/scratch/frd_muziyao/SHUD-OpenMP/SHUD/Basins/heihe_x4/forcing/X101.45Y42.15.csv
	 Reading 1594/1693: 	/scratch/frd_muziyao/SHUD-OpenMP/SHUD/Basins/heihe_x4/forcing/X101.45Y42.25.csv
	 Reading 1595/1693: 	/scratch/frd_muziyao/SHUD-OpenMP/SHUD/Basins/heihe_x4/forcing/X101.45Y42.35.csv
	 Reading 1596/1693: 	/scratch/frd_muziyao/SHUD-OpenMP/SHUD/Basins/heihe_x4/forcing/X101.45Y42.45.csv
	 Reading 1597/1693: 	/scratch/frd_muziyao/SHUD-OpenMP/SHUD/Basins/heihe_x4/forcing/X101.45Y42.55.csv
	 Reading 1598/1693: 	/scratch/frd_muziyao/SHUD-OpenMP/SHUD/Basins/heihe_x4/forcing/X101.45Y42.65.csv
	 Reading 1599/1693: 	/scratch/frd_muziyao/SHUD-OpenMP/SHUD/Basins/heihe_x4/forcing/X101.55Y38.35.csv
	 Reading 1600/1693: 	/scratch/frd_muziyao/SHUD-OpenMP/SHUD/Basins/heihe_x4/forcing/X101.55Y38.45.csv
	 Reading 1601/1693: 	/scratch/frd_muziyao/SHUD-OpenMP/SHUD/Basins/heihe_x4/forcing/X101.55Y38.55.csv
	 Reading 1602/1693: 	/scratch/frd_muziyao/SHUD-OpenMP/SHUD/Basins/heihe_x4/forcing/X101.55Y38.65.csv
	 Reading 1603/1693: 	/scratch/frd_muziyao/SHUD-OpenMP/SHUD/Basins/heihe_x4/forcing/X101.55Y38.75.csv
	 Reading 1604/1693: 	/scratch/frd_muziyao/SHUD-OpenMP/SHUD/Basins/heihe_x4/forcing/X101.55Y40.55.csv
	 Reading 1605/1693: 	/scratch/frd_muziyao/SHUD-OpenMP/SHUD/Basins/heihe_x4/forcing/X101.55Y40.65.csv
	 Reading 1606/1693: 	/scratch/frd_muziyao/SHUD-OpenMP/SHUD/Basins/heihe_x4/forcing/X101.55Y40.75.csv
	 Reading 1607/1693: 	/scratch/frd_muziyao/SHUD-OpenMP/SHUD/Basins/heihe_x4/forcing/X101.55Y40.85.csv
	 Reading 1608/1693: 	/scratch/frd_muziyao/SHUD-OpenMP/SHUD/Basins/heihe_x4/forcing/X101.55Y40.95.csv
	 Reading 1609/1693: 	/scratch/frd_muziyao/SHUD-OpenMP/SHUD/Basins/heihe_x4/forcing/X101.55Y41.05.csv
	 Reading 1610/1693: 	/scratch/frd_muziyao/SHUD-OpenMP/SHUD/Basins/heihe_x4/forcing/X101.55Y41.15.csv
	 Reading 1611/1693: 	/scratch/frd_muziyao/SHUD-OpenMP/SHUD/Basins/heihe_x4/forcing/X101.55Y41.25.csv
	 Reading 1612/1693: 	/scratch/frd_muziyao/SHUD-OpenMP/SHUD/Basins/heihe_x4/forcing/X101.55Y41.35.csv
	 Reading 1613/1693: 	/scratch/frd_muziyao/SHUD-OpenMP/SHUD/Basins/heihe_x4/forcing/X101.55Y41.45.csv
	 Reading 1614/1693: 	/scratch/frd_muziyao/SHUD-OpenMP/SHUD/Basins/heihe_x4/forcing/X101.55Y41.55.csv
	 Reading 1615/1693: 	/scratch/frd_muziyao/SHUD-OpenMP/SHUD/Basins/heihe_x4/forcing/X101.55Y41.65.csv
	 Reading 1616/1693: 	/scratch/frd_muziyao/SHUD-OpenMP/SHUD/Basins/heihe_x4/forcing/X101.55Y41.75.csv
	 Reading 1617/1693: 	/scratch/frd_muziyao/SHUD-OpenMP/SHUD/Basins/heihe_x4/forcing/X101.55Y41.85.csv
	 Reading 1618/1693: 	/scratch/frd_muziyao/SHUD-OpenMP/SHUD/Basins/heihe_x4/forcing/X101.55Y41.95.csv
	 Reading 1619/1693: 	/scratch/frd_muziyao/SHUD-OpenMP/SHUD/Basins/heihe_x4/forcing/X101.55Y42.05.csv
	 Reading 1620/1693: 	/scratch/frd_muziyao/SHUD-OpenMP/SHUD/Basins/heihe_x4/forcing/X101.55Y42.15.csv
	 Reading 1621/1693: 	/scratch/frd_muziyao/SHUD-OpenMP/SHUD/Basins/heihe_x4/forcing/X101.55Y42.25.csv
	 Reading 1622/1693: 	/scratch/frd_muziyao/SHUD-OpenMP/SHUD/Basins/heihe_x4/forcing/X101.55Y42.35.csv
	 Reading 1623/1693: 	/scratch/frd_muziyao/SHUD-OpenMP/SHUD/Basins/heihe_x4/forcing/X101.55Y42.45.csv
	 Reading 1624/1693: 	/scratch/frd_muziyao/SHUD-OpenMP/SHUD/Basins/heihe_x4/forcing/X101.55Y42.55.csv
	 Reading 1625/1693: 	/scratch/frd_muziyao/SHUD-OpenMP/SHUD/Basins/heihe_x4/forcing/X101.65Y38.35.csv
	 Reading 1626/1693: 	/scratch/frd_muziyao/SHUD-OpenMP/SHUD/Basins/heihe_x4/forcing/X101.65Y38.45.csv
	 Reading 1627/1693: 	/scratch/frd_muziyao/SHUD-OpenMP/SHUD/Basins/heihe_x4/forcing/X101.65Y38.55.csv
	 Reading 1628/1693: 	/scratch/frd_muziyao/SHUD-OpenMP/SHUD/Basins/heihe_x4/forcing/X101.65Y38.65.csv
	 Reading 1629/1693: 	/scratch/frd_muziyao/SHUD-OpenMP/SHUD/Basins/heihe_x4/forcing/X101.65Y38.75.csv
	 Reading 1630/1693: 	/scratch/frd_muziyao/SHUD-OpenMP/SHUD/Basins/heihe_x4/forcing/X101.65Y40.75.csv
	 Reading 1631/1693: 	/scratch/frd_muziyao/SHUD-OpenMP/SHUD/Basins/heihe_x4/forcing/X101.65Y40.85.csv
	 Reading 1632/1693: 	/scratch/frd_muziyao/SHUD-OpenMP/SHUD/Basins/heihe_x4/forcing/X101.65Y40.95.csv
	 Reading 1633/1693: 	/scratch/frd_muziyao/SHUD-OpenMP/SHUD/Basins/heihe_x4/forcing/X101.65Y41.05.csv
	 Reading 1634/1693: 	/scratch/frd_muziyao/SHUD-OpenMP/SHUD/Basins/heihe_x4/forcing/X101.65Y41.15.csv
	 Reading 1635/1693: 	/scratch/frd_muziyao/SHUD-OpenMP/SHUD/Basins/heihe_x4/forcing/X101.65Y41.25.csv
	 Reading 1636/1693: 	/scratch/frd_muziyao/SHUD-OpenMP/SHUD/Basins/heihe_x4/forcing/X101.65Y41.35.csv
	 Reading 1637/1693: 	/scratch/frd_muziyao/SHUD-OpenMP/SHUD/Basins/heihe_x4/forcing/X101.65Y41.45.csv
	 Reading 1638/1693: 	/scratch/frd_muziyao/SHUD-OpenMP/SHUD/Basins/heihe_x4/forcing/X101.65Y41.55.csv
	 Reading 1639/1693: 	/scratch/frd_muziyao/SHUD-OpenMP/SHUD/Basins/heihe_x4/forcing/X101.65Y41.65.csv
	 Reading 1640/1693: 	/scratch/frd_muziyao/SHUD-OpenMP/SHUD/Basins/heihe_x4/forcing/X101.65Y41.75.csv
	 Reading 1641/1693: 	/scratch/frd_muziyao/SHUD-OpenMP/SHUD/Basins/heihe_x4/forcing/X101.65Y41.85.csv
	 Reading 1642/1693: 	/scratch/frd_muziyao/SHUD-OpenMP/SHUD/Basins/heihe_x4/forcing/X101.65Y41.95.csv
	 Reading 1643/1693: 	/scratch/frd_muziyao/SHUD-OpenMP/SHUD/Basins/heihe_x4/forcing/X101.65Y42.05.csv
	 Reading 1644/1693: 	/scratch/frd_muziyao/SHUD-OpenMP/SHUD/Basins/heihe_x4/forcing/X101.65Y42.15.csv
	 Reading 1645/1693: 	/scratch/frd_muziyao/SHUD-OpenMP/SHUD/Basins/heihe_x4/forcing/X101.65Y42.25.csv
	 Reading 1646/1693: 	/scratch/frd_muziyao/SHUD-OpenMP/SHUD/Basins/heihe_x4/forcing/X101.65Y42.35.csv
	 Reading 1647/1693: 	/scratch/frd_muziyao/SHUD-OpenMP/SHUD/Basins/heihe_x4/forcing/X101.65Y42.45.csv
	 Reading 1648/1693: 	/scratch/frd_muziyao/SHUD-OpenMP/SHUD/Basins/heihe_x4/forcing/X101.65Y42.55.csv
	 Reading 1649/1693: 	/scratch/frd_muziyao/SHUD-OpenMP/SHUD/Basins/heihe_x4/forcing/X101.75Y38.35.csv
	 Reading 1650/1693: 	/scratch/frd_muziyao/SHUD-OpenMP/SHUD/Basins/heihe_x4/forcing/X101.75Y38.45.csv
	 Reading 1651/1693: 	/scratch/frd_muziyao/SHUD-OpenMP/SHUD/Basins/heihe_x4/forcing/X101.75Y38.55.csv
	 Reading 1652/1693: 	/scratch/frd_muziyao/SHUD-OpenMP/SHUD/Basins/heihe_x4/forcing/X101.75Y38.65.csv
	 Reading 1653/1693: 	/scratch/frd_muziyao/SHUD-OpenMP/SHUD/Basins/heihe_x4/forcing/X101.75Y40.95.csv
	 Reading 1654/1693: 	/scratch/frd_muziyao/SHUD-OpenMP/SHUD/Basins/heihe_x4/forcing/X101.75Y41.05.csv
	 Reading 1655/1693: 	/scratch/frd_muziyao/SHUD-OpenMP/SHUD/Basins/heihe_x4/forcing/X101.75Y41.15.csv
	 Reading 1656/1693: 	/scratch/frd_muziyao/SHUD-OpenMP/SHUD/Basins/heihe_x4/forcing/X101.75Y41.25.csv
	 Reading 1657/1693: 	/scratch/frd_muziyao/SHUD-OpenMP/SHUD/Basins/heihe_x4/forcing/X101.75Y41.45.csv
	 Reading 1658/1693: 	/scratch/frd_muziyao/SHUD-OpenMP/SHUD/Basins/heihe_x4/forcing/X101.75Y41.55.csv
	 Reading 1659/1693: 	/scratch/frd_muziyao/SHUD-OpenMP/SHUD/Basins/heihe_x4/forcing/X101.75Y41.65.csv
	 Reading 1660/1693: 	/scratch/frd_muziyao/SHUD-OpenMP/SHUD/Basins/heihe_x4/forcing/X101.75Y41.75.csv
	 Reading 1661/1693: 	/scratch/frd_muziyao/SHUD-OpenMP/SHUD/Basins/heihe_x4/forcing/X101.75Y41.85.csv
	 Reading 1662/1693: 	/scratch/frd_muziyao/SHUD-OpenMP/SHUD/Basins/heihe_x4/forcing/X101.75Y41.95.csv
	 Reading 1663/1693: 	/scratch/frd_muziyao/SHUD-OpenMP/SHUD/Basins/heihe_x4/forcing/X101.75Y42.05.csv
	 Reading 1664/1693: 	/scratch/frd_muziyao/SHUD-OpenMP/SHUD/Basins/heihe_x4/forcing/X101.75Y42.15.csv
	 Reading 1665/1693: 	/scratch/frd_muziyao/SHUD-OpenMP/SHUD/Basins/heihe_x4/forcing/X101.75Y42.25.csv
	 Reading 1666/1693: 	/scratch/frd_muziyao/SHUD-OpenMP/SHUD/Basins/heihe_x4/forcing/X101.75Y42.35.csv
	 Reading 1667/1693: 	/scratch/frd_muziyao/SHUD-OpenMP/SHUD/Basins/heihe_x4/forcing/X101.75Y42.45.csv
	 Reading 1668/1693: 	/scratch/frd_muziyao/SHUD-OpenMP/SHUD/Basins/heihe_x4/forcing/X101.75Y42.55.csv
	 Reading 1669/1693: 	/scratch/frd_muziyao/SHUD-OpenMP/SHUD/Basins/heihe_x4/forcing/X101.85Y38.45.csv
	 Reading 1670/1693: 	/scratch/frd_muziyao/SHUD-OpenMP/SHUD/Basins/heihe_x4/forcing/X101.85Y38.55.csv
	 Reading 1671/1693: 	/scratch/frd_muziyao/SHUD-OpenMP/SHUD/Basins/heihe_x4/forcing/X101.85Y38.65.csv
	 Reading 1672/1693: 	/scratch/frd_muziyao/SHUD-OpenMP/SHUD/Basins/heihe_x4/forcing/X101.85Y41.55.csv
	 Reading 1673/1693: 	/scratch/frd_muziyao/SHUD-OpenMP/SHUD/Basins/heihe_x4/forcing/X101.85Y41.65.csv
	 Reading 1674/1693: 	/scratch/frd_muziyao/SHUD-OpenMP/SHUD/Basins/heihe_x4/forcing/X101.85Y41.75.csv
	 Reading 1675/1693: 	/scratch/frd_muziyao/SHUD-OpenMP/SHUD/Basins/heihe_x4/forcing/X101.85Y41.85.csv
	 Reading 1676/1693: 	/scratch/frd_muziyao/SHUD-OpenMP/SHUD/Basins/heihe_x4/forcing/X101.85Y41.95.csv
	 Reading 1677/1693: 	/scratch/frd_muziyao/SHUD-OpenMP/SHUD/Basins/heihe_x4/forcing/X101.85Y42.05.csv
	 Reading 1678/1693: 	/scratch/frd_muziyao/SHUD-OpenMP/SHUD/Basins/heihe_x4/forcing/X101.85Y42.15.csv
	 Reading 1679/1693: 	/scratch/frd_muziyao/SHUD-OpenMP/SHUD/Basins/heihe_x4/forcing/X101.85Y42.25.csv
	 Reading 1680/1693: 	/scratch/frd_muziyao/SHUD-OpenMP/SHUD/Basins/heihe_x4/forcing/X101.85Y42.35.csv
	 Reading 1681/1693: 	/scratch/frd_muziyao/SHUD-OpenMP/SHUD/Basins/heihe_x4/forcing/X101.85Y42.45.csv
	 Reading 1682/1693: 	/scratch/frd_muziyao/SHUD-OpenMP/SHUD/Basins/heihe_x4/forcing/X101.85Y42.55.csv
	 Reading 1683/1693: 	/scratch/frd_muziyao/SHUD-OpenMP/SHUD/Basins/heihe_x4/forcing/X101.95Y41.65.csv
	 Reading 1684/1693: 	/scratch/frd_muziyao/SHUD-OpenMP/SHUD/Basins/heihe_x4/forcing/X101.95Y41.75.csv
	 Reading 1685/1693: 	/scratch/frd_muziyao/SHUD-OpenMP/SHUD/Basins/heihe_x4/forcing/X101.95Y41.85.csv
	 Reading 1686/1693: 	/scratch/frd_muziyao/SHUD-OpenMP/SHUD/Basins/heihe_x4/forcing/X101.95Y41.95.csv
	 Reading 1687/1693: 	/scratch/frd_muziyao/SHUD-OpenMP/SHUD/Basins/heihe_x4/forcing/X101.95Y42.05.csv
	 Reading 1688/1693: 	/scratch/frd_muziyao/SHUD-OpenMP/SHUD/Basins/heihe_x4/forcing/X101.95Y42.15.csv
	 Reading 1689/1693: 	/scratch/frd_muziyao/SHUD-OpenMP/SHUD/Basins/heihe_x4/forcing/X101.95Y42.25.csv
	 Reading 1690/1693: 	/scratch/frd_muziyao/SHUD-OpenMP/SHUD/Basins/heihe_x4/forcing/X101.95Y42.35.csv
	 Reading 1691/1693: 	/scratch/frd_muziyao/SHUD-OpenMP/SHUD/Basins/heihe_x4/forcing/X101.95Y42.45.csv
	 Reading 1692/1693: 	/scratch/frd_muziyao/SHUD-OpenMP/SHUD/Basins/heihe_x4/forcing/X102.05Y42.25.csv
	 Reading 1693/1693: 	/scratch/frd_muziyao/SHUD-OpenMP/SHUD/Basins/heihe_x4/forcing/X102.05Y42.35.csv
10 	 Reading file: input/heihe_x4/heihe_x4.tsd.lai
11 	 Reading file: input/heihe_x4/heihe_x4.tsd.mf
12 	 Reading file: input/heihe_x4/heihe_x4.cfg.calib

Initializing data structure ... 
[NUMA] first-touch skipped: OMP_PROC_BIND unset (3 sites: hot.soa, QeleSurf_flat, Ele_AoS)
Warning: remove sink on 13, from 1260.29 to 1261.82. dz = 1.52
Warning: remove sink on 57, from 4243.77 to 4283.51. dz = 39.74
Warning: remove sink on 117, from 1430.39 to 1432.33. dz = 1.94
Warning: remove sink on 154, from 1166.69 to 1167.61. dz = 0.92
Warning: remove sink on 167, from 1151.94 to 1152.91. dz = 0.97
Warning: remove sink on 258, from 1209.88 to 1211.36. dz = 1.48
Warning: remove sink on 345, from 1091.37 to 1094.04. dz = 2.67
Warning: remove sink on 401, from 1232.10 to 1232.52. dz = 0.42
Warning: remove sink on 409, from 1116.45 to 1122.71. dz = 6.26
Warning: remove sink on 414, from 1154.38 to 1157.77. dz = 3.39
Warning: remove sink on 479, from 1094.02 to 1097.60. dz = 3.58
Warning: remove sink on 496, from 966.00 to 967.21. dz = 1.21
Warning: remove sink on 498, from 1089.76 to 1095.59. dz = 5.83
Warning: remove sink on 509, from 1145.06 to 1145.40. dz = 0.34
Warning: remove sink on 518, from 1155.18 to 1159.67. dz = 4.49
Warning: remove sink on 525, from 1157.14 to 1157.42. dz = 0.29
Warning: remove sink on 541, from 970.25 to 971.67. dz = 1.42
Warning: remove sink on 554, from 967.29 to 968.23. dz = 0.94
Warning: remove sink on 715, from 945.48 to 946.63. dz = 1.15
Warning: remove sink on 746, from 1241.45 to 1241.74. dz = 0.29
Warning: remove sink on 777, from 1093.42 to 1095.59. dz = 2.17
Warning: remove sink on 782, from 1889.80 to 1891.18. dz = 1.38
Warning: remove sink on 805, from 1621.70 to 1622.13. dz = 0.43
Warning: remove sink on 846, from 4304.79 to 4324.69. dz = 19.90
Warning: remove sink on 890, from 1019.58 to 1021.23. dz = 1.65
Warning: remove sink on 907, from 1596.83 to 1597.68. dz = 0.85
Warning: remove sink on 912, from 1144.31 to 1144.50. dz = 0.19
Warning: remove sink on 924, from 935.31 to 935.48. dz = 0.17
Warning: remove sink on 976, from 1000.48 to 1005.76. dz = 5.28
Warning: remove sink on 995, from 1146.53 to 1147.47. dz = 0.94
Warning: remove sink on 1002, from 1079.06 to 1079.07. dz = 0.01
Warning: remove sink on 1004, from 933.86 to 934.32. dz = 0.46
Warning: remove sink on 1088, from 1069.61 to 1071.32. dz = 1.70
Warning: remove sink on 1120, from 932.91 to 934.68. dz = 1.77
Warning: remove sink on 1124, from 977.04 to 977.97. dz = 0.93
Warning: remove sink on 1137, from 955.41 to 957.54. dz = 2.14
Warning: remove sink on 1197, from 1021.38 to 1022.13. dz = 0.74
Warning: remove sink on 1249, from 972.81 to 977.97. dz = 5.16
Warning: remove sink on 1254, from 1141.20 to 1143.88. dz = 2.68
Warning: remove sink on 1372, from 1140.44 to 1143.19. dz = 2.75
Warning: remove sink on 1393, from 934.08 to 934.39. dz = 0.31
Warning: remove sink on 1414, from 936.82 to 938.12. dz = 1.29
Warning: remove sink on 1440, from 1042.39 to 1044.35. dz = 1.96
Warning: remove sink on 1454, from 979.16 to 983.38. dz = 4.23
Warning: remove sink on 1503, from 1019.05 to 1021.72. dz = 2.67
Warning: remove sink on 1513, from 1013.15 to 1013.41. dz = 0.26
Warning: remove sink on 1516, from 1026.96 to 1027.08. dz = 0.12
Warning: remove sink on 1535, from 1017.30 to 1019.13. dz = 1.83
Warning: remove sink on 1567, from 1030.35 to 1030.71. dz = 0.36
Warning: remove sink on 1568, from 1017.24 to 1017.25. dz = 0.01
Warning: remove sink on 1569, from 1012.68 to 1014.24. dz = 1.56
Warning: remove sink on 1570, from 1006.58 to 1007.86. dz = 1.28
Warning: remove sink on 1586, from 938.88 to 939.16. dz = 0.27
Warning: remove sink on 1605, from 1188.45 to 1196.29. dz = 7.84
Warning: remove sink on 1639, from 1010.45 to 1014.21. dz = 3.76
Warning: remove sink on 1653, from 1193.73 to 1196.29. dz = 2.56
Warning: remove sink on 1669, from 978.97 to 984.34. dz = 5.37
Warning: remove sink on 1671, from 991.45 to 993.53. dz = 2.08
Warning: remove sink on 1676, from 973.22 to 973.75. dz = 0.53
Warning: remove sink on 1698, from 897.85 to 899.03. dz = 1.17
Warning: remove sink on 1705, from 1020.54 to 1020.59. dz = 0.04
Warning: remove sink on 1708, from 1024.88 to 1026.06. dz = 1.19
Warning: remove sink on 1757, from 1006.37 to 1008.53. dz = 2.16
Warning: remove sink on 1770, from 1415.14 to 1416.08. dz = 0.93
Warning: remove sink on 1852, from 1036.40 to 1040.47. dz = 4.07
Warning: remove sink on 1856, from 1039.14 to 1041.60. dz = 2.46
Warning: remove sink on 1889, from 1079.87 to 1082.67. dz = 2.80
Warning: remove sink on 1897, from 1019.60 to 1020.72. dz = 1.13
Warning: remove sink on 1901, from 938.85 to 941.16. dz = 2.31
Warning: remove sink on 1906, from 920.14 to 922.88. dz = 2.74
Warning: remove sink on 1949, from 1086.06 to 1089.34. dz = 3.28
Warning: remove sink on 1966, from 1077.40 to 1078.48. dz = 1.08
Warning: remove sink on 1984, from 1007.50 to 1008.45. dz = 0.94
Warning: remove sink on 1987, from 1059.33 to 1059.49. dz = 0.16
Warning: remove sink on 2028, from 932.20 to 932.38. dz = 0.17
Warning: remove sink on 2029, from 934.42 to 934.70. dz = 0.28
Warning: remove sink on 2066, from 931.29 to 932.24. dz = 0.95
Warning: remove sink on 2087, from 918.53 to 919.41. dz = 0.88
Warning: remove sink on 2110, from 1066.98 to 1070.83. dz = 3.85
Warning: remove sink on 2113, from 1059.73 to 1060.15. dz = 0.41
Warning: remove sink on 2133, from 1001.31 to 1002.22. dz = 0.91
Warning: remove sink on 2148, from 955.93 to 956.50. dz = 0.56
Warning: remove sink on 2199, from 1014.32 to 1014.96. dz = 0.64
Warning: remove sink on 2224, from 1003.77 to 1004.02. dz = 0.25
Warning: remove sink on 2226, from 1002.13 to 1004.02. dz = 1.88
Warning: remove sink on 2246, from 1070.37 to 1070.83. dz = 0.46
Warning: remove sink on 2249, from 1007.91 to 1008.31. dz = 0.41
Warning: remove sink on 2275, from 969.81 to 972.80. dz = 2.99
Warning: remove sink on 2311, from 1054.94 to 1055.58. dz = 0.64
Warning: remove sink on 2324, from 976.29 to 977.40. dz = 1.11
Warning: remove sink on 2327, from 999.60 to 1000.30. dz = 0.70
Warning: remove sink on 2331, from 1055.85 to 1056.14. dz = 0.29
Warning: remove sink on 2333, from 1057.29 to 1057.47. dz = 0.19
Warning: remove sink on 2341, from 996.02 to 998.19. dz = 2.17
Warning: remove sink on 2346, from 988.05 to 988.58. dz = 0.53
Warning: remove sink on 2351, from 1004.38 to 1004.72. dz = 0.34
Warning: remove sink on 2353, from 992.40 to 992.74. dz = 0.33
Warning: remove sink on 2358, from 993.65 to 994.53. dz = 0.87
Warning: remove sink on 2363, from 1003.13 to 1003.90. dz = 0.77
Warning: remove sink on 2368, from 998.82 to 999.58. dz = 0.77
Warning: remove sink on 2389, from 1082.12 to 1082.17. dz = 0.05
Warning: remove sink on 2402, from 996.30 to 996.67. dz = 0.37
Warning: remove sink on 2412, from 989.54 to 990.02. dz = 0.47
Warning: remove sink on 2417, from 931.88 to 935.19. dz = 3.31
Warning: remove sink on 2437, from 1064.18 to 1065.84. dz = 1.67
Warning: remove sink on 2445, from 1059.40 to 1060.13. dz = 0.74
Warning: remove sink on 2478, from 1074.56 to 1076.91. dz = 2.35
Warning: remove sink on 2479, from 1078.57 to 1079.83. dz = 1.26
Warning: remove sink on 2504, from 1044.65 to 1045.23. dz = 0.58
Warning: remove sink on 2510, from 1043.62 to 1043.81. dz = 0.19
Warning: remove sink on 2514, from 1045.58 to 1046.72. dz = 1.14
Warning: remove sink on 2519, from 991.50 to 991.58. dz = 0.08
Warning: remove sink on 2526, from 995.98 to 996.38. dz = 0.39
Warning: remove sink on 2536, from 905.34 to 908.15. dz = 2.81
Warning: remove sink on 2548, from 1049.35 to 1049.76. dz = 0.41
Warning: remove sink on 2570, from 1051.74 to 1052.32. dz = 0.58
Warning: remove sink on 2577, from 993.06 to 995.85. dz = 2.79
Warning: remove sink on 2582, from 987.45 to 988.39. dz = 0.94
Warning: remove sink on 2586, from 993.84 to 996.71. dz = 2.86
Warning: remove sink on 2589, from 1048.72 to 1050.32. dz = 1.60
Warning: remove sink on 2656, from 987.01 to 987.96. dz = 0.95
Warning: remove sink on 2669, from 981.64 to 984.31. dz = 2.67
Warning: remove sink on 2677, from 1002.26 to 1004.32. dz = 2.06
Warning: remove sink on 2711, from 1003.57 to 1003.61. dz = 0.04
Warning: remove sink on 2727, from 991.36 to 991.51. dz = 0.15
Warning: remove sink on 2729, from 971.60 to 972.02. dz = 0.41
Warning: remove sink on 2736, from 997.76 to 998.11. dz = 0.36
Warning: remove sink on 2737, from 1000.91 to 1001.34. dz = 0.42
Warning: remove sink on 2765, from 1042.97 to 1043.16. dz = 0.19
Warning: remove sink on 2769, from 1038.15 to 1040.87. dz = 2.72
Warning: remove sink on 2803, from 946.19 to 950.27. dz = 4.08
Warning: remove sink on 2805, from 1049.67 to 1052.26. dz = 2.59
Warning: remove sink on 2812, from 1059.49 to 1062.39. dz = 2.90
Warning: remove sink on 2823, from 1025.99 to 1026.74. dz = 0.74
Warning: remove sink on 2825, from 1027.93 to 1028.19. dz = 0.26
Warning: remove sink on 2834, from 1028.79 to 1030.35. dz = 1.56
Warning: remove sink on 2868, from 1063.27 to 1066.07. dz = 2.80
Warning: remove sink on 2894, from 1009.69 to 1009.85. dz = 0.16
Warning: remove sink on 2931, from 1052.44 to 1052.79. dz = 0.35
Warning: remove sink on 2942, from 1019.37 to 1019.55. dz = 0.18
Warning: remove sink on 2946, from 988.26 to 989.77. dz = 1.51
Warning: remove sink on 2947, from 990.57 to 990.77. dz = 0.21
Warning: remove sink on 2972, from 990.31 to 990.41. dz = 0.10
Warning: remove sink on 2979, from 989.61 to 990.02. dz = 0.40
Warning: remove sink on 3013, from 988.11 to 988.17. dz = 0.06
Warning: remove sink on 3017, from 982.55 to 983.78. dz = 1.24
Warning: remove sink on 3024, from 982.18 to 984.39. dz = 2.21
Warning: remove sink on 3030, from 975.76 to 977.06. dz = 1.30
Warning: remove sink on 3031, from 979.11 to 979.44. dz = 0.33
Warning: remove sink on 3037, from 983.29 to 984.18. dz = 0.89
Warning: remove sink on 3045, from 971.31 to 971.61. dz = 0.30
Warning: remove sink on 3061, from 979.54 to 980.24. dz = 0.70
Warning: remove sink on 3086, from 963.76 to 965.45. dz = 1.69
Warning: remove sink on 3089, from 1099.74 to 1100.62. dz = 0.88
Warning: remove sink on 3093, from 3642.28 to 3653.61. dz = 11.33
Warning: remove sink on 3097, from 1196.84 to 1199.40. dz = 2.56
Warning: remove sink on 3102, from 1210.97 to 1212.04. dz = 1.08
Warning: remove sink on 3105, from 1209.27 to 1210.70. dz = 1.43
Warning: remove sink on 3128, from 1232.47 to 1238.55. dz = 6.08
Warning: remove sink on 3174, from 1052.20 to 1053.19. dz = 0.99
Warning: remove sink on 3191, from 962.37 to 965.37. dz = 3.00
Warning: remove sink on 3194, from 987.82 to 987.83. dz = 0.00
Warning: remove sink on 3247, from 1130.35 to 1133.06. dz = 2.71
Warning: remove sink on 3254, from 1134.18 to 1135.07. dz = 0.89
Warning: remove sink on 3259, from 1132.71 to 1133.67. dz = 0.96
Warning: remove sink on 3267, from 1129.51 to 1133.35. dz = 3.84
Warning: remove sink on 3274, from 1124.66 to 1127.16. dz = 2.50
Warning: remove sink on 3280, from 1134.61 to 1136.69. dz = 2.08
Warning: remove sink on 3382, from 4053.00 to 4057.76. dz = 4.76
Warning: remove sink on 3416, from 4052.90 to 4088.54. dz = 35.64
Warning: remove sink on 3662, from 3867.18 to 3870.48. dz = 3.30
Warning: remove sink on 3700, from 3986.44 to 3986.49. dz = 0.05
Warning: remove sink on 3715, from 4286.87 to 4315.32. dz = 28.45
Warning: remove sink on 3883, from 4184.65 to 4221.07. dz = 36.42
Warning: remove sink on 3887, from 4323.43 to 4329.51. dz = 6.07
Warning: remove sink on 3913, from 3106.98 to 3169.92. dz = 62.94
Warning: remove sink on 3932, from 3814.14 to 3816.92. dz = 2.79
Warning: remove sink on 3942, from 3218.02 to 3346.16. dz = 128.14
Warning: remove sink on 3996, from 4187.98 to 4192.21. dz = 4.23
Warning: remove sink on 4005, from 3739.74 to 3781.98. dz = 42.25
Warning: remove sink on 4026, from 4227.12 to 4240.33. dz = 13.21
Warning: remove sink on 4049, from 4140.63 to 4163.36. dz = 22.73
Warning: remove sink on 4068, from 3773.90 to 3778.04. dz = 4.14
Warning: remove sink on 4244, from 3766.03 to 3855.12. dz = 89.08
Warning: remove sink on 4397, from 3925.31 to 3926.41. dz = 1.10
Warning: remove sink on 4423, from 4118.88 to 4159.12. dz = 40.24
Warning: remove sink on 4568, from 935.68 to 936.45. dz = 0.77
Warning: remove sink on 4580, from 928.78 to 929.06. dz = 0.28
Warning: remove sink on 4583, from 935.27 to 936.06. dz = 0.79
Warning: remove sink on 4609, from 931.65 to 932.19. dz = 0.54
Warning: remove sink on 4614, from 897.13 to 897.31. dz = 0.18
Warning: remove sink on 4622, from 925.66 to 929.16. dz = 3.51
Warning: remove sink on 4641, from 926.27 to 927.79. dz = 1.52
Warning: remove sink on 4668, from 967.30 to 968.23. dz = 0.93
Warning: remove sink on 4675, from 971.66 to 973.46. dz = 1.80
Warning: remove sink on 4679, from 959.04 to 959.19. dz = 0.15
Warning: remove sink on 4691, from 975.38 to 975.75. dz = 0.36
Warning: remove sink on 4701, from 974.01 to 974.14. dz = 0.12
Warning: remove sink on 4704, from 975.46 to 975.78. dz = 0.31
Warning: remove sink on 4716, from 965.10 to 965.60. dz = 0.50
Warning: remove sink on 4725, from 961.13 to 962.20. dz = 1.08
Warning: remove sink on 4734, from 966.01 to 966.41. dz = 0.41
Warning: remove sink on 4743, from 953.64 to 954.13. dz = 0.49
Warning: remove sink on 4768, from 1546.27 to 1547.72. dz = 1.45
Warning: remove sink on 4822, from 1561.58 to 1562.58. dz = 1.01
Warning: remove sink on 4826, from 1493.72 to 1494.74. dz = 1.02
Warning: remove sink on 4860, from 1448.07 to 1448.68. dz = 0.61
Warning: remove sink on 4861, from 1472.63 to 1473.70. dz = 1.06
Warning: remove sink on 4873, from 1086.59 to 1086.91. dz = 0.33
Warning: remove sink on 4883, from 1075.56 to 1076.00. dz = 0.43
Warning: remove sink on 4915, from 1057.07 to 1057.52. dz = 0.45
Warning: remove sink on 4922, from 1019.59 to 1021.72. dz = 2.13
Warning: remove sink on 4926, from 1016.21 to 1017.73. dz = 1.52
Warning: remove sink on 4927, from 1019.16 to 1020.79. dz = 1.62
Warning: remove sink on 4929, from 1015.91 to 1016.11. dz = 0.20
Warning: remove sink on 4967, from 891.17 to 891.34. dz = 0.17
Warning: remove sink on 4970, from 930.55 to 934.04. dz = 3.49
Warning: remove sink on 5010, from 888.39 to 888.60. dz = 0.21
Warning: remove sink on 5011, from 895.34 to 897.00. dz = 1.66
Warning: remove sink on 5019, from 942.88 to 944.95. dz = 2.07
Warning: remove sink on 5033, from 920.91 to 922.56. dz = 1.65
Warning: remove sink on 5043, from 943.70 to 944.39. dz = 0.69
Warning: remove sink on 5052, from 896.92 to 896.94. dz = 0.02
Warning: remove sink on 5067, from 899.95 to 900.22. dz = 0.27
Warning: remove sink on 5085, from 906.92 to 907.00. dz = 0.08
Warning: remove sink on 5104, from 901.29 to 902.55. dz = 1.25
Warning: remove sink on 5112, from 901.18 to 904.07. dz = 2.89
Warning: remove sink on 5115, from 898.49 to 898.50. dz = 0.01
Warning: remove sink on 5117, from 902.26 to 902.60. dz = 0.34
Warning: remove sink on 5118, from 891.65 to 891.99. dz = 0.34
Warning: remove sink on 5126, from 911.06 to 911.32. dz = 0.26
Warning: remove sink on 5128, from 896.51 to 896.75. dz = 0.24
Warning: remove sink on 5145, from 902.80 to 903.98. dz = 1.18
Warning: remove sink on 5161, from 909.82 to 910.11. dz = 0.29
Warning: remove sink on 5175, from 906.48 to 908.63. dz = 2.15
Warning: remove sink on 5179, from 910.46 to 911.01. dz = 0.55
Warning: remove sink on 5196, from 893.86 to 894.42. dz = 0.56
Warning: remove sink on 5202, from 885.78 to 886.66. dz = 0.88
Warning: remove sink on 5210, from 901.56 to 901.92. dz = 0.37
Warning: remove sink on 5220, from 909.55 to 910.11. dz = 0.56
Warning: remove sink on 5221, from 910.14 to 910.30. dz = 0.16
Warning: remove sink on 5244, from 885.13 to 885.53. dz = 0.40
Warning: remove sink on 5259, from 883.38 to 884.87. dz = 1.49
Warning: remove sink on 5265, from 889.32 to 893.36. dz = 4.04
Warning: remove sink on 5284, from 892.18 to 892.75. dz = 0.57
Warning: remove sink on 5302, from 887.46 to 887.56. dz = 0.10
Warning: remove sink on 5316, from 922.74 to 924.42. dz = 1.68
Warning: remove sink on 5352, from 889.89 to 889.89. dz = 0.01
Warning: remove sink on 5383, from 886.82 to 887.36. dz = 0.54
Warning: remove sink on 5390, from 900.10 to 902.31. dz = 2.21
Warning: remove sink on 5421, from 914.24 to 916.20. dz = 1.96
Warning: remove sink on 5452, from 927.34 to 927.94. dz = 0.60
Warning: remove sink on 5453, from 915.60 to 915.98. dz = 0.39
Warning: remove sink on 5467, from 914.61 to 915.66. dz = 1.05
Warning: remove sink on 5470, from 913.67 to 914.48. dz = 0.81
Warning: remove sink on 5473, from 915.04 to 916.47. dz = 1.44
Warning: remove sink on 5476, from 915.88 to 916.13. dz = 0.25
Warning: remove sink on 5491, from 915.88 to 916.85. dz = 0.96
Warning: remove sink on 5507, from 917.20 to 919.73. dz = 2.53
Warning: remove sink on 5510, from 916.86 to 917.56. dz = 0.70
Warning: remove sink on 5511, from 914.50 to 914.76. dz = 0.26
Warning: remove sink on 5521, from 919.46 to 920.31. dz = 0.84
Warning: remove sink on 5533, from 908.99 to 910.33. dz = 1.34
Warning: remove sink on 5534, from 926.47 to 926.63. dz = 0.15
Warning: remove sink on 5540, from 916.77 to 917.45. dz = 0.69
Warning: remove sink on 5542, from 914.78 to 915.99. dz = 1.21
Warning: remove sink on 5544, from 912.08 to 912.45. dz = 0.37
Warning: remove sink on 5557, from 917.04 to 917.33. dz = 0.29
Warning: remove sink on 5564, from 915.27 to 917.01. dz = 1.73
Warning: remove sink on 5570, from 920.64 to 922.49. dz = 1.85
Warning: remove sink on 5578, from 917.07 to 918.11. dz = 1.04
Warning: remove sink on 5583, from 916.60 to 918.02. dz = 1.43
Warning: remove sink on 5586, from 917.95 to 918.11. dz = 0.16
Warning: remove sink on 5597, from 916.43 to 916.50. dz = 0.07
Warning: remove sink on 5613, from 928.51 to 929.56. dz = 1.05
Warning: remove sink on 5628, from 884.02 to 884.90. dz = 0.88
Warning: remove sink on 5632, from 919.45 to 919.98. dz = 0.54
Warning: remove sink on 5641, from 881.51 to 883.58. dz = 2.07
Warning: remove sink on 5646, from 933.65 to 934.35. dz = 0.70
Warning: remove sink on 5648, from 932.21 to 934.15. dz = 1.94
Warning: remove sink on 5652, from 946.81 to 947.22. dz = 0.41
Warning: remove sink on 5657, from 945.97 to 948.01. dz = 2.04
Warning: remove sink on 5669, from 947.90 to 947.91. dz = 0.01
Warning: remove sink on 5719, from 950.54 to 951.29. dz = 0.75
Warning: remove sink on 5726, from 966.17 to 966.30. dz = 0.12
Warning: remove sink on 5734, from 951.71 to 953.62. dz = 1.91
Warning: remove sink on 5758, from 980.55 to 981.12. dz = 0.57
Warning: remove sink on 5778, from 1000.89 to 1002.52. dz = 1.63
Warning: remove sink on 5783, from 971.95 to 973.54. dz = 1.60
Warning: remove sink on 5789, from 986.18 to 986.81. dz = 0.64
Warning: remove sink on 5807, from 976.91 to 978.40. dz = 1.48
Warning: remove sink on 5816, from 971.89 to 972.68. dz = 0.79
Warning: remove sink on 5822, from 957.00 to 959.72. dz = 2.71
Warning: remove sink on 5828, from 971.48 to 972.77. dz = 1.28
Warning: remove sink on 5842, from 964.25 to 968.20. dz = 3.96
Warning: remove sink on 5849, from 948.24 to 948.31. dz = 0.07
Warning: remove sink on 5858, from 975.74 to 978.77. dz = 3.02
Warning: remove sink on 5865, from 965.25 to 965.84. dz = 0.60
Warning: remove sink on 5899, from 955.29 to 955.34. dz = 0.05
Warning: remove sink on 5911, from 980.90 to 982.51. dz = 1.61
Warning: remove sink on 5913, from 978.72 to 979.06. dz = 0.34
Warning: remove sink on 5928, from 963.39 to 963.90. dz = 0.51
Warning: remove sink on 5933, from 982.51 to 984.60. dz = 2.09
Warning: remove sink on 5934, from 979.85 to 979.98. dz = 0.13
Warning: remove sink on 5944, from 985.10 to 985.28. dz = 0.18
Warning: remove sink on 5945, from 982.76 to 984.22. dz = 1.45
Warning: remove sink on 5954, from 979.61 to 979.73. dz = 0.12
Warning: remove sink on 5960, from 935.11 to 935.86. dz = 0.75
Warning: remove sink on 5964, from 932.90 to 934.38. dz = 1.48
Warning: remove sink on 5974, from 995.27 to 995.70. dz = 0.44
Warning: remove sink on 5990, from 983.18 to 984.60. dz = 1.42
Warning: remove sink on 6006, from 979.43 to 980.95. dz = 1.53
Warning: remove sink on 6007, from 954.26 to 954.27. dz = 0.01
Warning: remove sink on 6009, from 934.28 to 935.28. dz = 1.00
Warning: remove sink on 6023, from 937.70 to 938.59. dz = 0.89
Warning: remove sink on 6047, from 937.98 to 939.68. dz = 1.70
Warning: remove sink on 6052, from 940.18 to 940.23. dz = 0.06
Warning: remove sink on 6057, from 940.43 to 943.19. dz = 2.76
Warning: remove sink on 6088, from 969.85 to 970.54. dz = 0.68
Warning: remove sink on 6100, from 969.48 to 970.19. dz = 0.71
Warning: remove sink on 6102, from 978.36 to 978.61. dz = 0.26
Warning: remove sink on 6129, from 973.57 to 973.86. dz = 0.28
Warning: remove sink on 6133, from 973.62 to 973.81. dz = 0.19
Warning: remove sink on 6148, from 991.36 to 992.76. dz = 1.40
Warning: remove sink on 6165, from 975.41 to 976.31. dz = 0.91
Warning: remove sink on 6180, from 930.36 to 931.70. dz = 1.35
Warning: remove sink on 6186, from 979.37 to 980.34. dz = 0.96
Warning: remove sink on 6190, from 980.43 to 980.80. dz = 0.37
Warning: remove sink on 6193, from 952.10 to 953.63. dz = 1.53
Warning: remove sink on 6198, from 959.58 to 960.74. dz = 1.17
Warning: remove sink on 6208, from 931.36 to 931.99. dz = 0.63
Warning: remove sink on 6209, from 941.77 to 943.71. dz = 1.94
Warning: remove sink on 6216, from 944.84 to 944.92. dz = 0.08
Warning: remove sink on 6218, from 951.25 to 952.63. dz = 1.38
Warning: remove sink on 6240, from 999.26 to 999.54. dz = 0.28
Warning: remove sink on 6242, from 935.85 to 936.41. dz = 0.56
Warning: remove sink on 6244, from 923.80 to 926.70. dz = 2.90
Warning: remove sink on 6247, from 931.71 to 931.90. dz = 0.19
Warning: remove sink on 6249, from 936.75 to 940.42. dz = 3.67
Warning: remove sink on 6252, from 949.04 to 949.33. dz = 0.29
Warning: remove sink on 6255, from 999.93 to 1000.02. dz = 0.10
Warning: remove sink on 6257, from 1000.73 to 1000.84. dz = 0.11
Warning: remove sink on 6262, from 970.71 to 971.17. dz = 0.46
Warning: remove sink on 6269, from 969.41 to 970.19. dz = 0.78
Warning: remove sink on 6295, from 985.88 to 986.20. dz = 0.32
Warning: remove sink on 6304, from 988.88 to 993.02. dz = 4.14
Warning: remove sink on 6317, from 932.06 to 933.55. dz = 1.49
Warning: remove sink on 6328, from 932.20 to 933.38. dz = 1.19
Warning: remove sink on 6341, from 920.26 to 920.61. dz = 0.35
Warning: remove sink on 6348, from 914.73 to 915.04. dz = 0.31
Warning: remove sink on 6352, from 996.95 to 998.17. dz = 1.23
Warning: remove sink on 6355, from 981.04 to 981.26. dz = 0.21
Warning: remove sink on 6356, from 982.26 to 984.20. dz = 1.94
Warning: remove sink on 6364, from 1000.35 to 1002.09. dz = 1.74
Warning: remove sink on 6404, from 1030.13 to 1031.00. dz = 0.87
Warning: remove sink on 6424, from 991.67 to 992.08. dz = 0.42
Warning: remove sink on 6436, from 1000.53 to 1000.92. dz = 0.39
Warning: remove sink on 6440, from 1000.76 to 1001.18. dz = 0.41
Warning: remove sink on 6442, from 1068.80 to 1070.47. dz = 1.67
Warning: remove sink on 6452, from 1002.27 to 1002.61. dz = 0.34
Warning: remove sink on 6643, from 1823.96 to 1837.84. dz = 13.88
Warning: remove sink on 6646, from 1887.49 to 1889.61. dz = 2.11
Warning: remove sink on 6746, from 1924.48 to 1925.46. dz = 0.98
Warning: remove sink on 6750, from 1900.11 to 1917.49. dz = 17.38
Warning: remove sink on 6791, from 2180.44 to 2218.33. dz = 37.89
Warning: remove sink on 6899, from 3489.82 to 3496.29. dz = 6.47
Warning: remove sink on 6999, from 3229.44 to 3255.20. dz = 25.76
Warning: remove sink on 7006, from 3015.03 to 3030.49. dz = 15.47
Warning: remove sink on 7100, from 2377.62 to 2379.56. dz = 1.94
Warning: remove sink on 7187, from 3124.09 to 3164.56. dz = 40.48
Warning: remove sink on 7453, from 959.44 to 962.70. dz = 3.27
Warning: remove sink on 7463, from 1010.63 to 1011.21. dz = 0.58
Warning: remove sink on 7464, from 1011.16 to 1011.37. dz = 0.21
Warning: remove sink on 7465, from 1007.79 to 1009.68. dz = 1.89
Warning: remove sink on 7472, from 1006.15 to 1007.28. dz = 1.13
Warning: remove sink on 7480, from 1014.60 to 1015.14. dz = 0.54
Warning: remove sink on 7492, from 1009.69 to 1010.11. dz = 0.42
Warning: remove sink on 7493, from 1009.59 to 1010.55. dz = 0.96
Warning: remove sink on 7502, from 1018.89 to 1019.55. dz = 0.65
Warning: remove sink on 7510, from 1004.61 to 1004.67. dz = 0.06
Warning: remove sink on 7522, from 1012.77 to 1013.23. dz = 0.46
Warning: remove sink on 7538, from 1003.44 to 1003.67. dz = 0.23
Warning: remove sink on 7540, from 999.44 to 1002.31. dz = 2.87
Warning: remove sink on 7542, from 1000.32 to 1001.32. dz = 1.00
Warning: remove sink on 7565, from 1076.17 to 1076.82. dz = 0.65
Warning: remove sink on 7591, from 1071.20 to 1072.33. dz = 1.12
Warning: remove sink on 7592, from 1073.61 to 1074.57. dz = 0.96
Warning: remove sink on 7606, from 891.52 to 891.77. dz = 0.25
Warning: remove sink on 7633, from 904.41 to 904.59. dz = 0.18
Warning: remove sink on 7648, from 926.50 to 927.68. dz = 1.18
Warning: remove sink on 7650, from 909.03 to 909.26. dz = 0.23
Warning: remove sink on 7654, from 923.16 to 924.36. dz = 1.19
Warning: remove sink on 7676, from 945.56 to 949.25. dz = 3.69
Warning: remove sink on 7677, from 908.77 to 913.61. dz = 4.83
Warning: remove sink on 7691, from 931.61 to 932.11. dz = 0.50
Warning: remove sink on 7698, from 896.02 to 896.08. dz = 0.06
Warning: remove sink on 7701, from 898.67 to 899.26. dz = 0.59
Warning: remove sink on 7713, from 902.67 to 903.23. dz = 0.55
Warning: remove sink on 7717, from 912.60 to 914.59. dz = 1.99
Warning: remove sink on 7724, from 911.06 to 911.49. dz = 0.43
Warning: remove sink on 7728, from 896.43 to 897.61. dz = 1.18
Warning: remove sink on 7738, from 887.93 to 888.37. dz = 0.44
Warning: remove sink on 7743, from 881.57 to 884.90. dz = 3.33
Warning: remove sink on 7751, from 909.78 to 911.55. dz = 1.77
Warning: remove sink on 7762, from 898.10 to 898.32. dz = 0.22
Warning: remove sink on 7764, from 908.50 to 909.24. dz = 0.75
Warning: remove sink on 7790, from 884.52 to 885.25. dz = 0.74
Warning: remove sink on 7813, from 887.36 to 888.79. dz = 1.43
Warning: remove sink on 7838, from 907.38 to 907.76. dz = 0.38
Warning: remove sink on 7844, from 923.56 to 923.78. dz = 0.22
Warning: remove sink on 7846, from 879.66 to 882.98. dz = 3.32
Warning: remove sink on 7847, from 884.48 to 885.08. dz = 0.59
Warning: remove sink on 7870, from 1070.81 to 1074.00. dz = 3.18
Warning: remove sink on 7882, from 1058.87 to 1060.11. dz = 1.25
Warning: remove sink on 7885, from 1052.94 to 1054.89. dz = 1.95
Warning: remove sink on 7898, from 1056.52 to 1057.39. dz = 0.87
Warning: remove sink on 7903, from 1067.59 to 1068.45. dz = 0.85
Warning: remove sink on 7906, from 1037.51 to 1038.16. dz = 0.64
Warning: remove sink on 7918, from 1058.21 to 1061.76. dz = 3.55
Warning: remove sink on 7938, from 1063.63 to 1064.84. dz = 1.21
Warning: remove sink on 7942, from 1064.14 to 1064.86. dz = 0.72
Warning: remove sink on 7952, from 1053.67 to 1054.57. dz = 0.90
Warning: remove sink on 7980, from 1058.22 to 1058.71. dz = 0.49
Warning: remove sink on 7993, from 1036.61 to 1037.78. dz = 1.17
Warning: remove sink on 7994, from 1028.21 to 1028.35. dz = 0.14
Warning: remove sink on 8007, from 1054.15 to 1054.57. dz = 0.43
Warning: remove sink on 8053, from 1029.23 to 1030.08. dz = 0.86
Warning: remove sink on 8061, from 1067.89 to 1069.27. dz = 1.38
Warning: remove sink on 8177, from 986.64 to 987.00. dz = 0.35
Warning: remove sink on 8182, from 1070.71 to 1073.10. dz = 2.40
Warning: remove sink on 8192, from 977.39 to 978.80. dz = 1.41
Warning: remove sink on 8216, from 1031.62 to 1033.37. dz = 1.75
Warning: remove sink on 8225, from 1039.11 to 1040.50. dz = 1.39
Warning: remove sink on 8245, from 1048.61 to 1049.64. dz = 1.02
Warning: remove sink on 8252, from 1038.79 to 1038.96. dz = 0.18
Warning: remove sink on 8265, from 1039.11 to 1040.10. dz = 0.99
Warning: remove sink on 8271, from 1041.25 to 1042.79. dz = 1.54
Warning: remove sink on 8300, from 1022.59 to 1022.61. dz = 0.02
Warning: remove sink on 8306, from 1023.02 to 1024.42. dz = 1.40
Warning: remove sink on 8332, from 1021.41 to 1025.47. dz = 4.06
Warning: remove sink on 8337, from 1024.35 to 1025.58. dz = 1.23
Warning: remove sink on 8355, from 1027.93 to 1029.73. dz = 1.80
Warning: remove sink on 8357, from 1018.28 to 1019.50. dz = 1.21
Warning: remove sink on 8359, from 1024.71 to 1024.73. dz = 0.02
Warning: remove sink on 8373, from 1001.33 to 1001.98. dz = 0.65
Warning: remove sink on 8382, from 1008.74 to 1009.32. dz = 0.58
Warning: remove sink on 8395, from 1019.52 to 1020.04. dz = 0.52
Warning: remove sink on 8430, from 997.68 to 997.71. dz = 0.03
Warning: remove sink on 8435, from 1016.51 to 1017.36. dz = 0.85
Warning: remove sink on 8437, from 1029.11 to 1029.41. dz = 0.30
Warning: remove sink on 8457, from 1016.44 to 1016.77. dz = 0.33
Warning: remove sink on 8465, from 1017.88 to 1018.57. dz = 0.69
Warning: remove sink on 8468, from 1012.89 to 1012.91. dz = 0.02
Warning: remove sink on 8477, from 1011.35 to 1013.56. dz = 2.21
Warning: remove sink on 8484, from 1004.88 to 1004.92. dz = 0.04
Warning: remove sink on 8488, from 1006.31 to 1007.21. dz = 0.90
Warning: remove sink on 8493, from 1003.41 to 1003.77. dz = 0.36
Warning: remove sink on 8494, from 1017.04 to 1017.94. dz = 0.90
Warning: remove sink on 8496, from 1041.28 to 1042.24. dz = 0.96
Warning: remove sink on 8502, from 1004.84 to 1006.16. dz = 1.31
Warning: remove sink on 8515, from 1019.72 to 1020.20. dz = 0.48
Warning: remove sink on 8521, from 1008.72 to 1010.16. dz = 1.44
Warning: remove sink on 8522, from 1010.46 to 1011.41. dz = 0.95
Warning: remove sink on 8533, from 1003.29 to 1006.11. dz = 2.83
Warning: remove sink on 8542, from 1023.52 to 1024.04. dz = 0.52
Warning: remove sink on 8547, from 1026.22 to 1027.36. dz = 1.14
Warning: remove sink on 8573, from 1034.44 to 1036.96. dz = 2.52
Warning: remove sink on 8577, from 1034.23 to 1035.06. dz = 0.83
Warning: remove sink on 8589, from 977.57 to 978.44. dz = 0.86
Warning: remove sink on 8606, from 973.21 to 973.93. dz = 0.72
Warning: remove sink on 8615, from 980.44 to 980.75. dz = 0.31
Warning: remove sink on 8635, from 1083.79 to 1084.73. dz = 0.94
Warning: remove sink on 8679, from 1062.12 to 1062.32. dz = 0.20
Warning: remove sink on 8702, from 1115.78 to 1115.97. dz = 0.19
Warning: remove sink on 8722, from 1200.54 to 1202.66. dz = 2.13
Warning: remove sink on 8723, from 1178.07 to 1181.90. dz = 3.83
Warning: remove sink on 8798, from 1275.54 to 1276.42. dz = 0.88
Warning: remove sink on 8807, from 1232.58 to 1233.31. dz = 0.73
Warning: remove sink on 8819, from 1240.47 to 1248.77. dz = 8.30
Warning: remove sink on 8959, from 1599.06 to 1606.92. dz = 7.87
Warning: remove sink on 9004, from 3477.44 to 3484.87. dz = 7.43
Warning: remove sink on 9033, from 1124.82 to 1128.55. dz = 3.73
Warning: remove sink on 9037, from 1151.74 to 1151.91. dz = 0.17
Warning: remove sink on 9146, from 4323.77 to 4386.10. dz = 62.33
Warning: remove sink on 9314, from 4103.88 to 4130.19. dz = 26.32
Warning: remove sink on 9343, from 4169.66 to 4190.00. dz = 20.34
Warning: remove sink on 9353, from 4312.48 to 4349.27. dz = 36.78
Warning: remove sink on 9898, from 949.69 to 953.78. dz = 4.10
Warning: remove sink on 9906, from 913.73 to 913.88. dz = 0.15
Warning: remove sink on 9913, from 971.20 to 973.03. dz = 1.83
Warning: remove sink on 9916, from 975.68 to 976.09. dz = 0.41
Warning: remove sink on 9927, from 953.18 to 954.41. dz = 1.22
Warning: remove sink on 9934, from 1232.57 to 1233.12. dz = 0.55
Warning: remove sink on 9935, from 1583.40 to 1586.60. dz = 3.20
Warning: remove sink on 9948, from 1514.35 to 1514.77. dz = 0.42
Warning: remove sink on 10041, from 1231.74 to 1232.19. dz = 0.45
Warning: remove sink on 10049, from 1237.14 to 1237.17. dz = 0.03
Warning: remove sink on 10052, from 1230.40 to 1232.19. dz = 1.79
Warning: remove sink on 10054, from 1222.43 to 1223.93. dz = 1.51
Warning: remove sink on 10070, from 1230.10 to 1231.04. dz = 0.93
Warning: remove sink on 10097, from 1232.70 to 1233.88. dz = 1.19
Warning: remove sink on 10105, from 1233.04 to 1233.38. dz = 0.33
Warning: remove sink on 10119, from 1222.51 to 1223.39. dz = 0.88
Warning: remove sink on 10174, from 1174.76 to 1175.63. dz = 0.87
Warning: remove sink on 10202, from 1256.13 to 1256.58. dz = 0.45
Warning: remove sink on 10220, from 1226.67 to 1226.98. dz = 0.31
Warning: remove sink on 10227, from 1218.80 to 1218.98. dz = 0.18
Warning: remove sink on 10304, from 1207.92 to 1208.18. dz = 0.26
Warning: remove sink on 10310, from 1355.01 to 1355.17. dz = 0.17
Warning: remove sink on 10353, from 1241.41 to 1242.02. dz = 0.61
Warning: remove sink on 10360, from 1233.05 to 1234.05. dz = 1.00
Warning: remove sink on 10363, from 1225.58 to 1228.57. dz = 2.99
Warning: remove sink on 10372, from 1256.71 to 1261.18. dz = 4.47
Warning: remove sink on 10402, from 1013.74 to 1016.60. dz = 2.86
Warning: remove sink on 10416, from 962.86 to 967.28. dz = 4.41
Warning: remove sink on 10480, from 904.60 to 907.01. dz = 2.41
Warning: remove sink on 10498, from 888.95 to 889.14. dz = 0.19
Warning: remove sink on 10531, from 965.10 to 965.65. dz = 0.56
Warning: remove sink on 10544, from 1005.07 to 1005.50. dz = 0.43
Warning: remove sink on 10581, from 1003.34 to 1005.73. dz = 2.40
Warning: remove sink on 10625, from 992.10 to 999.26. dz = 7.16
Warning: remove sink on 10627, from 1055.22 to 1055.62. dz = 0.39
Warning: remove sink on 10652, from 919.47 to 920.73. dz = 1.26
Warning: remove sink on 10657, from 921.88 to 924.77. dz = 2.88
Warning: remove sink on 10658, from 920.30 to 920.61. dz = 0.32
Warning: remove sink on 10677, from 960.43 to 960.79. dz = 0.36
Warning: remove sink on 10680, from 963.72 to 964.12. dz = 0.40
Warning: remove sink on 10693, from 976.25 to 977.50. dz = 1.25
Warning: remove sink on 10699, from 972.16 to 972.25. dz = 0.09
Warning: remove sink on 10707, from 938.48 to 938.81. dz = 0.33
Warning: remove sink on 10714, from 989.58 to 991.39. dz = 1.81
Warning: remove sink on 10721, from 961.91 to 962.10. dz = 0.19
Warning: remove sink on 10740, from 946.85 to 947.54. dz = 0.68
Warning: remove sink on 10776, from 932.99 to 935.28. dz = 2.29
Warning: remove sink on 10778, from 913.25 to 915.59. dz = 2.33
Warning: remove sink on 10798, from 925.62 to 926.34. dz = 0.72
Warning: remove sink on 10804, from 946.94 to 948.37. dz = 1.43
Warning: remove sink on 10825, from 948.97 to 948.97. dz = 0.00
Warning: remove sink on 10828, from 942.38 to 943.36. dz = 0.97
Warning: remove sink on 10836, from 929.17 to 931.33. dz = 2.15
Warning: remove sink on 10851, from 954.15 to 955.39. dz = 1.24
Warning: remove sink on 10860, from 946.02 to 946.15. dz = 0.13
Warning: remove sink on 10863, from 948.72 to 949.89. dz = 1.17
Warning: remove sink on 10877, from 951.81 to 952.19. dz = 0.38
Warning: remove sink on 10897, from 965.93 to 967.08. dz = 1.15
Warning: remove sink on 10903, from 970.18 to 970.81. dz = 0.63
Warning: remove sink on 10926, from 959.43 to 959.64. dz = 0.21
Warning: remove sink on 10930, from 970.93 to 970.98. dz = 0.05
Warning: remove sink on 10935, from 960.94 to 961.17. dz = 0.23
Warning: remove sink on 10954, from 961.77 to 962.83. dz = 1.06
Warning: remove sink on 10955, from 972.59 to 973.80. dz = 1.21
Warning: remove sink on 10982, from 958.94 to 959.27. dz = 0.33
Warning: remove sink on 10987, from 956.68 to 957.43. dz = 0.75
Warning: remove sink on 11015, from 978.11 to 978.11. dz = 0.00
Warning: remove sink on 11031, from 972.24 to 972.27. dz = 0.04
Warning: remove sink on 11044, from 964.78 to 965.65. dz = 0.88
Warning: remove sink on 11048, from 962.45 to 963.69. dz = 1.24
Warning: remove sink on 11059, from 955.89 to 958.77. dz = 2.88
Warning: remove sink on 11061, from 961.89 to 962.91. dz = 1.02
Warning: remove sink on 11065, from 936.34 to 936.41. dz = 0.07
Warning: remove sink on 11072, from 937.92 to 938.39. dz = 0.48
Warning: remove sink on 11083, from 913.99 to 914.28. dz = 0.29
Warning: remove sink on 11084, from 920.92 to 921.48. dz = 0.56
Warning: remove sink on 11087, from 922.85 to 923.56. dz = 0.71
Warning: remove sink on 11090, from 918.02 to 919.66. dz = 1.64
Warning: remove sink on 11107, from 921.23 to 922.80. dz = 1.58
Warning: remove sink on 11108, from 923.28 to 924.07. dz = 0.79
Warning: remove sink on 11120, from 915.25 to 916.90. dz = 1.64
Warning: remove sink on 11125, from 912.19 to 913.97. dz = 1.78
Warning: remove sink on 11134, from 914.10 to 915.79. dz = 1.68
Warning: remove sink on 11148, from 922.22 to 922.37. dz = 0.15
Warning: remove sink on 11149, from 920.78 to 921.36. dz = 0.59
Warning: remove sink on 11158, from 911.75 to 912.52. dz = 0.77
Warning: remove sink on 11169, from 925.52 to 927.17. dz = 1.65
Warning: remove sink on 11180, from 908.51 to 908.82. dz = 0.32
Warning: remove sink on 11184, from 906.61 to 908.28. dz = 1.67
Warning: remove sink on 11202, from 941.09 to 946.24. dz = 5.15
Warning: remove sink on 11213, from 973.66 to 975.82. dz = 2.17
Warning: remove sink on 11249, from 983.75 to 984.98. dz = 1.22
Warning: remove sink on 11395, from 1368.37 to 1368.87. dz = 0.50
Warning: remove sink on 11525, from 1270.19 to 1270.43. dz = 0.24
Warning: remove sink on 11558, from 1746.42 to 1748.93. dz = 2.51
Warning: remove sink on 11655, from 4219.25 to 4387.80. dz = 168.55
Warning: remove sink on 11665, from 4380.55 to 4479.96. dz = 99.41
Warning: remove sink on 11681, from 4328.45 to 4331.05. dz = 2.61
Warning: remove sink on 11715, from 4066.34 to 4119.17. dz = 52.83
Warning: remove sink on 11749, from 4229.11 to 4276.23. dz = 47.12
Warning: remove sink on 11750, from 4011.33 to 4034.21. dz = 22.88
Warning: remove sink on 11751, from 3898.61 to 4003.51. dz = 104.89
Warning: remove sink on 11807, from 3245.94 to 3295.70. dz = 49.76
Warning: remove sink on 11906, from 3598.60 to 3605.50. dz = 6.89
Warning: remove sink on 11955, from 4025.40 to 4104.31. dz = 78.91
Warning: remove sink on 11970, from 4066.11 to 4088.45. dz = 22.34
Warning: remove sink on 12015, from 1110.69 to 1111.72. dz = 1.02
Warning: remove sink on 12036, from 1122.33 to 1124.30. dz = 1.97
Warning: remove sink on 12037, from 1112.05 to 1119.48. dz = 7.43
Warning: remove sink on 12046, from 1101.02 to 1105.88. dz = 4.85
Warning: remove sink on 12056, from 1108.84 to 1109.37. dz = 0.54
Warning: remove sink on 12087, from 1086.19 to 1087.25. dz = 1.05
Warning: remove sink on 12090, from 1003.29 to 1003.47. dz = 0.17
Warning: remove sink on 12106, from 926.03 to 932.10. dz = 6.07
Warning: remove sink on 12117, from 906.10 to 909.61. dz = 3.51
Warning: remove sink on 12121, from 895.16 to 897.90. dz = 2.74
Warning: remove sink on 12136, from 916.93 to 917.47. dz = 0.54
Warning: remove sink on 12145, from 916.37 to 917.47. dz = 1.10
Warning: remove sink on 12151, from 918.77 to 919.24. dz = 0.47
Warning: remove sink on 12154, from 1086.61 to 1087.53. dz = 0.92
Warning: remove sink on 12156, from 1087.95 to 1089.18. dz = 1.23
Warning: remove sink on 12163, from 1065.05 to 1067.94. dz = 2.89
Warning: remove sink on 12175, from 1069.45 to 1070.64. dz = 1.19
Warning: remove sink on 12186, from 1100.89 to 1104.05. dz = 3.16
Warning: remove sink on 12225, from 1019.16 to 1020.01. dz = 0.85
Warning: remove sink on 12226, from 1009.51 to 1010.99. dz = 1.47
Warning: remove sink on 12231, from 1001.53 to 1003.34. dz = 1.81
Warning: remove sink on 12250, from 1000.39 to 1001.51. dz = 1.12
Warning: remove sink on 12255, from 1026.56 to 1027.05. dz = 0.49
Warning: remove sink on 12264, from 994.69 to 998.15. dz = 3.46
Warning: remove sink on 12276, from 1034.85 to 1035.67. dz = 0.82
Warning: remove sink on 12286, from 1017.64 to 1017.98. dz = 0.34
Warning: remove sink on 12293, from 1015.74 to 1016.11. dz = 0.37
Warning: remove sink on 12325, from 1048.83 to 1049.62. dz = 0.79
Warning: remove sink on 12345, from 1315.17 to 1317.48. dz = 2.31
Warning: remove sink on 12350, from 1510.46 to 1512.39. dz = 1.93
Warning: remove sink on 12351, from 1313.52 to 1317.48. dz = 3.96
Warning: remove sink on 12352, from 1311.67 to 1317.48. dz = 5.81
Warning: remove sink on 12363, from 1319.03 to 1326.58. dz = 7.55
Warning: remove sink on 12388, from 1283.73 to 1294.20. dz = 10.47
Warning: remove sink on 12409, from 1197.96 to 1201.58. dz = 3.62
Warning: remove sink on 12420, from 1200.35 to 1202.26. dz = 1.91
Warning: remove sink on 12443, from 1207.86 to 1207.98. dz = 0.12
Warning: remove sink on 12451, from 1206.96 to 1207.71. dz = 0.75
Warning: remove sink on 12456, from 1200.65 to 1201.06. dz = 0.41
Warning: remove sink on 12475, from 1171.36 to 1171.81. dz = 0.45
Warning: remove sink on 12481, from 1156.97 to 1157.05. dz = 0.07
Warning: remove sink on 12482, from 1184.31 to 1184.87. dz = 0.56
Warning: remove sink on 12549, from 1211.62 to 1212.16. dz = 0.53
Warning: remove sink on 12611, from 1203.48 to 1203.59. dz = 0.12
Warning: remove sink on 12624, from 1201.23 to 1202.84. dz = 1.61
Warning: remove sink on 12630, from 1217.98 to 1220.10. dz = 2.12
Warning: remove sink on 12632, from 1248.38 to 1251.78. dz = 3.40
Warning: remove sink on 12709, from 1191.31 to 1192.00. dz = 0.69
Warning: remove sink on 12776, from 1204.46 to 1204.63. dz = 0.17
Warning: remove sink on 12788, from 1260.04 to 1261.19. dz = 1.15
Warning: remove sink on 12820, from 1206.00 to 1207.20. dz = 1.20
Warning: remove sink on 12846, from 1204.99 to 1205.29. dz = 0.30
Warning: remove sink on 13032, from 1692.76 to 1699.30. dz = 6.54
Warning: remove sink on 13133, from 1150.08 to 1150.15. dz = 0.07
Warning: remove sink on 13196, from 1190.30 to 1192.20. dz = 1.90
Warning: remove sink on 13285, from 1106.32 to 1107.76. dz = 1.44
Warning: remove sink on 13290, from 1103.31 to 1103.80. dz = 0.48
Warning: remove sink on 13302, from 1104.75 to 1107.13. dz = 2.38
Warning: remove sink on 13317, from 1112.92 to 1112.99. dz = 0.07
Warning: remove sink on 13319, from 1106.18 to 1106.34. dz = 0.16
Warning: remove sink on 13330, from 1106.04 to 1107.13. dz = 1.09
Warning: remove sink on 13332, from 1091.33 to 1091.60. dz = 0.28
Warning: remove sink on 13348, from 1112.82 to 1114.50. dz = 1.68
Warning: remove sink on 13353, from 1117.75 to 1123.81. dz = 6.06
Warning: remove sink on 13363, from 1112.68 to 1115.38. dz = 2.71
Warning: remove sink on 13374, from 1101.08 to 1102.17. dz = 1.09
Warning: remove sink on 13378, from 1085.85 to 1086.75. dz = 0.90
Warning: remove sink on 13395, from 1121.70 to 1128.19. dz = 6.49
Warning: remove sink on 13396, from 1126.13 to 1128.90. dz = 2.77
Warning: remove sink on 13399, from 1124.93 to 1126.79. dz = 1.86
Warning: remove sink on 13413, from 1115.21 to 1115.89. dz = 0.67
Warning: remove sink on 13415, from 1126.38 to 1129.50. dz = 3.12
Warning: remove sink on 13455, from 1085.83 to 1087.25. dz = 1.42
Warning: remove sink on 13460, from 1087.98 to 1089.77. dz = 1.79
Warning: remove sink on 13463, from 1089.18 to 1089.77. dz = 0.59
Warning: remove sink on 13464, from 1096.58 to 1097.08. dz = 0.49
Warning: remove sink on 13639, from 1233.71 to 1235.48. dz = 1.77
Warning: remove sink on 13920, from 1282.83 to 1287.65. dz = 4.83
Warning: remove sink on 13961, from 1210.40 to 1210.83. dz = 0.43
Warning: remove sink on 14209, from 1161.94 to 1162.88. dz = 0.94
Warning: remove sink on 14233, from 1201.28 to 1212.70. dz = 11.43
Warning: remove sink on 14236, from 1068.38 to 1072.53. dz = 4.15
Warning: remove sink on 14259, from 1051.03 to 1054.51. dz = 3.48
Warning: remove sink on 14269, from 1125.02 to 1130.22. dz = 5.20
Warning: remove sink on 14271, from 1120.54 to 1122.24. dz = 1.69
Warning: remove sink on 14278, from 1118.12 to 1121.84. dz = 3.73
Warning: remove sink on 14287, from 1123.98 to 1124.91. dz = 0.93
Warning: remove sink on 14305, from 1041.43 to 1043.68. dz = 2.26
Warning: remove sink on 14333, from 1589.06 to 1593.72. dz = 4.66
Warning: remove sink on 14346, from 1657.32 to 1658.00. dz = 0.68
Warning: remove sink on 14404, from 1591.00 to 1594.98. dz = 3.98
Warning: remove sink on 14440, from 1668.29 to 1671.76. dz = 3.47
Warning: remove sink on 14456, from 1687.49 to 1697.04. dz = 9.55
Warning: remove sink on 14493, from 1495.99 to 1497.70. dz = 1.72
Warning: remove sink on 14541, from 3845.89 to 3849.14. dz = 3.26
Warning: remove sink on 14551, from 4167.68 to 4168.23. dz = 0.55
Warning: remove sink on 14811, from 3682.96 to 3743.46. dz = 60.50
Warning: remove sink on 15111, from 2839.39 to 2855.57. dz = 16.18
Warning: remove sink on 15206, from 2465.70 to 2477.73. dz = 12.04
Warning: remove sink on 15453, from 1271.26 to 1274.93. dz = 3.67
Warning: remove sink on 15549, from 1494.22 to 1495.58. dz = 1.36
Warning: remove sink on 15589, from 1507.50 to 1512.78. dz = 5.27
Warning: remove sink on 15675, from 1451.28 to 1453.86. dz = 2.58
Warning: remove sink on 15704, from 1615.31 to 1618.15. dz = 2.84
Warning: remove sink on 15787, from 1490.49 to 1492.56. dz = 2.08
Warning: remove sink on 15799, from 1489.28 to 1492.56. dz = 3.28
Warning: remove sink on 15813, from 1457.80 to 1458.79. dz = 0.99
Warning: remove sink on 15828, from 1412.10 to 1412.75. dz = 0.66
Warning: remove sink on 15916, from 1471.60 to 1474.58. dz = 2.98
Warning: remove sink on 15918, from 1483.56 to 1487.89. dz = 4.33
Warning: remove sink on 15942, from 1551.45 to 1551.65. dz = 0.19
Warning: remove sink on 15960, from 1505.42 to 1509.59. dz = 4.17
Warning: remove sink on 16041, from 4299.31 to 4303.32. dz = 4.01
Warning: remove sink on 16044, from 4264.38 to 4274.49. dz = 10.11
Warning: remove sink on 16104, from 1223.42 to 1223.97. dz = 0.56
Warning: remove sink on 16121, from 1208.85 to 1209.16. dz = 0.31
Warning: remove sink on 16143, from 1333.44 to 1333.97. dz = 0.53
Warning: remove sink on 16154, from 1385.16 to 1385.22. dz = 0.06
Warning: remove sink on 16164, from 955.77 to 959.02. dz = 3.25
Warning: remove sink on 16166, from 954.21 to 954.47. dz = 0.25
Warning: remove sink on 16170, from 1011.29 to 1018.79. dz = 7.51
Warning: remove sink on 16175, from 943.76 to 944.95. dz = 1.19
Warning: remove sink on 16191, from 1001.21 to 1001.22. dz = 0.01
Warning: remove sink on 16196, from 1017.25 to 1019.35. dz = 2.10
Warning: remove sink on 16198, from 910.34 to 910.40. dz = 0.06
Warning: remove sink on 16200, from 912.34 to 913.87. dz = 1.52
Warning: remove sink on 16201, from 907.00 to 907.36. dz = 0.36
Warning: remove sink on 16205, from 905.11 to 909.53. dz = 4.41
Warning: remove sink on 16213, from 914.74 to 914.92. dz = 0.18
Warning: remove sink on 16237, from 907.17 to 907.58. dz = 0.41
Warning: remove sink on 16242, from 908.83 to 909.47. dz = 0.64
Warning: remove sink on 16245, from 912.04 to 912.65. dz = 0.61
Warning: remove sink on 16246, from 910.36 to 911.43. dz = 1.07
Warning: remove sink on 16266, from 912.59 to 913.43. dz = 0.83
Warning: remove sink on 16277, from 919.02 to 921.52. dz = 2.50
Warning: remove sink on 16282, from 920.72 to 920.74. dz = 0.02
Warning: remove sink on 16298, from 921.00 to 921.04. dz = 0.04
Warning: remove sink on 16299, from 915.01 to 915.74. dz = 0.73
Warning: remove sink on 16302, from 914.28 to 915.74. dz = 1.46
Warning: remove sink on 16304, from 917.97 to 919.44. dz = 1.47
Warning: remove sink on 16336, from 927.47 to 929.12. dz = 1.65
Warning: remove sink on 16339, from 929.86 to 930.14. dz = 0.27
Warning: remove sink on 16347, from 921.01 to 924.03. dz = 3.02
Warning: remove sink on 16349, from 923.88 to 924.40. dz = 0.52
Warning: remove sink on 16388, from 924.21 to 926.00. dz = 1.78
Warning: remove sink on 16407, from 900.45 to 900.53. dz = 0.08
Warning: remove sink on 16425, from 892.53 to 893.96. dz = 1.43
Warning: remove sink on 16429, from 890.95 to 891.15. dz = 0.20
Warning: remove sink on 16431, from 891.70 to 892.54. dz = 0.84
Warning: remove sink on 16443, from 888.93 to 890.72. dz = 1.80
Warning: remove sink on 16457, from 905.75 to 905.81. dz = 0.06
Warning: remove sink on 16461, from 899.21 to 899.57. dz = 0.35
Warning: remove sink on 16467, from 897.37 to 898.42. dz = 1.05
Warning: remove sink on 16476, from 890.52 to 892.21. dz = 1.69
Warning: remove sink on 16505, from 906.07 to 908.16. dz = 2.09
Warning: remove sink on 16525, from 902.91 to 903.05. dz = 0.14
Warning: remove sink on 16538, from 905.15 to 906.18. dz = 1.03
Warning: remove sink on 16541, from 906.57 to 906.89. dz = 0.33
Warning: remove sink on 16548, from 899.82 to 902.06. dz = 2.24
Warning: remove sink on 16575, from 908.64 to 908.65. dz = 0.01
Warning: remove sink on 16586, from 910.24 to 910.96. dz = 0.71
Warning: remove sink on 16593, from 920.72 to 922.33. dz = 1.60
Warning: remove sink on 16623, from 896.39 to 896.87. dz = 0.48
Warning: remove sink on 16653, from 917.52 to 919.81. dz = 2.28
Warning: remove sink on 16659, from 916.61 to 916.72. dz = 0.11
Warning: remove sink on 16681, from 928.25 to 928.35. dz = 0.10
Warning: remove sink on 16766, from 942.22 to 945.24. dz = 3.02
Warning: remove sink on 16772, from 909.06 to 909.39. dz = 0.33
Warning: remove sink on 16795, from 1052.03 to 1055.62. dz = 3.59
Warning: remove sink on 16814, from 926.08 to 926.64. dz = 0.55
Warning: remove sink on 16815, from 923.65 to 923.85. dz = 0.20
Warning: remove sink on 16819, from 934.75 to 934.91. dz = 0.16
Warning: remove sink on 16832, from 968.65 to 968.82. dz = 0.17
Warning: remove sink on 16839, from 949.35 to 950.69. dz = 1.34
Warning: remove sink on 16858, from 979.98 to 980.18. dz = 0.21
Warning: remove sink on 16869, from 979.08 to 979.90. dz = 0.82
Warning: remove sink on 16876, from 974.12 to 974.28. dz = 0.16
Warning: remove sink on 16877, from 975.70 to 976.86. dz = 1.16
Warning: remove sink on 16880, from 972.89 to 973.12. dz = 0.23
Warning: remove sink on 16903, from 973.51 to 973.99. dz = 0.48
Warning: remove sink on 16908, from 958.84 to 959.53. dz = 0.69
Warning: remove sink on 16924, from 974.22 to 974.26. dz = 0.03
Warning: remove sink on 16933, from 993.44 to 994.54. dz = 1.10
Warning: remove sink on 16942, from 980.64 to 981.19. dz = 0.55
Warning: remove sink on 16953, from 983.73 to 985.79. dz = 2.06
Warning: remove sink on 16954, from 1019.34 to 1020.61. dz = 1.28
Warning: remove sink on 16964, from 957.89 to 958.98. dz = 1.08
Warning: remove sink on 16993, from 955.57 to 955.66. dz = 0.09
Warning: remove sink on 17009, from 957.32 to 958.09. dz = 0.77
Warning: remove sink on 17039, from 974.94 to 975.69. dz = 0.75
Warning: remove sink on 17043, from 978.25 to 980.79. dz = 2.53
Warning: remove sink on 17045, from 974.70 to 975.69. dz = 0.99
Warning: remove sink on 17058, from 1004.63 to 1004.72. dz = 0.09
Warning: remove sink on 17063, from 1004.20 to 1004.72. dz = 0.52
Warning: remove sink on 17082, from 1005.55 to 1005.77. dz = 0.21
Warning: remove sink on 17087, from 1011.42 to 1012.08. dz = 0.67
Warning: remove sink on 17095, from 1017.35 to 1017.37. dz = 0.01
Warning: remove sink on 17103, from 1004.36 to 1004.37. dz = 0.01
Warning: remove sink on 17109, from 1014.26 to 1015.01. dz = 0.75
Warning: remove sink on 17115, from 1011.08 to 1011.32. dz = 0.24
Warning: remove sink on 17123, from 1023.38 to 1023.47. dz = 0.10
Warning: remove sink on 17124, from 1011.83 to 1012.00. dz = 0.16
Warning: remove sink on 17128, from 1013.73 to 1013.74. dz = 0.01
Warning: remove sink on 17129, from 1013.36 to 1014.21. dz = 0.85
Warning: remove sink on 17151, from 1021.06 to 1021.38. dz = 0.32
Warning: remove sink on 17163, from 1021.05 to 1021.83. dz = 0.79
Warning: remove sink on 17179, from 1015.61 to 1016.27. dz = 0.66
Warning: remove sink on 17183, from 1023.49 to 1023.99. dz = 0.50
Warning: remove sink on 17205, from 1030.71 to 1032.01. dz = 1.29
Warning: remove sink on 17229, from 1020.08 to 1021.01. dz = 0.93
Warning: remove sink on 17256, from 1035.23 to 1035.44. dz = 0.20
Warning: remove sink on 17273, from 998.82 to 1001.38. dz = 2.56
Warning: remove sink on 17298, from 996.22 to 997.88. dz = 1.67
Warning: remove sink on 17312, from 1006.97 to 1007.42. dz = 0.45
Warning: remove sink on 17328, from 987.65 to 988.21. dz = 0.56
Warning: remove sink on 17332, from 987.80 to 988.21. dz = 0.41
Warning: remove sink on 17333, from 989.03 to 989.51. dz = 0.48
Warning: remove sink on 17356, from 984.75 to 985.37. dz = 0.62
Warning: remove sink on 17359, from 981.99 to 983.87. dz = 1.87
Warning: remove sink on 17361, from 989.85 to 990.16. dz = 0.31
Warning: remove sink on 17364, from 978.50 to 980.20. dz = 1.70
Warning: remove sink on 17368, from 989.81 to 990.67. dz = 0.86
Warning: remove sink on 17371, from 987.29 to 988.56. dz = 1.26
Warning: remove sink on 17378, from 985.32 to 985.89. dz = 0.57
Warning: remove sink on 17383, from 991.05 to 991.85. dz = 0.80
Warning: remove sink on 17387, from 990.55 to 990.75. dz = 0.19
Warning: remove sink on 17454, from 1764.85 to 1769.39. dz = 4.54
Warning: remove sink on 17584, from 3717.99 to 3728.83. dz = 10.84
Warning: remove sink on 17653, from 3875.26 to 3922.18. dz = 46.92
Warning: remove sink on 17695, from 3424.27 to 3426.65. dz = 2.38
Warning: remove sink on 17731, from 1052.77 to 1052.89. dz = 0.12
Warning: remove sink on 17738, from 1083.71 to 1086.15. dz = 2.44
Warning: remove sink on 17739, from 1091.27 to 1093.10. dz = 1.83
Warning: remove sink on 17746, from 1060.18 to 1062.88. dz = 2.70
Warning: remove sink on 17761, from 1010.01 to 1011.12. dz = 1.11
Warning: remove sink on 17776, from 1009.20 to 1011.06. dz = 1.87
Warning: remove sink on 17814, from 3446.06 to 3462.78. dz = 16.72
Warning: remove sink on 17851, from 3968.72 to 4042.43. dz = 73.71
Warning: remove sink on 17911, from 1333.47 to 1337.92. dz = 4.45
Warning: remove sink on 17931, from 1082.35 to 1083.23. dz = 0.88
Warning: remove sink on 17958, from 1047.91 to 1048.06. dz = 0.16
Warning: remove sink on 17962, from 1032.80 to 1036.67. dz = 3.87
Warning: remove sink on 18040, from 1273.65 to 1276.56. dz = 2.91
Warning: remove sink on 18109, from 1495.10 to 1501.15. dz = 6.05
Warning: remove sink on 18148, from 1184.76 to 1185.89. dz = 1.13
Warning: remove sink on 18182, from 1464.51 to 1465.76. dz = 1.25
Warning: remove sink on 18262, from 1500.28 to 1503.03. dz = 2.75
Warning: remove sink on 18267, from 1484.69 to 1492.15. dz = 7.46
Warning: remove sink on 18385, from 1381.53 to 1390.60. dz = 9.07
Warning: remove sink on 18427, from 1174.23 to 1174.57. dz = 0.34
Warning: remove sink on 18435, from 1170.61 to 1170.93. dz = 0.32
Warning: remove sink on 18456, from 1206.68 to 1206.71. dz = 0.03
Warning: remove sink on 18483, from 1217.14 to 1218.35. dz = 1.21
Warning: remove sink on 18504, from 1348.70 to 1349.30. dz = 0.60
Warning: remove sink on 18721, from 1115.83 to 1120.11. dz = 4.28
Warning: remove sink on 18858, from 1420.83 to 1423.32. dz = 2.49
Warning: remove sink on 18883, from 1398.08 to 1398.85. dz = 0.78
Warning: remove sink on 18978, from 1261.33 to 1261.45. dz = 0.12
Warning: remove sink on 19204, from 993.59 to 996.11. dz = 2.52
Warning: remove sink on 19206, from 1010.66 to 1011.69. dz = 1.03
Warning: remove sink on 19217, from 995.56 to 996.27. dz = 0.72
Warning: remove sink on 19298, from 1030.67 to 1031.25. dz = 0.58
Warning: remove sink on 19316, from 1023.34 to 1023.49. dz = 0.15
Warning: remove sink on 19338, from 1023.29 to 1023.48. dz = 0.19
Warning: remove sink on 19351, from 994.78 to 996.75. dz = 1.97
Warning: remove sink on 19366, from 992.32 to 994.52. dz = 2.20
Warning: remove sink on 19374, from 999.30 to 999.63. dz = 0.33
Warning: remove sink on 19375, from 991.79 to 994.33. dz = 2.54
Warning: remove sink on 19381, from 994.31 to 994.47. dz = 0.17
Warning: remove sink on 19409, from 1054.29 to 1054.84. dz = 0.55
Warning: remove sink on 19427, from 995.17 to 995.45. dz = 0.27
Warning: remove sink on 19439, from 1034.66 to 1034.84. dz = 0.17
Warning: remove sink on 19448, from 1026.65 to 1027.08. dz = 0.43
Warning: remove sink on 19458, from 1031.02 to 1032.23. dz = 1.21
Warning: remove sink on 19469, from 1010.19 to 1011.22. dz = 1.04
Warning: remove sink on 19481, from 997.14 to 998.49. dz = 1.35
Warning: remove sink on 19487, from 1038.71 to 1039.74. dz = 1.03
Warning: remove sink on 19490, from 1033.05 to 1036.30. dz = 3.24
Warning: remove sink on 19512, from 1029.07 to 1029.89. dz = 0.82
Warning: remove sink on 19515, from 1019.13 to 1019.42. dz = 0.29
Warning: remove sink on 19533, from 1049.30 to 1050.19. dz = 0.89
Warning: remove sink on 19539, from 1009.81 to 1009.94. dz = 0.13
Warning: remove sink on 19551, from 1040.40 to 1041.54. dz = 1.14
Warning: remove sink on 19552, from 1038.50 to 1038.62. dz = 0.12
Warning: remove sink on 19563, from 1017.41 to 1018.42. dz = 1.01
Warning: remove sink on 19565, from 1009.99 to 1010.13. dz = 0.14
Warning: remove sink on 19577, from 1006.74 to 1007.13. dz = 0.39
Warning: remove sink on 19591, from 1033.57 to 1034.88. dz = 1.31
Warning: remove sink on 19597, from 1036.16 to 1036.41. dz = 0.25
Warning: remove sink on 19598, from 1034.54 to 1035.17. dz = 0.63
Warning: remove sink on 19603, from 1007.45 to 1008.41. dz = 0.96
Warning: remove sink on 19607, from 1004.30 to 1004.60. dz = 0.30
Warning: remove sink on 19612, from 1000.42 to 1000.66. dz = 0.24
Warning: remove sink on 19623, from 986.66 to 987.09. dz = 0.43
Warning: remove sink on 19626, from 999.38 to 1000.05. dz = 0.67
Warning: remove sink on 19638, from 1013.69 to 1014.86. dz = 1.17
Warning: remove sink on 19658, from 1009.87 to 1010.14. dz = 0.27
Warning: remove sink on 19663, from 1004.97 to 1005.29. dz = 0.32
Warning: remove sink on 19700, from 1052.22 to 1052.74. dz = 0.52
Warning: remove sink on 19718, from 1049.90 to 1050.54. dz = 0.63
Warning: remove sink on 19722, from 1047.15 to 1048.99. dz = 1.85
Warning: remove sink on 19737, from 1035.65 to 1035.99. dz = 0.34
Warning: remove sink on 19750, from 1032.81 to 1033.97. dz = 1.15
Warning: remove sink on 19785, from 1059.66 to 1059.86. dz = 0.20
Warning: remove sink on 19891, from 1425.97 to 1426.27. dz = 0.29
Warning: remove sink on 19937, from 1372.81 to 1373.27. dz = 0.46
Warning: remove sink on 20036, from 1446.79 to 1450.36. dz = 3.58
Warning: remove sink on 20040, from 1512.59 to 1517.50. dz = 4.90
Warning: remove sink on 20043, from 1421.66 to 1422.67. dz = 1.01
Warning: remove sink on 20122, from 1541.06 to 1542.75. dz = 1.69
Warning: remove sink on 20156, from 1358.62 to 1362.77. dz = 4.15
Warning: remove sink on 20166, from 1491.91 to 1492.80. dz = 0.89
Warning: remove sink on 20167, from 1494.18 to 1497.17. dz = 3.00
Warning: remove sink on 20193, from 1356.98 to 1362.81. dz = 5.82
Warning: remove sink on 20208, from 1373.40 to 1374.16. dz = 0.77
Warning: remove sink on 20210, from 1359.84 to 1363.91. dz = 4.08
Warning: remove sink on 20357, from 1350.36 to 1350.96. dz = 0.60
Warning: remove sink on 20390, from 1357.94 to 1359.63. dz = 1.69
Warning: remove sink on 20398, from 1413.85 to 1416.15. dz = 2.29
Warning: remove sink on 20436, from 1371.15 to 1372.56. dz = 1.42
Warning: remove sink on 20516, from 1260.47 to 1261.60. dz = 1.13
Warning: remove sink on 20546, from 1216.85 to 1223.06. dz = 6.21
Warning: remove sink on 20644, from 1156.62 to 1157.82. dz = 1.21
Warning: remove sink on 20667, from 1298.91 to 1300.81. dz = 1.90
Warning: remove sink on 20676, from 1203.62 to 1204.07. dz = 0.45
Warning: remove sink on 20695, from 1186.18 to 1186.23. dz = 0.06
Warning: remove sink on 20728, from 1217.81 to 1218.53. dz = 0.72
Warning: remove sink on 20736, from 1293.22 to 1296.07. dz = 2.85
Warning: remove sink on 20767, from 1219.60 to 1219.74. dz = 0.14
Warning: remove sink on 20777, from 1170.33 to 1171.71. dz = 1.39
Warning: remove sink on 20855, from 1336.22 to 1338.31. dz = 2.09
Warning: remove sink on 20907, from 1154.65 to 1154.65. dz = 0.01
Warning: remove sink on 20934, from 1161.60 to 1162.37. dz = 0.77
Warning: remove sink on 20951, from 1287.65 to 1288.46. dz = 0.81
Warning: remove sink on 20976, from 1326.20 to 1332.12. dz = 5.92
Warning: remove sink on 20984, from 1224.73 to 1226.15. dz = 1.43
Warning: remove sink on 21016, from 1223.50 to 1223.60. dz = 0.10
Warning: remove sink on 21018, from 1214.28 to 1215.53. dz = 1.25
Warning: remove sink on 21025, from 1225.55 to 1226.94. dz = 1.39
Warning: remove sink on 21055, from 1344.94 to 1348.83. dz = 3.89
Warning: remove sink on 21058, from 1330.33 to 1330.53. dz = 0.21
Warning: remove sink on 21066, from 1225.37 to 1226.94. dz = 1.57
Warning: remove sink on 21074, from 1298.51 to 1301.24. dz = 2.73
Warning: remove sink on 21116, from 1319.77 to 1324.15. dz = 4.38
Warning: remove sink on 21167, from 1244.52 to 1246.47. dz = 1.95
Warning: remove sink on 21209, from 1321.13 to 1323.80. dz = 2.67
Warning: remove sink on 21240, from 1364.08 to 1369.59. dz = 5.51
Warning: remove sink on 21253, from 1316.68 to 1319.70. dz = 3.03
Warning: remove sink on 21284, from 1303.41 to 1307.65. dz = 4.24
Warning: remove sink on 21300, from 1304.12 to 1305.37. dz = 1.25
Warning: remove sink on 21305, from 1374.00 to 1375.96. dz = 1.97
Warning: remove sink on 21345, from 1368.63 to 1369.59. dz = 0.96
Warning: remove sink on 21369, from 1305.21 to 1305.37. dz = 0.16
Warning: remove sink on 21451, from 1312.93 to 1314.83. dz = 1.90
Warning: remove sink on 21452, from 1288.89 to 1290.53. dz = 1.64
Warning: remove sink on 21468, from 1290.80 to 1290.84. dz = 0.04
Warning: remove sink on 21498, from 1331.44 to 1331.50. dz = 0.06
Warning: remove sink on 21540, from 1298.63 to 1300.17. dz = 1.54
Warning: remove sink on 21626, from 1367.18 to 1370.59. dz = 3.42
Warning: remove sink on 21754, from 1179.79 to 1180.49. dz = 0.70
Warning: remove sink on 21809, from 1134.79 to 1136.22. dz = 1.43
Warning: remove sink on 21812, from 1287.03 to 1290.21. dz = 3.18
Warning: remove sink on 21838, from 1141.47 to 1141.49. dz = 0.02
Warning: remove sink on 21862, from 1156.79 to 1161.05. dz = 4.25
Warning: remove sink on 21867, from 1152.71 to 1154.16. dz = 1.45
Warning: remove sink on 21993, from 3401.69 to 3419.34. dz = 17.66
Warning: remove sink on 22017, from 4116.74 to 4148.20. dz = 31.45
Warning: remove sink on 22124, from 3693.24 to 3762.83. dz = 69.59
Warning: remove sink on 22185, from 2449.87 to 2456.07. dz = 6.20
Warning: remove sink on 22186, from 2423.56 to 2431.60. dz = 8.04
Warning: remove sink on 22362, from 2700.38 to 2707.92. dz = 7.54
Warning: remove sink on 22440, from 3185.74 to 3207.40. dz = 21.66
Warning: remove sink on 22463, from 3422.29 to 3436.65. dz = 14.36
Warning: remove sink on 22496, from 3898.62 to 3927.66. dz = 29.05
Warning: remove sink on 22518, from 3467.46 to 3473.39. dz = 5.93
Warning: remove sink on 22607, from 1496.21 to 1496.69. dz = 0.48
Warning: remove sink on 22618, from 1444.87 to 1448.83. dz = 3.96
Warning: remove sink on 22643, from 1467.83 to 1468.72. dz = 0.90
Warning: remove sink on 22653, from 1540.27 to 1540.98. dz = 0.71
Warning: remove sink on 22655, from 1571.67 to 1573.97. dz = 2.30
Warning: remove sink on 22678, from 1414.35 to 1420.15. dz = 5.81
Warning: remove sink on 22688, from 1406.57 to 1408.25. dz = 1.67
Warning: remove sink on 22693, from 1395.67 to 1400.78. dz = 5.11
Warning: remove sink on 22750, from 1552.38 to 1552.92. dz = 0.54
Warning: remove sink on 22757, from 1503.05 to 1506.73. dz = 3.68
Warning: remove sink on 22758, from 1514.93 to 1516.92. dz = 1.99
Warning: remove sink on 22798, from 1246.80 to 1247.04. dz = 0.24
Warning: remove sink on 22857, from 931.35 to 936.77. dz = 5.42
Warning: remove sink on 22874, from 977.51 to 978.74. dz = 1.23
Warning: remove sink on 22885, from 918.47 to 920.25. dz = 1.78
Warning: remove sink on 22904, from 897.42 to 898.24. dz = 0.82
Warning: remove sink on 22915, from 930.27 to 931.23. dz = 0.95
Warning: remove sink on 22919, from 957.74 to 957.79. dz = 0.05
Warning: remove sink on 22934, from 937.10 to 937.48. dz = 0.38
Warning: remove sink on 23018, from 912.66 to 914.92. dz = 2.27
Warning: remove sink on 23023, from 963.59 to 965.82. dz = 2.23
Warning: remove sink on 23056, from 898.40 to 899.34. dz = 0.94
Warning: remove sink on 23058, from 892.62 to 892.88. dz = 0.25
Warning: remove sink on 23182, from 931.62 to 931.64. dz = 0.02
Warning: remove sink on 23204, from 940.45 to 941.14. dz = 0.69
Warning: remove sink on 23213, from 952.09 to 954.49. dz = 2.40
Warning: remove sink on 23222, from 932.73 to 935.31. dz = 2.57
Warning: remove sink on 23224, from 941.28 to 943.77. dz = 2.49
Warning: remove sink on 23229, from 939.91 to 941.19. dz = 1.28
Warning: remove sink on 23232, from 940.74 to 942.74. dz = 2.00
Warning: remove sink on 23246, from 940.27 to 940.33. dz = 0.05
Warning: remove sink on 23254, from 946.74 to 947.26. dz = 0.52
Warning: remove sink on 23272, from 963.73 to 963.90. dz = 0.17
Warning: remove sink on 23301, from 942.28 to 949.51. dz = 7.23
Warning: remove sink on 23314, from 934.08 to 934.56. dz = 0.47
Warning: remove sink on 23327, from 946.78 to 946.88. dz = 0.11
Warning: remove sink on 23329, from 930.42 to 930.67. dz = 0.25
Warning: remove sink on 23330, from 936.71 to 939.34. dz = 2.63
Warning: remove sink on 23346, from 947.97 to 948.20. dz = 0.23
Warning: remove sink on 23350, from 946.14 to 946.72. dz = 0.58
Warning: remove sink on 23352, from 938.74 to 939.78. dz = 1.05
Warning: remove sink on 23362, from 928.42 to 930.11. dz = 1.69
Warning: remove sink on 23372, from 927.86 to 937.72. dz = 9.86
Warning: remove sink on 23373, from 943.58 to 949.13. dz = 5.55
Warning: remove sink on 23401, from 934.07 to 936.88. dz = 2.80
Warning: remove sink on 23418, from 935.79 to 937.56. dz = 1.78
Warning: remove sink on 23433, from 916.76 to 917.79. dz = 1.03
Warning: remove sink on 23440, from 891.18 to 895.88. dz = 4.70
Warning: remove sink on 23444, from 938.72 to 938.85. dz = 0.13
Warning: remove sink on 23455, from 944.38 to 946.87. dz = 2.50
Warning: remove sink on 23483, from 940.01 to 940.18. dz = 0.17
Warning: remove sink on 23487, from 945.33 to 946.32. dz = 0.99
Warning: remove sink on 23506, from 924.44 to 925.32. dz = 0.88
Warning: remove sink on 23514, from 943.55 to 946.32. dz = 2.77
Warning: remove sink on 23515, from 950.70 to 951.54. dz = 0.84
Warning: remove sink on 23521, from 957.14 to 958.05. dz = 0.91
Warning: remove sink on 23526, from 937.48 to 940.18. dz = 2.69
Warning: remove sink on 23527, from 936.23 to 936.61. dz = 0.38
Warning: remove sink on 23530, from 933.35 to 934.74. dz = 1.39
Warning: remove sink on 23541, from 952.45 to 953.25. dz = 0.80
Warning: remove sink on 23549, from 954.34 to 955.30. dz = 0.96
Warning: remove sink on 23560, from 949.41 to 950.34. dz = 0.93
Warning: remove sink on 23563, from 955.75 to 956.70. dz = 0.95
Warning: remove sink on 23575, from 980.41 to 980.89. dz = 0.48
Warning: remove sink on 23606, from 985.19 to 985.54. dz = 0.35
Warning: remove sink on 23615, from 986.69 to 988.67. dz = 1.99
Warning: remove sink on 23617, from 990.78 to 991.47. dz = 0.69
Warning: remove sink on 23619, from 996.72 to 996.79. dz = 0.06
Warning: remove sink on 23660, from 1006.39 to 1006.54. dz = 0.14
Warning: remove sink on 23670, from 1021.22 to 1021.25. dz = 0.03
Warning: remove sink on 23684, from 988.32 to 988.89. dz = 0.58
Warning: remove sink on 23689, from 994.08 to 996.10. dz = 2.02
Warning: remove sink on 23693, from 996.81 to 998.24. dz = 1.42
Warning: remove sink on 23779, from 4118.47 to 4144.83. dz = 26.36
Warning: remove sink on 23804, from 1019.83 to 1021.02. dz = 1.19
Warning: remove sink on 23829, from 3971.53 to 3971.71. dz = 0.18
Warning: remove sink on 23904, from 1343.55 to 1351.20. dz = 7.65
Warning: remove sink on 23927, from 1033.75 to 1039.54. dz = 5.79
Warning: remove sink on 23929, from 1026.30 to 1027.25. dz = 0.95
Warning: remove sink on 23934, from 1002.13 to 1003.32. dz = 1.19
Warning: remove sink on 23967, from 994.11 to 995.38. dz = 1.28
Warning: remove sink on 23978, from 1069.32 to 1070.09. dz = 0.77
Warning: remove sink on 23984, from 997.39 to 999.19. dz = 1.80
Warning: remove sink on 23996, from 1094.26 to 1098.42. dz = 4.17
Warning: remove sink on 24072, from 1527.52 to 1530.12. dz = 2.59
Warning: remove sink on 24076, from 1464.14 to 1464.56. dz = 0.42
Warning: remove sink on 24123, from 1392.02 to 1392.90. dz = 0.88
Warning: remove sink on 24172, from 1425.75 to 1425.98. dz = 0.23
Warning: remove sink on 24416, from 1102.86 to 1104.42. dz = 1.56
Warning: remove sink on 24488, from 1485.29 to 1487.13. dz = 1.85
Warning: remove sink on 24642, from 1654.23 to 1659.52. dz = 5.30
Warning: remove sink on 24647, from 1647.04 to 1647.58. dz = 0.54
Warning: remove sink on 24788, from 1286.08 to 1286.35. dz = 0.26
Warning: remove sink on 24790, from 1272.80 to 1274.50. dz = 1.69
Warning: remove sink on 24795, from 1306.99 to 1308.87. dz = 1.88
Warning: remove sink on 24902, from 1359.41 to 1361.17. dz = 1.76
Warning: remove sink on 24920, from 1000.45 to 1000.58. dz = 0.13
Warning: remove sink on 24921, from 999.42 to 999.48. dz = 0.06
Warning: remove sink on 24928, from 994.40 to 994.47. dz = 0.08
Warning: remove sink on 24930, from 993.70 to 994.15. dz = 0.45
Warning: remove sink on 24942, from 981.18 to 981.47. dz = 0.29
Warning: remove sink on 24952, from 981.77 to 984.62. dz = 2.85
Warning: remove sink on 24960, from 976.66 to 979.55. dz = 2.89
Warning: remove sink on 24977, from 984.97 to 985.15. dz = 0.18
Warning: remove sink on 24984, from 974.61 to 975.70. dz = 1.09
Warning: remove sink on 24988, from 974.72 to 975.70. dz = 0.98
Warning: remove sink on 24998, from 978.86 to 981.08. dz = 2.21
Warning: remove sink on 25001, from 971.64 to 972.89. dz = 1.25
Warning: remove sink on 25018, from 965.63 to 966.44. dz = 0.81
Warning: remove sink on 25045, from 974.42 to 975.42. dz = 0.99
Warning: remove sink on 25047, from 969.83 to 970.30. dz = 0.47
Warning: remove sink on 25053, from 956.05 to 957.10. dz = 1.05
Warning: remove sink on 25066, from 962.19 to 963.35. dz = 1.17
Warning: remove sink on 25071, from 973.92 to 974.82. dz = 0.89
Warning: remove sink on 25081, from 960.13 to 962.14. dz = 2.01
Warning: remove sink on 25089, from 963.88 to 964.08. dz = 0.20
Warning: remove sink on 25099, from 987.61 to 992.56. dz = 4.95
Warning: remove sink on 25105, from 988.23 to 989.19. dz = 0.96
Warning: remove sink on 25131, from 955.87 to 956.18. dz = 0.31
Warning: remove sink on 25158, from 967.30 to 967.41. dz = 0.11
Warning: remove sink on 25176, from 964.75 to 969.62. dz = 4.87
Warning: remove sink on 25182, from 995.77 to 996.01. dz = 0.24
Warning: remove sink on 25196, from 954.46 to 955.48. dz = 1.02
Warning: remove sink on 25215, from 955.22 to 957.51. dz = 2.29
Warning: remove sink on 25216, from 953.26 to 954.45. dz = 1.18
Warning: remove sink on 25265, from 977.48 to 979.23. dz = 1.75
Warning: remove sink on 25273, from 1027.27 to 1027.59. dz = 0.32
Warning: remove sink on 25324, from 1010.64 to 1017.80. dz = 7.17
Warning: remove sink on 25331, from 1017.82 to 1018.91. dz = 1.09
Warning: remove sink on 25337, from 1003.32 to 1010.71. dz = 7.39
Warning: remove sink on 25349, from 1036.77 to 1038.17. dz = 1.39
Warning: remove sink on 25350, from 1022.56 to 1023.52. dz = 0.96
Warning: remove sink on 25453, from 1082.29 to 1084.24. dz = 1.95
Warning: remove sink on 25460, from 1077.16 to 1077.58. dz = 0.42
Warning: remove sink on 25464, from 1059.96 to 1064.34. dz = 4.39
Warning: remove sink on 25475, from 1030.54 to 1031.21. dz = 0.67
Warning: remove sink on 25531, from 1008.37 to 1009.40. dz = 1.03
Warning: remove sink on 25535, from 1041.48 to 1041.76. dz = 0.28
Warning: remove sink on 25548, from 1036.65 to 1043.45. dz = 6.80
Warning: remove sink on 25565, from 1033.35 to 1045.23. dz = 11.89
Warning: remove sink on 25596, from 1029.29 to 1029.88. dz = 0.60
Warning: remove sink on 25626, from 1050.22 to 1051.60. dz = 1.38
Warning: remove sink on 25645, from 1053.39 to 1054.15. dz = 0.75
Warning: remove sink on 25681, from 1053.59 to 1056.35. dz = 2.76
Warning: remove sink on 25699, from 1043.53 to 1045.70. dz = 2.17
Warning: remove sink on 25735, from 1117.75 to 1121.18. dz = 3.42
Warning: remove sink on 25801, from 1272.58 to 1276.10. dz = 3.52
Warning: remove sink on 25823, from 1165.19 to 1174.28. dz = 9.09
Warning: remove sink on 25862, from 1044.03 to 1045.46. dz = 1.43
Warning: remove sink on 25878, from 1043.99 to 1044.69. dz = 0.70
Warning: remove sink on 25900, from 999.62 to 1000.33. dz = 0.71
Warning: remove sink on 25901, from 996.94 to 999.93. dz = 2.99
Warning: remove sink on 25921, from 1170.98 to 1171.89. dz = 0.91
Warning: remove sink on 25936, from 1281.71 to 1285.29. dz = 3.59
Warning: remove sink on 26137, from 971.70 to 972.00. dz = 0.29
Warning: remove sink on 26149, from 897.24 to 898.77. dz = 1.53
Warning: remove sink on 26157, from 933.98 to 938.64. dz = 4.66
Warning: remove sink on 26235, from 923.58 to 924.30. dz = 0.71
Warning: remove sink on 26245, from 980.50 to 980.77. dz = 0.27
Warning: remove sink on 26267, from 1234.95 to 1243.50. dz = 8.56
Warning: remove sink on 26288, from 1269.15 to 1271.34. dz = 2.19
Warning: remove sink on 26293, from 920.09 to 926.56. dz = 6.47
Warning: remove sink on 26336, from 1269.59 to 1269.75. dz = 0.15
Warning: remove sink on 26337, from 1263.91 to 1265.52. dz = 1.61
Warning: remove sink on 26357, from 1241.93 to 1242.81. dz = 0.88
Warning: remove sink on 26371, from 908.38 to 908.66. dz = 0.28
Warning: remove sink on 26374, from 1255.69 to 1259.73. dz = 4.04
Warning: remove sink on 26397, from 967.96 to 968.91. dz = 0.95
Warning: remove sink on 26398, from 948.54 to 948.74. dz = 0.20
Warning: remove sink on 26402, from 909.22 to 912.24. dz = 3.02
Warning: remove sink on 26409, from 926.81 to 928.96. dz = 2.15
Warning: remove sink on 26423, from 936.19 to 936.49. dz = 0.31
Warning: remove sink on 26427, from 953.45 to 954.64. dz = 1.19
Warning: remove sink on 26459, from 904.30 to 908.66. dz = 4.36
Warning: remove sink on 26518, from 895.09 to 895.38. dz = 0.29
Warning: remove sink on 26522, from 904.11 to 905.27. dz = 1.16
Warning: remove sink on 26560, from 888.42 to 889.69. dz = 1.28
Warning: remove sink on 26632, from 898.18 to 902.09. dz = 3.91
Warning: remove sink on 26654, from 899.40 to 900.90. dz = 1.50
Warning: remove sink on 26660, from 907.01 to 909.04. dz = 2.04
Warning: remove sink on 26682, from 900.32 to 900.85. dz = 0.53
Warning: remove sink on 26703, from 1074.22 to 1075.92. dz = 1.70
Warning: remove sink on 26707, from 975.19 to 976.23. dz = 1.05
Warning: remove sink on 26724, from 908.11 to 909.88. dz = 1.77
Warning: remove sink on 26783, from 922.45 to 922.55. dz = 0.10
Warning: remove sink on 26793, from 999.50 to 1005.55. dz = 6.04
Warning: remove sink on 26862, from 1002.02 to 1002.04. dz = 0.02
Warning: remove sink on 26864, from 1013.97 to 1015.12. dz = 1.15
Warning: remove sink on 26866, from 1017.37 to 1017.56. dz = 0.19
Warning: remove sink on 26867, from 1014.75 to 1015.41. dz = 0.66
Warning: remove sink on 26879, from 1019.87 to 1020.83. dz = 0.96
Warning: remove sink on 26890, from 1051.15 to 1053.40. dz = 2.25
Warning: remove sink on 26907, from 1037.74 to 1041.50. dz = 3.76
Warning: remove sink on 26949, from 1421.24 to 1422.67. dz = 1.43
Warning: remove sink on 26954, from 1447.21 to 1448.52. dz = 1.31
Warning: remove sink on 26981, from 1376.15 to 1376.30. dz = 0.15
Warning: remove sink on 26991, from 1524.71 to 1527.85. dz = 3.14
Warning: remove sink on 27018, from 1449.66 to 1452.10. dz = 2.44
Warning: remove sink on 27062, from 1178.64 to 1180.57. dz = 1.93
Warning: remove sink on 27070, from 1300.74 to 1300.81. dz = 0.06
Warning: remove sink on 27072, from 1310.06 to 1310.07. dz = 0.01
Warning: remove sink on 27093, from 1188.35 to 1189.56. dz = 1.21
Warning: remove sink on 27094, from 1183.10 to 1184.49. dz = 1.39
Warning: remove sink on 27151, from 1412.52 to 1413.84. dz = 1.32
Warning: remove sink on 27173, from 1312.67 to 1313.41. dz = 0.74
Warning: remove sink on 27195, from 1342.53 to 1343.52. dz = 0.99
Warning: remove sink on 27222, from 1355.03 to 1356.16. dz = 1.13
Warning: remove sink on 27260, from 1421.52 to 1425.37. dz = 3.86
Warning: remove sink on 27280, from 1449.68 to 1452.21. dz = 2.53
Warning: remove sink on 27317, from 1436.33 to 1442.65. dz = 6.32
Warning: remove sink on 27365, from 1387.90 to 1391.95. dz = 4.05
Warning: remove sink on 27402, from 1393.15 to 1398.52. dz = 5.37
Warning: remove sink on 27403, from 1735.29 to 1742.44. dz = 7.14
Warning: remove sink on 27408, from 1518.85 to 1519.74. dz = 0.89
Warning: remove sink on 27412, from 1418.96 to 1422.99. dz = 4.03
Warning: remove sink on 27418, from 1527.43 to 1528.29. dz = 0.87
Warning: remove sink on 27419, from 1420.14 to 1422.99. dz = 2.85
Warning: remove sink on 27452, from 1479.82 to 1481.73. dz = 1.91
Warning: remove sink on 27491, from 1455.88 to 1456.69. dz = 0.81
Warning: remove sink on 27556, from 1446.37 to 1448.83. dz = 2.47
Warning: remove sink on 27559, from 1443.06 to 1443.74. dz = 0.68
Warning: remove sink on 27561, from 1458.74 to 1466.62. dz = 7.88
Warning: remove sink on 27599, from 1287.97 to 1289.56. dz = 1.60
Warning: remove sink on 27618, from 1507.26 to 1509.95. dz = 2.69
Warning: remove sink on 27629, from 1166.53 to 1176.37. dz = 9.84
Warning: remove sink on 27670, from 1536.25 to 1537.60. dz = 1.35
Warning: remove sink on 27673, from 1545.27 to 1545.85. dz = 0.59
Warning: remove sink on 27723, from 1302.80 to 1304.59. dz = 1.79
Warning: remove sink on 27805, from 1367.22 to 1367.49. dz = 0.27
Warning: remove sink on 27886, from 2525.09 to 2540.92. dz = 15.83
Warning: remove sink on 27932, from 1993.49 to 2009.19. dz = 15.70
Warning: remove sink on 27983, from 2169.59 to 2177.04. dz = 7.45
Warning: remove sink on 28053, from 2097.61 to 2099.43. dz = 1.81
Warning: remove sink on 28632, from 1295.58 to 1295.85. dz = 0.27
Warning: remove sink on 28763, from 1429.24 to 1429.40. dz = 0.16
Warning: remove sink on 28764, from 1352.34 to 1353.14. dz = 0.81
Warning: remove sink on 28807, from 3064.49 to 3100.94. dz = 36.45
Warning: remove sink on 28898, from 4370.13 to 4378.81. dz = 8.68
Warning: remove sink on 29033, from 3959.01 to 3973.47. dz = 14.46
Warning: remove sink on 29072, from 4239.70 to 4295.34. dz = 55.64
Warning: remove sink on 29085, from 4227.57 to 4252.18. dz = 24.61
Warning: remove sink on 29114, from 3999.49 to 4003.68. dz = 4.19
Warning: remove sink on 29167, from 3906.70 to 3918.15. dz = 11.45
Warning: remove sink on 29184, from 4088.96 to 4101.67. dz = 12.71
Warning: remove sink on 29234, from 3211.59 to 3212.63. dz = 1.04
Warning: remove sink on 29442, from 1857.25 to 1858.62. dz = 1.38
Warning: remove sink on 29471, from 1443.66 to 1444.54. dz = 0.88
Warning: remove sink on 29504, from 1489.65 to 1492.77. dz = 3.13
Warning: remove sink on 29508, from 1425.96 to 1431.70. dz = 5.74
Warning: remove sink on 29516, from 1464.98 to 1465.62. dz = 0.63
Warning: remove sink on 29587, from 1710.01 to 1710.15. dz = 0.14
Warning: remove sink on 29669, from 910.23 to 913.80. dz = 3.57
Warning: remove sink on 29678, from 928.02 to 929.08. dz = 1.06
Warning: remove sink on 29731, from 1084.72 to 1086.10. dz = 1.38
Warning: remove sink on 29820, from 1059.80 to 1064.73. dz = 4.92
Warning: remove sink on 29855, from 1133.53 to 1135.92. dz = 2.38
Warning: remove sink on 29857, from 1140.98 to 1146.41. dz = 5.44
Warning: remove sink on 29933, from 975.73 to 977.67. dz = 1.94
Warning: remove sink on 29943, from 984.82 to 989.11. dz = 4.29
Warning: remove sink on 29984, from 938.27 to 938.40. dz = 0.13
Warning: remove sink on 29988, from 937.25 to 938.37. dz = 1.11
Warning: remove sink on 30005, from 944.43 to 946.87. dz = 2.44
Warning: remove sink on 30016, from 918.06 to 918.71. dz = 0.65
Warning: remove sink on 30022, from 905.98 to 908.80. dz = 2.82
Warning: remove sink on 30029, from 916.13 to 918.26. dz = 2.13
Warning: remove sink on 30031, from 921.97 to 924.21. dz = 2.24
Warning: remove sink on 30047, from 962.47 to 962.61. dz = 0.14
Warning: remove sink on 30054, from 966.57 to 966.83. dz = 0.26
Warning: remove sink on 30072, from 987.39 to 988.89. dz = 1.50
Warning: remove sink on 30074, from 999.28 to 999.79. dz = 0.51
Warning: remove sink on 30084, from 1334.25 to 1336.24. dz = 1.99
Warning: remove sink on 30119, from 1042.52 to 1044.13. dz = 1.61
Warning: remove sink on 30120, from 1037.64 to 1038.16. dz = 0.51
Warning: remove sink on 30125, from 1036.74 to 1039.51. dz = 2.77
Warning: remove sink on 30148, from 1025.44 to 1026.55. dz = 1.12
Warning: remove sink on 30151, from 997.13 to 997.79. dz = 0.66
Warning: remove sink on 30242, from 996.15 to 998.58. dz = 2.43
Warning: remove sink on 30255, from 1079.69 to 1082.85. dz = 3.16
Warning: remove sink on 30274, from 1156.80 to 1156.99. dz = 0.19
Warning: remove sink on 30277, from 1160.02 to 1163.05. dz = 3.04
Warning: remove sink on 30298, from 1183.63 to 1186.37. dz = 2.75
Warning: remove sink on 30425, from 1354.82 to 1356.40. dz = 1.57
Warning: remove sink on 30430, from 1378.49 to 1380.81. dz = 2.32
Warning: remove sink on 30455, from 1374.41 to 1374.63. dz = 0.21
Warning: remove sink on 30528, from 1392.29 to 1392.78. dz = 0.49
Warning: remove sink on 30576, from 1446.81 to 1447.45. dz = 0.64
Warning: remove sink on 30591, from 1393.79 to 1394.48. dz = 0.69
Warning: remove sink on 30612, from 1433.03 to 1433.06. dz = 0.04
Warning: remove sink on 30617, from 1433.46 to 1438.73. dz = 5.27
Warning: remove sink on 30620, from 1429.82 to 1430.21. dz = 0.39
Warning: remove sink on 30658, from 1439.62 to 1441.30. dz = 1.68
Warning: remove sink on 30741, from 3651.56 to 3658.28. dz = 6.72
Warning: remove sink on 30761, from 3741.65 to 3782.18. dz = 40.53
Warning: remove sink on 30826, from 3723.22 to 3772.22. dz = 48.99
Warning: remove sink on 30850, from 3581.75 to 3621.07. dz = 39.32
Warning: remove sink on 31151, from 3527.60 to 3538.20. dz = 10.60
Warning: remove sink on 31376, from 2484.83 to 2486.12. dz = 1.29
Warning: remove sink on 31535, from 2152.56 to 2153.12. dz = 0.56
Warning: remove sink on 31852, from 2055.44 to 2058.04. dz = 2.60
Warning: remove sink on 32012, from 1499.18 to 1499.95. dz = 0.77
Warning: remove sink on 32049, from 1301.33 to 1310.08. dz = 8.75
Warning: remove sink on 32080, from 1712.83 to 1715.69. dz = 2.86
Warning: remove sink on 32101, from 1298.74 to 1304.22. dz = 5.48
Warning: remove sink on 32143, from 993.98 to 995.33. dz = 1.35
Warning: remove sink on 32150, from 975.01 to 977.27. dz = 2.26
Warning: remove sink on 32153, from 966.79 to 966.86. dz = 0.07
Warning: remove sink on 32161, from 939.56 to 941.78. dz = 2.23
Warning: remove sink on 32162, from 952.15 to 952.76. dz = 0.61
Warning: remove sink on 32176, from 983.28 to 983.98. dz = 0.70
Warning: remove sink on 32184, from 958.16 to 959.55. dz = 1.40
Warning: remove sink on 32192, from 947.12 to 947.64. dz = 0.52
Warning: remove sink on 32208, from 953.54 to 954.08. dz = 0.54
Warning: remove sink on 32239, from 925.46 to 927.13. dz = 1.67
Warning: remove sink on 32256, from 989.28 to 993.82. dz = 4.54
Warning: remove sink on 32286, from 925.84 to 925.99. dz = 0.15
Warning: remove sink on 32290, from 939.49 to 939.72. dz = 0.23
Warning: remove sink on 32336, from 967.26 to 968.30. dz = 1.04
Warning: remove sink on 32339, from 971.53 to 972.72. dz = 1.19
Warning: remove sink on 32364, from 952.30 to 953.80. dz = 1.50
Warning: remove sink on 32372, from 953.24 to 953.80. dz = 0.55
Warning: remove sink on 32378, from 943.37 to 943.98. dz = 0.61
Warning: remove sink on 32491, from 1302.61 to 1302.74. dz = 0.13
Warning: remove sink on 32508, from 1148.32 to 1148.89. dz = 0.57
Warning: remove sink on 32514, from 1147.37 to 1148.99. dz = 1.62
Warning: remove sink on 32518, from 1195.83 to 1203.49. dz = 7.66
Warning: remove sink on 32526, from 1175.36 to 1181.96. dz = 6.60
Warning: remove sink on 32579, from 932.72 to 933.57. dz = 0.85
Warning: remove sink on 32581, from 924.46 to 928.58. dz = 4.12
Warning: remove sink on 32619, from 905.92 to 906.59. dz = 0.66
Warning: remove sink on 32726, from 1157.44 to 1159.43. dz = 1.99
Warning: remove sink on 32767, from 1045.51 to 1046.13. dz = 0.62
Warning: remove sink on 32785, from 906.46 to 907.18. dz = 0.72
Warning: remove sink on 32812, from 976.07 to 978.94. dz = 2.87
Warning: remove sink on 32822, from 1074.48 to 1074.52. dz = 0.04
Warning: remove sink on 32845, from 1036.98 to 1037.70. dz = 0.71
Warning: remove sink on 32862, from 1041.79 to 1041.99. dz = 0.20
Warning: remove sink on 32901, from 1278.38 to 1280.43. dz = 2.05
Warning: remove sink on 32907, from 1289.58 to 1295.35. dz = 5.77
Warning: remove sink on 32911, from 1288.88 to 1294.09. dz = 5.20
Warning: remove sink on 32956, from 1303.19 to 1304.37. dz = 1.18
Warning: remove sink on 32977, from 1416.70 to 1418.51. dz = 1.81
Warning: remove sink on 32986, from 1375.17 to 1378.18. dz = 3.01
Warning: remove sink on 33026, from 1325.68 to 1326.12. dz = 0.44
Warning: remove sink on 33027, from 1316.12 to 1316.83. dz = 0.70
Warning: remove sink on 33036, from 1302.29 to 1304.37. dz = 2.07
Warning: remove sink on 33062, from 1308.90 to 1309.97. dz = 1.07
Warning: remove sink on 33063, from 1313.79 to 1314.92. dz = 1.13
Warning: remove sink on 33139, from 1299.48 to 1302.03. dz = 2.55
Warning: remove sink on 33171, from 1337.81 to 1346.03. dz = 8.23
Warning: remove sink on 33241, from 1381.78 to 1382.31. dz = 0.53
Warning: remove sink on 33281, from 1417.76 to 1418.77. dz = 1.01
Warning: remove sink on 33284, from 1407.31 to 1409.96. dz = 2.65
Warning: remove sink on 33301, from 1417.74 to 1418.36. dz = 0.62
Warning: remove sink on 33310, from 1427.94 to 1430.97. dz = 3.03
Warning: remove sink on 33319, from 1491.74 to 1492.17. dz = 0.42
Warning: remove sink on 33323, from 1315.44 to 1316.15. dz = 0.71
Warning: remove sink on 33358, from 1463.10 to 1463.71. dz = 0.62
Warning: remove sink on 33361, from 1469.62 to 1471.10. dz = 1.48
Warning: remove sink on 33364, from 1399.30 to 1401.76. dz = 2.46
Warning: remove sink on 33371, from 1377.28 to 1382.31. dz = 5.03
Warning: remove sink on 33386, from 1384.82 to 1386.48. dz = 1.65
Warning: remove sink on 33393, from 1360.45 to 1362.72. dz = 2.27
Warning: remove sink on 33413, from 1737.64 to 1738.27. dz = 0.62
Warning: remove sink on 33438, from 1103.53 to 1105.29. dz = 1.76
Warning: remove sink on 33491, from 4019.02 to 4032.29. dz = 13.27
Warning: remove sink on 33543, from 3385.25 to 3419.26. dz = 34.02
Warning: remove sink on 33573, from 4197.78 to 4199.74. dz = 1.96
Warning: remove sink on 33578, from 4302.84 to 4363.90. dz = 61.06
Warning: remove sink on 33583, from 4359.47 to 4369.08. dz = 9.61
Warning: remove sink on 33591, from 4198.67 to 4261.54. dz = 62.87
Warning: remove sink on 33612, from 4435.84 to 4446.86. dz = 11.02
Warning: remove sink on 33663, from 4196.58 to 4208.00. dz = 11.43
Warning: remove sink on 33666, from 4249.65 to 4263.32. dz = 13.67
Warning: remove sink on 33738, from 2384.22 to 2402.88. dz = 18.65
Warning: remove sink on 33905, from 1371.81 to 1371.99. dz = 0.18
Warning: remove sink on 33919, from 1815.03 to 1822.08. dz = 7.05
Warning: remove sink on 34033, from 3553.28 to 3574.44. dz = 21.16
Warning: remove sink on 34038, from 3448.84 to 3475.88. dz = 27.04
Warning: remove sink on 34113, from 1371.48 to 1371.95. dz = 0.46
Warning: remove sink on 34128, from 1383.14 to 1383.82. dz = 0.68
Warning: remove sink on 34138, from 1713.34 to 1717.46. dz = 4.12
Warning: remove sink on 34161, from 920.12 to 921.86. dz = 1.74
Warning: remove sink on 34203, from 920.71 to 921.96. dz = 1.25
Warning: remove sink on 34220, from 923.69 to 925.04. dz = 1.34
Warning: remove sink on 34245, from 929.87 to 930.81. dz = 0.94
Warning: remove sink on 34281, from 898.47 to 899.51. dz = 1.04
Warning: remove sink on 34320, from 933.01 to 934.09. dz = 1.07
Warning: remove sink on 34323, from 921.66 to 922.15. dz = 0.49
Warning: remove sink on 34343, from 996.46 to 998.24. dz = 1.77
Warning: remove sink on 34367, from 3971.48 to 3995.85. dz = 24.36
Warning: remove sink on 34408, from 1371.55 to 1377.66. dz = 6.12
Warning: remove sink on 34409, from 1378.81 to 1382.50. dz = 3.69
Warning: remove sink on 34421, from 993.88 to 995.57. dz = 1.69
Warning: remove sink on 34461, from 1385.12 to 1388.58. dz = 3.46
Warning: remove sink on 34468, from 1371.16 to 1375.11. dz = 3.95
Warning: remove sink on 34470, from 1375.01 to 1375.19. dz = 0.17
Warning: remove sink on 34506, from 1451.08 to 1454.07. dz = 2.99
Warning: remove sink on 34531, from 3797.28 to 3801.90. dz = 4.62
Warning: remove sink on 34545, from 3205.93 to 3213.56. dz = 7.63
Warning: remove sink on 34594, from 3690.72 to 3755.04. dz = 64.32
Warning: remove sink on 34598, from 3761.33 to 3761.56. dz = 0.22
Warning: remove sink on 34629, from 2353.04 to 2356.40. dz = 3.37
Warning: remove sink on 34682, from 3689.08 to 3760.14. dz = 71.06
Warning: remove sink on 34693, from 3971.72 to 3993.89. dz = 22.17
Warning: remove sink on 34702, from 3802.34 to 3823.49. dz = 21.15
Warning: remove sink on 34804, from 3185.95 to 3227.67. dz = 41.72
Warning: remove sink on 34827, from 3384.96 to 3385.67. dz = 0.70
Warning: remove sink on 34960, from 3986.50 to 4020.60. dz = 34.10
Warning: remove sink on 35809, from 1660.48 to 1663.34. dz = 2.86
Warning: remove sink on 35827, from 1730.67 to 1731.83. dz = 1.16
Warning: remove sink on 36146, from 2596.77 to 2610.02. dz = 13.24
Warning: remove sink on 36248, from 1845.80 to 1849.57. dz = 3.77
Warning: remove sink on 36310, from 1335.35 to 1336.24. dz = 0.89
Warning: remove sink on 36368, from 953.97 to 954.82. dz = 0.85
Warning: remove sink on 36369, from 950.12 to 950.59. dz = 0.47
Warning: remove sink on 36400, from 946.34 to 947.86. dz = 1.52
Warning: remove sink on 36403, from 910.91 to 911.89. dz = 0.98
Warning: remove sink on 36407, from 935.64 to 936.68. dz = 1.04
Warning: remove sink on 36410, from 955.61 to 957.09. dz = 1.48
Warning: remove sink on 36419, from 953.91 to 955.69. dz = 1.78
Warning: remove sink on 36421, from 987.30 to 987.74. dz = 0.43
Warning: remove sink on 36432, from 944.46 to 944.68. dz = 0.22
Warning: remove sink on 36439, from 926.81 to 927.44. dz = 0.63
Warning: remove sink on 36443, from 952.85 to 954.30. dz = 1.44
Warning: remove sink on 36444, from 946.37 to 948.27. dz = 1.90
Warning: remove sink on 36445, from 947.55 to 947.66. dz = 0.11
Warning: remove sink on 36446, from 949.00 to 950.46. dz = 1.46
Warning: remove sink on 36457, from 997.75 to 998.42. dz = 0.66
Warning: remove sink on 36459, from 998.59 to 1000.38. dz = 1.79
Warning: remove sink on 36480, from 1288.58 to 1290.74. dz = 2.16
Warning: remove sink on 36546, from 996.51 to 997.86. dz = 1.35
Warning: remove sink on 36626, from 948.84 to 950.20. dz = 1.37
Warning: remove sink on 36778, from 1411.60 to 1412.20. dz = 0.60
Warning: remove sink on 36796, from 1434.81 to 1435.02. dz = 0.21
Warning: remove sink on 36849, from 1418.76 to 1421.12. dz = 2.36
Warning: remove sink on 36866, from 1435.90 to 1436.61. dz = 0.71
Warning: remove sink on 36873, from 1522.29 to 1528.47. dz = 6.18
Warning: remove sink on 36946, from 1420.62 to 1424.80. dz = 4.18
Warning: remove sink on 36962, from 1414.71 to 1416.56. dz = 1.85
Warning: remove sink on 36975, from 1416.40 to 1417.68. dz = 1.28
Warning: remove sink on 37042, from 1582.68 to 1584.39. dz = 1.71
Warning: remove sink on 37062, from 1559.11 to 1559.15. dz = 0.04
Warning: remove sink on 37066, from 1415.18 to 1416.90. dz = 1.71
Warning: remove sink on 37083, from 4360.23 to 4363.90. dz = 3.66
Warning: remove sink on 37205, from 1397.17 to 1397.53. dz = 0.36
Warning: remove sink on 37260, from 3585.90 to 3595.80. dz = 9.90
Warning: remove sink on 37287, from 4296.45 to 4299.05. dz = 2.60
Warning: remove sink on 37328, from 1370.90 to 1371.95. dz = 1.04
Warning: remove sink on 37332, from 1351.78 to 1359.23. dz = 7.44
Warning: remove sink on 37345, from 925.67 to 925.93. dz = 0.26
Warning: remove sink on 37350, from 927.12 to 928.20. dz = 1.08
Warning: remove sink on 37355, from 930.64 to 930.65. dz = 0.01
Warning: remove sink on 37374, from 917.81 to 921.13. dz = 3.32
Warning: remove sink on 37429, from 3847.98 to 3853.69. dz = 5.71
Warning: remove sink on 37637, from 2962.35 to 2976.12. dz = 13.77
Warning: remove sink on 37679, from 3117.53 to 3219.83. dz = 102.30
Warning: remove sink on 37785, from 4176.66 to 4178.75. dz = 2.09
Warning: remove sink on 37867, from 3881.18 to 3888.35. dz = 7.17
Warning: remove sink on 37894, from 3631.32 to 3719.56. dz = 88.24
Warning: remove sink on 37907, from 3522.57 to 3569.44. dz = 46.87
Warning: remove sink on 38006, from 1453.35 to 1456.40. dz = 3.05
Warning: remove sink on 38078, from 1423.24 to 1423.90. dz = 0.66
Warning: remove sink on 38151, from 1392.47 to 1392.52. dz = 0.05
Warning: remove sink on 38297, from 3885.64 to 3896.49. dz = 10.85
Warning: remove sink on 38307, from 3720.14 to 3734.10. dz = 13.96
Warning: remove sink on 38336, from 1974.47 to 1979.52. dz = 5.06
Warning: remove sink on 38533, from 1494.10 to 1495.35. dz = 1.25
Warning: remove sink on 38561, from 1576.76 to 1579.40. dz = 2.64
Warning: remove sink on 38570, from 1530.59 to 1531.48. dz = 0.89
Warning: remove sink on 38580, from 1599.27 to 1599.83. dz = 0.56
Warning: remove sink on 38591, from 1597.23 to 1599.83. dz = 2.60
Warning: remove sink on 38686, from 1483.61 to 1484.11. dz = 0.50
Warning: remove sink on 38756, from 3823.17 to 3833.70. dz = 10.52
Warning: remove sink on 38920, from 3277.89 to 3295.68. dz = 17.79
Warning: remove sink on 38975, from 3251.40 to 3252.03. dz = 0.62
Warning: remove sink on 39196, from 1546.71 to 1546.98. dz = 0.27
Warning: remove sink on 39326, from 2810.29 to 2814.10. dz = 3.81
Warning: remove sink on 39501, from 3778.93 to 3815.09. dz = 36.16
Warning: remove sink on 39505, from 3939.71 to 3965.44. dz = 25.73
Warning: remove sink on 39511, from 4134.22 to 4193.81. dz = 59.59
Warning: remove sink on 39681, from 2948.95 to 2952.68. dz = 3.73
Warning: remove sink on 39744, from 4126.47 to 4167.30. dz = 40.83
Warning: remove sink on 39746, from 3805.70 to 3872.39. dz = 66.69
Warning: remove sink on 39791, from 996.46 to 996.67. dz = 0.21
Warning: remove sink on 39803, from 1052.57 to 1053.02. dz = 0.45
Warning: remove sink on 39813, from 975.78 to 976.36. dz = 0.59
Warning: remove sink on 39858, from 959.37 to 959.72. dz = 0.36
Warning: remove sink on 39864, from 1094.21 to 1098.98. dz = 4.77
Warning: remove sink on 39889, from 1005.13 to 1005.86. dz = 0.72
Warning: remove sink on 39926, from 1038.67 to 1041.24. dz = 2.57
Warning: remove sink on 39928, from 1387.27 to 1387.84. dz = 0.57
Warning: remove sink on 39956, from 1515.76 to 1516.35. dz = 0.59
[NUMA] first-touch skipped: OMP_PROC_BIND unset (1 site: LoadIC)
[fd_color] Model_Data init: NumY=124395 (CSC NumY=124395); t0=1440.000000 StartTime=1440.000000 SolverStep=20.000000
[fd_color] color 1/16 (cols=14386) probed
[fd_color] color 9/16 (cols=4029) probed
free(): invalid pointer
/scratch/frd_muziyao/SHUD-OpenMP/tools/p8tune.D/spike_run.sh: line 98: 858058 Aborted                 (core dumped) "$FDCJ" --case "$CASE" --basin-root "$BASIN_ROOT" 2>&1
     858059 Done                    | tee -a "$LOG"
