=== p8d_klu_spike array task 4 (NN=04) ===
decoded: case=heihe ordering=natural btf=1
node=cn24 date_utc=2026-06-28T11:52:35Z
run_id=pr-a-20260628-115234
run_dir=/scratch/frd_muziyao/SHUD-OpenMP/.p8tune.D-runs/pr-a-20260628-115234
slurm_job_id=9767 slurm_array_job_id=9762

=== run_cell.sh NN=04 heihe_natural_btf1 ===
date_utc:    2026-06-28T11:52:35Z
hostname:    cn24
run_id:      pr-a-20260628-115234
run_dir:     /scratch/frd_muziyao/SHUD-OpenMP/.p8tune.D-runs/pr-a-20260628-115234
tool_dir:    /scratch/frd_muziyao/SHUD-OpenMP/tools/p8tune.D
basin_root:  /scratch/frd_muziyao/SHUD-OpenMP/SHUD/Basins
cell_stage:  /scratch/frd_muziyao/SHUD-OpenMP/.p8tune.D-runs/pr-a-20260628-115234/_stage/cell-04
cell_log:    /scratch/frd_muziyao/SHUD-OpenMP/.p8tune.D-runs/pr-a-20260628-115234/cell-04.log
cell_j_bin:  /scratch/frd_muziyao/SHUD-OpenMP/.p8tune.D-runs/pr-a-20260628-115234/cell-04.J.bin
cell_time:   /scratch/frd_muziyao/SHUD-OpenMP/.p8tune.D-runs/pr-a-20260628-115234/cell-04.time

=== spike_run.sh heihe_natural_btf1 ===
date_utc: 2026-06-28T11:52:35Z
hostname: cn24
basin_root: /scratch/frd_muziyao/SHUD-OpenMP/SHUD/Basins
--- stage 1: dump_adjacency ---
		 * openMP disabled.
* 	 Project name: heihe
* 	 Project input folder: input/heihe
* 	 Project output folder: output/heihe.out
1 	 Reading file: input/heihe/heihe.cfg.para
2 	 Reading file: input/heihe/heihe.sp.riv
	The downstream of RIV 2 is negtive (Outlet, -3)
3 	 Reading file: input/heihe/heihe.sp.rivseg
	Number of River segments: 4759
4 	 Reading file: input/heihe/heihe.sp.mesh
5 	 Reading file: input/heihe/heihe.sp.att
6 	 Reading file: input/heihe/heihe.para.soil
7 	 Reading file: input/heihe/heihe.para.geol
8 	 Reading file: input/heihe/heihe.para.lc
9 	 Reading file: input/heihe/heihe.tsd.forc
	Number of csv files: 1709
	 Reading 1/1709: 	/scratch/frd_muziyao/SHUD-OpenMP/SHUD/Basins/heihe/forcing.trimmed/X100.75Y37.65.csv
	 Reading 2/1709: 	/scratch/frd_muziyao/SHUD-OpenMP/SHUD/Basins/heihe/forcing.trimmed/X100.85Y37.65.csv
	 Reading 3/1709: 	/scratch/frd_muziyao/SHUD-OpenMP/SHUD/Basins/heihe/forcing.trimmed/X100.65Y37.75.csv
	 Reading 4/1709: 	/scratch/frd_muziyao/SHUD-OpenMP/SHUD/Basins/heihe/forcing.trimmed/X100.75Y37.75.csv
	 Reading 5/1709: 	/scratch/frd_muziyao/SHUD-OpenMP/SHUD/Basins/heihe/forcing.trimmed/X100.85Y37.75.csv
	 Reading 6/1709: 	/scratch/frd_muziyao/SHUD-OpenMP/SHUD/Basins/heihe/forcing.trimmed/X100.95Y37.75.csv
	 Reading 7/1709: 	/scratch/frd_muziyao/SHUD-OpenMP/SHUD/Basins/heihe/forcing.trimmed/X101.05Y37.75.csv
	 Reading 8/1709: 	/scratch/frd_muziyao/SHUD-OpenMP/SHUD/Basins/heihe/forcing.trimmed/X101.15Y37.75.csv
	 Reading 9/1709: 	/scratch/frd_muziyao/SHUD-OpenMP/SHUD/Basins/heihe/forcing.trimmed/X100.45Y37.85.csv
	 Reading 10/1709: 	/scratch/frd_muziyao/SHUD-OpenMP/SHUD/Basins/heihe/forcing.trimmed/X100.55Y37.85.csv
	 Reading 11/1709: 	/scratch/frd_muziyao/SHUD-OpenMP/SHUD/Basins/heihe/forcing.trimmed/X100.65Y37.85.csv
	 Reading 12/1709: 	/scratch/frd_muziyao/SHUD-OpenMP/SHUD/Basins/heihe/forcing.trimmed/X100.75Y37.85.csv
	 Reading 13/1709: 	/scratch/frd_muziyao/SHUD-OpenMP/SHUD/Basins/heihe/forcing.trimmed/X100.85Y37.85.csv
	 Reading 14/1709: 	/scratch/frd_muziyao/SHUD-OpenMP/SHUD/Basins/heihe/forcing.trimmed/X100.95Y37.85.csv
	 Reading 15/1709: 	/scratch/frd_muziyao/SHUD-OpenMP/SHUD/Basins/heihe/forcing.trimmed/X101.05Y37.85.csv
	 Reading 16/1709: 	/scratch/frd_muziyao/SHUD-OpenMP/SHUD/Basins/heihe/forcing.trimmed/X101.15Y37.85.csv
	 Reading 17/1709: 	/scratch/frd_muziyao/SHUD-OpenMP/SHUD/Basins/heihe/forcing.trimmed/X100.25Y37.95.csv
	 Reading 18/1709: 	/scratch/frd_muziyao/SHUD-OpenMP/SHUD/Basins/heihe/forcing.trimmed/X100.35Y37.95.csv
	 Reading 19/1709: 	/scratch/frd_muziyao/SHUD-OpenMP/SHUD/Basins/heihe/forcing.trimmed/X100.45Y37.95.csv
	 Reading 20/1709: 	/scratch/frd_muziyao/SHUD-OpenMP/SHUD/Basins/heihe/forcing.trimmed/X100.55Y37.95.csv
	 Reading 21/1709: 	/scratch/frd_muziyao/SHUD-OpenMP/SHUD/Basins/heihe/forcing.trimmed/X100.65Y37.95.csv
	 Reading 22/1709: 	/scratch/frd_muziyao/SHUD-OpenMP/SHUD/Basins/heihe/forcing.trimmed/X100.75Y37.95.csv
	 Reading 23/1709: 	/scratch/frd_muziyao/SHUD-OpenMP/SHUD/Basins/heihe/forcing.trimmed/X100.85Y37.95.csv
	 Reading 24/1709: 	/scratch/frd_muziyao/SHUD-OpenMP/SHUD/Basins/heihe/forcing.trimmed/X100.95Y37.95.csv
	 Reading 25/1709: 	/scratch/frd_muziyao/SHUD-OpenMP/SHUD/Basins/heihe/forcing.trimmed/X101.05Y37.95.csv
	 Reading 26/1709: 	/scratch/frd_muziyao/SHUD-OpenMP/SHUD/Basins/heihe/forcing.trimmed/X101.15Y37.95.csv
	 Reading 27/1709: 	/scratch/frd_muziyao/SHUD-OpenMP/SHUD/Basins/heihe/forcing.trimmed/X99.75Y38.05.csv
	 Reading 28/1709: 	/scratch/frd_muziyao/SHUD-OpenMP/SHUD/Basins/heihe/forcing.trimmed/X99.85Y38.05.csv
	 Reading 29/1709: 	/scratch/frd_muziyao/SHUD-OpenMP/SHUD/Basins/heihe/forcing.trimmed/X99.95Y38.05.csv
	 Reading 30/1709: 	/scratch/frd_muziyao/SHUD-OpenMP/SHUD/Basins/heihe/forcing.trimmed/X100.05Y38.05.csv
	 Reading 31/1709: 	/scratch/frd_muziyao/SHUD-OpenMP/SHUD/Basins/heihe/forcing.trimmed/X100.15Y38.05.csv
	 Reading 32/1709: 	/scratch/frd_muziyao/SHUD-OpenMP/SHUD/Basins/heihe/forcing.trimmed/X100.25Y38.05.csv
	 Reading 33/1709: 	/scratch/frd_muziyao/SHUD-OpenMP/SHUD/Basins/heihe/forcing.trimmed/X100.35Y38.05.csv
	 Reading 34/1709: 	/scratch/frd_muziyao/SHUD-OpenMP/SHUD/Basins/heihe/forcing.trimmed/X100.45Y38.05.csv
	 Reading 35/1709: 	/scratch/frd_muziyao/SHUD-OpenMP/SHUD/Basins/heihe/forcing.trimmed/X100.55Y38.05.csv
	 Reading 36/1709: 	/scratch/frd_muziyao/SHUD-OpenMP/SHUD/Basins/heihe/forcing.trimmed/X100.65Y38.05.csv
	 Reading 37/1709: 	/scratch/frd_muziyao/SHUD-OpenMP/SHUD/Basins/heihe/forcing.trimmed/X100.75Y38.05.csv
	 Reading 38/1709: 	/scratch/frd_muziyao/SHUD-OpenMP/SHUD/Basins/heihe/forcing.trimmed/X100.85Y38.05.csv
	 Reading 39/1709: 	/scratch/frd_muziyao/SHUD-OpenMP/SHUD/Basins/heihe/forcing.trimmed/X100.95Y38.05.csv
	 Reading 40/1709: 	/scratch/frd_muziyao/SHUD-OpenMP/SHUD/Basins/heihe/forcing.trimmed/X101.05Y38.05.csv
	 Reading 41/1709: 	/scratch/frd_muziyao/SHUD-OpenMP/SHUD/Basins/heihe/forcing.trimmed/X101.15Y38.05.csv
	 Reading 42/1709: 	/scratch/frd_muziyao/SHUD-OpenMP/SHUD/Basins/heihe/forcing.trimmed/X101.25Y38.05.csv
	 Reading 43/1709: 	/scratch/frd_muziyao/SHUD-OpenMP/SHUD/Basins/heihe/forcing.trimmed/X99.45Y38.15.csv
	 Reading 44/1709: 	/scratch/frd_muziyao/SHUD-OpenMP/SHUD/Basins/heihe/forcing.trimmed/X99.55Y38.15.csv
	 Reading 45/1709: 	/scratch/frd_muziyao/SHUD-OpenMP/SHUD/Basins/heihe/forcing.trimmed/X99.65Y38.15.csv
	 Reading 46/1709: 	/scratch/frd_muziyao/SHUD-OpenMP/SHUD/Basins/heihe/forcing.trimmed/X99.75Y38.15.csv
	 Reading 47/1709: 	/scratch/frd_muziyao/SHUD-OpenMP/SHUD/Basins/heihe/forcing.trimmed/X99.85Y38.15.csv
	 Reading 48/1709: 	/scratch/frd_muziyao/SHUD-OpenMP/SHUD/Basins/heihe/forcing.trimmed/X99.95Y38.15.csv
	 Reading 49/1709: 	/scratch/frd_muziyao/SHUD-OpenMP/SHUD/Basins/heihe/forcing.trimmed/X100.05Y38.15.csv
	 Reading 50/1709: 	/scratch/frd_muziyao/SHUD-OpenMP/SHUD/Basins/heihe/forcing.trimmed/X100.15Y38.15.csv
	 Reading 51/1709: 	/scratch/frd_muziyao/SHUD-OpenMP/SHUD/Basins/heihe/forcing.trimmed/X100.25Y38.15.csv
	 Reading 52/1709: 	/scratch/frd_muziyao/SHUD-OpenMP/SHUD/Basins/heihe/forcing.trimmed/X100.35Y38.15.csv
	 Reading 53/1709: 	/scratch/frd_muziyao/SHUD-OpenMP/SHUD/Basins/heihe/forcing.trimmed/X100.45Y38.15.csv
	 Reading 54/1709: 	/scratch/frd_muziyao/SHUD-OpenMP/SHUD/Basins/heihe/forcing.trimmed/X100.55Y38.15.csv
	 Reading 55/1709: 	/scratch/frd_muziyao/SHUD-OpenMP/SHUD/Basins/heihe/forcing.trimmed/X100.65Y38.15.csv
	 Reading 56/1709: 	/scratch/frd_muziyao/SHUD-OpenMP/SHUD/Basins/heihe/forcing.trimmed/X100.75Y38.15.csv
	 Reading 57/1709: 	/scratch/frd_muziyao/SHUD-OpenMP/SHUD/Basins/heihe/forcing.trimmed/X100.85Y38.15.csv
	 Reading 58/1709: 	/scratch/frd_muziyao/SHUD-OpenMP/SHUD/Basins/heihe/forcing.trimmed/X100.95Y38.15.csv
	 Reading 59/1709: 	/scratch/frd_muziyao/SHUD-OpenMP/SHUD/Basins/heihe/forcing.trimmed/X101.05Y38.15.csv
	 Reading 60/1709: 	/scratch/frd_muziyao/SHUD-OpenMP/SHUD/Basins/heihe/forcing.trimmed/X101.15Y38.15.csv
	 Reading 61/1709: 	/scratch/frd_muziyao/SHUD-OpenMP/SHUD/Basins/heihe/forcing.trimmed/X101.25Y38.15.csv
	 Reading 62/1709: 	/scratch/frd_muziyao/SHUD-OpenMP/SHUD/Basins/heihe/forcing.trimmed/X101.35Y38.15.csv
	 Reading 63/1709: 	/scratch/frd_muziyao/SHUD-OpenMP/SHUD/Basins/heihe/forcing.trimmed/X98.85Y38.25.csv
	 Reading 64/1709: 	/scratch/frd_muziyao/SHUD-OpenMP/SHUD/Basins/heihe/forcing.trimmed/X98.95Y38.25.csv
	 Reading 65/1709: 	/scratch/frd_muziyao/SHUD-OpenMP/SHUD/Basins/heihe/forcing.trimmed/X99.05Y38.25.csv
	 Reading 66/1709: 	/scratch/frd_muziyao/SHUD-OpenMP/SHUD/Basins/heihe/forcing.trimmed/X99.15Y38.25.csv
	 Reading 67/1709: 	/scratch/frd_muziyao/SHUD-OpenMP/SHUD/Basins/heihe/forcing.trimmed/X99.25Y38.25.csv
	 Reading 68/1709: 	/scratch/frd_muziyao/SHUD-OpenMP/SHUD/Basins/heihe/forcing.trimmed/X99.35Y38.25.csv
	 Reading 69/1709: 	/scratch/frd_muziyao/SHUD-OpenMP/SHUD/Basins/heihe/forcing.trimmed/X99.45Y38.25.csv
	 Reading 70/1709: 	/scratch/frd_muziyao/SHUD-OpenMP/SHUD/Basins/heihe/forcing.trimmed/X99.55Y38.25.csv
	 Reading 71/1709: 	/scratch/frd_muziyao/SHUD-OpenMP/SHUD/Basins/heihe/forcing.trimmed/X99.65Y38.25.csv
	 Reading 72/1709: 	/scratch/frd_muziyao/SHUD-OpenMP/SHUD/Basins/heihe/forcing.trimmed/X99.75Y38.25.csv
	 Reading 73/1709: 	/scratch/frd_muziyao/SHUD-OpenMP/SHUD/Basins/heihe/forcing.trimmed/X99.85Y38.25.csv
	 Reading 74/1709: 	/scratch/frd_muziyao/SHUD-OpenMP/SHUD/Basins/heihe/forcing.trimmed/X99.95Y38.25.csv
	 Reading 75/1709: 	/scratch/frd_muziyao/SHUD-OpenMP/SHUD/Basins/heihe/forcing.trimmed/X100.05Y38.25.csv
	 Reading 76/1709: 	/scratch/frd_muziyao/SHUD-OpenMP/SHUD/Basins/heihe/forcing.trimmed/X100.15Y38.25.csv
	 Reading 77/1709: 	/scratch/frd_muziyao/SHUD-OpenMP/SHUD/Basins/heihe/forcing.trimmed/X100.25Y38.25.csv
	 Reading 78/1709: 	/scratch/frd_muziyao/SHUD-OpenMP/SHUD/Basins/heihe/forcing.trimmed/X100.35Y38.25.csv
	 Reading 79/1709: 	/scratch/frd_muziyao/SHUD-OpenMP/SHUD/Basins/heihe/forcing.trimmed/X100.45Y38.25.csv
	 Reading 80/1709: 	/scratch/frd_muziyao/SHUD-OpenMP/SHUD/Basins/heihe/forcing.trimmed/X100.55Y38.25.csv
	 Reading 81/1709: 	/scratch/frd_muziyao/SHUD-OpenMP/SHUD/Basins/heihe/forcing.trimmed/X100.65Y38.25.csv
	 Reading 82/1709: 	/scratch/frd_muziyao/SHUD-OpenMP/SHUD/Basins/heihe/forcing.trimmed/X100.75Y38.25.csv
	 Reading 83/1709: 	/scratch/frd_muziyao/SHUD-OpenMP/SHUD/Basins/heihe/forcing.trimmed/X100.85Y38.25.csv
	 Reading 84/1709: 	/scratch/frd_muziyao/SHUD-OpenMP/SHUD/Basins/heihe/forcing.trimmed/X100.95Y38.25.csv
	 Reading 85/1709: 	/scratch/frd_muziyao/SHUD-OpenMP/SHUD/Basins/heihe/forcing.trimmed/X101.05Y38.25.csv
	 Reading 86/1709: 	/scratch/frd_muziyao/SHUD-OpenMP/SHUD/Basins/heihe/forcing.trimmed/X101.15Y38.25.csv
	 Reading 87/1709: 	/scratch/frd_muziyao/SHUD-OpenMP/SHUD/Basins/heihe/forcing.trimmed/X101.25Y38.25.csv
	 Reading 88/1709: 	/scratch/frd_muziyao/SHUD-OpenMP/SHUD/Basins/heihe/forcing.trimmed/X101.35Y38.25.csv
	 Reading 89/1709: 	/scratch/frd_muziyao/SHUD-OpenMP/SHUD/Basins/heihe/forcing.trimmed/X98.85Y38.35.csv
	 Reading 90/1709: 	/scratch/frd_muziyao/SHUD-OpenMP/SHUD/Basins/heihe/forcing.trimmed/X98.95Y38.35.csv
	 Reading 91/1709: 	/scratch/frd_muziyao/SHUD-OpenMP/SHUD/Basins/heihe/forcing.trimmed/X99.05Y38.35.csv
	 Reading 92/1709: 	/scratch/frd_muziyao/SHUD-OpenMP/SHUD/Basins/heihe/forcing.trimmed/X99.15Y38.35.csv
	 Reading 93/1709: 	/scratch/frd_muziyao/SHUD-OpenMP/SHUD/Basins/heihe/forcing.trimmed/X99.25Y38.35.csv
	 Reading 94/1709: 	/scratch/frd_muziyao/SHUD-OpenMP/SHUD/Basins/heihe/forcing.trimmed/X99.35Y38.35.csv
	 Reading 95/1709: 	/scratch/frd_muziyao/SHUD-OpenMP/SHUD/Basins/heihe/forcing.trimmed/X99.45Y38.35.csv
	 Reading 96/1709: 	/scratch/frd_muziyao/SHUD-OpenMP/SHUD/Basins/heihe/forcing.trimmed/X99.55Y38.35.csv
	 Reading 97/1709: 	/scratch/frd_muziyao/SHUD-OpenMP/SHUD/Basins/heihe/forcing.trimmed/X99.65Y38.35.csv
	 Reading 98/1709: 	/scratch/frd_muziyao/SHUD-OpenMP/SHUD/Basins/heihe/forcing.trimmed/X99.75Y38.35.csv
	 Reading 99/1709: 	/scratch/frd_muziyao/SHUD-OpenMP/SHUD/Basins/heihe/forcing.trimmed/X99.85Y38.35.csv
	 Reading 100/1709: 	/scratch/frd_muziyao/SHUD-OpenMP/SHUD/Basins/heihe/forcing.trimmed/X99.95Y38.35.csv
	 Reading 101/1709: 	/scratch/frd_muziyao/SHUD-OpenMP/SHUD/Basins/heihe/forcing.trimmed/X100.05Y38.35.csv
	 Reading 102/1709: 	/scratch/frd_muziyao/SHUD-OpenMP/SHUD/Basins/heihe/forcing.trimmed/X100.15Y38.35.csv
	 Reading 103/1709: 	/scratch/frd_muziyao/SHUD-OpenMP/SHUD/Basins/heihe/forcing.trimmed/X100.25Y38.35.csv
	 Reading 104/1709: 	/scratch/frd_muziyao/SHUD-OpenMP/SHUD/Basins/heihe/forcing.trimmed/X100.35Y38.35.csv
	 Reading 105/1709: 	/scratch/frd_muziyao/SHUD-OpenMP/SHUD/Basins/heihe/forcing.trimmed/X100.45Y38.35.csv
	 Reading 106/1709: 	/scratch/frd_muziyao/SHUD-OpenMP/SHUD/Basins/heihe/forcing.trimmed/X100.55Y38.35.csv
	 Reading 107/1709: 	/scratch/frd_muziyao/SHUD-OpenMP/SHUD/Basins/heihe/forcing.trimmed/X100.65Y38.35.csv
	 Reading 108/1709: 	/scratch/frd_muziyao/SHUD-OpenMP/SHUD/Basins/heihe/forcing.trimmed/X100.75Y38.35.csv
	 Reading 109/1709: 	/scratch/frd_muziyao/SHUD-OpenMP/SHUD/Basins/heihe/forcing.trimmed/X100.85Y38.35.csv
	 Reading 110/1709: 	/scratch/frd_muziyao/SHUD-OpenMP/SHUD/Basins/heihe/forcing.trimmed/X100.95Y38.35.csv
	 Reading 111/1709: 	/scratch/frd_muziyao/SHUD-OpenMP/SHUD/Basins/heihe/forcing.trimmed/X101.05Y38.35.csv
	 Reading 112/1709: 	/scratch/frd_muziyao/SHUD-OpenMP/SHUD/Basins/heihe/forcing.trimmed/X101.15Y38.35.csv
	 Reading 113/1709: 	/scratch/frd_muziyao/SHUD-OpenMP/SHUD/Basins/heihe/forcing.trimmed/X101.25Y38.35.csv
	 Reading 114/1709: 	/scratch/frd_muziyao/SHUD-OpenMP/SHUD/Basins/heihe/forcing.trimmed/X101.35Y38.35.csv
	 Reading 115/1709: 	/scratch/frd_muziyao/SHUD-OpenMP/SHUD/Basins/heihe/forcing.trimmed/X101.45Y38.35.csv
	 Reading 116/1709: 	/scratch/frd_muziyao/SHUD-OpenMP/SHUD/Basins/heihe/forcing.trimmed/X101.55Y38.35.csv
	 Reading 117/1709: 	/scratch/frd_muziyao/SHUD-OpenMP/SHUD/Basins/heihe/forcing.trimmed/X101.65Y38.35.csv
	 Reading 118/1709: 	/scratch/frd_muziyao/SHUD-OpenMP/SHUD/Basins/heihe/forcing.trimmed/X101.75Y38.35.csv
	 Reading 119/1709: 	/scratch/frd_muziyao/SHUD-OpenMP/SHUD/Basins/heihe/forcing.trimmed/X98.65Y38.45.csv
	 Reading 120/1709: 	/scratch/frd_muziyao/SHUD-OpenMP/SHUD/Basins/heihe/forcing.trimmed/X98.75Y38.45.csv
	 Reading 121/1709: 	/scratch/frd_muziyao/SHUD-OpenMP/SHUD/Basins/heihe/forcing.trimmed/X98.85Y38.45.csv
	 Reading 122/1709: 	/scratch/frd_muziyao/SHUD-OpenMP/SHUD/Basins/heihe/forcing.trimmed/X98.95Y38.45.csv
	 Reading 123/1709: 	/scratch/frd_muziyao/SHUD-OpenMP/SHUD/Basins/heihe/forcing.trimmed/X99.05Y38.45.csv
	 Reading 124/1709: 	/scratch/frd_muziyao/SHUD-OpenMP/SHUD/Basins/heihe/forcing.trimmed/X99.15Y38.45.csv
	 Reading 125/1709: 	/scratch/frd_muziyao/SHUD-OpenMP/SHUD/Basins/heihe/forcing.trimmed/X99.25Y38.45.csv
	 Reading 126/1709: 	/scratch/frd_muziyao/SHUD-OpenMP/SHUD/Basins/heihe/forcing.trimmed/X99.35Y38.45.csv
	 Reading 127/1709: 	/scratch/frd_muziyao/SHUD-OpenMP/SHUD/Basins/heihe/forcing.trimmed/X99.45Y38.45.csv
	 Reading 128/1709: 	/scratch/frd_muziyao/SHUD-OpenMP/SHUD/Basins/heihe/forcing.trimmed/X99.55Y38.45.csv
	 Reading 129/1709: 	/scratch/frd_muziyao/SHUD-OpenMP/SHUD/Basins/heihe/forcing.trimmed/X99.65Y38.45.csv
	 Reading 130/1709: 	/scratch/frd_muziyao/SHUD-OpenMP/SHUD/Basins/heihe/forcing.trimmed/X99.75Y38.45.csv
	 Reading 131/1709: 	/scratch/frd_muziyao/SHUD-OpenMP/SHUD/Basins/heihe/forcing.trimmed/X99.85Y38.45.csv
	 Reading 132/1709: 	/scratch/frd_muziyao/SHUD-OpenMP/SHUD/Basins/heihe/forcing.trimmed/X99.95Y38.45.csv
	 Reading 133/1709: 	/scratch/frd_muziyao/SHUD-OpenMP/SHUD/Basins/heihe/forcing.trimmed/X100.05Y38.45.csv
	 Reading 134/1709: 	/scratch/frd_muziyao/SHUD-OpenMP/SHUD/Basins/heihe/forcing.trimmed/X100.15Y38.45.csv
	 Reading 135/1709: 	/scratch/frd_muziyao/SHUD-OpenMP/SHUD/Basins/heihe/forcing.trimmed/X100.25Y38.45.csv
	 Reading 136/1709: 	/scratch/frd_muziyao/SHUD-OpenMP/SHUD/Basins/heihe/forcing.trimmed/X100.35Y38.45.csv
	 Reading 137/1709: 	/scratch/frd_muziyao/SHUD-OpenMP/SHUD/Basins/heihe/forcing.trimmed/X100.45Y38.45.csv
	 Reading 138/1709: 	/scratch/frd_muziyao/SHUD-OpenMP/SHUD/Basins/heihe/forcing.trimmed/X100.55Y38.45.csv
	 Reading 139/1709: 	/scratch/frd_muziyao/SHUD-OpenMP/SHUD/Basins/heihe/forcing.trimmed/X100.65Y38.45.csv
	 Reading 140/1709: 	/scratch/frd_muziyao/SHUD-OpenMP/SHUD/Basins/heihe/forcing.trimmed/X100.75Y38.45.csv
	 Reading 141/1709: 	/scratch/frd_muziyao/SHUD-OpenMP/SHUD/Basins/heihe/forcing.trimmed/X100.85Y38.45.csv
	 Reading 142/1709: 	/scratch/frd_muziyao/SHUD-OpenMP/SHUD/Basins/heihe/forcing.trimmed/X100.95Y38.45.csv
	 Reading 143/1709: 	/scratch/frd_muziyao/SHUD-OpenMP/SHUD/Basins/heihe/forcing.trimmed/X101.05Y38.45.csv
	 Reading 144/1709: 	/scratch/frd_muziyao/SHUD-OpenMP/SHUD/Basins/heihe/forcing.trimmed/X101.15Y38.45.csv
	 Reading 145/1709: 	/scratch/frd_muziyao/SHUD-OpenMP/SHUD/Basins/heihe/forcing.trimmed/X101.25Y38.45.csv
	 Reading 146/1709: 	/scratch/frd_muziyao/SHUD-OpenMP/SHUD/Basins/heihe/forcing.trimmed/X101.35Y38.45.csv
	 Reading 147/1709: 	/scratch/frd_muziyao/SHUD-OpenMP/SHUD/Basins/heihe/forcing.trimmed/X101.45Y38.45.csv
	 Reading 148/1709: 	/scratch/frd_muziyao/SHUD-OpenMP/SHUD/Basins/heihe/forcing.trimmed/X101.55Y38.45.csv
	 Reading 149/1709: 	/scratch/frd_muziyao/SHUD-OpenMP/SHUD/Basins/heihe/forcing.trimmed/X101.65Y38.45.csv
	 Reading 150/1709: 	/scratch/frd_muziyao/SHUD-OpenMP/SHUD/Basins/heihe/forcing.trimmed/X101.75Y38.45.csv
	 Reading 151/1709: 	/scratch/frd_muziyao/SHUD-OpenMP/SHUD/Basins/heihe/forcing.trimmed/X101.85Y38.45.csv
	 Reading 152/1709: 	/scratch/frd_muziyao/SHUD-OpenMP/SHUD/Basins/heihe/forcing.trimmed/X98.35Y38.55.csv
	 Reading 153/1709: 	/scratch/frd_muziyao/SHUD-OpenMP/SHUD/Basins/heihe/forcing.trimmed/X98.45Y38.55.csv
	 Reading 154/1709: 	/scratch/frd_muziyao/SHUD-OpenMP/SHUD/Basins/heihe/forcing.trimmed/X98.55Y38.55.csv
	 Reading 155/1709: 	/scratch/frd_muziyao/SHUD-OpenMP/SHUD/Basins/heihe/forcing.trimmed/X98.65Y38.55.csv
	 Reading 156/1709: 	/scratch/frd_muziyao/SHUD-OpenMP/SHUD/Basins/heihe/forcing.trimmed/X98.75Y38.55.csv
	 Reading 157/1709: 	/scratch/frd_muziyao/SHUD-OpenMP/SHUD/Basins/heihe/forcing.trimmed/X98.85Y38.55.csv
	 Reading 158/1709: 	/scratch/frd_muziyao/SHUD-OpenMP/SHUD/Basins/heihe/forcing.trimmed/X98.95Y38.55.csv
	 Reading 159/1709: 	/scratch/frd_muziyao/SHUD-OpenMP/SHUD/Basins/heihe/forcing.trimmed/X99.05Y38.55.csv
	 Reading 160/1709: 	/scratch/frd_muziyao/SHUD-OpenMP/SHUD/Basins/heihe/forcing.trimmed/X99.15Y38.55.csv
	 Reading 161/1709: 	/scratch/frd_muziyao/SHUD-OpenMP/SHUD/Basins/heihe/forcing.trimmed/X99.25Y38.55.csv
	 Reading 162/1709: 	/scratch/frd_muziyao/SHUD-OpenMP/SHUD/Basins/heihe/forcing.trimmed/X99.35Y38.55.csv
	 Reading 163/1709: 	/scratch/frd_muziyao/SHUD-OpenMP/SHUD/Basins/heihe/forcing.trimmed/X99.45Y38.55.csv
	 Reading 164/1709: 	/scratch/frd_muziyao/SHUD-OpenMP/SHUD/Basins/heihe/forcing.trimmed/X99.55Y38.55.csv
	 Reading 165/1709: 	/scratch/frd_muziyao/SHUD-OpenMP/SHUD/Basins/heihe/forcing.trimmed/X99.65Y38.55.csv
	 Reading 166/1709: 	/scratch/frd_muziyao/SHUD-OpenMP/SHUD/Basins/heihe/forcing.trimmed/X99.75Y38.55.csv
	 Reading 167/1709: 	/scratch/frd_muziyao/SHUD-OpenMP/SHUD/Basins/heihe/forcing.trimmed/X99.85Y38.55.csv
	 Reading 168/1709: 	/scratch/frd_muziyao/SHUD-OpenMP/SHUD/Basins/heihe/forcing.trimmed/X99.95Y38.55.csv
	 Reading 169/1709: 	/scratch/frd_muziyao/SHUD-OpenMP/SHUD/Basins/heihe/forcing.trimmed/X100.05Y38.55.csv
	 Reading 170/1709: 	/scratch/frd_muziyao/SHUD-OpenMP/SHUD/Basins/heihe/forcing.trimmed/X100.15Y38.55.csv
	 Reading 171/1709: 	/scratch/frd_muziyao/SHUD-OpenMP/SHUD/Basins/heihe/forcing.trimmed/X100.25Y38.55.csv
	 Reading 172/1709: 	/scratch/frd_muziyao/SHUD-OpenMP/SHUD/Basins/heihe/forcing.trimmed/X100.35Y38.55.csv
	 Reading 173/1709: 	/scratch/frd_muziyao/SHUD-OpenMP/SHUD/Basins/heihe/forcing.trimmed/X100.45Y38.55.csv
	 Reading 174/1709: 	/scratch/frd_muziyao/SHUD-OpenMP/SHUD/Basins/heihe/forcing.trimmed/X100.55Y38.55.csv
	 Reading 175/1709: 	/scratch/frd_muziyao/SHUD-OpenMP/SHUD/Basins/heihe/forcing.trimmed/X100.65Y38.55.csv
	 Reading 176/1709: 	/scratch/frd_muziyao/SHUD-OpenMP/SHUD/Basins/heihe/forcing.trimmed/X100.75Y38.55.csv
	 Reading 177/1709: 	/scratch/frd_muziyao/SHUD-OpenMP/SHUD/Basins/heihe/forcing.trimmed/X100.85Y38.55.csv
	 Reading 178/1709: 	/scratch/frd_muziyao/SHUD-OpenMP/SHUD/Basins/heihe/forcing.trimmed/X100.95Y38.55.csv
	 Reading 179/1709: 	/scratch/frd_muziyao/SHUD-OpenMP/SHUD/Basins/heihe/forcing.trimmed/X101.05Y38.55.csv
	 Reading 180/1709: 	/scratch/frd_muziyao/SHUD-OpenMP/SHUD/Basins/heihe/forcing.trimmed/X101.15Y38.55.csv
	 Reading 181/1709: 	/scratch/frd_muziyao/SHUD-OpenMP/SHUD/Basins/heihe/forcing.trimmed/X101.25Y38.55.csv
	 Reading 182/1709: 	/scratch/frd_muziyao/SHUD-OpenMP/SHUD/Basins/heihe/forcing.trimmed/X101.35Y38.55.csv
	 Reading 183/1709: 	/scratch/frd_muziyao/SHUD-OpenMP/SHUD/Basins/heihe/forcing.trimmed/X101.45Y38.55.csv
	 Reading 184/1709: 	/scratch/frd_muziyao/SHUD-OpenMP/SHUD/Basins/heihe/forcing.trimmed/X101.55Y38.55.csv
	 Reading 185/1709: 	/scratch/frd_muziyao/SHUD-OpenMP/SHUD/Basins/heihe/forcing.trimmed/X101.65Y38.55.csv
	 Reading 186/1709: 	/scratch/frd_muziyao/SHUD-OpenMP/SHUD/Basins/heihe/forcing.trimmed/X101.75Y38.55.csv
	 Reading 187/1709: 	/scratch/frd_muziyao/SHUD-OpenMP/SHUD/Basins/heihe/forcing.trimmed/X101.85Y38.55.csv
	 Reading 188/1709: 	/scratch/frd_muziyao/SHUD-OpenMP/SHUD/Basins/heihe/forcing.trimmed/X98.15Y38.65.csv
	 Reading 189/1709: 	/scratch/frd_muziyao/SHUD-OpenMP/SHUD/Basins/heihe/forcing.trimmed/X98.25Y38.65.csv
	 Reading 190/1709: 	/scratch/frd_muziyao/SHUD-OpenMP/SHUD/Basins/heihe/forcing.trimmed/X98.35Y38.65.csv
	 Reading 191/1709: 	/scratch/frd_muziyao/SHUD-OpenMP/SHUD/Basins/heihe/forcing.trimmed/X98.45Y38.65.csv
	 Reading 192/1709: 	/scratch/frd_muziyao/SHUD-OpenMP/SHUD/Basins/heihe/forcing.trimmed/X98.55Y38.65.csv
	 Reading 193/1709: 	/scratch/frd_muziyao/SHUD-OpenMP/SHUD/Basins/heihe/forcing.trimmed/X98.65Y38.65.csv
	 Reading 194/1709: 	/scratch/frd_muziyao/SHUD-OpenMP/SHUD/Basins/heihe/forcing.trimmed/X98.75Y38.65.csv
	 Reading 195/1709: 	/scratch/frd_muziyao/SHUD-OpenMP/SHUD/Basins/heihe/forcing.trimmed/X98.85Y38.65.csv
	 Reading 196/1709: 	/scratch/frd_muziyao/SHUD-OpenMP/SHUD/Basins/heihe/forcing.trimmed/X98.95Y38.65.csv
	 Reading 197/1709: 	/scratch/frd_muziyao/SHUD-OpenMP/SHUD/Basins/heihe/forcing.trimmed/X99.05Y38.65.csv
	 Reading 198/1709: 	/scratch/frd_muziyao/SHUD-OpenMP/SHUD/Basins/heihe/forcing.trimmed/X99.15Y38.65.csv
	 Reading 199/1709: 	/scratch/frd_muziyao/SHUD-OpenMP/SHUD/Basins/heihe/forcing.trimmed/X99.25Y38.65.csv
	 Reading 200/1709: 	/scratch/frd_muziyao/SHUD-OpenMP/SHUD/Basins/heihe/forcing.trimmed/X99.35Y38.65.csv
	 Reading 201/1709: 	/scratch/frd_muziyao/SHUD-OpenMP/SHUD/Basins/heihe/forcing.trimmed/X99.45Y38.65.csv
	 Reading 202/1709: 	/scratch/frd_muziyao/SHUD-OpenMP/SHUD/Basins/heihe/forcing.trimmed/X99.55Y38.65.csv
	 Reading 203/1709: 	/scratch/frd_muziyao/SHUD-OpenMP/SHUD/Basins/heihe/forcing.trimmed/X99.65Y38.65.csv
	 Reading 204/1709: 	/scratch/frd_muziyao/SHUD-OpenMP/SHUD/Basins/heihe/forcing.trimmed/X99.75Y38.65.csv
	 Reading 205/1709: 	/scratch/frd_muziyao/SHUD-OpenMP/SHUD/Basins/heihe/forcing.trimmed/X99.85Y38.65.csv
	 Reading 206/1709: 	/scratch/frd_muziyao/SHUD-OpenMP/SHUD/Basins/heihe/forcing.trimmed/X99.95Y38.65.csv
	 Reading 207/1709: 	/scratch/frd_muziyao/SHUD-OpenMP/SHUD/Basins/heihe/forcing.trimmed/X100.05Y38.65.csv
	 Reading 208/1709: 	/scratch/frd_muziyao/SHUD-OpenMP/SHUD/Basins/heihe/forcing.trimmed/X100.15Y38.65.csv
	 Reading 209/1709: 	/scratch/frd_muziyao/SHUD-OpenMP/SHUD/Basins/heihe/forcing.trimmed/X100.25Y38.65.csv
	 Reading 210/1709: 	/scratch/frd_muziyao/SHUD-OpenMP/SHUD/Basins/heihe/forcing.trimmed/X100.35Y38.65.csv
	 Reading 211/1709: 	/scratch/frd_muziyao/SHUD-OpenMP/SHUD/Basins/heihe/forcing.trimmed/X100.45Y38.65.csv
	 Reading 212/1709: 	/scratch/frd_muziyao/SHUD-OpenMP/SHUD/Basins/heihe/forcing.trimmed/X100.55Y38.65.csv
	 Reading 213/1709: 	/scratch/frd_muziyao/SHUD-OpenMP/SHUD/Basins/heihe/forcing.trimmed/X100.65Y38.65.csv
	 Reading 214/1709: 	/scratch/frd_muziyao/SHUD-OpenMP/SHUD/Basins/heihe/forcing.trimmed/X100.75Y38.65.csv
	 Reading 215/1709: 	/scratch/frd_muziyao/SHUD-OpenMP/SHUD/Basins/heihe/forcing.trimmed/X100.85Y38.65.csv
	 Reading 216/1709: 	/scratch/frd_muziyao/SHUD-OpenMP/SHUD/Basins/heihe/forcing.trimmed/X100.95Y38.65.csv
	 Reading 217/1709: 	/scratch/frd_muziyao/SHUD-OpenMP/SHUD/Basins/heihe/forcing.trimmed/X101.05Y38.65.csv
	 Reading 218/1709: 	/scratch/frd_muziyao/SHUD-OpenMP/SHUD/Basins/heihe/forcing.trimmed/X101.15Y38.65.csv
	 Reading 219/1709: 	/scratch/frd_muziyao/SHUD-OpenMP/SHUD/Basins/heihe/forcing.trimmed/X101.25Y38.65.csv
	 Reading 220/1709: 	/scratch/frd_muziyao/SHUD-OpenMP/SHUD/Basins/heihe/forcing.trimmed/X101.35Y38.65.csv
	 Reading 221/1709: 	/scratch/frd_muziyao/SHUD-OpenMP/SHUD/Basins/heihe/forcing.trimmed/X101.45Y38.65.csv
	 Reading 222/1709: 	/scratch/frd_muziyao/SHUD-OpenMP/SHUD/Basins/heihe/forcing.trimmed/X101.55Y38.65.csv
	 Reading 223/1709: 	/scratch/frd_muziyao/SHUD-OpenMP/SHUD/Basins/heihe/forcing.trimmed/X101.65Y38.65.csv
	 Reading 224/1709: 	/scratch/frd_muziyao/SHUD-OpenMP/SHUD/Basins/heihe/forcing.trimmed/X101.75Y38.65.csv
	 Reading 225/1709: 	/scratch/frd_muziyao/SHUD-OpenMP/SHUD/Basins/heihe/forcing.trimmed/X101.85Y38.65.csv
	 Reading 226/1709: 	/scratch/frd_muziyao/SHUD-OpenMP/SHUD/Basins/heihe/forcing.trimmed/X98.05Y38.75.csv
	 Reading 227/1709: 	/scratch/frd_muziyao/SHUD-OpenMP/SHUD/Basins/heihe/forcing.trimmed/X98.15Y38.75.csv
	 Reading 228/1709: 	/scratch/frd_muziyao/SHUD-OpenMP/SHUD/Basins/heihe/forcing.trimmed/X98.25Y38.75.csv
	 Reading 229/1709: 	/scratch/frd_muziyao/SHUD-OpenMP/SHUD/Basins/heihe/forcing.trimmed/X98.35Y38.75.csv
	 Reading 230/1709: 	/scratch/frd_muziyao/SHUD-OpenMP/SHUD/Basins/heihe/forcing.trimmed/X98.45Y38.75.csv
	 Reading 231/1709: 	/scratch/frd_muziyao/SHUD-OpenMP/SHUD/Basins/heihe/forcing.trimmed/X98.55Y38.75.csv
	 Reading 232/1709: 	/scratch/frd_muziyao/SHUD-OpenMP/SHUD/Basins/heihe/forcing.trimmed/X98.65Y38.75.csv
	 Reading 233/1709: 	/scratch/frd_muziyao/SHUD-OpenMP/SHUD/Basins/heihe/forcing.trimmed/X98.75Y38.75.csv
	 Reading 234/1709: 	/scratch/frd_muziyao/SHUD-OpenMP/SHUD/Basins/heihe/forcing.trimmed/X98.85Y38.75.csv
	 Reading 235/1709: 	/scratch/frd_muziyao/SHUD-OpenMP/SHUD/Basins/heihe/forcing.trimmed/X98.95Y38.75.csv
	 Reading 236/1709: 	/scratch/frd_muziyao/SHUD-OpenMP/SHUD/Basins/heihe/forcing.trimmed/X99.05Y38.75.csv
	 Reading 237/1709: 	/scratch/frd_muziyao/SHUD-OpenMP/SHUD/Basins/heihe/forcing.trimmed/X99.15Y38.75.csv
	 Reading 238/1709: 	/scratch/frd_muziyao/SHUD-OpenMP/SHUD/Basins/heihe/forcing.trimmed/X99.25Y38.75.csv
	 Reading 239/1709: 	/scratch/frd_muziyao/SHUD-OpenMP/SHUD/Basins/heihe/forcing.trimmed/X99.35Y38.75.csv
	 Reading 240/1709: 	/scratch/frd_muziyao/SHUD-OpenMP/SHUD/Basins/heihe/forcing.trimmed/X99.45Y38.75.csv
	 Reading 241/1709: 	/scratch/frd_muziyao/SHUD-OpenMP/SHUD/Basins/heihe/forcing.trimmed/X99.55Y38.75.csv
	 Reading 242/1709: 	/scratch/frd_muziyao/SHUD-OpenMP/SHUD/Basins/heihe/forcing.trimmed/X99.65Y38.75.csv
	 Reading 243/1709: 	/scratch/frd_muziyao/SHUD-OpenMP/SHUD/Basins/heihe/forcing.trimmed/X99.75Y38.75.csv
	 Reading 244/1709: 	/scratch/frd_muziyao/SHUD-OpenMP/SHUD/Basins/heihe/forcing.trimmed/X99.85Y38.75.csv
	 Reading 245/1709: 	/scratch/frd_muziyao/SHUD-OpenMP/SHUD/Basins/heihe/forcing.trimmed/X99.95Y38.75.csv
	 Reading 246/1709: 	/scratch/frd_muziyao/SHUD-OpenMP/SHUD/Basins/heihe/forcing.trimmed/X100.05Y38.75.csv
	 Reading 247/1709: 	/scratch/frd_muziyao/SHUD-OpenMP/SHUD/Basins/heihe/forcing.trimmed/X100.15Y38.75.csv
	 Reading 248/1709: 	/scratch/frd_muziyao/SHUD-OpenMP/SHUD/Basins/heihe/forcing.trimmed/X100.25Y38.75.csv
	 Reading 249/1709: 	/scratch/frd_muziyao/SHUD-OpenMP/SHUD/Basins/heihe/forcing.trimmed/X100.35Y38.75.csv
	 Reading 250/1709: 	/scratch/frd_muziyao/SHUD-OpenMP/SHUD/Basins/heihe/forcing.trimmed/X100.45Y38.75.csv
	 Reading 251/1709: 	/scratch/frd_muziyao/SHUD-OpenMP/SHUD/Basins/heihe/forcing.trimmed/X100.55Y38.75.csv
	 Reading 252/1709: 	/scratch/frd_muziyao/SHUD-OpenMP/SHUD/Basins/heihe/forcing.trimmed/X100.65Y38.75.csv
	 Reading 253/1709: 	/scratch/frd_muziyao/SHUD-OpenMP/SHUD/Basins/heihe/forcing.trimmed/X100.75Y38.75.csv
	 Reading 254/1709: 	/scratch/frd_muziyao/SHUD-OpenMP/SHUD/Basins/heihe/forcing.trimmed/X100.85Y38.75.csv
	 Reading 255/1709: 	/scratch/frd_muziyao/SHUD-OpenMP/SHUD/Basins/heihe/forcing.trimmed/X100.95Y38.75.csv
	 Reading 256/1709: 	/scratch/frd_muziyao/SHUD-OpenMP/SHUD/Basins/heihe/forcing.trimmed/X101.05Y38.75.csv
	 Reading 257/1709: 	/scratch/frd_muziyao/SHUD-OpenMP/SHUD/Basins/heihe/forcing.trimmed/X101.15Y38.75.csv
	 Reading 258/1709: 	/scratch/frd_muziyao/SHUD-OpenMP/SHUD/Basins/heihe/forcing.trimmed/X101.25Y38.75.csv
	 Reading 259/1709: 	/scratch/frd_muziyao/SHUD-OpenMP/SHUD/Basins/heihe/forcing.trimmed/X101.35Y38.75.csv
	 Reading 260/1709: 	/scratch/frd_muziyao/SHUD-OpenMP/SHUD/Basins/heihe/forcing.trimmed/X101.45Y38.75.csv
	 Reading 261/1709: 	/scratch/frd_muziyao/SHUD-OpenMP/SHUD/Basins/heihe/forcing.trimmed/X101.55Y38.75.csv
	 Reading 262/1709: 	/scratch/frd_muziyao/SHUD-OpenMP/SHUD/Basins/heihe/forcing.trimmed/X101.65Y38.75.csv
	 Reading 263/1709: 	/scratch/frd_muziyao/SHUD-OpenMP/SHUD/Basins/heihe/forcing.trimmed/X97.85Y38.85.csv
	 Reading 264/1709: 	/scratch/frd_muziyao/SHUD-OpenMP/SHUD/Basins/heihe/forcing.trimmed/X97.95Y38.85.csv
	 Reading 265/1709: 	/scratch/frd_muziyao/SHUD-OpenMP/SHUD/Basins/heihe/forcing.trimmed/X98.05Y38.85.csv
	 Reading 266/1709: 	/scratch/frd_muziyao/SHUD-OpenMP/SHUD/Basins/heihe/forcing.trimmed/X98.15Y38.85.csv
	 Reading 267/1709: 	/scratch/frd_muziyao/SHUD-OpenMP/SHUD/Basins/heihe/forcing.trimmed/X98.25Y38.85.csv
	 Reading 268/1709: 	/scratch/frd_muziyao/SHUD-OpenMP/SHUD/Basins/heihe/forcing.trimmed/X98.35Y38.85.csv
	 Reading 269/1709: 	/scratch/frd_muziyao/SHUD-OpenMP/SHUD/Basins/heihe/forcing.trimmed/X98.45Y38.85.csv
	 Reading 270/1709: 	/scratch/frd_muziyao/SHUD-OpenMP/SHUD/Basins/heihe/forcing.trimmed/X98.55Y38.85.csv
	 Reading 271/1709: 	/scratch/frd_muziyao/SHUD-OpenMP/SHUD/Basins/heihe/forcing.trimmed/X98.65Y38.85.csv
	 Reading 272/1709: 	/scratch/frd_muziyao/SHUD-OpenMP/SHUD/Basins/heihe/forcing.trimmed/X98.75Y38.85.csv
	 Reading 273/1709: 	/scratch/frd_muziyao/SHUD-OpenMP/SHUD/Basins/heihe/forcing.trimmed/X98.85Y38.85.csv
	 Reading 274/1709: 	/scratch/frd_muziyao/SHUD-OpenMP/SHUD/Basins/heihe/forcing.trimmed/X98.95Y38.85.csv
	 Reading 275/1709: 	/scratch/frd_muziyao/SHUD-OpenMP/SHUD/Basins/heihe/forcing.trimmed/X99.05Y38.85.csv
	 Reading 276/1709: 	/scratch/frd_muziyao/SHUD-OpenMP/SHUD/Basins/heihe/forcing.trimmed/X99.15Y38.85.csv
	 Reading 277/1709: 	/scratch/frd_muziyao/SHUD-OpenMP/SHUD/Basins/heihe/forcing.trimmed/X99.25Y38.85.csv
	 Reading 278/1709: 	/scratch/frd_muziyao/SHUD-OpenMP/SHUD/Basins/heihe/forcing.trimmed/X99.35Y38.85.csv
	 Reading 279/1709: 	/scratch/frd_muziyao/SHUD-OpenMP/SHUD/Basins/heihe/forcing.trimmed/X99.45Y38.85.csv
	 Reading 280/1709: 	/scratch/frd_muziyao/SHUD-OpenMP/SHUD/Basins/heihe/forcing.trimmed/X99.55Y38.85.csv
	 Reading 281/1709: 	/scratch/frd_muziyao/SHUD-OpenMP/SHUD/Basins/heihe/forcing.trimmed/X99.65Y38.85.csv
	 Reading 282/1709: 	/scratch/frd_muziyao/SHUD-OpenMP/SHUD/Basins/heihe/forcing.trimmed/X99.75Y38.85.csv
	 Reading 283/1709: 	/scratch/frd_muziyao/SHUD-OpenMP/SHUD/Basins/heihe/forcing.trimmed/X99.85Y38.85.csv
	 Reading 284/1709: 	/scratch/frd_muziyao/SHUD-OpenMP/SHUD/Basins/heihe/forcing.trimmed/X99.95Y38.85.csv
	 Reading 285/1709: 	/scratch/frd_muziyao/SHUD-OpenMP/SHUD/Basins/heihe/forcing.trimmed/X100.05Y38.85.csv
	 Reading 286/1709: 	/scratch/frd_muziyao/SHUD-OpenMP/SHUD/Basins/heihe/forcing.trimmed/X100.15Y38.85.csv
	 Reading 287/1709: 	/scratch/frd_muziyao/SHUD-OpenMP/SHUD/Basins/heihe/forcing.trimmed/X100.25Y38.85.csv
	 Reading 288/1709: 	/scratch/frd_muziyao/SHUD-OpenMP/SHUD/Basins/heihe/forcing.trimmed/X100.35Y38.85.csv
	 Reading 289/1709: 	/scratch/frd_muziyao/SHUD-OpenMP/SHUD/Basins/heihe/forcing.trimmed/X100.45Y38.85.csv
	 Reading 290/1709: 	/scratch/frd_muziyao/SHUD-OpenMP/SHUD/Basins/heihe/forcing.trimmed/X100.55Y38.85.csv
	 Reading 291/1709: 	/scratch/frd_muziyao/SHUD-OpenMP/SHUD/Basins/heihe/forcing.trimmed/X100.65Y38.85.csv
	 Reading 292/1709: 	/scratch/frd_muziyao/SHUD-OpenMP/SHUD/Basins/heihe/forcing.trimmed/X100.75Y38.85.csv
	 Reading 293/1709: 	/scratch/frd_muziyao/SHUD-OpenMP/SHUD/Basins/heihe/forcing.trimmed/X100.85Y38.85.csv
	 Reading 294/1709: 	/scratch/frd_muziyao/SHUD-OpenMP/SHUD/Basins/heihe/forcing.trimmed/X100.95Y38.85.csv
	 Reading 295/1709: 	/scratch/frd_muziyao/SHUD-OpenMP/SHUD/Basins/heihe/forcing.trimmed/X101.05Y38.85.csv
	 Reading 296/1709: 	/scratch/frd_muziyao/SHUD-OpenMP/SHUD/Basins/heihe/forcing.trimmed/X101.15Y38.85.csv
	 Reading 297/1709: 	/scratch/frd_muziyao/SHUD-OpenMP/SHUD/Basins/heihe/forcing.trimmed/X101.25Y38.85.csv
	 Reading 298/1709: 	/scratch/frd_muziyao/SHUD-OpenMP/SHUD/Basins/heihe/forcing.trimmed/X101.35Y38.85.csv
	 Reading 299/1709: 	/scratch/frd_muziyao/SHUD-OpenMP/SHUD/Basins/heihe/forcing.trimmed/X97.65Y38.95.csv
	 Reading 300/1709: 	/scratch/frd_muziyao/SHUD-OpenMP/SHUD/Basins/heihe/forcing.trimmed/X97.75Y38.95.csv
	 Reading 301/1709: 	/scratch/frd_muziyao/SHUD-OpenMP/SHUD/Basins/heihe/forcing.trimmed/X97.85Y38.95.csv
	 Reading 302/1709: 	/scratch/frd_muziyao/SHUD-OpenMP/SHUD/Basins/heihe/forcing.trimmed/X97.95Y38.95.csv
	 Reading 303/1709: 	/scratch/frd_muziyao/SHUD-OpenMP/SHUD/Basins/heihe/forcing.trimmed/X98.05Y38.95.csv
	 Reading 304/1709: 	/scratch/frd_muziyao/SHUD-OpenMP/SHUD/Basins/heihe/forcing.trimmed/X98.15Y38.95.csv
	 Reading 305/1709: 	/scratch/frd_muziyao/SHUD-OpenMP/SHUD/Basins/heihe/forcing.trimmed/X98.25Y38.95.csv
	 Reading 306/1709: 	/scratch/frd_muziyao/SHUD-OpenMP/SHUD/Basins/heihe/forcing.trimmed/X98.35Y38.95.csv
	 Reading 307/1709: 	/scratch/frd_muziyao/SHUD-OpenMP/SHUD/Basins/heihe/forcing.trimmed/X98.45Y38.95.csv
	 Reading 308/1709: 	/scratch/frd_muziyao/SHUD-OpenMP/SHUD/Basins/heihe/forcing.trimmed/X98.55Y38.95.csv
	 Reading 309/1709: 	/scratch/frd_muziyao/SHUD-OpenMP/SHUD/Basins/heihe/forcing.trimmed/X98.65Y38.95.csv
	 Reading 310/1709: 	/scratch/frd_muziyao/SHUD-OpenMP/SHUD/Basins/heihe/forcing.trimmed/X98.75Y38.95.csv
	 Reading 311/1709: 	/scratch/frd_muziyao/SHUD-OpenMP/SHUD/Basins/heihe/forcing.trimmed/X98.85Y38.95.csv
	 Reading 312/1709: 	/scratch/frd_muziyao/SHUD-OpenMP/SHUD/Basins/heihe/forcing.trimmed/X98.95Y38.95.csv
	 Reading 313/1709: 	/scratch/frd_muziyao/SHUD-OpenMP/SHUD/Basins/heihe/forcing.trimmed/X99.05Y38.95.csv
	 Reading 314/1709: 	/scratch/frd_muziyao/SHUD-OpenMP/SHUD/Basins/heihe/forcing.trimmed/X99.15Y38.95.csv
	 Reading 315/1709: 	/scratch/frd_muziyao/SHUD-OpenMP/SHUD/Basins/heihe/forcing.trimmed/X99.25Y38.95.csv
	 Reading 316/1709: 	/scratch/frd_muziyao/SHUD-OpenMP/SHUD/Basins/heihe/forcing.trimmed/X99.35Y38.95.csv
	 Reading 317/1709: 	/scratch/frd_muziyao/SHUD-OpenMP/SHUD/Basins/heihe/forcing.trimmed/X99.45Y38.95.csv
	 Reading 318/1709: 	/scratch/frd_muziyao/SHUD-OpenMP/SHUD/Basins/heihe/forcing.trimmed/X99.55Y38.95.csv
	 Reading 319/1709: 	/scratch/frd_muziyao/SHUD-OpenMP/SHUD/Basins/heihe/forcing.trimmed/X99.65Y38.95.csv
	 Reading 320/1709: 	/scratch/frd_muziyao/SHUD-OpenMP/SHUD/Basins/heihe/forcing.trimmed/X99.75Y38.95.csv
	 Reading 321/1709: 	/scratch/frd_muziyao/SHUD-OpenMP/SHUD/Basins/heihe/forcing.trimmed/X99.85Y38.95.csv
	 Reading 322/1709: 	/scratch/frd_muziyao/SHUD-OpenMP/SHUD/Basins/heihe/forcing.trimmed/X99.95Y38.95.csv
	 Reading 323/1709: 	/scratch/frd_muziyao/SHUD-OpenMP/SHUD/Basins/heihe/forcing.trimmed/X100.05Y38.95.csv
	 Reading 324/1709: 	/scratch/frd_muziyao/SHUD-OpenMP/SHUD/Basins/heihe/forcing.trimmed/X100.15Y38.95.csv
	 Reading 325/1709: 	/scratch/frd_muziyao/SHUD-OpenMP/SHUD/Basins/heihe/forcing.trimmed/X100.25Y38.95.csv
	 Reading 326/1709: 	/scratch/frd_muziyao/SHUD-OpenMP/SHUD/Basins/heihe/forcing.trimmed/X100.35Y38.95.csv
	 Reading 327/1709: 	/scratch/frd_muziyao/SHUD-OpenMP/SHUD/Basins/heihe/forcing.trimmed/X100.45Y38.95.csv
	 Reading 328/1709: 	/scratch/frd_muziyao/SHUD-OpenMP/SHUD/Basins/heihe/forcing.trimmed/X100.55Y38.95.csv
	 Reading 329/1709: 	/scratch/frd_muziyao/SHUD-OpenMP/SHUD/Basins/heihe/forcing.trimmed/X100.65Y38.95.csv
	 Reading 330/1709: 	/scratch/frd_muziyao/SHUD-OpenMP/SHUD/Basins/heihe/forcing.trimmed/X100.75Y38.95.csv
	 Reading 331/1709: 	/scratch/frd_muziyao/SHUD-OpenMP/SHUD/Basins/heihe/forcing.trimmed/X100.85Y38.95.csv
	 Reading 332/1709: 	/scratch/frd_muziyao/SHUD-OpenMP/SHUD/Basins/heihe/forcing.trimmed/X100.95Y38.95.csv
	 Reading 333/1709: 	/scratch/frd_muziyao/SHUD-OpenMP/SHUD/Basins/heihe/forcing.trimmed/X101.05Y38.95.csv
	 Reading 334/1709: 	/scratch/frd_muziyao/SHUD-OpenMP/SHUD/Basins/heihe/forcing.trimmed/X101.15Y38.95.csv
	 Reading 335/1709: 	/scratch/frd_muziyao/SHUD-OpenMP/SHUD/Basins/heihe/forcing.trimmed/X97.45Y39.05.csv
	 Reading 336/1709: 	/scratch/frd_muziyao/SHUD-OpenMP/SHUD/Basins/heihe/forcing.trimmed/X97.55Y39.05.csv
	 Reading 337/1709: 	/scratch/frd_muziyao/SHUD-OpenMP/SHUD/Basins/heihe/forcing.trimmed/X97.65Y39.05.csv
	 Reading 338/1709: 	/scratch/frd_muziyao/SHUD-OpenMP/SHUD/Basins/heihe/forcing.trimmed/X97.75Y39.05.csv
	 Reading 339/1709: 	/scratch/frd_muziyao/SHUD-OpenMP/SHUD/Basins/heihe/forcing.trimmed/X97.85Y39.05.csv
	 Reading 340/1709: 	/scratch/frd_muziyao/SHUD-OpenMP/SHUD/Basins/heihe/forcing.trimmed/X97.95Y39.05.csv
	 Reading 341/1709: 	/scratch/frd_muziyao/SHUD-OpenMP/SHUD/Basins/heihe/forcing.trimmed/X98.05Y39.05.csv
	 Reading 342/1709: 	/scratch/frd_muziyao/SHUD-OpenMP/SHUD/Basins/heihe/forcing.trimmed/X98.15Y39.05.csv
	 Reading 343/1709: 	/scratch/frd_muziyao/SHUD-OpenMP/SHUD/Basins/heihe/forcing.trimmed/X98.25Y39.05.csv
	 Reading 344/1709: 	/scratch/frd_muziyao/SHUD-OpenMP/SHUD/Basins/heihe/forcing.trimmed/X98.35Y39.05.csv
	 Reading 345/1709: 	/scratch/frd_muziyao/SHUD-OpenMP/SHUD/Basins/heihe/forcing.trimmed/X98.45Y39.05.csv
	 Reading 346/1709: 	/scratch/frd_muziyao/SHUD-OpenMP/SHUD/Basins/heihe/forcing.trimmed/X98.55Y39.05.csv
	 Reading 347/1709: 	/scratch/frd_muziyao/SHUD-OpenMP/SHUD/Basins/heihe/forcing.trimmed/X98.65Y39.05.csv
	 Reading 348/1709: 	/scratch/frd_muziyao/SHUD-OpenMP/SHUD/Basins/heihe/forcing.trimmed/X98.75Y39.05.csv
	 Reading 349/1709: 	/scratch/frd_muziyao/SHUD-OpenMP/SHUD/Basins/heihe/forcing.trimmed/X98.85Y39.05.csv
	 Reading 350/1709: 	/scratch/frd_muziyao/SHUD-OpenMP/SHUD/Basins/heihe/forcing.trimmed/X98.95Y39.05.csv
	 Reading 351/1709: 	/scratch/frd_muziyao/SHUD-OpenMP/SHUD/Basins/heihe/forcing.trimmed/X99.05Y39.05.csv
	 Reading 352/1709: 	/scratch/frd_muziyao/SHUD-OpenMP/SHUD/Basins/heihe/forcing.trimmed/X99.15Y39.05.csv
	 Reading 353/1709: 	/scratch/frd_muziyao/SHUD-OpenMP/SHUD/Basins/heihe/forcing.trimmed/X99.25Y39.05.csv
	 Reading 354/1709: 	/scratch/frd_muziyao/SHUD-OpenMP/SHUD/Basins/heihe/forcing.trimmed/X99.35Y39.05.csv
	 Reading 355/1709: 	/scratch/frd_muziyao/SHUD-OpenMP/SHUD/Basins/heihe/forcing.trimmed/X99.45Y39.05.csv
	 Reading 356/1709: 	/scratch/frd_muziyao/SHUD-OpenMP/SHUD/Basins/heihe/forcing.trimmed/X99.55Y39.05.csv
	 Reading 357/1709: 	/scratch/frd_muziyao/SHUD-OpenMP/SHUD/Basins/heihe/forcing.trimmed/X99.65Y39.05.csv
	 Reading 358/1709: 	/scratch/frd_muziyao/SHUD-OpenMP/SHUD/Basins/heihe/forcing.trimmed/X99.75Y39.05.csv
	 Reading 359/1709: 	/scratch/frd_muziyao/SHUD-OpenMP/SHUD/Basins/heihe/forcing.trimmed/X99.85Y39.05.csv
	 Reading 360/1709: 	/scratch/frd_muziyao/SHUD-OpenMP/SHUD/Basins/heihe/forcing.trimmed/X99.95Y39.05.csv
	 Reading 361/1709: 	/scratch/frd_muziyao/SHUD-OpenMP/SHUD/Basins/heihe/forcing.trimmed/X100.05Y39.05.csv
	 Reading 362/1709: 	/scratch/frd_muziyao/SHUD-OpenMP/SHUD/Basins/heihe/forcing.trimmed/X100.15Y39.05.csv
	 Reading 363/1709: 	/scratch/frd_muziyao/SHUD-OpenMP/SHUD/Basins/heihe/forcing.trimmed/X100.25Y39.05.csv
	 Reading 364/1709: 	/scratch/frd_muziyao/SHUD-OpenMP/SHUD/Basins/heihe/forcing.trimmed/X100.35Y39.05.csv
	 Reading 365/1709: 	/scratch/frd_muziyao/SHUD-OpenMP/SHUD/Basins/heihe/forcing.trimmed/X100.45Y39.05.csv
	 Reading 366/1709: 	/scratch/frd_muziyao/SHUD-OpenMP/SHUD/Basins/heihe/forcing.trimmed/X100.55Y39.05.csv
	 Reading 367/1709: 	/scratch/frd_muziyao/SHUD-OpenMP/SHUD/Basins/heihe/forcing.trimmed/X100.65Y39.05.csv
	 Reading 368/1709: 	/scratch/frd_muziyao/SHUD-OpenMP/SHUD/Basins/heihe/forcing.trimmed/X100.75Y39.05.csv
	 Reading 369/1709: 	/scratch/frd_muziyao/SHUD-OpenMP/SHUD/Basins/heihe/forcing.trimmed/X100.85Y39.05.csv
	 Reading 370/1709: 	/scratch/frd_muziyao/SHUD-OpenMP/SHUD/Basins/heihe/forcing.trimmed/X100.95Y39.05.csv
	 Reading 371/1709: 	/scratch/frd_muziyao/SHUD-OpenMP/SHUD/Basins/heihe/forcing.trimmed/X97.35Y39.15.csv
	 Reading 372/1709: 	/scratch/frd_muziyao/SHUD-OpenMP/SHUD/Basins/heihe/forcing.trimmed/X97.45Y39.15.csv
	 Reading 373/1709: 	/scratch/frd_muziyao/SHUD-OpenMP/SHUD/Basins/heihe/forcing.trimmed/X97.55Y39.15.csv
	 Reading 374/1709: 	/scratch/frd_muziyao/SHUD-OpenMP/SHUD/Basins/heihe/forcing.trimmed/X97.65Y39.15.csv
	 Reading 375/1709: 	/scratch/frd_muziyao/SHUD-OpenMP/SHUD/Basins/heihe/forcing.trimmed/X97.75Y39.15.csv
	 Reading 376/1709: 	/scratch/frd_muziyao/SHUD-OpenMP/SHUD/Basins/heihe/forcing.trimmed/X97.85Y39.15.csv
	 Reading 377/1709: 	/scratch/frd_muziyao/SHUD-OpenMP/SHUD/Basins/heihe/forcing.trimmed/X97.95Y39.15.csv
	 Reading 378/1709: 	/scratch/frd_muziyao/SHUD-OpenMP/SHUD/Basins/heihe/forcing.trimmed/X98.05Y39.15.csv
	 Reading 379/1709: 	/scratch/frd_muziyao/SHUD-OpenMP/SHUD/Basins/heihe/forcing.trimmed/X98.15Y39.15.csv
	 Reading 380/1709: 	/scratch/frd_muziyao/SHUD-OpenMP/SHUD/Basins/heihe/forcing.trimmed/X98.25Y39.15.csv
	 Reading 381/1709: 	/scratch/frd_muziyao/SHUD-OpenMP/SHUD/Basins/heihe/forcing.trimmed/X98.35Y39.15.csv
	 Reading 382/1709: 	/scratch/frd_muziyao/SHUD-OpenMP/SHUD/Basins/heihe/forcing.trimmed/X98.45Y39.15.csv
	 Reading 383/1709: 	/scratch/frd_muziyao/SHUD-OpenMP/SHUD/Basins/heihe/forcing.trimmed/X98.55Y39.15.csv
	 Reading 384/1709: 	/scratch/frd_muziyao/SHUD-OpenMP/SHUD/Basins/heihe/forcing.trimmed/X98.65Y39.15.csv
	 Reading 385/1709: 	/scratch/frd_muziyao/SHUD-OpenMP/SHUD/Basins/heihe/forcing.trimmed/X98.75Y39.15.csv
	 Reading 386/1709: 	/scratch/frd_muziyao/SHUD-OpenMP/SHUD/Basins/heihe/forcing.trimmed/X98.85Y39.15.csv
	 Reading 387/1709: 	/scratch/frd_muziyao/SHUD-OpenMP/SHUD/Basins/heihe/forcing.trimmed/X98.95Y39.15.csv
	 Reading 388/1709: 	/scratch/frd_muziyao/SHUD-OpenMP/SHUD/Basins/heihe/forcing.trimmed/X99.05Y39.15.csv
	 Reading 389/1709: 	/scratch/frd_muziyao/SHUD-OpenMP/SHUD/Basins/heihe/forcing.trimmed/X99.15Y39.15.csv
	 Reading 390/1709: 	/scratch/frd_muziyao/SHUD-OpenMP/SHUD/Basins/heihe/forcing.trimmed/X99.25Y39.15.csv
	 Reading 391/1709: 	/scratch/frd_muziyao/SHUD-OpenMP/SHUD/Basins/heihe/forcing.trimmed/X99.35Y39.15.csv
	 Reading 392/1709: 	/scratch/frd_muziyao/SHUD-OpenMP/SHUD/Basins/heihe/forcing.trimmed/X99.45Y39.15.csv
	 Reading 393/1709: 	/scratch/frd_muziyao/SHUD-OpenMP/SHUD/Basins/heihe/forcing.trimmed/X99.55Y39.15.csv
	 Reading 394/1709: 	/scratch/frd_muziyao/SHUD-OpenMP/SHUD/Basins/heihe/forcing.trimmed/X99.65Y39.15.csv
	 Reading 395/1709: 	/scratch/frd_muziyao/SHUD-OpenMP/SHUD/Basins/heihe/forcing.trimmed/X99.75Y39.15.csv
	 Reading 396/1709: 	/scratch/frd_muziyao/SHUD-OpenMP/SHUD/Basins/heihe/forcing.trimmed/X99.85Y39.15.csv
	 Reading 397/1709: 	/scratch/frd_muziyao/SHUD-OpenMP/SHUD/Basins/heihe/forcing.trimmed/X99.95Y39.15.csv
	 Reading 398/1709: 	/scratch/frd_muziyao/SHUD-OpenMP/SHUD/Basins/heihe/forcing.trimmed/X100.05Y39.15.csv
	 Reading 399/1709: 	/scratch/frd_muziyao/SHUD-OpenMP/SHUD/Basins/heihe/forcing.trimmed/X100.15Y39.15.csv
	 Reading 400/1709: 	/scratch/frd_muziyao/SHUD-OpenMP/SHUD/Basins/heihe/forcing.trimmed/X100.25Y39.15.csv
	 Reading 401/1709: 	/scratch/frd_muziyao/SHUD-OpenMP/SHUD/Basins/heihe/forcing.trimmed/X100.35Y39.15.csv
	 Reading 402/1709: 	/scratch/frd_muziyao/SHUD-OpenMP/SHUD/Basins/heihe/forcing.trimmed/X100.45Y39.15.csv
	 Reading 403/1709: 	/scratch/frd_muziyao/SHUD-OpenMP/SHUD/Basins/heihe/forcing.trimmed/X100.55Y39.15.csv
	 Reading 404/1709: 	/scratch/frd_muziyao/SHUD-OpenMP/SHUD/Basins/heihe/forcing.trimmed/X100.65Y39.15.csv
	 Reading 405/1709: 	/scratch/frd_muziyao/SHUD-OpenMP/SHUD/Basins/heihe/forcing.trimmed/X100.75Y39.15.csv
	 Reading 406/1709: 	/scratch/frd_muziyao/SHUD-OpenMP/SHUD/Basins/heihe/forcing.trimmed/X97.35Y39.25.csv
	 Reading 407/1709: 	/scratch/frd_muziyao/SHUD-OpenMP/SHUD/Basins/heihe/forcing.trimmed/X97.45Y39.25.csv
	 Reading 408/1709: 	/scratch/frd_muziyao/SHUD-OpenMP/SHUD/Basins/heihe/forcing.trimmed/X97.55Y39.25.csv
	 Reading 409/1709: 	/scratch/frd_muziyao/SHUD-OpenMP/SHUD/Basins/heihe/forcing.trimmed/X97.65Y39.25.csv
	 Reading 410/1709: 	/scratch/frd_muziyao/SHUD-OpenMP/SHUD/Basins/heihe/forcing.trimmed/X97.75Y39.25.csv
	 Reading 411/1709: 	/scratch/frd_muziyao/SHUD-OpenMP/SHUD/Basins/heihe/forcing.trimmed/X97.85Y39.25.csv
	 Reading 412/1709: 	/scratch/frd_muziyao/SHUD-OpenMP/SHUD/Basins/heihe/forcing.trimmed/X97.95Y39.25.csv
	 Reading 413/1709: 	/scratch/frd_muziyao/SHUD-OpenMP/SHUD/Basins/heihe/forcing.trimmed/X98.05Y39.25.csv
	 Reading 414/1709: 	/scratch/frd_muziyao/SHUD-OpenMP/SHUD/Basins/heihe/forcing.trimmed/X98.15Y39.25.csv
	 Reading 415/1709: 	/scratch/frd_muziyao/SHUD-OpenMP/SHUD/Basins/heihe/forcing.trimmed/X98.25Y39.25.csv
	 Reading 416/1709: 	/scratch/frd_muziyao/SHUD-OpenMP/SHUD/Basins/heihe/forcing.trimmed/X98.35Y39.25.csv
	 Reading 417/1709: 	/scratch/frd_muziyao/SHUD-OpenMP/SHUD/Basins/heihe/forcing.trimmed/X98.45Y39.25.csv
	 Reading 418/1709: 	/scratch/frd_muziyao/SHUD-OpenMP/SHUD/Basins/heihe/forcing.trimmed/X98.55Y39.25.csv
	 Reading 419/1709: 	/scratch/frd_muziyao/SHUD-OpenMP/SHUD/Basins/heihe/forcing.trimmed/X98.65Y39.25.csv
	 Reading 420/1709: 	/scratch/frd_muziyao/SHUD-OpenMP/SHUD/Basins/heihe/forcing.trimmed/X98.75Y39.25.csv
	 Reading 421/1709: 	/scratch/frd_muziyao/SHUD-OpenMP/SHUD/Basins/heihe/forcing.trimmed/X98.85Y39.25.csv
	 Reading 422/1709: 	/scratch/frd_muziyao/SHUD-OpenMP/SHUD/Basins/heihe/forcing.trimmed/X98.95Y39.25.csv
	 Reading 423/1709: 	/scratch/frd_muziyao/SHUD-OpenMP/SHUD/Basins/heihe/forcing.trimmed/X99.05Y39.25.csv
	 Reading 424/1709: 	/scratch/frd_muziyao/SHUD-OpenMP/SHUD/Basins/heihe/forcing.trimmed/X99.15Y39.25.csv
	 Reading 425/1709: 	/scratch/frd_muziyao/SHUD-OpenMP/SHUD/Basins/heihe/forcing.trimmed/X99.25Y39.25.csv
	 Reading 426/1709: 	/scratch/frd_muziyao/SHUD-OpenMP/SHUD/Basins/heihe/forcing.trimmed/X99.35Y39.25.csv
	 Reading 427/1709: 	/scratch/frd_muziyao/SHUD-OpenMP/SHUD/Basins/heihe/forcing.trimmed/X99.45Y39.25.csv
	 Reading 428/1709: 	/scratch/frd_muziyao/SHUD-OpenMP/SHUD/Basins/heihe/forcing.trimmed/X99.55Y39.25.csv
	 Reading 429/1709: 	/scratch/frd_muziyao/SHUD-OpenMP/SHUD/Basins/heihe/forcing.trimmed/X99.65Y39.25.csv
	 Reading 430/1709: 	/scratch/frd_muziyao/SHUD-OpenMP/SHUD/Basins/heihe/forcing.trimmed/X99.75Y39.25.csv
	 Reading 431/1709: 	/scratch/frd_muziyao/SHUD-OpenMP/SHUD/Basins/heihe/forcing.trimmed/X99.85Y39.25.csv
	 Reading 432/1709: 	/scratch/frd_muziyao/SHUD-OpenMP/SHUD/Basins/heihe/forcing.trimmed/X99.95Y39.25.csv
	 Reading 433/1709: 	/scratch/frd_muziyao/SHUD-OpenMP/SHUD/Basins/heihe/forcing.trimmed/X100.05Y39.25.csv
	 Reading 434/1709: 	/scratch/frd_muziyao/SHUD-OpenMP/SHUD/Basins/heihe/forcing.trimmed/X100.15Y39.25.csv
	 Reading 435/1709: 	/scratch/frd_muziyao/SHUD-OpenMP/SHUD/Basins/heihe/forcing.trimmed/X100.25Y39.25.csv
	 Reading 436/1709: 	/scratch/frd_muziyao/SHUD-OpenMP/SHUD/Basins/heihe/forcing.trimmed/X100.35Y39.25.csv
	 Reading 437/1709: 	/scratch/frd_muziyao/SHUD-OpenMP/SHUD/Basins/heihe/forcing.trimmed/X100.45Y39.25.csv
	 Reading 438/1709: 	/scratch/frd_muziyao/SHUD-OpenMP/SHUD/Basins/heihe/forcing.trimmed/X100.55Y39.25.csv
	 Reading 439/1709: 	/scratch/frd_muziyao/SHUD-OpenMP/SHUD/Basins/heihe/forcing.trimmed/X100.65Y39.25.csv
	 Reading 440/1709: 	/scratch/frd_muziyao/SHUD-OpenMP/SHUD/Basins/heihe/forcing.trimmed/X100.75Y39.25.csv
	 Reading 441/1709: 	/scratch/frd_muziyao/SHUD-OpenMP/SHUD/Basins/heihe/forcing.trimmed/X97.35Y39.35.csv
	 Reading 442/1709: 	/scratch/frd_muziyao/SHUD-OpenMP/SHUD/Basins/heihe/forcing.trimmed/X97.45Y39.35.csv
	 Reading 443/1709: 	/scratch/frd_muziyao/SHUD-OpenMP/SHUD/Basins/heihe/forcing.trimmed/X97.55Y39.35.csv
	 Reading 444/1709: 	/scratch/frd_muziyao/SHUD-OpenMP/SHUD/Basins/heihe/forcing.trimmed/X97.65Y39.35.csv
	 Reading 445/1709: 	/scratch/frd_muziyao/SHUD-OpenMP/SHUD/Basins/heihe/forcing.trimmed/X97.75Y39.35.csv
	 Reading 446/1709: 	/scratch/frd_muziyao/SHUD-OpenMP/SHUD/Basins/heihe/forcing.trimmed/X97.85Y39.35.csv
	 Reading 447/1709: 	/scratch/frd_muziyao/SHUD-OpenMP/SHUD/Basins/heihe/forcing.trimmed/X97.95Y39.35.csv
	 Reading 448/1709: 	/scratch/frd_muziyao/SHUD-OpenMP/SHUD/Basins/heihe/forcing.trimmed/X98.05Y39.35.csv
	 Reading 449/1709: 	/scratch/frd_muziyao/SHUD-OpenMP/SHUD/Basins/heihe/forcing.trimmed/X98.15Y39.35.csv
	 Reading 450/1709: 	/scratch/frd_muziyao/SHUD-OpenMP/SHUD/Basins/heihe/forcing.trimmed/X98.25Y39.35.csv
	 Reading 451/1709: 	/scratch/frd_muziyao/SHUD-OpenMP/SHUD/Basins/heihe/forcing.trimmed/X98.35Y39.35.csv
	 Reading 452/1709: 	/scratch/frd_muziyao/SHUD-OpenMP/SHUD/Basins/heihe/forcing.trimmed/X98.45Y39.35.csv
	 Reading 453/1709: 	/scratch/frd_muziyao/SHUD-OpenMP/SHUD/Basins/heihe/forcing.trimmed/X98.55Y39.35.csv
	 Reading 454/1709: 	/scratch/frd_muziyao/SHUD-OpenMP/SHUD/Basins/heihe/forcing.trimmed/X98.65Y39.35.csv
	 Reading 455/1709: 	/scratch/frd_muziyao/SHUD-OpenMP/SHUD/Basins/heihe/forcing.trimmed/X98.75Y39.35.csv
	 Reading 456/1709: 	/scratch/frd_muziyao/SHUD-OpenMP/SHUD/Basins/heihe/forcing.trimmed/X98.85Y39.35.csv
	 Reading 457/1709: 	/scratch/frd_muziyao/SHUD-OpenMP/SHUD/Basins/heihe/forcing.trimmed/X98.95Y39.35.csv
	 Reading 458/1709: 	/scratch/frd_muziyao/SHUD-OpenMP/SHUD/Basins/heihe/forcing.trimmed/X99.05Y39.35.csv
	 Reading 459/1709: 	/scratch/frd_muziyao/SHUD-OpenMP/SHUD/Basins/heihe/forcing.trimmed/X99.15Y39.35.csv
	 Reading 460/1709: 	/scratch/frd_muziyao/SHUD-OpenMP/SHUD/Basins/heihe/forcing.trimmed/X99.25Y39.35.csv
	 Reading 461/1709: 	/scratch/frd_muziyao/SHUD-OpenMP/SHUD/Basins/heihe/forcing.trimmed/X99.35Y39.35.csv
	 Reading 462/1709: 	/scratch/frd_muziyao/SHUD-OpenMP/SHUD/Basins/heihe/forcing.trimmed/X99.45Y39.35.csv
	 Reading 463/1709: 	/scratch/frd_muziyao/SHUD-OpenMP/SHUD/Basins/heihe/forcing.trimmed/X99.55Y39.35.csv
	 Reading 464/1709: 	/scratch/frd_muziyao/SHUD-OpenMP/SHUD/Basins/heihe/forcing.trimmed/X99.65Y39.35.csv
	 Reading 465/1709: 	/scratch/frd_muziyao/SHUD-OpenMP/SHUD/Basins/heihe/forcing.trimmed/X99.75Y39.35.csv
	 Reading 466/1709: 	/scratch/frd_muziyao/SHUD-OpenMP/SHUD/Basins/heihe/forcing.trimmed/X99.85Y39.35.csv
	 Reading 467/1709: 	/scratch/frd_muziyao/SHUD-OpenMP/SHUD/Basins/heihe/forcing.trimmed/X99.95Y39.35.csv
	 Reading 468/1709: 	/scratch/frd_muziyao/SHUD-OpenMP/SHUD/Basins/heihe/forcing.trimmed/X100.05Y39.35.csv
	 Reading 469/1709: 	/scratch/frd_muziyao/SHUD-OpenMP/SHUD/Basins/heihe/forcing.trimmed/X100.15Y39.35.csv
	 Reading 470/1709: 	/scratch/frd_muziyao/SHUD-OpenMP/SHUD/Basins/heihe/forcing.trimmed/X100.25Y39.35.csv
	 Reading 471/1709: 	/scratch/frd_muziyao/SHUD-OpenMP/SHUD/Basins/heihe/forcing.trimmed/X100.35Y39.35.csv
	 Reading 472/1709: 	/scratch/frd_muziyao/SHUD-OpenMP/SHUD/Basins/heihe/forcing.trimmed/X100.45Y39.35.csv
	 Reading 473/1709: 	/scratch/frd_muziyao/SHUD-OpenMP/SHUD/Basins/heihe/forcing.trimmed/X100.55Y39.35.csv
	 Reading 474/1709: 	/scratch/frd_muziyao/SHUD-OpenMP/SHUD/Basins/heihe/forcing.trimmed/X100.65Y39.35.csv
	 Reading 475/1709: 	/scratch/frd_muziyao/SHUD-OpenMP/SHUD/Basins/heihe/forcing.trimmed/X100.75Y39.35.csv
	 Reading 476/1709: 	/scratch/frd_muziyao/SHUD-OpenMP/SHUD/Basins/heihe/forcing.trimmed/X97.65Y39.45.csv
	 Reading 477/1709: 	/scratch/frd_muziyao/SHUD-OpenMP/SHUD/Basins/heihe/forcing.trimmed/X97.75Y39.45.csv
	 Reading 478/1709: 	/scratch/frd_muziyao/SHUD-OpenMP/SHUD/Basins/heihe/forcing.trimmed/X97.85Y39.45.csv
	 Reading 479/1709: 	/scratch/frd_muziyao/SHUD-OpenMP/SHUD/Basins/heihe/forcing.trimmed/X97.95Y39.45.csv
	 Reading 480/1709: 	/scratch/frd_muziyao/SHUD-OpenMP/SHUD/Basins/heihe/forcing.trimmed/X98.05Y39.45.csv
	 Reading 481/1709: 	/scratch/frd_muziyao/SHUD-OpenMP/SHUD/Basins/heihe/forcing.trimmed/X98.15Y39.45.csv
	 Reading 482/1709: 	/scratch/frd_muziyao/SHUD-OpenMP/SHUD/Basins/heihe/forcing.trimmed/X98.25Y39.45.csv
	 Reading 483/1709: 	/scratch/frd_muziyao/SHUD-OpenMP/SHUD/Basins/heihe/forcing.trimmed/X98.35Y39.45.csv
	 Reading 484/1709: 	/scratch/frd_muziyao/SHUD-OpenMP/SHUD/Basins/heihe/forcing.trimmed/X98.45Y39.45.csv
	 Reading 485/1709: 	/scratch/frd_muziyao/SHUD-OpenMP/SHUD/Basins/heihe/forcing.trimmed/X98.55Y39.45.csv
	 Reading 486/1709: 	/scratch/frd_muziyao/SHUD-OpenMP/SHUD/Basins/heihe/forcing.trimmed/X98.65Y39.45.csv
	 Reading 487/1709: 	/scratch/frd_muziyao/SHUD-OpenMP/SHUD/Basins/heihe/forcing.trimmed/X98.75Y39.45.csv
	 Reading 488/1709: 	/scratch/frd_muziyao/SHUD-OpenMP/SHUD/Basins/heihe/forcing.trimmed/X98.85Y39.45.csv
	 Reading 489/1709: 	/scratch/frd_muziyao/SHUD-OpenMP/SHUD/Basins/heihe/forcing.trimmed/X98.95Y39.45.csv
	 Reading 490/1709: 	/scratch/frd_muziyao/SHUD-OpenMP/SHUD/Basins/heihe/forcing.trimmed/X99.05Y39.45.csv
	 Reading 491/1709: 	/scratch/frd_muziyao/SHUD-OpenMP/SHUD/Basins/heihe/forcing.trimmed/X99.15Y39.45.csv
	 Reading 492/1709: 	/scratch/frd_muziyao/SHUD-OpenMP/SHUD/Basins/heihe/forcing.trimmed/X99.25Y39.45.csv
	 Reading 493/1709: 	/scratch/frd_muziyao/SHUD-OpenMP/SHUD/Basins/heihe/forcing.trimmed/X99.35Y39.45.csv
	 Reading 494/1709: 	/scratch/frd_muziyao/SHUD-OpenMP/SHUD/Basins/heihe/forcing.trimmed/X99.45Y39.45.csv
	 Reading 495/1709: 	/scratch/frd_muziyao/SHUD-OpenMP/SHUD/Basins/heihe/forcing.trimmed/X99.55Y39.45.csv
	 Reading 496/1709: 	/scratch/frd_muziyao/SHUD-OpenMP/SHUD/Basins/heihe/forcing.trimmed/X99.65Y39.45.csv
	 Reading 497/1709: 	/scratch/frd_muziyao/SHUD-OpenMP/SHUD/Basins/heihe/forcing.trimmed/X99.75Y39.45.csv
	 Reading 498/1709: 	/scratch/frd_muziyao/SHUD-OpenMP/SHUD/Basins/heihe/forcing.trimmed/X99.85Y39.45.csv
	 Reading 499/1709: 	/scratch/frd_muziyao/SHUD-OpenMP/SHUD/Basins/heihe/forcing.trimmed/X99.95Y39.45.csv
	 Reading 500/1709: 	/scratch/frd_muziyao/SHUD-OpenMP/SHUD/Basins/heihe/forcing.trimmed/X100.05Y39.45.csv
	 Reading 501/1709: 	/scratch/frd_muziyao/SHUD-OpenMP/SHUD/Basins/heihe/forcing.trimmed/X100.15Y39.45.csv
	 Reading 502/1709: 	/scratch/frd_muziyao/SHUD-OpenMP/SHUD/Basins/heihe/forcing.trimmed/X100.25Y39.45.csv
	 Reading 503/1709: 	/scratch/frd_muziyao/SHUD-OpenMP/SHUD/Basins/heihe/forcing.trimmed/X100.35Y39.45.csv
	 Reading 504/1709: 	/scratch/frd_muziyao/SHUD-OpenMP/SHUD/Basins/heihe/forcing.trimmed/X100.45Y39.45.csv
	 Reading 505/1709: 	/scratch/frd_muziyao/SHUD-OpenMP/SHUD/Basins/heihe/forcing.trimmed/X100.55Y39.45.csv
	 Reading 506/1709: 	/scratch/frd_muziyao/SHUD-OpenMP/SHUD/Basins/heihe/forcing.trimmed/X100.65Y39.45.csv
	 Reading 507/1709: 	/scratch/frd_muziyao/SHUD-OpenMP/SHUD/Basins/heihe/forcing.trimmed/X100.75Y39.45.csv
	 Reading 508/1709: 	/scratch/frd_muziyao/SHUD-OpenMP/SHUD/Basins/heihe/forcing.trimmed/X97.75Y39.55.csv
	 Reading 509/1709: 	/scratch/frd_muziyao/SHUD-OpenMP/SHUD/Basins/heihe/forcing.trimmed/X97.85Y39.55.csv
	 Reading 510/1709: 	/scratch/frd_muziyao/SHUD-OpenMP/SHUD/Basins/heihe/forcing.trimmed/X97.95Y39.55.csv
	 Reading 511/1709: 	/scratch/frd_muziyao/SHUD-OpenMP/SHUD/Basins/heihe/forcing.trimmed/X98.05Y39.55.csv
	 Reading 512/1709: 	/scratch/frd_muziyao/SHUD-OpenMP/SHUD/Basins/heihe/forcing.trimmed/X98.15Y39.55.csv
	 Reading 513/1709: 	/scratch/frd_muziyao/SHUD-OpenMP/SHUD/Basins/heihe/forcing.trimmed/X98.25Y39.55.csv
	 Reading 514/1709: 	/scratch/frd_muziyao/SHUD-OpenMP/SHUD/Basins/heihe/forcing.trimmed/X98.35Y39.55.csv
	 Reading 515/1709: 	/scratch/frd_muziyao/SHUD-OpenMP/SHUD/Basins/heihe/forcing.trimmed/X98.45Y39.55.csv
	 Reading 516/1709: 	/scratch/frd_muziyao/SHUD-OpenMP/SHUD/Basins/heihe/forcing.trimmed/X98.55Y39.55.csv
	 Reading 517/1709: 	/scratch/frd_muziyao/SHUD-OpenMP/SHUD/Basins/heihe/forcing.trimmed/X98.65Y39.55.csv
	 Reading 518/1709: 	/scratch/frd_muziyao/SHUD-OpenMP/SHUD/Basins/heihe/forcing.trimmed/X98.75Y39.55.csv
	 Reading 519/1709: 	/scratch/frd_muziyao/SHUD-OpenMP/SHUD/Basins/heihe/forcing.trimmed/X98.85Y39.55.csv
	 Reading 520/1709: 	/scratch/frd_muziyao/SHUD-OpenMP/SHUD/Basins/heihe/forcing.trimmed/X98.95Y39.55.csv
	 Reading 521/1709: 	/scratch/frd_muziyao/SHUD-OpenMP/SHUD/Basins/heihe/forcing.trimmed/X99.05Y39.55.csv
	 Reading 522/1709: 	/scratch/frd_muziyao/SHUD-OpenMP/SHUD/Basins/heihe/forcing.trimmed/X99.15Y39.55.csv
	 Reading 523/1709: 	/scratch/frd_muziyao/SHUD-OpenMP/SHUD/Basins/heihe/forcing.trimmed/X99.25Y39.55.csv
	 Reading 524/1709: 	/scratch/frd_muziyao/SHUD-OpenMP/SHUD/Basins/heihe/forcing.trimmed/X99.35Y39.55.csv
	 Reading 525/1709: 	/scratch/frd_muziyao/SHUD-OpenMP/SHUD/Basins/heihe/forcing.trimmed/X99.45Y39.55.csv
	 Reading 526/1709: 	/scratch/frd_muziyao/SHUD-OpenMP/SHUD/Basins/heihe/forcing.trimmed/X99.55Y39.55.csv
	 Reading 527/1709: 	/scratch/frd_muziyao/SHUD-OpenMP/SHUD/Basins/heihe/forcing.trimmed/X99.65Y39.55.csv
	 Reading 528/1709: 	/scratch/frd_muziyao/SHUD-OpenMP/SHUD/Basins/heihe/forcing.trimmed/X99.75Y39.55.csv
	 Reading 529/1709: 	/scratch/frd_muziyao/SHUD-OpenMP/SHUD/Basins/heihe/forcing.trimmed/X99.85Y39.55.csv
	 Reading 530/1709: 	/scratch/frd_muziyao/SHUD-OpenMP/SHUD/Basins/heihe/forcing.trimmed/X99.95Y39.55.csv
	 Reading 531/1709: 	/scratch/frd_muziyao/SHUD-OpenMP/SHUD/Basins/heihe/forcing.trimmed/X100.05Y39.55.csv
	 Reading 532/1709: 	/scratch/frd_muziyao/SHUD-OpenMP/SHUD/Basins/heihe/forcing.trimmed/X100.15Y39.55.csv
	 Reading 533/1709: 	/scratch/frd_muziyao/SHUD-OpenMP/SHUD/Basins/heihe/forcing.trimmed/X100.25Y39.55.csv
	 Reading 534/1709: 	/scratch/frd_muziyao/SHUD-OpenMP/SHUD/Basins/heihe/forcing.trimmed/X100.35Y39.55.csv
	 Reading 535/1709: 	/scratch/frd_muziyao/SHUD-OpenMP/SHUD/Basins/heihe/forcing.trimmed/X100.45Y39.55.csv
	 Reading 536/1709: 	/scratch/frd_muziyao/SHUD-OpenMP/SHUD/Basins/heihe/forcing.trimmed/X100.55Y39.55.csv
	 Reading 537/1709: 	/scratch/frd_muziyao/SHUD-OpenMP/SHUD/Basins/heihe/forcing.trimmed/X100.65Y39.55.csv
	 Reading 538/1709: 	/scratch/frd_muziyao/SHUD-OpenMP/SHUD/Basins/heihe/forcing.trimmed/X97.75Y39.65.csv
	 Reading 539/1709: 	/scratch/frd_muziyao/SHUD-OpenMP/SHUD/Basins/heihe/forcing.trimmed/X97.85Y39.65.csv
	 Reading 540/1709: 	/scratch/frd_muziyao/SHUD-OpenMP/SHUD/Basins/heihe/forcing.trimmed/X97.95Y39.65.csv
	 Reading 541/1709: 	/scratch/frd_muziyao/SHUD-OpenMP/SHUD/Basins/heihe/forcing.trimmed/X98.05Y39.65.csv
	 Reading 542/1709: 	/scratch/frd_muziyao/SHUD-OpenMP/SHUD/Basins/heihe/forcing.trimmed/X98.15Y39.65.csv
	 Reading 543/1709: 	/scratch/frd_muziyao/SHUD-OpenMP/SHUD/Basins/heihe/forcing.trimmed/X98.25Y39.65.csv
	 Reading 544/1709: 	/scratch/frd_muziyao/SHUD-OpenMP/SHUD/Basins/heihe/forcing.trimmed/X98.35Y39.65.csv
	 Reading 545/1709: 	/scratch/frd_muziyao/SHUD-OpenMP/SHUD/Basins/heihe/forcing.trimmed/X98.45Y39.65.csv
	 Reading 546/1709: 	/scratch/frd_muziyao/SHUD-OpenMP/SHUD/Basins/heihe/forcing.trimmed/X98.55Y39.65.csv
	 Reading 547/1709: 	/scratch/frd_muziyao/SHUD-OpenMP/SHUD/Basins/heihe/forcing.trimmed/X98.65Y39.65.csv
	 Reading 548/1709: 	/scratch/frd_muziyao/SHUD-OpenMP/SHUD/Basins/heihe/forcing.trimmed/X98.75Y39.65.csv
	 Reading 549/1709: 	/scratch/frd_muziyao/SHUD-OpenMP/SHUD/Basins/heihe/forcing.trimmed/X98.85Y39.65.csv
	 Reading 550/1709: 	/scratch/frd_muziyao/SHUD-OpenMP/SHUD/Basins/heihe/forcing.trimmed/X98.95Y39.65.csv
	 Reading 551/1709: 	/scratch/frd_muziyao/SHUD-OpenMP/SHUD/Basins/heihe/forcing.trimmed/X99.05Y39.65.csv
	 Reading 552/1709: 	/scratch/frd_muziyao/SHUD-OpenMP/SHUD/Basins/heihe/forcing.trimmed/X99.15Y39.65.csv
	 Reading 553/1709: 	/scratch/frd_muziyao/SHUD-OpenMP/SHUD/Basins/heihe/forcing.trimmed/X99.25Y39.65.csv
	 Reading 554/1709: 	/scratch/frd_muziyao/SHUD-OpenMP/SHUD/Basins/heihe/forcing.trimmed/X99.35Y39.65.csv
	 Reading 555/1709: 	/scratch/frd_muziyao/SHUD-OpenMP/SHUD/Basins/heihe/forcing.trimmed/X99.45Y39.65.csv
	 Reading 556/1709: 	/scratch/frd_muziyao/SHUD-OpenMP/SHUD/Basins/heihe/forcing.trimmed/X99.55Y39.65.csv
	 Reading 557/1709: 	/scratch/frd_muziyao/SHUD-OpenMP/SHUD/Basins/heihe/forcing.trimmed/X99.65Y39.65.csv
	 Reading 558/1709: 	/scratch/frd_muziyao/SHUD-OpenMP/SHUD/Basins/heihe/forcing.trimmed/X99.75Y39.65.csv
	 Reading 559/1709: 	/scratch/frd_muziyao/SHUD-OpenMP/SHUD/Basins/heihe/forcing.trimmed/X99.85Y39.65.csv
	 Reading 560/1709: 	/scratch/frd_muziyao/SHUD-OpenMP/SHUD/Basins/heihe/forcing.trimmed/X99.95Y39.65.csv
	 Reading 561/1709: 	/scratch/frd_muziyao/SHUD-OpenMP/SHUD/Basins/heihe/forcing.trimmed/X100.05Y39.65.csv
	 Reading 562/1709: 	/scratch/frd_muziyao/SHUD-OpenMP/SHUD/Basins/heihe/forcing.trimmed/X100.15Y39.65.csv
	 Reading 563/1709: 	/scratch/frd_muziyao/SHUD-OpenMP/SHUD/Basins/heihe/forcing.trimmed/X100.25Y39.65.csv
	 Reading 564/1709: 	/scratch/frd_muziyao/SHUD-OpenMP/SHUD/Basins/heihe/forcing.trimmed/X100.45Y39.65.csv
	 Reading 565/1709: 	/scratch/frd_muziyao/SHUD-OpenMP/SHUD/Basins/heihe/forcing.trimmed/X97.75Y39.75.csv
	 Reading 566/1709: 	/scratch/frd_muziyao/SHUD-OpenMP/SHUD/Basins/heihe/forcing.trimmed/X97.85Y39.75.csv
	 Reading 567/1709: 	/scratch/frd_muziyao/SHUD-OpenMP/SHUD/Basins/heihe/forcing.trimmed/X97.95Y39.75.csv
	 Reading 568/1709: 	/scratch/frd_muziyao/SHUD-OpenMP/SHUD/Basins/heihe/forcing.trimmed/X98.05Y39.75.csv
	 Reading 569/1709: 	/scratch/frd_muziyao/SHUD-OpenMP/SHUD/Basins/heihe/forcing.trimmed/X98.15Y39.75.csv
	 Reading 570/1709: 	/scratch/frd_muziyao/SHUD-OpenMP/SHUD/Basins/heihe/forcing.trimmed/X98.25Y39.75.csv
	 Reading 571/1709: 	/scratch/frd_muziyao/SHUD-OpenMP/SHUD/Basins/heihe/forcing.trimmed/X98.35Y39.75.csv
	 Reading 572/1709: 	/scratch/frd_muziyao/SHUD-OpenMP/SHUD/Basins/heihe/forcing.trimmed/X98.45Y39.75.csv
	 Reading 573/1709: 	/scratch/frd_muziyao/SHUD-OpenMP/SHUD/Basins/heihe/forcing.trimmed/X98.55Y39.75.csv
	 Reading 574/1709: 	/scratch/frd_muziyao/SHUD-OpenMP/SHUD/Basins/heihe/forcing.trimmed/X98.65Y39.75.csv
	 Reading 575/1709: 	/scratch/frd_muziyao/SHUD-OpenMP/SHUD/Basins/heihe/forcing.trimmed/X98.75Y39.75.csv
	 Reading 576/1709: 	/scratch/frd_muziyao/SHUD-OpenMP/SHUD/Basins/heihe/forcing.trimmed/X98.85Y39.75.csv
	 Reading 577/1709: 	/scratch/frd_muziyao/SHUD-OpenMP/SHUD/Basins/heihe/forcing.trimmed/X98.95Y39.75.csv
	 Reading 578/1709: 	/scratch/frd_muziyao/SHUD-OpenMP/SHUD/Basins/heihe/forcing.trimmed/X99.05Y39.75.csv
	 Reading 579/1709: 	/scratch/frd_muziyao/SHUD-OpenMP/SHUD/Basins/heihe/forcing.trimmed/X99.15Y39.75.csv
	 Reading 580/1709: 	/scratch/frd_muziyao/SHUD-OpenMP/SHUD/Basins/heihe/forcing.trimmed/X99.25Y39.75.csv
	 Reading 581/1709: 	/scratch/frd_muziyao/SHUD-OpenMP/SHUD/Basins/heihe/forcing.trimmed/X99.35Y39.75.csv
	 Reading 582/1709: 	/scratch/frd_muziyao/SHUD-OpenMP/SHUD/Basins/heihe/forcing.trimmed/X99.45Y39.75.csv
	 Reading 583/1709: 	/scratch/frd_muziyao/SHUD-OpenMP/SHUD/Basins/heihe/forcing.trimmed/X99.55Y39.75.csv
	 Reading 584/1709: 	/scratch/frd_muziyao/SHUD-OpenMP/SHUD/Basins/heihe/forcing.trimmed/X99.65Y39.75.csv
	 Reading 585/1709: 	/scratch/frd_muziyao/SHUD-OpenMP/SHUD/Basins/heihe/forcing.trimmed/X99.75Y39.75.csv
	 Reading 586/1709: 	/scratch/frd_muziyao/SHUD-OpenMP/SHUD/Basins/heihe/forcing.trimmed/X99.85Y39.75.csv
	 Reading 587/1709: 	/scratch/frd_muziyao/SHUD-OpenMP/SHUD/Basins/heihe/forcing.trimmed/X99.95Y39.75.csv
	 Reading 588/1709: 	/scratch/frd_muziyao/SHUD-OpenMP/SHUD/Basins/heihe/forcing.trimmed/X97.75Y39.85.csv
	 Reading 589/1709: 	/scratch/frd_muziyao/SHUD-OpenMP/SHUD/Basins/heihe/forcing.trimmed/X97.85Y39.85.csv
	 Reading 590/1709: 	/scratch/frd_muziyao/SHUD-OpenMP/SHUD/Basins/heihe/forcing.trimmed/X97.95Y39.85.csv
	 Reading 591/1709: 	/scratch/frd_muziyao/SHUD-OpenMP/SHUD/Basins/heihe/forcing.trimmed/X98.05Y39.85.csv
	 Reading 592/1709: 	/scratch/frd_muziyao/SHUD-OpenMP/SHUD/Basins/heihe/forcing.trimmed/X98.15Y39.85.csv
	 Reading 593/1709: 	/scratch/frd_muziyao/SHUD-OpenMP/SHUD/Basins/heihe/forcing.trimmed/X98.25Y39.85.csv
	 Reading 594/1709: 	/scratch/frd_muziyao/SHUD-OpenMP/SHUD/Basins/heihe/forcing.trimmed/X98.35Y39.85.csv
	 Reading 595/1709: 	/scratch/frd_muziyao/SHUD-OpenMP/SHUD/Basins/heihe/forcing.trimmed/X98.45Y39.85.csv
	 Reading 596/1709: 	/scratch/frd_muziyao/SHUD-OpenMP/SHUD/Basins/heihe/forcing.trimmed/X98.55Y39.85.csv
	 Reading 597/1709: 	/scratch/frd_muziyao/SHUD-OpenMP/SHUD/Basins/heihe/forcing.trimmed/X98.65Y39.85.csv
	 Reading 598/1709: 	/scratch/frd_muziyao/SHUD-OpenMP/SHUD/Basins/heihe/forcing.trimmed/X98.75Y39.85.csv
	 Reading 599/1709: 	/scratch/frd_muziyao/SHUD-OpenMP/SHUD/Basins/heihe/forcing.trimmed/X98.85Y39.85.csv
	 Reading 600/1709: 	/scratch/frd_muziyao/SHUD-OpenMP/SHUD/Basins/heihe/forcing.trimmed/X98.95Y39.85.csv
	 Reading 601/1709: 	/scratch/frd_muziyao/SHUD-OpenMP/SHUD/Basins/heihe/forcing.trimmed/X99.05Y39.85.csv
	 Reading 602/1709: 	/scratch/frd_muziyao/SHUD-OpenMP/SHUD/Basins/heihe/forcing.trimmed/X99.15Y39.85.csv
	 Reading 603/1709: 	/scratch/frd_muziyao/SHUD-OpenMP/SHUD/Basins/heihe/forcing.trimmed/X99.25Y39.85.csv
	 Reading 604/1709: 	/scratch/frd_muziyao/SHUD-OpenMP/SHUD/Basins/heihe/forcing.trimmed/X99.35Y39.85.csv
	 Reading 605/1709: 	/scratch/frd_muziyao/SHUD-OpenMP/SHUD/Basins/heihe/forcing.trimmed/X99.45Y39.85.csv
	 Reading 606/1709: 	/scratch/frd_muziyao/SHUD-OpenMP/SHUD/Basins/heihe/forcing.trimmed/X99.55Y39.85.csv
	 Reading 607/1709: 	/scratch/frd_muziyao/SHUD-OpenMP/SHUD/Basins/heihe/forcing.trimmed/X99.65Y39.85.csv
	 Reading 608/1709: 	/scratch/frd_muziyao/SHUD-OpenMP/SHUD/Basins/heihe/forcing.trimmed/X99.75Y39.85.csv
	 Reading 609/1709: 	/scratch/frd_muziyao/SHUD-OpenMP/SHUD/Basins/heihe/forcing.trimmed/X97.85Y39.95.csv
	 Reading 610/1709: 	/scratch/frd_muziyao/SHUD-OpenMP/SHUD/Basins/heihe/forcing.trimmed/X97.95Y39.95.csv
	 Reading 611/1709: 	/scratch/frd_muziyao/SHUD-OpenMP/SHUD/Basins/heihe/forcing.trimmed/X98.05Y39.95.csv
	 Reading 612/1709: 	/scratch/frd_muziyao/SHUD-OpenMP/SHUD/Basins/heihe/forcing.trimmed/X98.15Y39.95.csv
	 Reading 613/1709: 	/scratch/frd_muziyao/SHUD-OpenMP/SHUD/Basins/heihe/forcing.trimmed/X98.25Y39.95.csv
	 Reading 614/1709: 	/scratch/frd_muziyao/SHUD-OpenMP/SHUD/Basins/heihe/forcing.trimmed/X98.35Y39.95.csv
	 Reading 615/1709: 	/scratch/frd_muziyao/SHUD-OpenMP/SHUD/Basins/heihe/forcing.trimmed/X98.45Y39.95.csv
	 Reading 616/1709: 	/scratch/frd_muziyao/SHUD-OpenMP/SHUD/Basins/heihe/forcing.trimmed/X98.55Y39.95.csv
	 Reading 617/1709: 	/scratch/frd_muziyao/SHUD-OpenMP/SHUD/Basins/heihe/forcing.trimmed/X98.65Y39.95.csv
	 Reading 618/1709: 	/scratch/frd_muziyao/SHUD-OpenMP/SHUD/Basins/heihe/forcing.trimmed/X98.75Y39.95.csv
	 Reading 619/1709: 	/scratch/frd_muziyao/SHUD-OpenMP/SHUD/Basins/heihe/forcing.trimmed/X98.85Y39.95.csv
	 Reading 620/1709: 	/scratch/frd_muziyao/SHUD-OpenMP/SHUD/Basins/heihe/forcing.trimmed/X98.95Y39.95.csv
	 Reading 621/1709: 	/scratch/frd_muziyao/SHUD-OpenMP/SHUD/Basins/heihe/forcing.trimmed/X99.05Y39.95.csv
	 Reading 622/1709: 	/scratch/frd_muziyao/SHUD-OpenMP/SHUD/Basins/heihe/forcing.trimmed/X99.15Y39.95.csv
	 Reading 623/1709: 	/scratch/frd_muziyao/SHUD-OpenMP/SHUD/Basins/heihe/forcing.trimmed/X99.25Y39.95.csv
	 Reading 624/1709: 	/scratch/frd_muziyao/SHUD-OpenMP/SHUD/Basins/heihe/forcing.trimmed/X99.35Y39.95.csv
	 Reading 625/1709: 	/scratch/frd_muziyao/SHUD-OpenMP/SHUD/Basins/heihe/forcing.trimmed/X99.45Y39.95.csv
	 Reading 626/1709: 	/scratch/frd_muziyao/SHUD-OpenMP/SHUD/Basins/heihe/forcing.trimmed/X99.55Y39.95.csv
	 Reading 627/1709: 	/scratch/frd_muziyao/SHUD-OpenMP/SHUD/Basins/heihe/forcing.trimmed/X98.25Y40.05.csv
	 Reading 628/1709: 	/scratch/frd_muziyao/SHUD-OpenMP/SHUD/Basins/heihe/forcing.trimmed/X98.35Y40.05.csv
	 Reading 629/1709: 	/scratch/frd_muziyao/SHUD-OpenMP/SHUD/Basins/heihe/forcing.trimmed/X98.45Y40.05.csv
	 Reading 630/1709: 	/scratch/frd_muziyao/SHUD-OpenMP/SHUD/Basins/heihe/forcing.trimmed/X98.55Y40.05.csv
	 Reading 631/1709: 	/scratch/frd_muziyao/SHUD-OpenMP/SHUD/Basins/heihe/forcing.trimmed/X98.65Y40.05.csv
	 Reading 632/1709: 	/scratch/frd_muziyao/SHUD-OpenMP/SHUD/Basins/heihe/forcing.trimmed/X98.75Y40.05.csv
	 Reading 633/1709: 	/scratch/frd_muziyao/SHUD-OpenMP/SHUD/Basins/heihe/forcing.trimmed/X98.85Y40.05.csv
	 Reading 634/1709: 	/scratch/frd_muziyao/SHUD-OpenMP/SHUD/Basins/heihe/forcing.trimmed/X98.95Y40.05.csv
	 Reading 635/1709: 	/scratch/frd_muziyao/SHUD-OpenMP/SHUD/Basins/heihe/forcing.trimmed/X99.05Y40.05.csv
	 Reading 636/1709: 	/scratch/frd_muziyao/SHUD-OpenMP/SHUD/Basins/heihe/forcing.trimmed/X99.15Y40.05.csv
	 Reading 637/1709: 	/scratch/frd_muziyao/SHUD-OpenMP/SHUD/Basins/heihe/forcing.trimmed/X99.25Y40.05.csv
	 Reading 638/1709: 	/scratch/frd_muziyao/SHUD-OpenMP/SHUD/Basins/heihe/forcing.trimmed/X99.35Y40.05.csv
	 Reading 639/1709: 	/scratch/frd_muziyao/SHUD-OpenMP/SHUD/Basins/heihe/forcing.trimmed/X99.45Y40.05.csv
	 Reading 640/1709: 	/scratch/frd_muziyao/SHUD-OpenMP/SHUD/Basins/heihe/forcing.trimmed/X99.55Y40.05.csv
	 Reading 641/1709: 	/scratch/frd_muziyao/SHUD-OpenMP/SHUD/Basins/heihe/forcing.trimmed/X99.65Y40.05.csv
	 Reading 642/1709: 	/scratch/frd_muziyao/SHUD-OpenMP/SHUD/Basins/heihe/forcing.trimmed/X99.75Y40.05.csv
	 Reading 643/1709: 	/scratch/frd_muziyao/SHUD-OpenMP/SHUD/Basins/heihe/forcing.trimmed/X98.35Y40.15.csv
	 Reading 644/1709: 	/scratch/frd_muziyao/SHUD-OpenMP/SHUD/Basins/heihe/forcing.trimmed/X98.45Y40.15.csv
	 Reading 645/1709: 	/scratch/frd_muziyao/SHUD-OpenMP/SHUD/Basins/heihe/forcing.trimmed/X98.55Y40.15.csv
	 Reading 646/1709: 	/scratch/frd_muziyao/SHUD-OpenMP/SHUD/Basins/heihe/forcing.trimmed/X98.65Y40.15.csv
	 Reading 647/1709: 	/scratch/frd_muziyao/SHUD-OpenMP/SHUD/Basins/heihe/forcing.trimmed/X98.75Y40.15.csv
	 Reading 648/1709: 	/scratch/frd_muziyao/SHUD-OpenMP/SHUD/Basins/heihe/forcing.trimmed/X98.85Y40.15.csv
	 Reading 649/1709: 	/scratch/frd_muziyao/SHUD-OpenMP/SHUD/Basins/heihe/forcing.trimmed/X98.95Y40.15.csv
	 Reading 650/1709: 	/scratch/frd_muziyao/SHUD-OpenMP/SHUD/Basins/heihe/forcing.trimmed/X99.05Y40.15.csv
	 Reading 651/1709: 	/scratch/frd_muziyao/SHUD-OpenMP/SHUD/Basins/heihe/forcing.trimmed/X99.15Y40.15.csv
	 Reading 652/1709: 	/scratch/frd_muziyao/SHUD-OpenMP/SHUD/Basins/heihe/forcing.trimmed/X99.25Y40.15.csv
	 Reading 653/1709: 	/scratch/frd_muziyao/SHUD-OpenMP/SHUD/Basins/heihe/forcing.trimmed/X99.35Y40.15.csv
	 Reading 654/1709: 	/scratch/frd_muziyao/SHUD-OpenMP/SHUD/Basins/heihe/forcing.trimmed/X99.45Y40.15.csv
	 Reading 655/1709: 	/scratch/frd_muziyao/SHUD-OpenMP/SHUD/Basins/heihe/forcing.trimmed/X99.55Y40.15.csv
	 Reading 656/1709: 	/scratch/frd_muziyao/SHUD-OpenMP/SHUD/Basins/heihe/forcing.trimmed/X99.65Y40.15.csv
	 Reading 657/1709: 	/scratch/frd_muziyao/SHUD-OpenMP/SHUD/Basins/heihe/forcing.trimmed/X99.75Y40.15.csv
	 Reading 658/1709: 	/scratch/frd_muziyao/SHUD-OpenMP/SHUD/Basins/heihe/forcing.trimmed/X99.85Y40.15.csv
	 Reading 659/1709: 	/scratch/frd_muziyao/SHUD-OpenMP/SHUD/Basins/heihe/forcing.trimmed/X99.95Y40.15.csv
	 Reading 660/1709: 	/scratch/frd_muziyao/SHUD-OpenMP/SHUD/Basins/heihe/forcing.trimmed/X98.45Y40.25.csv
	 Reading 661/1709: 	/scratch/frd_muziyao/SHUD-OpenMP/SHUD/Basins/heihe/forcing.trimmed/X98.55Y40.25.csv
	 Reading 662/1709: 	/scratch/frd_muziyao/SHUD-OpenMP/SHUD/Basins/heihe/forcing.trimmed/X98.65Y40.25.csv
	 Reading 663/1709: 	/scratch/frd_muziyao/SHUD-OpenMP/SHUD/Basins/heihe/forcing.trimmed/X98.75Y40.25.csv
	 Reading 664/1709: 	/scratch/frd_muziyao/SHUD-OpenMP/SHUD/Basins/heihe/forcing.trimmed/X98.85Y40.25.csv
	 Reading 665/1709: 	/scratch/frd_muziyao/SHUD-OpenMP/SHUD/Basins/heihe/forcing.trimmed/X98.95Y40.25.csv
	 Reading 666/1709: 	/scratch/frd_muziyao/SHUD-OpenMP/SHUD/Basins/heihe/forcing.trimmed/X99.05Y40.25.csv
	 Reading 667/1709: 	/scratch/frd_muziyao/SHUD-OpenMP/SHUD/Basins/heihe/forcing.trimmed/X99.15Y40.25.csv
	 Reading 668/1709: 	/scratch/frd_muziyao/SHUD-OpenMP/SHUD/Basins/heihe/forcing.trimmed/X99.25Y40.25.csv
	 Reading 669/1709: 	/scratch/frd_muziyao/SHUD-OpenMP/SHUD/Basins/heihe/forcing.trimmed/X99.35Y40.25.csv
	 Reading 670/1709: 	/scratch/frd_muziyao/SHUD-OpenMP/SHUD/Basins/heihe/forcing.trimmed/X99.45Y40.25.csv
	 Reading 671/1709: 	/scratch/frd_muziyao/SHUD-OpenMP/SHUD/Basins/heihe/forcing.trimmed/X99.55Y40.25.csv
	 Reading 672/1709: 	/scratch/frd_muziyao/SHUD-OpenMP/SHUD/Basins/heihe/forcing.trimmed/X99.65Y40.25.csv
	 Reading 673/1709: 	/scratch/frd_muziyao/SHUD-OpenMP/SHUD/Basins/heihe/forcing.trimmed/X99.75Y40.25.csv
	 Reading 674/1709: 	/scratch/frd_muziyao/SHUD-OpenMP/SHUD/Basins/heihe/forcing.trimmed/X99.85Y40.25.csv
	 Reading 675/1709: 	/scratch/frd_muziyao/SHUD-OpenMP/SHUD/Basins/heihe/forcing.trimmed/X99.95Y40.25.csv
	 Reading 676/1709: 	/scratch/frd_muziyao/SHUD-OpenMP/SHUD/Basins/heihe/forcing.trimmed/X100.05Y40.25.csv
	 Reading 677/1709: 	/scratch/frd_muziyao/SHUD-OpenMP/SHUD/Basins/heihe/forcing.trimmed/X100.15Y40.25.csv
	 Reading 678/1709: 	/scratch/frd_muziyao/SHUD-OpenMP/SHUD/Basins/heihe/forcing.trimmed/X98.45Y40.35.csv
	 Reading 679/1709: 	/scratch/frd_muziyao/SHUD-OpenMP/SHUD/Basins/heihe/forcing.trimmed/X98.55Y40.35.csv
	 Reading 680/1709: 	/scratch/frd_muziyao/SHUD-OpenMP/SHUD/Basins/heihe/forcing.trimmed/X98.65Y40.35.csv
	 Reading 681/1709: 	/scratch/frd_muziyao/SHUD-OpenMP/SHUD/Basins/heihe/forcing.trimmed/X98.75Y40.35.csv
	 Reading 682/1709: 	/scratch/frd_muziyao/SHUD-OpenMP/SHUD/Basins/heihe/forcing.trimmed/X98.85Y40.35.csv
	 Reading 683/1709: 	/scratch/frd_muziyao/SHUD-OpenMP/SHUD/Basins/heihe/forcing.trimmed/X98.95Y40.35.csv
	 Reading 684/1709: 	/scratch/frd_muziyao/SHUD-OpenMP/SHUD/Basins/heihe/forcing.trimmed/X99.05Y40.35.csv
	 Reading 685/1709: 	/scratch/frd_muziyao/SHUD-OpenMP/SHUD/Basins/heihe/forcing.trimmed/X99.15Y40.35.csv
	 Reading 686/1709: 	/scratch/frd_muziyao/SHUD-OpenMP/SHUD/Basins/heihe/forcing.trimmed/X99.25Y40.35.csv
	 Reading 687/1709: 	/scratch/frd_muziyao/SHUD-OpenMP/SHUD/Basins/heihe/forcing.trimmed/X99.35Y40.35.csv
	 Reading 688/1709: 	/scratch/frd_muziyao/SHUD-OpenMP/SHUD/Basins/heihe/forcing.trimmed/X99.45Y40.35.csv
	 Reading 689/1709: 	/scratch/frd_muziyao/SHUD-OpenMP/SHUD/Basins/heihe/forcing.trimmed/X99.55Y40.35.csv
	 Reading 690/1709: 	/scratch/frd_muziyao/SHUD-OpenMP/SHUD/Basins/heihe/forcing.trimmed/X99.65Y40.35.csv
	 Reading 691/1709: 	/scratch/frd_muziyao/SHUD-OpenMP/SHUD/Basins/heihe/forcing.trimmed/X99.75Y40.35.csv
	 Reading 692/1709: 	/scratch/frd_muziyao/SHUD-OpenMP/SHUD/Basins/heihe/forcing.trimmed/X99.85Y40.35.csv
	 Reading 693/1709: 	/scratch/frd_muziyao/SHUD-OpenMP/SHUD/Basins/heihe/forcing.trimmed/X99.95Y40.35.csv
	 Reading 694/1709: 	/scratch/frd_muziyao/SHUD-OpenMP/SHUD/Basins/heihe/forcing.trimmed/X100.05Y40.35.csv
	 Reading 695/1709: 	/scratch/frd_muziyao/SHUD-OpenMP/SHUD/Basins/heihe/forcing.trimmed/X100.15Y40.35.csv
	 Reading 696/1709: 	/scratch/frd_muziyao/SHUD-OpenMP/SHUD/Basins/heihe/forcing.trimmed/X100.25Y40.35.csv
	 Reading 697/1709: 	/scratch/frd_muziyao/SHUD-OpenMP/SHUD/Basins/heihe/forcing.trimmed/X100.35Y40.35.csv
	 Reading 698/1709: 	/scratch/frd_muziyao/SHUD-OpenMP/SHUD/Basins/heihe/forcing.trimmed/X100.45Y40.35.csv
	 Reading 699/1709: 	/scratch/frd_muziyao/SHUD-OpenMP/SHUD/Basins/heihe/forcing.trimmed/X100.55Y40.35.csv
	 Reading 700/1709: 	/scratch/frd_muziyao/SHUD-OpenMP/SHUD/Basins/heihe/forcing.trimmed/X98.45Y40.45.csv
	 Reading 701/1709: 	/scratch/frd_muziyao/SHUD-OpenMP/SHUD/Basins/heihe/forcing.trimmed/X98.55Y40.45.csv
	 Reading 702/1709: 	/scratch/frd_muziyao/SHUD-OpenMP/SHUD/Basins/heihe/forcing.trimmed/X98.65Y40.45.csv
	 Reading 703/1709: 	/scratch/frd_muziyao/SHUD-OpenMP/SHUD/Basins/heihe/forcing.trimmed/X98.75Y40.45.csv
	 Reading 704/1709: 	/scratch/frd_muziyao/SHUD-OpenMP/SHUD/Basins/heihe/forcing.trimmed/X98.85Y40.45.csv
	 Reading 705/1709: 	/scratch/frd_muziyao/SHUD-OpenMP/SHUD/Basins/heihe/forcing.trimmed/X98.95Y40.45.csv
	 Reading 706/1709: 	/scratch/frd_muziyao/SHUD-OpenMP/SHUD/Basins/heihe/forcing.trimmed/X99.05Y40.45.csv
	 Reading 707/1709: 	/scratch/frd_muziyao/SHUD-OpenMP/SHUD/Basins/heihe/forcing.trimmed/X99.15Y40.45.csv
	 Reading 708/1709: 	/scratch/frd_muziyao/SHUD-OpenMP/SHUD/Basins/heihe/forcing.trimmed/X99.25Y40.45.csv
	 Reading 709/1709: 	/scratch/frd_muziyao/SHUD-OpenMP/SHUD/Basins/heihe/forcing.trimmed/X99.35Y40.45.csv
	 Reading 710/1709: 	/scratch/frd_muziyao/SHUD-OpenMP/SHUD/Basins/heihe/forcing.trimmed/X99.45Y40.45.csv
	 Reading 711/1709: 	/scratch/frd_muziyao/SHUD-OpenMP/SHUD/Basins/heihe/forcing.trimmed/X99.55Y40.45.csv
	 Reading 712/1709: 	/scratch/frd_muziyao/SHUD-OpenMP/SHUD/Basins/heihe/forcing.trimmed/X99.65Y40.45.csv
	 Reading 713/1709: 	/scratch/frd_muziyao/SHUD-OpenMP/SHUD/Basins/heihe/forcing.trimmed/X99.75Y40.45.csv
	 Reading 714/1709: 	/scratch/frd_muziyao/SHUD-OpenMP/SHUD/Basins/heihe/forcing.trimmed/X99.85Y40.45.csv
	 Reading 715/1709: 	/scratch/frd_muziyao/SHUD-OpenMP/SHUD/Basins/heihe/forcing.trimmed/X99.95Y40.45.csv
	 Reading 716/1709: 	/scratch/frd_muziyao/SHUD-OpenMP/SHUD/Basins/heihe/forcing.trimmed/X100.05Y40.45.csv
	 Reading 717/1709: 	/scratch/frd_muziyao/SHUD-OpenMP/SHUD/Basins/heihe/forcing.trimmed/X100.15Y40.45.csv
	 Reading 718/1709: 	/scratch/frd_muziyao/SHUD-OpenMP/SHUD/Basins/heihe/forcing.trimmed/X100.25Y40.45.csv
	 Reading 719/1709: 	/scratch/frd_muziyao/SHUD-OpenMP/SHUD/Basins/heihe/forcing.trimmed/X100.35Y40.45.csv
	 Reading 720/1709: 	/scratch/frd_muziyao/SHUD-OpenMP/SHUD/Basins/heihe/forcing.trimmed/X100.45Y40.45.csv
	 Reading 721/1709: 	/scratch/frd_muziyao/SHUD-OpenMP/SHUD/Basins/heihe/forcing.trimmed/X100.55Y40.45.csv
	 Reading 722/1709: 	/scratch/frd_muziyao/SHUD-OpenMP/SHUD/Basins/heihe/forcing.trimmed/X100.65Y40.45.csv
	 Reading 723/1709: 	/scratch/frd_muziyao/SHUD-OpenMP/SHUD/Basins/heihe/forcing.trimmed/X100.75Y40.45.csv
	 Reading 724/1709: 	/scratch/frd_muziyao/SHUD-OpenMP/SHUD/Basins/heihe/forcing.trimmed/X100.85Y40.45.csv
	 Reading 725/1709: 	/scratch/frd_muziyao/SHUD-OpenMP/SHUD/Basins/heihe/forcing.trimmed/X100.95Y40.45.csv
	 Reading 726/1709: 	/scratch/frd_muziyao/SHUD-OpenMP/SHUD/Basins/heihe/forcing.trimmed/X101.05Y40.45.csv
	 Reading 727/1709: 	/scratch/frd_muziyao/SHUD-OpenMP/SHUD/Basins/heihe/forcing.trimmed/X101.15Y40.45.csv
	 Reading 728/1709: 	/scratch/frd_muziyao/SHUD-OpenMP/SHUD/Basins/heihe/forcing.trimmed/X101.25Y40.45.csv
	 Reading 729/1709: 	/scratch/frd_muziyao/SHUD-OpenMP/SHUD/Basins/heihe/forcing.trimmed/X101.35Y40.45.csv
	 Reading 730/1709: 	/scratch/frd_muziyao/SHUD-OpenMP/SHUD/Basins/heihe/forcing.trimmed/X101.45Y40.45.csv
	 Reading 731/1709: 	/scratch/frd_muziyao/SHUD-OpenMP/SHUD/Basins/heihe/forcing.trimmed/X98.45Y40.55.csv
	 Reading 732/1709: 	/scratch/frd_muziyao/SHUD-OpenMP/SHUD/Basins/heihe/forcing.trimmed/X98.55Y40.55.csv
	 Reading 733/1709: 	/scratch/frd_muziyao/SHUD-OpenMP/SHUD/Basins/heihe/forcing.trimmed/X98.65Y40.55.csv
	 Reading 734/1709: 	/scratch/frd_muziyao/SHUD-OpenMP/SHUD/Basins/heihe/forcing.trimmed/X98.75Y40.55.csv
	 Reading 735/1709: 	/scratch/frd_muziyao/SHUD-OpenMP/SHUD/Basins/heihe/forcing.trimmed/X98.85Y40.55.csv
	 Reading 736/1709: 	/scratch/frd_muziyao/SHUD-OpenMP/SHUD/Basins/heihe/forcing.trimmed/X98.95Y40.55.csv
	 Reading 737/1709: 	/scratch/frd_muziyao/SHUD-OpenMP/SHUD/Basins/heihe/forcing.trimmed/X99.05Y40.55.csv
	 Reading 738/1709: 	/scratch/frd_muziyao/SHUD-OpenMP/SHUD/Basins/heihe/forcing.trimmed/X99.15Y40.55.csv
	 Reading 739/1709: 	/scratch/frd_muziyao/SHUD-OpenMP/SHUD/Basins/heihe/forcing.trimmed/X99.25Y40.55.csv
	 Reading 740/1709: 	/scratch/frd_muziyao/SHUD-OpenMP/SHUD/Basins/heihe/forcing.trimmed/X99.35Y40.55.csv
	 Reading 741/1709: 	/scratch/frd_muziyao/SHUD-OpenMP/SHUD/Basins/heihe/forcing.trimmed/X99.45Y40.55.csv
	 Reading 742/1709: 	/scratch/frd_muziyao/SHUD-OpenMP/SHUD/Basins/heihe/forcing.trimmed/X99.55Y40.55.csv
	 Reading 743/1709: 	/scratch/frd_muziyao/SHUD-OpenMP/SHUD/Basins/heihe/forcing.trimmed/X99.65Y40.55.csv
	 Reading 744/1709: 	/scratch/frd_muziyao/SHUD-OpenMP/SHUD/Basins/heihe/forcing.trimmed/X99.75Y40.55.csv
	 Reading 745/1709: 	/scratch/frd_muziyao/SHUD-OpenMP/SHUD/Basins/heihe/forcing.trimmed/X99.85Y40.55.csv
	 Reading 746/1709: 	/scratch/frd_muziyao/SHUD-OpenMP/SHUD/Basins/heihe/forcing.trimmed/X99.95Y40.55.csv
	 Reading 747/1709: 	/scratch/frd_muziyao/SHUD-OpenMP/SHUD/Basins/heihe/forcing.trimmed/X100.05Y40.55.csv
	 Reading 748/1709: 	/scratch/frd_muziyao/SHUD-OpenMP/SHUD/Basins/heihe/forcing.trimmed/X100.15Y40.55.csv
	 Reading 749/1709: 	/scratch/frd_muziyao/SHUD-OpenMP/SHUD/Basins/heihe/forcing.trimmed/X100.25Y40.55.csv
	 Reading 750/1709: 	/scratch/frd_muziyao/SHUD-OpenMP/SHUD/Basins/heihe/forcing.trimmed/X100.35Y40.55.csv
	 Reading 751/1709: 	/scratch/frd_muziyao/SHUD-OpenMP/SHUD/Basins/heihe/forcing.trimmed/X100.45Y40.55.csv
	 Reading 752/1709: 	/scratch/frd_muziyao/SHUD-OpenMP/SHUD/Basins/heihe/forcing.trimmed/X100.55Y40.55.csv
	 Reading 753/1709: 	/scratch/frd_muziyao/SHUD-OpenMP/SHUD/Basins/heihe/forcing.trimmed/X100.65Y40.55.csv
	 Reading 754/1709: 	/scratch/frd_muziyao/SHUD-OpenMP/SHUD/Basins/heihe/forcing.trimmed/X100.75Y40.55.csv
	 Reading 755/1709: 	/scratch/frd_muziyao/SHUD-OpenMP/SHUD/Basins/heihe/forcing.trimmed/X100.85Y40.55.csv
	 Reading 756/1709: 	/scratch/frd_muziyao/SHUD-OpenMP/SHUD/Basins/heihe/forcing.trimmed/X100.95Y40.55.csv
	 Reading 757/1709: 	/scratch/frd_muziyao/SHUD-OpenMP/SHUD/Basins/heihe/forcing.trimmed/X101.05Y40.55.csv
	 Reading 758/1709: 	/scratch/frd_muziyao/SHUD-OpenMP/SHUD/Basins/heihe/forcing.trimmed/X101.15Y40.55.csv
	 Reading 759/1709: 	/scratch/frd_muziyao/SHUD-OpenMP/SHUD/Basins/heihe/forcing.trimmed/X101.25Y40.55.csv
	 Reading 760/1709: 	/scratch/frd_muziyao/SHUD-OpenMP/SHUD/Basins/heihe/forcing.trimmed/X101.35Y40.55.csv
	 Reading 761/1709: 	/scratch/frd_muziyao/SHUD-OpenMP/SHUD/Basins/heihe/forcing.trimmed/X101.45Y40.55.csv
	 Reading 762/1709: 	/scratch/frd_muziyao/SHUD-OpenMP/SHUD/Basins/heihe/forcing.trimmed/X101.55Y40.55.csv
	 Reading 763/1709: 	/scratch/frd_muziyao/SHUD-OpenMP/SHUD/Basins/heihe/forcing.trimmed/X98.05Y40.65.csv
	 Reading 764/1709: 	/scratch/frd_muziyao/SHUD-OpenMP/SHUD/Basins/heihe/forcing.trimmed/X98.15Y40.65.csv
	 Reading 765/1709: 	/scratch/frd_muziyao/SHUD-OpenMP/SHUD/Basins/heihe/forcing.trimmed/X98.25Y40.65.csv
	 Reading 766/1709: 	/scratch/frd_muziyao/SHUD-OpenMP/SHUD/Basins/heihe/forcing.trimmed/X98.35Y40.65.csv
	 Reading 767/1709: 	/scratch/frd_muziyao/SHUD-OpenMP/SHUD/Basins/heihe/forcing.trimmed/X98.45Y40.65.csv
	 Reading 768/1709: 	/scratch/frd_muziyao/SHUD-OpenMP/SHUD/Basins/heihe/forcing.trimmed/X98.55Y40.65.csv
	 Reading 769/1709: 	/scratch/frd_muziyao/SHUD-OpenMP/SHUD/Basins/heihe/forcing.trimmed/X98.65Y40.65.csv
	 Reading 770/1709: 	/scratch/frd_muziyao/SHUD-OpenMP/SHUD/Basins/heihe/forcing.trimmed/X98.75Y40.65.csv
	 Reading 771/1709: 	/scratch/frd_muziyao/SHUD-OpenMP/SHUD/Basins/heihe/forcing.trimmed/X98.85Y40.65.csv
	 Reading 772/1709: 	/scratch/frd_muziyao/SHUD-OpenMP/SHUD/Basins/heihe/forcing.trimmed/X98.95Y40.65.csv
	 Reading 773/1709: 	/scratch/frd_muziyao/SHUD-OpenMP/SHUD/Basins/heihe/forcing.trimmed/X99.05Y40.65.csv
	 Reading 774/1709: 	/scratch/frd_muziyao/SHUD-OpenMP/SHUD/Basins/heihe/forcing.trimmed/X99.15Y40.65.csv
	 Reading 775/1709: 	/scratch/frd_muziyao/SHUD-OpenMP/SHUD/Basins/heihe/forcing.trimmed/X99.25Y40.65.csv
	 Reading 776/1709: 	/scratch/frd_muziyao/SHUD-OpenMP/SHUD/Basins/heihe/forcing.trimmed/X99.35Y40.65.csv
	 Reading 777/1709: 	/scratch/frd_muziyao/SHUD-OpenMP/SHUD/Basins/heihe/forcing.trimmed/X99.45Y40.65.csv
	 Reading 778/1709: 	/scratch/frd_muziyao/SHUD-OpenMP/SHUD/Basins/heihe/forcing.trimmed/X99.55Y40.65.csv
	 Reading 779/1709: 	/scratch/frd_muziyao/SHUD-OpenMP/SHUD/Basins/heihe/forcing.trimmed/X99.65Y40.65.csv
	 Reading 780/1709: 	/scratch/frd_muziyao/SHUD-OpenMP/SHUD/Basins/heihe/forcing.trimmed/X99.75Y40.65.csv
	 Reading 781/1709: 	/scratch/frd_muziyao/SHUD-OpenMP/SHUD/Basins/heihe/forcing.trimmed/X99.85Y40.65.csv
	 Reading 782/1709: 	/scratch/frd_muziyao/SHUD-OpenMP/SHUD/Basins/heihe/forcing.trimmed/X99.95Y40.65.csv
	 Reading 783/1709: 	/scratch/frd_muziyao/SHUD-OpenMP/SHUD/Basins/heihe/forcing.trimmed/X100.05Y40.65.csv
	 Reading 784/1709: 	/scratch/frd_muziyao/SHUD-OpenMP/SHUD/Basins/heihe/forcing.trimmed/X100.15Y40.65.csv
	 Reading 785/1709: 	/scratch/frd_muziyao/SHUD-OpenMP/SHUD/Basins/heihe/forcing.trimmed/X100.25Y40.65.csv
	 Reading 786/1709: 	/scratch/frd_muziyao/SHUD-OpenMP/SHUD/Basins/heihe/forcing.trimmed/X100.35Y40.65.csv
	 Reading 787/1709: 	/scratch/frd_muziyao/SHUD-OpenMP/SHUD/Basins/heihe/forcing.trimmed/X100.45Y40.65.csv
	 Reading 788/1709: 	/scratch/frd_muziyao/SHUD-OpenMP/SHUD/Basins/heihe/forcing.trimmed/X100.55Y40.65.csv
	 Reading 789/1709: 	/scratch/frd_muziyao/SHUD-OpenMP/SHUD/Basins/heihe/forcing.trimmed/X100.65Y40.65.csv
	 Reading 790/1709: 	/scratch/frd_muziyao/SHUD-OpenMP/SHUD/Basins/heihe/forcing.trimmed/X100.75Y40.65.csv
	 Reading 791/1709: 	/scratch/frd_muziyao/SHUD-OpenMP/SHUD/Basins/heihe/forcing.trimmed/X100.85Y40.65.csv
	 Reading 792/1709: 	/scratch/frd_muziyao/SHUD-OpenMP/SHUD/Basins/heihe/forcing.trimmed/X100.95Y40.65.csv
	 Reading 793/1709: 	/scratch/frd_muziyao/SHUD-OpenMP/SHUD/Basins/heihe/forcing.trimmed/X101.05Y40.65.csv
	 Reading 794/1709: 	/scratch/frd_muziyao/SHUD-OpenMP/SHUD/Basins/heihe/forcing.trimmed/X101.15Y40.65.csv
	 Reading 795/1709: 	/scratch/frd_muziyao/SHUD-OpenMP/SHUD/Basins/heihe/forcing.trimmed/X101.25Y40.65.csv
	 Reading 796/1709: 	/scratch/frd_muziyao/SHUD-OpenMP/SHUD/Basins/heihe/forcing.trimmed/X101.35Y40.65.csv
	 Reading 797/1709: 	/scratch/frd_muziyao/SHUD-OpenMP/SHUD/Basins/heihe/forcing.trimmed/X101.45Y40.65.csv
	 Reading 798/1709: 	/scratch/frd_muziyao/SHUD-OpenMP/SHUD/Basins/heihe/forcing.trimmed/X101.55Y40.65.csv
	 Reading 799/1709: 	/scratch/frd_muziyao/SHUD-OpenMP/SHUD/Basins/heihe/forcing.trimmed/X97.65Y40.75.csv
	 Reading 800/1709: 	/scratch/frd_muziyao/SHUD-OpenMP/SHUD/Basins/heihe/forcing.trimmed/X97.75Y40.75.csv
	 Reading 801/1709: 	/scratch/frd_muziyao/SHUD-OpenMP/SHUD/Basins/heihe/forcing.trimmed/X97.85Y40.75.csv
	 Reading 802/1709: 	/scratch/frd_muziyao/SHUD-OpenMP/SHUD/Basins/heihe/forcing.trimmed/X97.95Y40.75.csv
	 Reading 803/1709: 	/scratch/frd_muziyao/SHUD-OpenMP/SHUD/Basins/heihe/forcing.trimmed/X98.05Y40.75.csv
	 Reading 804/1709: 	/scratch/frd_muziyao/SHUD-OpenMP/SHUD/Basins/heihe/forcing.trimmed/X98.15Y40.75.csv
	 Reading 805/1709: 	/scratch/frd_muziyao/SHUD-OpenMP/SHUD/Basins/heihe/forcing.trimmed/X98.25Y40.75.csv
	 Reading 806/1709: 	/scratch/frd_muziyao/SHUD-OpenMP/SHUD/Basins/heihe/forcing.trimmed/X98.35Y40.75.csv
	 Reading 807/1709: 	/scratch/frd_muziyao/SHUD-OpenMP/SHUD/Basins/heihe/forcing.trimmed/X98.45Y40.75.csv
	 Reading 808/1709: 	/scratch/frd_muziyao/SHUD-OpenMP/SHUD/Basins/heihe/forcing.trimmed/X98.55Y40.75.csv
	 Reading 809/1709: 	/scratch/frd_muziyao/SHUD-OpenMP/SHUD/Basins/heihe/forcing.trimmed/X98.65Y40.75.csv
	 Reading 810/1709: 	/scratch/frd_muziyao/SHUD-OpenMP/SHUD/Basins/heihe/forcing.trimmed/X98.75Y40.75.csv
	 Reading 811/1709: 	/scratch/frd_muziyao/SHUD-OpenMP/SHUD/Basins/heihe/forcing.trimmed/X98.85Y40.75.csv
	 Reading 812/1709: 	/scratch/frd_muziyao/SHUD-OpenMP/SHUD/Basins/heihe/forcing.trimmed/X98.95Y40.75.csv
	 Reading 813/1709: 	/scratch/frd_muziyao/SHUD-OpenMP/SHUD/Basins/heihe/forcing.trimmed/X99.05Y40.75.csv
	 Reading 814/1709: 	/scratch/frd_muziyao/SHUD-OpenMP/SHUD/Basins/heihe/forcing.trimmed/X99.15Y40.75.csv
	 Reading 815/1709: 	/scratch/frd_muziyao/SHUD-OpenMP/SHUD/Basins/heihe/forcing.trimmed/X99.25Y40.75.csv
	 Reading 816/1709: 	/scratch/frd_muziyao/SHUD-OpenMP/SHUD/Basins/heihe/forcing.trimmed/X99.35Y40.75.csv
	 Reading 817/1709: 	/scratch/frd_muziyao/SHUD-OpenMP/SHUD/Basins/heihe/forcing.trimmed/X99.45Y40.75.csv
	 Reading 818/1709: 	/scratch/frd_muziyao/SHUD-OpenMP/SHUD/Basins/heihe/forcing.trimmed/X99.55Y40.75.csv
	 Reading 819/1709: 	/scratch/frd_muziyao/SHUD-OpenMP/SHUD/Basins/heihe/forcing.trimmed/X99.65Y40.75.csv
	 Reading 820/1709: 	/scratch/frd_muziyao/SHUD-OpenMP/SHUD/Basins/heihe/forcing.trimmed/X99.75Y40.75.csv
	 Reading 821/1709: 	/scratch/frd_muziyao/SHUD-OpenMP/SHUD/Basins/heihe/forcing.trimmed/X99.85Y40.75.csv
	 Reading 822/1709: 	/scratch/frd_muziyao/SHUD-OpenMP/SHUD/Basins/heihe/forcing.trimmed/X99.95Y40.75.csv
	 Reading 823/1709: 	/scratch/frd_muziyao/SHUD-OpenMP/SHUD/Basins/heihe/forcing.trimmed/X100.05Y40.75.csv
	 Reading 824/1709: 	/scratch/frd_muziyao/SHUD-OpenMP/SHUD/Basins/heihe/forcing.trimmed/X100.15Y40.75.csv
	 Reading 825/1709: 	/scratch/frd_muziyao/SHUD-OpenMP/SHUD/Basins/heihe/forcing.trimmed/X100.25Y40.75.csv
	 Reading 826/1709: 	/scratch/frd_muziyao/SHUD-OpenMP/SHUD/Basins/heihe/forcing.trimmed/X100.35Y40.75.csv
	 Reading 827/1709: 	/scratch/frd_muziyao/SHUD-OpenMP/SHUD/Basins/heihe/forcing.trimmed/X100.45Y40.75.csv
	 Reading 828/1709: 	/scratch/frd_muziyao/SHUD-OpenMP/SHUD/Basins/heihe/forcing.trimmed/X100.55Y40.75.csv
	 Reading 829/1709: 	/scratch/frd_muziyao/SHUD-OpenMP/SHUD/Basins/heihe/forcing.trimmed/X100.65Y40.75.csv
	 Reading 830/1709: 	/scratch/frd_muziyao/SHUD-OpenMP/SHUD/Basins/heihe/forcing.trimmed/X100.75Y40.75.csv
	 Reading 831/1709: 	/scratch/frd_muziyao/SHUD-OpenMP/SHUD/Basins/heihe/forcing.trimmed/X100.85Y40.75.csv
	 Reading 832/1709: 	/scratch/frd_muziyao/SHUD-OpenMP/SHUD/Basins/heihe/forcing.trimmed/X100.95Y40.75.csv
	 Reading 833/1709: 	/scratch/frd_muziyao/SHUD-OpenMP/SHUD/Basins/heihe/forcing.trimmed/X101.05Y40.75.csv
	 Reading 834/1709: 	/scratch/frd_muziyao/SHUD-OpenMP/SHUD/Basins/heihe/forcing.trimmed/X101.15Y40.75.csv
	 Reading 835/1709: 	/scratch/frd_muziyao/SHUD-OpenMP/SHUD/Basins/heihe/forcing.trimmed/X101.25Y40.75.csv
	 Reading 836/1709: 	/scratch/frd_muziyao/SHUD-OpenMP/SHUD/Basins/heihe/forcing.trimmed/X101.35Y40.75.csv
	 Reading 837/1709: 	/scratch/frd_muziyao/SHUD-OpenMP/SHUD/Basins/heihe/forcing.trimmed/X101.45Y40.75.csv
	 Reading 838/1709: 	/scratch/frd_muziyao/SHUD-OpenMP/SHUD/Basins/heihe/forcing.trimmed/X101.55Y40.75.csv
	 Reading 839/1709: 	/scratch/frd_muziyao/SHUD-OpenMP/SHUD/Basins/heihe/forcing.trimmed/X101.65Y40.75.csv
	 Reading 840/1709: 	/scratch/frd_muziyao/SHUD-OpenMP/SHUD/Basins/heihe/forcing.trimmed/X97.35Y40.85.csv
	 Reading 841/1709: 	/scratch/frd_muziyao/SHUD-OpenMP/SHUD/Basins/heihe/forcing.trimmed/X97.45Y40.85.csv
	 Reading 842/1709: 	/scratch/frd_muziyao/SHUD-OpenMP/SHUD/Basins/heihe/forcing.trimmed/X97.55Y40.85.csv
	 Reading 843/1709: 	/scratch/frd_muziyao/SHUD-OpenMP/SHUD/Basins/heihe/forcing.trimmed/X97.65Y40.85.csv
	 Reading 844/1709: 	/scratch/frd_muziyao/SHUD-OpenMP/SHUD/Basins/heihe/forcing.trimmed/X97.75Y40.85.csv
	 Reading 845/1709: 	/scratch/frd_muziyao/SHUD-OpenMP/SHUD/Basins/heihe/forcing.trimmed/X97.85Y40.85.csv
	 Reading 846/1709: 	/scratch/frd_muziyao/SHUD-OpenMP/SHUD/Basins/heihe/forcing.trimmed/X97.95Y40.85.csv
	 Reading 847/1709: 	/scratch/frd_muziyao/SHUD-OpenMP/SHUD/Basins/heihe/forcing.trimmed/X98.05Y40.85.csv
	 Reading 848/1709: 	/scratch/frd_muziyao/SHUD-OpenMP/SHUD/Basins/heihe/forcing.trimmed/X98.15Y40.85.csv
	 Reading 849/1709: 	/scratch/frd_muziyao/SHUD-OpenMP/SHUD/Basins/heihe/forcing.trimmed/X98.25Y40.85.csv
	 Reading 850/1709: 	/scratch/frd_muziyao/SHUD-OpenMP/SHUD/Basins/heihe/forcing.trimmed/X98.35Y40.85.csv
	 Reading 851/1709: 	/scratch/frd_muziyao/SHUD-OpenMP/SHUD/Basins/heihe/forcing.trimmed/X98.45Y40.85.csv
	 Reading 852/1709: 	/scratch/frd_muziyao/SHUD-OpenMP/SHUD/Basins/heihe/forcing.trimmed/X98.55Y40.85.csv
	 Reading 853/1709: 	/scratch/frd_muziyao/SHUD-OpenMP/SHUD/Basins/heihe/forcing.trimmed/X98.65Y40.85.csv
	 Reading 854/1709: 	/scratch/frd_muziyao/SHUD-OpenMP/SHUD/Basins/heihe/forcing.trimmed/X98.75Y40.85.csv
	 Reading 855/1709: 	/scratch/frd_muziyao/SHUD-OpenMP/SHUD/Basins/heihe/forcing.trimmed/X98.85Y40.85.csv
	 Reading 856/1709: 	/scratch/frd_muziyao/SHUD-OpenMP/SHUD/Basins/heihe/forcing.trimmed/X98.95Y40.85.csv
	 Reading 857/1709: 	/scratch/frd_muziyao/SHUD-OpenMP/SHUD/Basins/heihe/forcing.trimmed/X99.05Y40.85.csv
	 Reading 858/1709: 	/scratch/frd_muziyao/SHUD-OpenMP/SHUD/Basins/heihe/forcing.trimmed/X99.15Y40.85.csv
	 Reading 859/1709: 	/scratch/frd_muziyao/SHUD-OpenMP/SHUD/Basins/heihe/forcing.trimmed/X99.25Y40.85.csv
	 Reading 860/1709: 	/scratch/frd_muziyao/SHUD-OpenMP/SHUD/Basins/heihe/forcing.trimmed/X99.35Y40.85.csv
	 Reading 861/1709: 	/scratch/frd_muziyao/SHUD-OpenMP/SHUD/Basins/heihe/forcing.trimmed/X99.45Y40.85.csv
	 Reading 862/1709: 	/scratch/frd_muziyao/SHUD-OpenMP/SHUD/Basins/heihe/forcing.trimmed/X99.55Y40.85.csv
	 Reading 863/1709: 	/scratch/frd_muziyao/SHUD-OpenMP/SHUD/Basins/heihe/forcing.trimmed/X99.65Y40.85.csv
	 Reading 864/1709: 	/scratch/frd_muziyao/SHUD-OpenMP/SHUD/Basins/heihe/forcing.trimmed/X99.75Y40.85.csv
	 Reading 865/1709: 	/scratch/frd_muziyao/SHUD-OpenMP/SHUD/Basins/heihe/forcing.trimmed/X99.85Y40.85.csv
	 Reading 866/1709: 	/scratch/frd_muziyao/SHUD-OpenMP/SHUD/Basins/heihe/forcing.trimmed/X99.95Y40.85.csv
	 Reading 867/1709: 	/scratch/frd_muziyao/SHUD-OpenMP/SHUD/Basins/heihe/forcing.trimmed/X100.05Y40.85.csv
	 Reading 868/1709: 	/scratch/frd_muziyao/SHUD-OpenMP/SHUD/Basins/heihe/forcing.trimmed/X100.15Y40.85.csv
	 Reading 869/1709: 	/scratch/frd_muziyao/SHUD-OpenMP/SHUD/Basins/heihe/forcing.trimmed/X100.25Y40.85.csv
	 Reading 870/1709: 	/scratch/frd_muziyao/SHUD-OpenMP/SHUD/Basins/heihe/forcing.trimmed/X100.35Y40.85.csv
	 Reading 871/1709: 	/scratch/frd_muziyao/SHUD-OpenMP/SHUD/Basins/heihe/forcing.trimmed/X100.45Y40.85.csv
	 Reading 872/1709: 	/scratch/frd_muziyao/SHUD-OpenMP/SHUD/Basins/heihe/forcing.trimmed/X100.55Y40.85.csv
	 Reading 873/1709: 	/scratch/frd_muziyao/SHUD-OpenMP/SHUD/Basins/heihe/forcing.trimmed/X100.65Y40.85.csv
	 Reading 874/1709: 	/scratch/frd_muziyao/SHUD-OpenMP/SHUD/Basins/heihe/forcing.trimmed/X100.75Y40.85.csv
	 Reading 875/1709: 	/scratch/frd_muziyao/SHUD-OpenMP/SHUD/Basins/heihe/forcing.trimmed/X100.85Y40.85.csv
	 Reading 876/1709: 	/scratch/frd_muziyao/SHUD-OpenMP/SHUD/Basins/heihe/forcing.trimmed/X100.95Y40.85.csv
	 Reading 877/1709: 	/scratch/frd_muziyao/SHUD-OpenMP/SHUD/Basins/heihe/forcing.trimmed/X101.05Y40.85.csv
	 Reading 878/1709: 	/scratch/frd_muziyao/SHUD-OpenMP/SHUD/Basins/heihe/forcing.trimmed/X101.15Y40.85.csv
	 Reading 879/1709: 	/scratch/frd_muziyao/SHUD-OpenMP/SHUD/Basins/heihe/forcing.trimmed/X101.25Y40.85.csv
	 Reading 880/1709: 	/scratch/frd_muziyao/SHUD-OpenMP/SHUD/Basins/heihe/forcing.trimmed/X101.35Y40.85.csv
	 Reading 881/1709: 	/scratch/frd_muziyao/SHUD-OpenMP/SHUD/Basins/heihe/forcing.trimmed/X101.45Y40.85.csv
	 Reading 882/1709: 	/scratch/frd_muziyao/SHUD-OpenMP/SHUD/Basins/heihe/forcing.trimmed/X101.55Y40.85.csv
	 Reading 883/1709: 	/scratch/frd_muziyao/SHUD-OpenMP/SHUD/Basins/heihe/forcing.trimmed/X101.65Y40.85.csv
	 Reading 884/1709: 	/scratch/frd_muziyao/SHUD-OpenMP/SHUD/Basins/heihe/forcing.trimmed/X97.35Y40.95.csv
	 Reading 885/1709: 	/scratch/frd_muziyao/SHUD-OpenMP/SHUD/Basins/heihe/forcing.trimmed/X97.45Y40.95.csv
	 Reading 886/1709: 	/scratch/frd_muziyao/SHUD-OpenMP/SHUD/Basins/heihe/forcing.trimmed/X97.55Y40.95.csv
	 Reading 887/1709: 	/scratch/frd_muziyao/SHUD-OpenMP/SHUD/Basins/heihe/forcing.trimmed/X97.65Y40.95.csv
	 Reading 888/1709: 	/scratch/frd_muziyao/SHUD-OpenMP/SHUD/Basins/heihe/forcing.trimmed/X97.75Y40.95.csv
	 Reading 889/1709: 	/scratch/frd_muziyao/SHUD-OpenMP/SHUD/Basins/heihe/forcing.trimmed/X97.85Y40.95.csv
	 Reading 890/1709: 	/scratch/frd_muziyao/SHUD-OpenMP/SHUD/Basins/heihe/forcing.trimmed/X97.95Y40.95.csv
	 Reading 891/1709: 	/scratch/frd_muziyao/SHUD-OpenMP/SHUD/Basins/heihe/forcing.trimmed/X98.05Y40.95.csv
	 Reading 892/1709: 	/scratch/frd_muziyao/SHUD-OpenMP/SHUD/Basins/heihe/forcing.trimmed/X98.15Y40.95.csv
	 Reading 893/1709: 	/scratch/frd_muziyao/SHUD-OpenMP/SHUD/Basins/heihe/forcing.trimmed/X98.25Y40.95.csv
	 Reading 894/1709: 	/scratch/frd_muziyao/SHUD-OpenMP/SHUD/Basins/heihe/forcing.trimmed/X98.35Y40.95.csv
	 Reading 895/1709: 	/scratch/frd_muziyao/SHUD-OpenMP/SHUD/Basins/heihe/forcing.trimmed/X98.45Y40.95.csv
	 Reading 896/1709: 	/scratch/frd_muziyao/SHUD-OpenMP/SHUD/Basins/heihe/forcing.trimmed/X98.55Y40.95.csv
	 Reading 897/1709: 	/scratch/frd_muziyao/SHUD-OpenMP/SHUD/Basins/heihe/forcing.trimmed/X98.65Y40.95.csv
	 Reading 898/1709: 	/scratch/frd_muziyao/SHUD-OpenMP/SHUD/Basins/heihe/forcing.trimmed/X98.75Y40.95.csv
	 Reading 899/1709: 	/scratch/frd_muziyao/SHUD-OpenMP/SHUD/Basins/heihe/forcing.trimmed/X98.85Y40.95.csv
	 Reading 900/1709: 	/scratch/frd_muziyao/SHUD-OpenMP/SHUD/Basins/heihe/forcing.trimmed/X98.95Y40.95.csv
	 Reading 901/1709: 	/scratch/frd_muziyao/SHUD-OpenMP/SHUD/Basins/heihe/forcing.trimmed/X99.05Y40.95.csv
	 Reading 902/1709: 	/scratch/frd_muziyao/SHUD-OpenMP/SHUD/Basins/heihe/forcing.trimmed/X99.15Y40.95.csv
	 Reading 903/1709: 	/scratch/frd_muziyao/SHUD-OpenMP/SHUD/Basins/heihe/forcing.trimmed/X99.25Y40.95.csv
	 Reading 904/1709: 	/scratch/frd_muziyao/SHUD-OpenMP/SHUD/Basins/heihe/forcing.trimmed/X99.35Y40.95.csv
	 Reading 905/1709: 	/scratch/frd_muziyao/SHUD-OpenMP/SHUD/Basins/heihe/forcing.trimmed/X99.45Y40.95.csv
	 Reading 906/1709: 	/scratch/frd_muziyao/SHUD-OpenMP/SHUD/Basins/heihe/forcing.trimmed/X99.55Y40.95.csv
	 Reading 907/1709: 	/scratch/frd_muziyao/SHUD-OpenMP/SHUD/Basins/heihe/forcing.trimmed/X99.65Y40.95.csv
	 Reading 908/1709: 	/scratch/frd_muziyao/SHUD-OpenMP/SHUD/Basins/heihe/forcing.trimmed/X99.75Y40.95.csv
	 Reading 909/1709: 	/scratch/frd_muziyao/SHUD-OpenMP/SHUD/Basins/heihe/forcing.trimmed/X99.85Y40.95.csv
	 Reading 910/1709: 	/scratch/frd_muziyao/SHUD-OpenMP/SHUD/Basins/heihe/forcing.trimmed/X99.95Y40.95.csv
	 Reading 911/1709: 	/scratch/frd_muziyao/SHUD-OpenMP/SHUD/Basins/heihe/forcing.trimmed/X100.05Y40.95.csv
	 Reading 912/1709: 	/scratch/frd_muziyao/SHUD-OpenMP/SHUD/Basins/heihe/forcing.trimmed/X100.15Y40.95.csv
	 Reading 913/1709: 	/scratch/frd_muziyao/SHUD-OpenMP/SHUD/Basins/heihe/forcing.trimmed/X100.25Y40.95.csv
	 Reading 914/1709: 	/scratch/frd_muziyao/SHUD-OpenMP/SHUD/Basins/heihe/forcing.trimmed/X100.35Y40.95.csv
	 Reading 915/1709: 	/scratch/frd_muziyao/SHUD-OpenMP/SHUD/Basins/heihe/forcing.trimmed/X100.45Y40.95.csv
	 Reading 916/1709: 	/scratch/frd_muziyao/SHUD-OpenMP/SHUD/Basins/heihe/forcing.trimmed/X100.55Y40.95.csv
	 Reading 917/1709: 	/scratch/frd_muziyao/SHUD-OpenMP/SHUD/Basins/heihe/forcing.trimmed/X100.65Y40.95.csv
	 Reading 918/1709: 	/scratch/frd_muziyao/SHUD-OpenMP/SHUD/Basins/heihe/forcing.trimmed/X100.75Y40.95.csv
	 Reading 919/1709: 	/scratch/frd_muziyao/SHUD-OpenMP/SHUD/Basins/heihe/forcing.trimmed/X100.85Y40.95.csv
	 Reading 920/1709: 	/scratch/frd_muziyao/SHUD-OpenMP/SHUD/Basins/heihe/forcing.trimmed/X100.95Y40.95.csv
	 Reading 921/1709: 	/scratch/frd_muziyao/SHUD-OpenMP/SHUD/Basins/heihe/forcing.trimmed/X101.05Y40.95.csv
	 Reading 922/1709: 	/scratch/frd_muziyao/SHUD-OpenMP/SHUD/Basins/heihe/forcing.trimmed/X101.15Y40.95.csv
	 Reading 923/1709: 	/scratch/frd_muziyao/SHUD-OpenMP/SHUD/Basins/heihe/forcing.trimmed/X101.25Y40.95.csv
	 Reading 924/1709: 	/scratch/frd_muziyao/SHUD-OpenMP/SHUD/Basins/heihe/forcing.trimmed/X101.35Y40.95.csv
	 Reading 925/1709: 	/scratch/frd_muziyao/SHUD-OpenMP/SHUD/Basins/heihe/forcing.trimmed/X101.45Y40.95.csv
	 Reading 926/1709: 	/scratch/frd_muziyao/SHUD-OpenMP/SHUD/Basins/heihe/forcing.trimmed/X101.55Y40.95.csv
	 Reading 927/1709: 	/scratch/frd_muziyao/SHUD-OpenMP/SHUD/Basins/heihe/forcing.trimmed/X101.65Y40.95.csv
	 Reading 928/1709: 	/scratch/frd_muziyao/SHUD-OpenMP/SHUD/Basins/heihe/forcing.trimmed/X101.75Y40.95.csv
	 Reading 929/1709: 	/scratch/frd_muziyao/SHUD-OpenMP/SHUD/Basins/heihe/forcing.trimmed/X97.35Y41.05.csv
	 Reading 930/1709: 	/scratch/frd_muziyao/SHUD-OpenMP/SHUD/Basins/heihe/forcing.trimmed/X97.45Y41.05.csv
	 Reading 931/1709: 	/scratch/frd_muziyao/SHUD-OpenMP/SHUD/Basins/heihe/forcing.trimmed/X97.55Y41.05.csv
	 Reading 932/1709: 	/scratch/frd_muziyao/SHUD-OpenMP/SHUD/Basins/heihe/forcing.trimmed/X97.65Y41.05.csv
	 Reading 933/1709: 	/scratch/frd_muziyao/SHUD-OpenMP/SHUD/Basins/heihe/forcing.trimmed/X97.75Y41.05.csv
	 Reading 934/1709: 	/scratch/frd_muziyao/SHUD-OpenMP/SHUD/Basins/heihe/forcing.trimmed/X97.85Y41.05.csv
	 Reading 935/1709: 	/scratch/frd_muziyao/SHUD-OpenMP/SHUD/Basins/heihe/forcing.trimmed/X97.95Y41.05.csv
	 Reading 936/1709: 	/scratch/frd_muziyao/SHUD-OpenMP/SHUD/Basins/heihe/forcing.trimmed/X98.05Y41.05.csv
	 Reading 937/1709: 	/scratch/frd_muziyao/SHUD-OpenMP/SHUD/Basins/heihe/forcing.trimmed/X98.15Y41.05.csv
	 Reading 938/1709: 	/scratch/frd_muziyao/SHUD-OpenMP/SHUD/Basins/heihe/forcing.trimmed/X98.25Y41.05.csv
	 Reading 939/1709: 	/scratch/frd_muziyao/SHUD-OpenMP/SHUD/Basins/heihe/forcing.trimmed/X98.35Y41.05.csv
	 Reading 940/1709: 	/scratch/frd_muziyao/SHUD-OpenMP/SHUD/Basins/heihe/forcing.trimmed/X98.45Y41.05.csv
	 Reading 941/1709: 	/scratch/frd_muziyao/SHUD-OpenMP/SHUD/Basins/heihe/forcing.trimmed/X98.55Y41.05.csv
	 Reading 942/1709: 	/scratch/frd_muziyao/SHUD-OpenMP/SHUD/Basins/heihe/forcing.trimmed/X98.65Y41.05.csv
	 Reading 943/1709: 	/scratch/frd_muziyao/SHUD-OpenMP/SHUD/Basins/heihe/forcing.trimmed/X98.75Y41.05.csv
	 Reading 944/1709: 	/scratch/frd_muziyao/SHUD-OpenMP/SHUD/Basins/heihe/forcing.trimmed/X98.85Y41.05.csv
	 Reading 945/1709: 	/scratch/frd_muziyao/SHUD-OpenMP/SHUD/Basins/heihe/forcing.trimmed/X98.95Y41.05.csv
	 Reading 946/1709: 	/scratch/frd_muziyao/SHUD-OpenMP/SHUD/Basins/heihe/forcing.trimmed/X99.05Y41.05.csv
	 Reading 947/1709: 	/scratch/frd_muziyao/SHUD-OpenMP/SHUD/Basins/heihe/forcing.trimmed/X99.15Y41.05.csv
	 Reading 948/1709: 	/scratch/frd_muziyao/SHUD-OpenMP/SHUD/Basins/heihe/forcing.trimmed/X99.25Y41.05.csv
	 Reading 949/1709: 	/scratch/frd_muziyao/SHUD-OpenMP/SHUD/Basins/heihe/forcing.trimmed/X99.35Y41.05.csv
	 Reading 950/1709: 	/scratch/frd_muziyao/SHUD-OpenMP/SHUD/Basins/heihe/forcing.trimmed/X99.45Y41.05.csv
	 Reading 951/1709: 	/scratch/frd_muziyao/SHUD-OpenMP/SHUD/Basins/heihe/forcing.trimmed/X99.55Y41.05.csv
	 Reading 952/1709: 	/scratch/frd_muziyao/SHUD-OpenMP/SHUD/Basins/heihe/forcing.trimmed/X99.65Y41.05.csv
	 Reading 953/1709: 	/scratch/frd_muziyao/SHUD-OpenMP/SHUD/Basins/heihe/forcing.trimmed/X99.75Y41.05.csv
	 Reading 954/1709: 	/scratch/frd_muziyao/SHUD-OpenMP/SHUD/Basins/heihe/forcing.trimmed/X99.85Y41.05.csv
	 Reading 955/1709: 	/scratch/frd_muziyao/SHUD-OpenMP/SHUD/Basins/heihe/forcing.trimmed/X99.95Y41.05.csv
	 Reading 956/1709: 	/scratch/frd_muziyao/SHUD-OpenMP/SHUD/Basins/heihe/forcing.trimmed/X100.05Y41.05.csv
	 Reading 957/1709: 	/scratch/frd_muziyao/SHUD-OpenMP/SHUD/Basins/heihe/forcing.trimmed/X100.15Y41.05.csv
	 Reading 958/1709: 	/scratch/frd_muziyao/SHUD-OpenMP/SHUD/Basins/heihe/forcing.trimmed/X100.25Y41.05.csv
	 Reading 959/1709: 	/scratch/frd_muziyao/SHUD-OpenMP/SHUD/Basins/heihe/forcing.trimmed/X100.35Y41.05.csv
	 Reading 960/1709: 	/scratch/frd_muziyao/SHUD-OpenMP/SHUD/Basins/heihe/forcing.trimmed/X100.45Y41.05.csv
	 Reading 961/1709: 	/scratch/frd_muziyao/SHUD-OpenMP/SHUD/Basins/heihe/forcing.trimmed/X100.55Y41.05.csv
	 Reading 962/1709: 	/scratch/frd_muziyao/SHUD-OpenMP/SHUD/Basins/heihe/forcing.trimmed/X100.65Y41.05.csv
	 Reading 963/1709: 	/scratch/frd_muziyao/SHUD-OpenMP/SHUD/Basins/heihe/forcing.trimmed/X100.75Y41.05.csv
	 Reading 964/1709: 	/scratch/frd_muziyao/SHUD-OpenMP/SHUD/Basins/heihe/forcing.trimmed/X100.85Y41.05.csv
	 Reading 965/1709: 	/scratch/frd_muziyao/SHUD-OpenMP/SHUD/Basins/heihe/forcing.trimmed/X100.95Y41.05.csv
	 Reading 966/1709: 	/scratch/frd_muziyao/SHUD-OpenMP/SHUD/Basins/heihe/forcing.trimmed/X101.05Y41.05.csv
	 Reading 967/1709: 	/scratch/frd_muziyao/SHUD-OpenMP/SHUD/Basins/heihe/forcing.trimmed/X101.15Y41.05.csv
	 Reading 968/1709: 	/scratch/frd_muziyao/SHUD-OpenMP/SHUD/Basins/heihe/forcing.trimmed/X101.25Y41.05.csv
	 Reading 969/1709: 	/scratch/frd_muziyao/SHUD-OpenMP/SHUD/Basins/heihe/forcing.trimmed/X101.35Y41.05.csv
	 Reading 970/1709: 	/scratch/frd_muziyao/SHUD-OpenMP/SHUD/Basins/heihe/forcing.trimmed/X101.45Y41.05.csv
	 Reading 971/1709: 	/scratch/frd_muziyao/SHUD-OpenMP/SHUD/Basins/heihe/forcing.trimmed/X101.55Y41.05.csv
	 Reading 972/1709: 	/scratch/frd_muziyao/SHUD-OpenMP/SHUD/Basins/heihe/forcing.trimmed/X101.65Y41.05.csv
	 Reading 973/1709: 	/scratch/frd_muziyao/SHUD-OpenMP/SHUD/Basins/heihe/forcing.trimmed/X101.75Y41.05.csv
	 Reading 974/1709: 	/scratch/frd_muziyao/SHUD-OpenMP/SHUD/Basins/heihe/forcing.trimmed/X97.25Y41.15.csv
	 Reading 975/1709: 	/scratch/frd_muziyao/SHUD-OpenMP/SHUD/Basins/heihe/forcing.trimmed/X97.35Y41.15.csv
	 Reading 976/1709: 	/scratch/frd_muziyao/SHUD-OpenMP/SHUD/Basins/heihe/forcing.trimmed/X97.45Y41.15.csv
	 Reading 977/1709: 	/scratch/frd_muziyao/SHUD-OpenMP/SHUD/Basins/heihe/forcing.trimmed/X97.55Y41.15.csv
	 Reading 978/1709: 	/scratch/frd_muziyao/SHUD-OpenMP/SHUD/Basins/heihe/forcing.trimmed/X97.65Y41.15.csv
	 Reading 979/1709: 	/scratch/frd_muziyao/SHUD-OpenMP/SHUD/Basins/heihe/forcing.trimmed/X97.75Y41.15.csv
	 Reading 980/1709: 	/scratch/frd_muziyao/SHUD-OpenMP/SHUD/Basins/heihe/forcing.trimmed/X97.85Y41.15.csv
	 Reading 981/1709: 	/scratch/frd_muziyao/SHUD-OpenMP/SHUD/Basins/heihe/forcing.trimmed/X97.95Y41.15.csv
	 Reading 982/1709: 	/scratch/frd_muziyao/SHUD-OpenMP/SHUD/Basins/heihe/forcing.trimmed/X98.05Y41.15.csv
	 Reading 983/1709: 	/scratch/frd_muziyao/SHUD-OpenMP/SHUD/Basins/heihe/forcing.trimmed/X98.15Y41.15.csv
	 Reading 984/1709: 	/scratch/frd_muziyao/SHUD-OpenMP/SHUD/Basins/heihe/forcing.trimmed/X98.25Y41.15.csv
	 Reading 985/1709: 	/scratch/frd_muziyao/SHUD-OpenMP/SHUD/Basins/heihe/forcing.trimmed/X98.35Y41.15.csv
	 Reading 986/1709: 	/scratch/frd_muziyao/SHUD-OpenMP/SHUD/Basins/heihe/forcing.trimmed/X98.45Y41.15.csv
	 Reading 987/1709: 	/scratch/frd_muziyao/SHUD-OpenMP/SHUD/Basins/heihe/forcing.trimmed/X98.55Y41.15.csv
	 Reading 988/1709: 	/scratch/frd_muziyao/SHUD-OpenMP/SHUD/Basins/heihe/forcing.trimmed/X98.65Y41.15.csv
	 Reading 989/1709: 	/scratch/frd_muziyao/SHUD-OpenMP/SHUD/Basins/heihe/forcing.trimmed/X98.75Y41.15.csv
	 Reading 990/1709: 	/scratch/frd_muziyao/SHUD-OpenMP/SHUD/Basins/heihe/forcing.trimmed/X98.85Y41.15.csv
	 Reading 991/1709: 	/scratch/frd_muziyao/SHUD-OpenMP/SHUD/Basins/heihe/forcing.trimmed/X98.95Y41.15.csv
	 Reading 992/1709: 	/scratch/frd_muziyao/SHUD-OpenMP/SHUD/Basins/heihe/forcing.trimmed/X99.05Y41.15.csv
	 Reading 993/1709: 	/scratch/frd_muziyao/SHUD-OpenMP/SHUD/Basins/heihe/forcing.trimmed/X99.15Y41.15.csv
	 Reading 994/1709: 	/scratch/frd_muziyao/SHUD-OpenMP/SHUD/Basins/heihe/forcing.trimmed/X99.25Y41.15.csv
	 Reading 995/1709: 	/scratch/frd_muziyao/SHUD-OpenMP/SHUD/Basins/heihe/forcing.trimmed/X99.35Y41.15.csv
	 Reading 996/1709: 	/scratch/frd_muziyao/SHUD-OpenMP/SHUD/Basins/heihe/forcing.trimmed/X99.45Y41.15.csv
	 Reading 997/1709: 	/scratch/frd_muziyao/SHUD-OpenMP/SHUD/Basins/heihe/forcing.trimmed/X99.55Y41.15.csv
	 Reading 998/1709: 	/scratch/frd_muziyao/SHUD-OpenMP/SHUD/Basins/heihe/forcing.trimmed/X99.65Y41.15.csv
	 Reading 999/1709: 	/scratch/frd_muziyao/SHUD-OpenMP/SHUD/Basins/heihe/forcing.trimmed/X99.75Y41.15.csv
	 Reading 1000/1709: 	/scratch/frd_muziyao/SHUD-OpenMP/SHUD/Basins/heihe/forcing.trimmed/X99.85Y41.15.csv
	 Reading 1001/1709: 	/scratch/frd_muziyao/SHUD-OpenMP/SHUD/Basins/heihe/forcing.trimmed/X99.95Y41.15.csv
	 Reading 1002/1709: 	/scratch/frd_muziyao/SHUD-OpenMP/SHUD/Basins/heihe/forcing.trimmed/X100.05Y41.15.csv
	 Reading 1003/1709: 	/scratch/frd_muziyao/SHUD-OpenMP/SHUD/Basins/heihe/forcing.trimmed/X100.15Y41.15.csv
	 Reading 1004/1709: 	/scratch/frd_muziyao/SHUD-OpenMP/SHUD/Basins/heihe/forcing.trimmed/X100.25Y41.15.csv
	 Reading 1005/1709: 	/scratch/frd_muziyao/SHUD-OpenMP/SHUD/Basins/heihe/forcing.trimmed/X100.35Y41.15.csv
	 Reading 1006/1709: 	/scratch/frd_muziyao/SHUD-OpenMP/SHUD/Basins/heihe/forcing.trimmed/X100.45Y41.15.csv
	 Reading 1007/1709: 	/scratch/frd_muziyao/SHUD-OpenMP/SHUD/Basins/heihe/forcing.trimmed/X100.55Y41.15.csv
	 Reading 1008/1709: 	/scratch/frd_muziyao/SHUD-OpenMP/SHUD/Basins/heihe/forcing.trimmed/X100.65Y41.15.csv
	 Reading 1009/1709: 	/scratch/frd_muziyao/SHUD-OpenMP/SHUD/Basins/heihe/forcing.trimmed/X100.75Y41.15.csv
	 Reading 1010/1709: 	/scratch/frd_muziyao/SHUD-OpenMP/SHUD/Basins/heihe/forcing.trimmed/X100.85Y41.15.csv
	 Reading 1011/1709: 	/scratch/frd_muziyao/SHUD-OpenMP/SHUD/Basins/heihe/forcing.trimmed/X100.95Y41.15.csv
	 Reading 1012/1709: 	/scratch/frd_muziyao/SHUD-OpenMP/SHUD/Basins/heihe/forcing.trimmed/X101.05Y41.15.csv
	 Reading 1013/1709: 	/scratch/frd_muziyao/SHUD-OpenMP/SHUD/Basins/heihe/forcing.trimmed/X101.15Y41.15.csv
	 Reading 1014/1709: 	/scratch/frd_muziyao/SHUD-OpenMP/SHUD/Basins/heihe/forcing.trimmed/X101.25Y41.15.csv
	 Reading 1015/1709: 	/scratch/frd_muziyao/SHUD-OpenMP/SHUD/Basins/heihe/forcing.trimmed/X101.35Y41.15.csv
	 Reading 1016/1709: 	/scratch/frd_muziyao/SHUD-OpenMP/SHUD/Basins/heihe/forcing.trimmed/X101.45Y41.15.csv
	 Reading 1017/1709: 	/scratch/frd_muziyao/SHUD-OpenMP/SHUD/Basins/heihe/forcing.trimmed/X101.55Y41.15.csv
	 Reading 1018/1709: 	/scratch/frd_muziyao/SHUD-OpenMP/SHUD/Basins/heihe/forcing.trimmed/X101.65Y41.15.csv
	 Reading 1019/1709: 	/scratch/frd_muziyao/SHUD-OpenMP/SHUD/Basins/heihe/forcing.trimmed/X101.75Y41.15.csv
	 Reading 1020/1709: 	/scratch/frd_muziyao/SHUD-OpenMP/SHUD/Basins/heihe/forcing.trimmed/X97.25Y41.25.csv
	 Reading 1021/1709: 	/scratch/frd_muziyao/SHUD-OpenMP/SHUD/Basins/heihe/forcing.trimmed/X97.35Y41.25.csv
	 Reading 1022/1709: 	/scratch/frd_muziyao/SHUD-OpenMP/SHUD/Basins/heihe/forcing.trimmed/X97.45Y41.25.csv
	 Reading 1023/1709: 	/scratch/frd_muziyao/SHUD-OpenMP/SHUD/Basins/heihe/forcing.trimmed/X97.55Y41.25.csv
	 Reading 1024/1709: 	/scratch/frd_muziyao/SHUD-OpenMP/SHUD/Basins/heihe/forcing.trimmed/X97.65Y41.25.csv
	 Reading 1025/1709: 	/scratch/frd_muziyao/SHUD-OpenMP/SHUD/Basins/heihe/forcing.trimmed/X97.75Y41.25.csv
	 Reading 1026/1709: 	/scratch/frd_muziyao/SHUD-OpenMP/SHUD/Basins/heihe/forcing.trimmed/X97.85Y41.25.csv
	 Reading 1027/1709: 	/scratch/frd_muziyao/SHUD-OpenMP/SHUD/Basins/heihe/forcing.trimmed/X97.95Y41.25.csv
	 Reading 1028/1709: 	/scratch/frd_muziyao/SHUD-OpenMP/SHUD/Basins/heihe/forcing.trimmed/X98.05Y41.25.csv
	 Reading 1029/1709: 	/scratch/frd_muziyao/SHUD-OpenMP/SHUD/Basins/heihe/forcing.trimmed/X98.15Y41.25.csv
	 Reading 1030/1709: 	/scratch/frd_muziyao/SHUD-OpenMP/SHUD/Basins/heihe/forcing.trimmed/X98.25Y41.25.csv
	 Reading 1031/1709: 	/scratch/frd_muziyao/SHUD-OpenMP/SHUD/Basins/heihe/forcing.trimmed/X98.35Y41.25.csv
	 Reading 1032/1709: 	/scratch/frd_muziyao/SHUD-OpenMP/SHUD/Basins/heihe/forcing.trimmed/X98.45Y41.25.csv
	 Reading 1033/1709: 	/scratch/frd_muziyao/SHUD-OpenMP/SHUD/Basins/heihe/forcing.trimmed/X98.55Y41.25.csv
	 Reading 1034/1709: 	/scratch/frd_muziyao/SHUD-OpenMP/SHUD/Basins/heihe/forcing.trimmed/X98.65Y41.25.csv
	 Reading 1035/1709: 	/scratch/frd_muziyao/SHUD-OpenMP/SHUD/Basins/heihe/forcing.trimmed/X98.75Y41.25.csv
	 Reading 1036/1709: 	/scratch/frd_muziyao/SHUD-OpenMP/SHUD/Basins/heihe/forcing.trimmed/X98.85Y41.25.csv
	 Reading 1037/1709: 	/scratch/frd_muziyao/SHUD-OpenMP/SHUD/Basins/heihe/forcing.trimmed/X98.95Y41.25.csv
	 Reading 1038/1709: 	/scratch/frd_muziyao/SHUD-OpenMP/SHUD/Basins/heihe/forcing.trimmed/X99.05Y41.25.csv
	 Reading 1039/1709: 	/scratch/frd_muziyao/SHUD-OpenMP/SHUD/Basins/heihe/forcing.trimmed/X99.15Y41.25.csv
	 Reading 1040/1709: 	/scratch/frd_muziyao/SHUD-OpenMP/SHUD/Basins/heihe/forcing.trimmed/X99.25Y41.25.csv
	 Reading 1041/1709: 	/scratch/frd_muziyao/SHUD-OpenMP/SHUD/Basins/heihe/forcing.trimmed/X99.35Y41.25.csv
	 Reading 1042/1709: 	/scratch/frd_muziyao/SHUD-OpenMP/SHUD/Basins/heihe/forcing.trimmed/X99.45Y41.25.csv
	 Reading 1043/1709: 	/scratch/frd_muziyao/SHUD-OpenMP/SHUD/Basins/heihe/forcing.trimmed/X99.55Y41.25.csv
	 Reading 1044/1709: 	/scratch/frd_muziyao/SHUD-OpenMP/SHUD/Basins/heihe/forcing.trimmed/X99.65Y41.25.csv
	 Reading 1045/1709: 	/scratch/frd_muziyao/SHUD-OpenMP/SHUD/Basins/heihe/forcing.trimmed/X99.75Y41.25.csv
	 Reading 1046/1709: 	/scratch/frd_muziyao/SHUD-OpenMP/SHUD/Basins/heihe/forcing.trimmed/X99.85Y41.25.csv
	 Reading 1047/1709: 	/scratch/frd_muziyao/SHUD-OpenMP/SHUD/Basins/heihe/forcing.trimmed/X99.95Y41.25.csv
	 Reading 1048/1709: 	/scratch/frd_muziyao/SHUD-OpenMP/SHUD/Basins/heihe/forcing.trimmed/X100.05Y41.25.csv
	 Reading 1049/1709: 	/scratch/frd_muziyao/SHUD-OpenMP/SHUD/Basins/heihe/forcing.trimmed/X100.15Y41.25.csv
	 Reading 1050/1709: 	/scratch/frd_muziyao/SHUD-OpenMP/SHUD/Basins/heihe/forcing.trimmed/X100.25Y41.25.csv
	 Reading 1051/1709: 	/scratch/frd_muziyao/SHUD-OpenMP/SHUD/Basins/heihe/forcing.trimmed/X100.35Y41.25.csv
	 Reading 1052/1709: 	/scratch/frd_muziyao/SHUD-OpenMP/SHUD/Basins/heihe/forcing.trimmed/X100.45Y41.25.csv
	 Reading 1053/1709: 	/scratch/frd_muziyao/SHUD-OpenMP/SHUD/Basins/heihe/forcing.trimmed/X100.55Y41.25.csv
	 Reading 1054/1709: 	/scratch/frd_muziyao/SHUD-OpenMP/SHUD/Basins/heihe/forcing.trimmed/X100.65Y41.25.csv
	 Reading 1055/1709: 	/scratch/frd_muziyao/SHUD-OpenMP/SHUD/Basins/heihe/forcing.trimmed/X100.75Y41.25.csv
	 Reading 1056/1709: 	/scratch/frd_muziyao/SHUD-OpenMP/SHUD/Basins/heihe/forcing.trimmed/X100.85Y41.25.csv
	 Reading 1057/1709: 	/scratch/frd_muziyao/SHUD-OpenMP/SHUD/Basins/heihe/forcing.trimmed/X100.95Y41.25.csv
	 Reading 1058/1709: 	/scratch/frd_muziyao/SHUD-OpenMP/SHUD/Basins/heihe/forcing.trimmed/X101.05Y41.25.csv
	 Reading 1059/1709: 	/scratch/frd_muziyao/SHUD-OpenMP/SHUD/Basins/heihe/forcing.trimmed/X101.15Y41.25.csv
	 Reading 1060/1709: 	/scratch/frd_muziyao/SHUD-OpenMP/SHUD/Basins/heihe/forcing.trimmed/X101.25Y41.25.csv
	 Reading 1061/1709: 	/scratch/frd_muziyao/SHUD-OpenMP/SHUD/Basins/heihe/forcing.trimmed/X101.35Y41.25.csv
	 Reading 1062/1709: 	/scratch/frd_muziyao/SHUD-OpenMP/SHUD/Basins/heihe/forcing.trimmed/X101.45Y41.25.csv
	 Reading 1063/1709: 	/scratch/frd_muziyao/SHUD-OpenMP/SHUD/Basins/heihe/forcing.trimmed/X101.55Y41.25.csv
	 Reading 1064/1709: 	/scratch/frd_muziyao/SHUD-OpenMP/SHUD/Basins/heihe/forcing.trimmed/X101.65Y41.25.csv
	 Reading 1065/1709: 	/scratch/frd_muziyao/SHUD-OpenMP/SHUD/Basins/heihe/forcing.trimmed/X101.75Y41.25.csv
	 Reading 1066/1709: 	/scratch/frd_muziyao/SHUD-OpenMP/SHUD/Basins/heihe/forcing.trimmed/X97.15Y41.35.csv
	 Reading 1067/1709: 	/scratch/frd_muziyao/SHUD-OpenMP/SHUD/Basins/heihe/forcing.trimmed/X97.25Y41.35.csv
	 Reading 1068/1709: 	/scratch/frd_muziyao/SHUD-OpenMP/SHUD/Basins/heihe/forcing.trimmed/X97.35Y41.35.csv
	 Reading 1069/1709: 	/scratch/frd_muziyao/SHUD-OpenMP/SHUD/Basins/heihe/forcing.trimmed/X97.45Y41.35.csv
	 Reading 1070/1709: 	/scratch/frd_muziyao/SHUD-OpenMP/SHUD/Basins/heihe/forcing.trimmed/X97.55Y41.35.csv
	 Reading 1071/1709: 	/scratch/frd_muziyao/SHUD-OpenMP/SHUD/Basins/heihe/forcing.trimmed/X97.65Y41.35.csv
	 Reading 1072/1709: 	/scratch/frd_muziyao/SHUD-OpenMP/SHUD/Basins/heihe/forcing.trimmed/X97.75Y41.35.csv
	 Reading 1073/1709: 	/scratch/frd_muziyao/SHUD-OpenMP/SHUD/Basins/heihe/forcing.trimmed/X97.85Y41.35.csv
	 Reading 1074/1709: 	/scratch/frd_muziyao/SHUD-OpenMP/SHUD/Basins/heihe/forcing.trimmed/X97.95Y41.35.csv
	 Reading 1075/1709: 	/scratch/frd_muziyao/SHUD-OpenMP/SHUD/Basins/heihe/forcing.trimmed/X98.05Y41.35.csv
	 Reading 1076/1709: 	/scratch/frd_muziyao/SHUD-OpenMP/SHUD/Basins/heihe/forcing.trimmed/X98.15Y41.35.csv
	 Reading 1077/1709: 	/scratch/frd_muziyao/SHUD-OpenMP/SHUD/Basins/heihe/forcing.trimmed/X98.25Y41.35.csv
	 Reading 1078/1709: 	/scratch/frd_muziyao/SHUD-OpenMP/SHUD/Basins/heihe/forcing.trimmed/X98.35Y41.35.csv
	 Reading 1079/1709: 	/scratch/frd_muziyao/SHUD-OpenMP/SHUD/Basins/heihe/forcing.trimmed/X98.45Y41.35.csv
	 Reading 1080/1709: 	/scratch/frd_muziyao/SHUD-OpenMP/SHUD/Basins/heihe/forcing.trimmed/X98.55Y41.35.csv
	 Reading 1081/1709: 	/scratch/frd_muziyao/SHUD-OpenMP/SHUD/Basins/heihe/forcing.trimmed/X98.65Y41.35.csv
	 Reading 1082/1709: 	/scratch/frd_muziyao/SHUD-OpenMP/SHUD/Basins/heihe/forcing.trimmed/X98.75Y41.35.csv
	 Reading 1083/1709: 	/scratch/frd_muziyao/SHUD-OpenMP/SHUD/Basins/heihe/forcing.trimmed/X98.85Y41.35.csv
	 Reading 1084/1709: 	/scratch/frd_muziyao/SHUD-OpenMP/SHUD/Basins/heihe/forcing.trimmed/X98.95Y41.35.csv
	 Reading 1085/1709: 	/scratch/frd_muziyao/SHUD-OpenMP/SHUD/Basins/heihe/forcing.trimmed/X99.05Y41.35.csv
	 Reading 1086/1709: 	/scratch/frd_muziyao/SHUD-OpenMP/SHUD/Basins/heihe/forcing.trimmed/X99.15Y41.35.csv
	 Reading 1087/1709: 	/scratch/frd_muziyao/SHUD-OpenMP/SHUD/Basins/heihe/forcing.trimmed/X99.25Y41.35.csv
	 Reading 1088/1709: 	/scratch/frd_muziyao/SHUD-OpenMP/SHUD/Basins/heihe/forcing.trimmed/X99.35Y41.35.csv
	 Reading 1089/1709: 	/scratch/frd_muziyao/SHUD-OpenMP/SHUD/Basins/heihe/forcing.trimmed/X99.45Y41.35.csv
	 Reading 1090/1709: 	/scratch/frd_muziyao/SHUD-OpenMP/SHUD/Basins/heihe/forcing.trimmed/X99.55Y41.35.csv
	 Reading 1091/1709: 	/scratch/frd_muziyao/SHUD-OpenMP/SHUD/Basins/heihe/forcing.trimmed/X99.65Y41.35.csv
	 Reading 1092/1709: 	/scratch/frd_muziyao/SHUD-OpenMP/SHUD/Basins/heihe/forcing.trimmed/X99.75Y41.35.csv
	 Reading 1093/1709: 	/scratch/frd_muziyao/SHUD-OpenMP/SHUD/Basins/heihe/forcing.trimmed/X99.85Y41.35.csv
	 Reading 1094/1709: 	/scratch/frd_muziyao/SHUD-OpenMP/SHUD/Basins/heihe/forcing.trimmed/X99.95Y41.35.csv
	 Reading 1095/1709: 	/scratch/frd_muziyao/SHUD-OpenMP/SHUD/Basins/heihe/forcing.trimmed/X100.05Y41.35.csv
	 Reading 1096/1709: 	/scratch/frd_muziyao/SHUD-OpenMP/SHUD/Basins/heihe/forcing.trimmed/X100.15Y41.35.csv
	 Reading 1097/1709: 	/scratch/frd_muziyao/SHUD-OpenMP/SHUD/Basins/heihe/forcing.trimmed/X100.25Y41.35.csv
	 Reading 1098/1709: 	/scratch/frd_muziyao/SHUD-OpenMP/SHUD/Basins/heihe/forcing.trimmed/X100.35Y41.35.csv
	 Reading 1099/1709: 	/scratch/frd_muziyao/SHUD-OpenMP/SHUD/Basins/heihe/forcing.trimmed/X100.45Y41.35.csv
	 Reading 1100/1709: 	/scratch/frd_muziyao/SHUD-OpenMP/SHUD/Basins/heihe/forcing.trimmed/X100.55Y41.35.csv
	 Reading 1101/1709: 	/scratch/frd_muziyao/SHUD-OpenMP/SHUD/Basins/heihe/forcing.trimmed/X100.65Y41.35.csv
	 Reading 1102/1709: 	/scratch/frd_muziyao/SHUD-OpenMP/SHUD/Basins/heihe/forcing.trimmed/X100.75Y41.35.csv
	 Reading 1103/1709: 	/scratch/frd_muziyao/SHUD-OpenMP/SHUD/Basins/heihe/forcing.trimmed/X100.85Y41.35.csv
	 Reading 1104/1709: 	/scratch/frd_muziyao/SHUD-OpenMP/SHUD/Basins/heihe/forcing.trimmed/X100.95Y41.35.csv
	 Reading 1105/1709: 	/scratch/frd_muziyao/SHUD-OpenMP/SHUD/Basins/heihe/forcing.trimmed/X101.05Y41.35.csv
	 Reading 1106/1709: 	/scratch/frd_muziyao/SHUD-OpenMP/SHUD/Basins/heihe/forcing.trimmed/X101.15Y41.35.csv
	 Reading 1107/1709: 	/scratch/frd_muziyao/SHUD-OpenMP/SHUD/Basins/heihe/forcing.trimmed/X101.25Y41.35.csv
	 Reading 1108/1709: 	/scratch/frd_muziyao/SHUD-OpenMP/SHUD/Basins/heihe/forcing.trimmed/X101.35Y41.35.csv
	 Reading 1109/1709: 	/scratch/frd_muziyao/SHUD-OpenMP/SHUD/Basins/heihe/forcing.trimmed/X101.45Y41.35.csv
	 Reading 1110/1709: 	/scratch/frd_muziyao/SHUD-OpenMP/SHUD/Basins/heihe/forcing.trimmed/X101.55Y41.35.csv
	 Reading 1111/1709: 	/scratch/frd_muziyao/SHUD-OpenMP/SHUD/Basins/heihe/forcing.trimmed/X101.65Y41.35.csv
	 Reading 1112/1709: 	/scratch/frd_muziyao/SHUD-OpenMP/SHUD/Basins/heihe/forcing.trimmed/X101.75Y41.35.csv
	 Reading 1113/1709: 	/scratch/frd_muziyao/SHUD-OpenMP/SHUD/Basins/heihe/forcing.trimmed/X97.15Y41.45.csv
	 Reading 1114/1709: 	/scratch/frd_muziyao/SHUD-OpenMP/SHUD/Basins/heihe/forcing.trimmed/X97.25Y41.45.csv
	 Reading 1115/1709: 	/scratch/frd_muziyao/SHUD-OpenMP/SHUD/Basins/heihe/forcing.trimmed/X97.35Y41.45.csv
	 Reading 1116/1709: 	/scratch/frd_muziyao/SHUD-OpenMP/SHUD/Basins/heihe/forcing.trimmed/X97.45Y41.45.csv
	 Reading 1117/1709: 	/scratch/frd_muziyao/SHUD-OpenMP/SHUD/Basins/heihe/forcing.trimmed/X97.55Y41.45.csv
	 Reading 1118/1709: 	/scratch/frd_muziyao/SHUD-OpenMP/SHUD/Basins/heihe/forcing.trimmed/X97.65Y41.45.csv
	 Reading 1119/1709: 	/scratch/frd_muziyao/SHUD-OpenMP/SHUD/Basins/heihe/forcing.trimmed/X97.75Y41.45.csv
	 Reading 1120/1709: 	/scratch/frd_muziyao/SHUD-OpenMP/SHUD/Basins/heihe/forcing.trimmed/X97.85Y41.45.csv
	 Reading 1121/1709: 	/scratch/frd_muziyao/SHUD-OpenMP/SHUD/Basins/heihe/forcing.trimmed/X97.95Y41.45.csv
	 Reading 1122/1709: 	/scratch/frd_muziyao/SHUD-OpenMP/SHUD/Basins/heihe/forcing.trimmed/X98.05Y41.45.csv
	 Reading 1123/1709: 	/scratch/frd_muziyao/SHUD-OpenMP/SHUD/Basins/heihe/forcing.trimmed/X98.15Y41.45.csv
	 Reading 1124/1709: 	/scratch/frd_muziyao/SHUD-OpenMP/SHUD/Basins/heihe/forcing.trimmed/X98.25Y41.45.csv
	 Reading 1125/1709: 	/scratch/frd_muziyao/SHUD-OpenMP/SHUD/Basins/heihe/forcing.trimmed/X98.35Y41.45.csv
	 Reading 1126/1709: 	/scratch/frd_muziyao/SHUD-OpenMP/SHUD/Basins/heihe/forcing.trimmed/X98.45Y41.45.csv
	 Reading 1127/1709: 	/scratch/frd_muziyao/SHUD-OpenMP/SHUD/Basins/heihe/forcing.trimmed/X98.55Y41.45.csv
	 Reading 1128/1709: 	/scratch/frd_muziyao/SHUD-OpenMP/SHUD/Basins/heihe/forcing.trimmed/X98.65Y41.45.csv
	 Reading 1129/1709: 	/scratch/frd_muziyao/SHUD-OpenMP/SHUD/Basins/heihe/forcing.trimmed/X98.75Y41.45.csv
	 Reading 1130/1709: 	/scratch/frd_muziyao/SHUD-OpenMP/SHUD/Basins/heihe/forcing.trimmed/X98.85Y41.45.csv
	 Reading 1131/1709: 	/scratch/frd_muziyao/SHUD-OpenMP/SHUD/Basins/heihe/forcing.trimmed/X98.95Y41.45.csv
	 Reading 1132/1709: 	/scratch/frd_muziyao/SHUD-OpenMP/SHUD/Basins/heihe/forcing.trimmed/X99.05Y41.45.csv
	 Reading 1133/1709: 	/scratch/frd_muziyao/SHUD-OpenMP/SHUD/Basins/heihe/forcing.trimmed/X99.15Y41.45.csv
	 Reading 1134/1709: 	/scratch/frd_muziyao/SHUD-OpenMP/SHUD/Basins/heihe/forcing.trimmed/X99.25Y41.45.csv
	 Reading 1135/1709: 	/scratch/frd_muziyao/SHUD-OpenMP/SHUD/Basins/heihe/forcing.trimmed/X99.35Y41.45.csv
	 Reading 1136/1709: 	/scratch/frd_muziyao/SHUD-OpenMP/SHUD/Basins/heihe/forcing.trimmed/X99.45Y41.45.csv
	 Reading 1137/1709: 	/scratch/frd_muziyao/SHUD-OpenMP/SHUD/Basins/heihe/forcing.trimmed/X99.55Y41.45.csv
	 Reading 1138/1709: 	/scratch/frd_muziyao/SHUD-OpenMP/SHUD/Basins/heihe/forcing.trimmed/X99.65Y41.45.csv
	 Reading 1139/1709: 	/scratch/frd_muziyao/SHUD-OpenMP/SHUD/Basins/heihe/forcing.trimmed/X99.75Y41.45.csv
	 Reading 1140/1709: 	/scratch/frd_muziyao/SHUD-OpenMP/SHUD/Basins/heihe/forcing.trimmed/X99.85Y41.45.csv
	 Reading 1141/1709: 	/scratch/frd_muziyao/SHUD-OpenMP/SHUD/Basins/heihe/forcing.trimmed/X99.95Y41.45.csv
	 Reading 1142/1709: 	/scratch/frd_muziyao/SHUD-OpenMP/SHUD/Basins/heihe/forcing.trimmed/X100.05Y41.45.csv
	 Reading 1143/1709: 	/scratch/frd_muziyao/SHUD-OpenMP/SHUD/Basins/heihe/forcing.trimmed/X100.15Y41.45.csv
	 Reading 1144/1709: 	/scratch/frd_muziyao/SHUD-OpenMP/SHUD/Basins/heihe/forcing.trimmed/X100.25Y41.45.csv
	 Reading 1145/1709: 	/scratch/frd_muziyao/SHUD-OpenMP/SHUD/Basins/heihe/forcing.trimmed/X100.35Y41.45.csv
	 Reading 1146/1709: 	/scratch/frd_muziyao/SHUD-OpenMP/SHUD/Basins/heihe/forcing.trimmed/X100.45Y41.45.csv
	 Reading 1147/1709: 	/scratch/frd_muziyao/SHUD-OpenMP/SHUD/Basins/heihe/forcing.trimmed/X100.55Y41.45.csv
	 Reading 1148/1709: 	/scratch/frd_muziyao/SHUD-OpenMP/SHUD/Basins/heihe/forcing.trimmed/X100.65Y41.45.csv
	 Reading 1149/1709: 	/scratch/frd_muziyao/SHUD-OpenMP/SHUD/Basins/heihe/forcing.trimmed/X100.75Y41.45.csv
	 Reading 1150/1709: 	/scratch/frd_muziyao/SHUD-OpenMP/SHUD/Basins/heihe/forcing.trimmed/X100.85Y41.45.csv
	 Reading 1151/1709: 	/scratch/frd_muziyao/SHUD-OpenMP/SHUD/Basins/heihe/forcing.trimmed/X100.95Y41.45.csv
	 Reading 1152/1709: 	/scratch/frd_muziyao/SHUD-OpenMP/SHUD/Basins/heihe/forcing.trimmed/X101.05Y41.45.csv
	 Reading 1153/1709: 	/scratch/frd_muziyao/SHUD-OpenMP/SHUD/Basins/heihe/forcing.trimmed/X101.15Y41.45.csv
	 Reading 1154/1709: 	/scratch/frd_muziyao/SHUD-OpenMP/SHUD/Basins/heihe/forcing.trimmed/X101.25Y41.45.csv
	 Reading 1155/1709: 	/scratch/frd_muziyao/SHUD-OpenMP/SHUD/Basins/heihe/forcing.trimmed/X101.35Y41.45.csv
	 Reading 1156/1709: 	/scratch/frd_muziyao/SHUD-OpenMP/SHUD/Basins/heihe/forcing.trimmed/X101.45Y41.45.csv
	 Reading 1157/1709: 	/scratch/frd_muziyao/SHUD-OpenMP/SHUD/Basins/heihe/forcing.trimmed/X101.55Y41.45.csv
	 Reading 1158/1709: 	/scratch/frd_muziyao/SHUD-OpenMP/SHUD/Basins/heihe/forcing.trimmed/X101.65Y41.45.csv
	 Reading 1159/1709: 	/scratch/frd_muziyao/SHUD-OpenMP/SHUD/Basins/heihe/forcing.trimmed/X101.75Y41.45.csv
	 Reading 1160/1709: 	/scratch/frd_muziyao/SHUD-OpenMP/SHUD/Basins/heihe/forcing.trimmed/X101.85Y41.45.csv
	 Reading 1161/1709: 	/scratch/frd_muziyao/SHUD-OpenMP/SHUD/Basins/heihe/forcing.trimmed/X97.05Y41.55.csv
	 Reading 1162/1709: 	/scratch/frd_muziyao/SHUD-OpenMP/SHUD/Basins/heihe/forcing.trimmed/X97.15Y41.55.csv
	 Reading 1163/1709: 	/scratch/frd_muziyao/SHUD-OpenMP/SHUD/Basins/heihe/forcing.trimmed/X97.25Y41.55.csv
	 Reading 1164/1709: 	/scratch/frd_muziyao/SHUD-OpenMP/SHUD/Basins/heihe/forcing.trimmed/X97.35Y41.55.csv
	 Reading 1165/1709: 	/scratch/frd_muziyao/SHUD-OpenMP/SHUD/Basins/heihe/forcing.trimmed/X97.45Y41.55.csv
	 Reading 1166/1709: 	/scratch/frd_muziyao/SHUD-OpenMP/SHUD/Basins/heihe/forcing.trimmed/X97.55Y41.55.csv
	 Reading 1167/1709: 	/scratch/frd_muziyao/SHUD-OpenMP/SHUD/Basins/heihe/forcing.trimmed/X97.65Y41.55.csv
	 Reading 1168/1709: 	/scratch/frd_muziyao/SHUD-OpenMP/SHUD/Basins/heihe/forcing.trimmed/X97.75Y41.55.csv
	 Reading 1169/1709: 	/scratch/frd_muziyao/SHUD-OpenMP/SHUD/Basins/heihe/forcing.trimmed/X97.85Y41.55.csv
	 Reading 1170/1709: 	/scratch/frd_muziyao/SHUD-OpenMP/SHUD/Basins/heihe/forcing.trimmed/X97.95Y41.55.csv
	 Reading 1171/1709: 	/scratch/frd_muziyao/SHUD-OpenMP/SHUD/Basins/heihe/forcing.trimmed/X98.05Y41.55.csv
	 Reading 1172/1709: 	/scratch/frd_muziyao/SHUD-OpenMP/SHUD/Basins/heihe/forcing.trimmed/X98.15Y41.55.csv
	 Reading 1173/1709: 	/scratch/frd_muziyao/SHUD-OpenMP/SHUD/Basins/heihe/forcing.trimmed/X98.25Y41.55.csv
	 Reading 1174/1709: 	/scratch/frd_muziyao/SHUD-OpenMP/SHUD/Basins/heihe/forcing.trimmed/X98.35Y41.55.csv
	 Reading 1175/1709: 	/scratch/frd_muziyao/SHUD-OpenMP/SHUD/Basins/heihe/forcing.trimmed/X98.45Y41.55.csv
	 Reading 1176/1709: 	/scratch/frd_muziyao/SHUD-OpenMP/SHUD/Basins/heihe/forcing.trimmed/X98.55Y41.55.csv
	 Reading 1177/1709: 	/scratch/frd_muziyao/SHUD-OpenMP/SHUD/Basins/heihe/forcing.trimmed/X98.65Y41.55.csv
	 Reading 1178/1709: 	/scratch/frd_muziyao/SHUD-OpenMP/SHUD/Basins/heihe/forcing.trimmed/X98.75Y41.55.csv
	 Reading 1179/1709: 	/scratch/frd_muziyao/SHUD-OpenMP/SHUD/Basins/heihe/forcing.trimmed/X98.85Y41.55.csv
	 Reading 1180/1709: 	/scratch/frd_muziyao/SHUD-OpenMP/SHUD/Basins/heihe/forcing.trimmed/X98.95Y41.55.csv
	 Reading 1181/1709: 	/scratch/frd_muziyao/SHUD-OpenMP/SHUD/Basins/heihe/forcing.trimmed/X99.05Y41.55.csv
	 Reading 1182/1709: 	/scratch/frd_muziyao/SHUD-OpenMP/SHUD/Basins/heihe/forcing.trimmed/X99.15Y41.55.csv
	 Reading 1183/1709: 	/scratch/frd_muziyao/SHUD-OpenMP/SHUD/Basins/heihe/forcing.trimmed/X99.25Y41.55.csv
	 Reading 1184/1709: 	/scratch/frd_muziyao/SHUD-OpenMP/SHUD/Basins/heihe/forcing.trimmed/X99.35Y41.55.csv
	 Reading 1185/1709: 	/scratch/frd_muziyao/SHUD-OpenMP/SHUD/Basins/heihe/forcing.trimmed/X99.45Y41.55.csv
	 Reading 1186/1709: 	/scratch/frd_muziyao/SHUD-OpenMP/SHUD/Basins/heihe/forcing.trimmed/X99.55Y41.55.csv
	 Reading 1187/1709: 	/scratch/frd_muziyao/SHUD-OpenMP/SHUD/Basins/heihe/forcing.trimmed/X99.65Y41.55.csv
	 Reading 1188/1709: 	/scratch/frd_muziyao/SHUD-OpenMP/SHUD/Basins/heihe/forcing.trimmed/X99.75Y41.55.csv
	 Reading 1189/1709: 	/scratch/frd_muziyao/SHUD-OpenMP/SHUD/Basins/heihe/forcing.trimmed/X99.85Y41.55.csv
	 Reading 1190/1709: 	/scratch/frd_muziyao/SHUD-OpenMP/SHUD/Basins/heihe/forcing.trimmed/X99.95Y41.55.csv
	 Reading 1191/1709: 	/scratch/frd_muziyao/SHUD-OpenMP/SHUD/Basins/heihe/forcing.trimmed/X100.05Y41.55.csv
	 Reading 1192/1709: 	/scratch/frd_muziyao/SHUD-OpenMP/SHUD/Basins/heihe/forcing.trimmed/X100.15Y41.55.csv
	 Reading 1193/1709: 	/scratch/frd_muziyao/SHUD-OpenMP/SHUD/Basins/heihe/forcing.trimmed/X100.25Y41.55.csv
	 Reading 1194/1709: 	/scratch/frd_muziyao/SHUD-OpenMP/SHUD/Basins/heihe/forcing.trimmed/X100.35Y41.55.csv
	 Reading 1195/1709: 	/scratch/frd_muziyao/SHUD-OpenMP/SHUD/Basins/heihe/forcing.trimmed/X100.45Y41.55.csv
	 Reading 1196/1709: 	/scratch/frd_muziyao/SHUD-OpenMP/SHUD/Basins/heihe/forcing.trimmed/X100.55Y41.55.csv
	 Reading 1197/1709: 	/scratch/frd_muziyao/SHUD-OpenMP/SHUD/Basins/heihe/forcing.trimmed/X100.65Y41.55.csv
	 Reading 1198/1709: 	/scratch/frd_muziyao/SHUD-OpenMP/SHUD/Basins/heihe/forcing.trimmed/X100.75Y41.55.csv
	 Reading 1199/1709: 	/scratch/frd_muziyao/SHUD-OpenMP/SHUD/Basins/heihe/forcing.trimmed/X100.85Y41.55.csv
	 Reading 1200/1709: 	/scratch/frd_muziyao/SHUD-OpenMP/SHUD/Basins/heihe/forcing.trimmed/X100.95Y41.55.csv
	 Reading 1201/1709: 	/scratch/frd_muziyao/SHUD-OpenMP/SHUD/Basins/heihe/forcing.trimmed/X101.05Y41.55.csv
	 Reading 1202/1709: 	/scratch/frd_muziyao/SHUD-OpenMP/SHUD/Basins/heihe/forcing.trimmed/X101.15Y41.55.csv
	 Reading 1203/1709: 	/scratch/frd_muziyao/SHUD-OpenMP/SHUD/Basins/heihe/forcing.trimmed/X101.25Y41.55.csv
	 Reading 1204/1709: 	/scratch/frd_muziyao/SHUD-OpenMP/SHUD/Basins/heihe/forcing.trimmed/X101.35Y41.55.csv
	 Reading 1205/1709: 	/scratch/frd_muziyao/SHUD-OpenMP/SHUD/Basins/heihe/forcing.trimmed/X101.45Y41.55.csv
	 Reading 1206/1709: 	/scratch/frd_muziyao/SHUD-OpenMP/SHUD/Basins/heihe/forcing.trimmed/X101.55Y41.55.csv
	 Reading 1207/1709: 	/scratch/frd_muziyao/SHUD-OpenMP/SHUD/Basins/heihe/forcing.trimmed/X101.65Y41.55.csv
	 Reading 1208/1709: 	/scratch/frd_muziyao/SHUD-OpenMP/SHUD/Basins/heihe/forcing.trimmed/X101.75Y41.55.csv
	 Reading 1209/1709: 	/scratch/frd_muziyao/SHUD-OpenMP/SHUD/Basins/heihe/forcing.trimmed/X101.85Y41.55.csv
	 Reading 1210/1709: 	/scratch/frd_muziyao/SHUD-OpenMP/SHUD/Basins/heihe/forcing.trimmed/X97.05Y41.65.csv
	 Reading 1211/1709: 	/scratch/frd_muziyao/SHUD-OpenMP/SHUD/Basins/heihe/forcing.trimmed/X97.15Y41.65.csv
	 Reading 1212/1709: 	/scratch/frd_muziyao/SHUD-OpenMP/SHUD/Basins/heihe/forcing.trimmed/X97.25Y41.65.csv
	 Reading 1213/1709: 	/scratch/frd_muziyao/SHUD-OpenMP/SHUD/Basins/heihe/forcing.trimmed/X97.35Y41.65.csv
	 Reading 1214/1709: 	/scratch/frd_muziyao/SHUD-OpenMP/SHUD/Basins/heihe/forcing.trimmed/X97.45Y41.65.csv
	 Reading 1215/1709: 	/scratch/frd_muziyao/SHUD-OpenMP/SHUD/Basins/heihe/forcing.trimmed/X97.55Y41.65.csv
	 Reading 1216/1709: 	/scratch/frd_muziyao/SHUD-OpenMP/SHUD/Basins/heihe/forcing.trimmed/X97.65Y41.65.csv
	 Reading 1217/1709: 	/scratch/frd_muziyao/SHUD-OpenMP/SHUD/Basins/heihe/forcing.trimmed/X97.75Y41.65.csv
	 Reading 1218/1709: 	/scratch/frd_muziyao/SHUD-OpenMP/SHUD/Basins/heihe/forcing.trimmed/X97.85Y41.65.csv
	 Reading 1219/1709: 	/scratch/frd_muziyao/SHUD-OpenMP/SHUD/Basins/heihe/forcing.trimmed/X97.95Y41.65.csv
	 Reading 1220/1709: 	/scratch/frd_muziyao/SHUD-OpenMP/SHUD/Basins/heihe/forcing.trimmed/X98.05Y41.65.csv
	 Reading 1221/1709: 	/scratch/frd_muziyao/SHUD-OpenMP/SHUD/Basins/heihe/forcing.trimmed/X98.15Y41.65.csv
	 Reading 1222/1709: 	/scratch/frd_muziyao/SHUD-OpenMP/SHUD/Basins/heihe/forcing.trimmed/X98.25Y41.65.csv
	 Reading 1223/1709: 	/scratch/frd_muziyao/SHUD-OpenMP/SHUD/Basins/heihe/forcing.trimmed/X98.35Y41.65.csv
	 Reading 1224/1709: 	/scratch/frd_muziyao/SHUD-OpenMP/SHUD/Basins/heihe/forcing.trimmed/X98.45Y41.65.csv
	 Reading 1225/1709: 	/scratch/frd_muziyao/SHUD-OpenMP/SHUD/Basins/heihe/forcing.trimmed/X98.55Y41.65.csv
	 Reading 1226/1709: 	/scratch/frd_muziyao/SHUD-OpenMP/SHUD/Basins/heihe/forcing.trimmed/X98.65Y41.65.csv
	 Reading 1227/1709: 	/scratch/frd_muziyao/SHUD-OpenMP/SHUD/Basins/heihe/forcing.trimmed/X98.75Y41.65.csv
	 Reading 1228/1709: 	/scratch/frd_muziyao/SHUD-OpenMP/SHUD/Basins/heihe/forcing.trimmed/X98.85Y41.65.csv
	 Reading 1229/1709: 	/scratch/frd_muziyao/SHUD-OpenMP/SHUD/Basins/heihe/forcing.trimmed/X98.95Y41.65.csv
	 Reading 1230/1709: 	/scratch/frd_muziyao/SHUD-OpenMP/SHUD/Basins/heihe/forcing.trimmed/X99.05Y41.65.csv
	 Reading 1231/1709: 	/scratch/frd_muziyao/SHUD-OpenMP/SHUD/Basins/heihe/forcing.trimmed/X99.15Y41.65.csv
	 Reading 1232/1709: 	/scratch/frd_muziyao/SHUD-OpenMP/SHUD/Basins/heihe/forcing.trimmed/X99.25Y41.65.csv
	 Reading 1233/1709: 	/scratch/frd_muziyao/SHUD-OpenMP/SHUD/Basins/heihe/forcing.trimmed/X99.35Y41.65.csv
	 Reading 1234/1709: 	/scratch/frd_muziyao/SHUD-OpenMP/SHUD/Basins/heihe/forcing.trimmed/X99.45Y41.65.csv
	 Reading 1235/1709: 	/scratch/frd_muziyao/SHUD-OpenMP/SHUD/Basins/heihe/forcing.trimmed/X99.55Y41.65.csv
	 Reading 1236/1709: 	/scratch/frd_muziyao/SHUD-OpenMP/SHUD/Basins/heihe/forcing.trimmed/X99.65Y41.65.csv
	 Reading 1237/1709: 	/scratch/frd_muziyao/SHUD-OpenMP/SHUD/Basins/heihe/forcing.trimmed/X99.75Y41.65.csv
	 Reading 1238/1709: 	/scratch/frd_muziyao/SHUD-OpenMP/SHUD/Basins/heihe/forcing.trimmed/X99.85Y41.65.csv
	 Reading 1239/1709: 	/scratch/frd_muziyao/SHUD-OpenMP/SHUD/Basins/heihe/forcing.trimmed/X99.95Y41.65.csv
	 Reading 1240/1709: 	/scratch/frd_muziyao/SHUD-OpenMP/SHUD/Basins/heihe/forcing.trimmed/X100.05Y41.65.csv
	 Reading 1241/1709: 	/scratch/frd_muziyao/SHUD-OpenMP/SHUD/Basins/heihe/forcing.trimmed/X100.15Y41.65.csv
	 Reading 1242/1709: 	/scratch/frd_muziyao/SHUD-OpenMP/SHUD/Basins/heihe/forcing.trimmed/X100.25Y41.65.csv
	 Reading 1243/1709: 	/scratch/frd_muziyao/SHUD-OpenMP/SHUD/Basins/heihe/forcing.trimmed/X100.35Y41.65.csv
	 Reading 1244/1709: 	/scratch/frd_muziyao/SHUD-OpenMP/SHUD/Basins/heihe/forcing.trimmed/X100.45Y41.65.csv
	 Reading 1245/1709: 	/scratch/frd_muziyao/SHUD-OpenMP/SHUD/Basins/heihe/forcing.trimmed/X100.55Y41.65.csv
	 Reading 1246/1709: 	/scratch/frd_muziyao/SHUD-OpenMP/SHUD/Basins/heihe/forcing.trimmed/X100.65Y41.65.csv
	 Reading 1247/1709: 	/scratch/frd_muziyao/SHUD-OpenMP/SHUD/Basins/heihe/forcing.trimmed/X100.75Y41.65.csv
	 Reading 1248/1709: 	/scratch/frd_muziyao/SHUD-OpenMP/SHUD/Basins/heihe/forcing.trimmed/X100.85Y41.65.csv
	 Reading 1249/1709: 	/scratch/frd_muziyao/SHUD-OpenMP/SHUD/Basins/heihe/forcing.trimmed/X100.95Y41.65.csv
	 Reading 1250/1709: 	/scratch/frd_muziyao/SHUD-OpenMP/SHUD/Basins/heihe/forcing.trimmed/X101.05Y41.65.csv
	 Reading 1251/1709: 	/scratch/frd_muziyao/SHUD-OpenMP/SHUD/Basins/heihe/forcing.trimmed/X101.15Y41.65.csv
	 Reading 1252/1709: 	/scratch/frd_muziyao/SHUD-OpenMP/SHUD/Basins/heihe/forcing.trimmed/X101.25Y41.65.csv
	 Reading 1253/1709: 	/scratch/frd_muziyao/SHUD-OpenMP/SHUD/Basins/heihe/forcing.trimmed/X101.35Y41.65.csv
	 Reading 1254/1709: 	/scratch/frd_muziyao/SHUD-OpenMP/SHUD/Basins/heihe/forcing.trimmed/X101.45Y41.65.csv
	 Reading 1255/1709: 	/scratch/frd_muziyao/SHUD-OpenMP/SHUD/Basins/heihe/forcing.trimmed/X101.55Y41.65.csv
	 Reading 1256/1709: 	/scratch/frd_muziyao/SHUD-OpenMP/SHUD/Basins/heihe/forcing.trimmed/X101.65Y41.65.csv
	 Reading 1257/1709: 	/scratch/frd_muziyao/SHUD-OpenMP/SHUD/Basins/heihe/forcing.trimmed/X101.75Y41.65.csv
	 Reading 1258/1709: 	/scratch/frd_muziyao/SHUD-OpenMP/SHUD/Basins/heihe/forcing.trimmed/X101.85Y41.65.csv
	 Reading 1259/1709: 	/scratch/frd_muziyao/SHUD-OpenMP/SHUD/Basins/heihe/forcing.trimmed/X101.95Y41.65.csv
	 Reading 1260/1709: 	/scratch/frd_muziyao/SHUD-OpenMP/SHUD/Basins/heihe/forcing.trimmed/X97.05Y41.75.csv
	 Reading 1261/1709: 	/scratch/frd_muziyao/SHUD-OpenMP/SHUD/Basins/heihe/forcing.trimmed/X97.15Y41.75.csv
	 Reading 1262/1709: 	/scratch/frd_muziyao/SHUD-OpenMP/SHUD/Basins/heihe/forcing.trimmed/X97.25Y41.75.csv
	 Reading 1263/1709: 	/scratch/frd_muziyao/SHUD-OpenMP/SHUD/Basins/heihe/forcing.trimmed/X97.35Y41.75.csv
	 Reading 1264/1709: 	/scratch/frd_muziyao/SHUD-OpenMP/SHUD/Basins/heihe/forcing.trimmed/X97.45Y41.75.csv
	 Reading 1265/1709: 	/scratch/frd_muziyao/SHUD-OpenMP/SHUD/Basins/heihe/forcing.trimmed/X97.55Y41.75.csv
	 Reading 1266/1709: 	/scratch/frd_muziyao/SHUD-OpenMP/SHUD/Basins/heihe/forcing.trimmed/X97.65Y41.75.csv
	 Reading 1267/1709: 	/scratch/frd_muziyao/SHUD-OpenMP/SHUD/Basins/heihe/forcing.trimmed/X97.75Y41.75.csv
	 Reading 1268/1709: 	/scratch/frd_muziyao/SHUD-OpenMP/SHUD/Basins/heihe/forcing.trimmed/X97.85Y41.75.csv
	 Reading 1269/1709: 	/scratch/frd_muziyao/SHUD-OpenMP/SHUD/Basins/heihe/forcing.trimmed/X97.95Y41.75.csv
	 Reading 1270/1709: 	/scratch/frd_muziyao/SHUD-OpenMP/SHUD/Basins/heihe/forcing.trimmed/X98.05Y41.75.csv
	 Reading 1271/1709: 	/scratch/frd_muziyao/SHUD-OpenMP/SHUD/Basins/heihe/forcing.trimmed/X98.15Y41.75.csv
	 Reading 1272/1709: 	/scratch/frd_muziyao/SHUD-OpenMP/SHUD/Basins/heihe/forcing.trimmed/X98.25Y41.75.csv
	 Reading 1273/1709: 	/scratch/frd_muziyao/SHUD-OpenMP/SHUD/Basins/heihe/forcing.trimmed/X98.35Y41.75.csv
	 Reading 1274/1709: 	/scratch/frd_muziyao/SHUD-OpenMP/SHUD/Basins/heihe/forcing.trimmed/X98.45Y41.75.csv
	 Reading 1275/1709: 	/scratch/frd_muziyao/SHUD-OpenMP/SHUD/Basins/heihe/forcing.trimmed/X98.55Y41.75.csv
	 Reading 1276/1709: 	/scratch/frd_muziyao/SHUD-OpenMP/SHUD/Basins/heihe/forcing.trimmed/X98.65Y41.75.csv
	 Reading 1277/1709: 	/scratch/frd_muziyao/SHUD-OpenMP/SHUD/Basins/heihe/forcing.trimmed/X98.75Y41.75.csv
	 Reading 1278/1709: 	/scratch/frd_muziyao/SHUD-OpenMP/SHUD/Basins/heihe/forcing.trimmed/X98.85Y41.75.csv
	 Reading 1279/1709: 	/scratch/frd_muziyao/SHUD-OpenMP/SHUD/Basins/heihe/forcing.trimmed/X98.95Y41.75.csv
	 Reading 1280/1709: 	/scratch/frd_muziyao/SHUD-OpenMP/SHUD/Basins/heihe/forcing.trimmed/X99.05Y41.75.csv
	 Reading 1281/1709: 	/scratch/frd_muziyao/SHUD-OpenMP/SHUD/Basins/heihe/forcing.trimmed/X99.15Y41.75.csv
	 Reading 1282/1709: 	/scratch/frd_muziyao/SHUD-OpenMP/SHUD/Basins/heihe/forcing.trimmed/X99.25Y41.75.csv
	 Reading 1283/1709: 	/scratch/frd_muziyao/SHUD-OpenMP/SHUD/Basins/heihe/forcing.trimmed/X99.35Y41.75.csv
	 Reading 1284/1709: 	/scratch/frd_muziyao/SHUD-OpenMP/SHUD/Basins/heihe/forcing.trimmed/X99.45Y41.75.csv
	 Reading 1285/1709: 	/scratch/frd_muziyao/SHUD-OpenMP/SHUD/Basins/heihe/forcing.trimmed/X99.55Y41.75.csv
	 Reading 1286/1709: 	/scratch/frd_muziyao/SHUD-OpenMP/SHUD/Basins/heihe/forcing.trimmed/X99.65Y41.75.csv
	 Reading 1287/1709: 	/scratch/frd_muziyao/SHUD-OpenMP/SHUD/Basins/heihe/forcing.trimmed/X99.75Y41.75.csv
	 Reading 1288/1709: 	/scratch/frd_muziyao/SHUD-OpenMP/SHUD/Basins/heihe/forcing.trimmed/X99.85Y41.75.csv
	 Reading 1289/1709: 	/scratch/frd_muziyao/SHUD-OpenMP/SHUD/Basins/heihe/forcing.trimmed/X99.95Y41.75.csv
	 Reading 1290/1709: 	/scratch/frd_muziyao/SHUD-OpenMP/SHUD/Basins/heihe/forcing.trimmed/X100.05Y41.75.csv
	 Reading 1291/1709: 	/scratch/frd_muziyao/SHUD-OpenMP/SHUD/Basins/heihe/forcing.trimmed/X100.15Y41.75.csv
	 Reading 1292/1709: 	/scratch/frd_muziyao/SHUD-OpenMP/SHUD/Basins/heihe/forcing.trimmed/X100.25Y41.75.csv
	 Reading 1293/1709: 	/scratch/frd_muziyao/SHUD-OpenMP/SHUD/Basins/heihe/forcing.trimmed/X100.35Y41.75.csv
	 Reading 1294/1709: 	/scratch/frd_muziyao/SHUD-OpenMP/SHUD/Basins/heihe/forcing.trimmed/X100.45Y41.75.csv
	 Reading 1295/1709: 	/scratch/frd_muziyao/SHUD-OpenMP/SHUD/Basins/heihe/forcing.trimmed/X100.55Y41.75.csv
	 Reading 1296/1709: 	/scratch/frd_muziyao/SHUD-OpenMP/SHUD/Basins/heihe/forcing.trimmed/X100.65Y41.75.csv
	 Reading 1297/1709: 	/scratch/frd_muziyao/SHUD-OpenMP/SHUD/Basins/heihe/forcing.trimmed/X100.75Y41.75.csv
	 Reading 1298/1709: 	/scratch/frd_muziyao/SHUD-OpenMP/SHUD/Basins/heihe/forcing.trimmed/X100.85Y41.75.csv
	 Reading 1299/1709: 	/scratch/frd_muziyao/SHUD-OpenMP/SHUD/Basins/heihe/forcing.trimmed/X100.95Y41.75.csv
	 Reading 1300/1709: 	/scratch/frd_muziyao/SHUD-OpenMP/SHUD/Basins/heihe/forcing.trimmed/X101.05Y41.75.csv
	 Reading 1301/1709: 	/scratch/frd_muziyao/SHUD-OpenMP/SHUD/Basins/heihe/forcing.trimmed/X101.15Y41.75.csv
	 Reading 1302/1709: 	/scratch/frd_muziyao/SHUD-OpenMP/SHUD/Basins/heihe/forcing.trimmed/X101.25Y41.75.csv
	 Reading 1303/1709: 	/scratch/frd_muziyao/SHUD-OpenMP/SHUD/Basins/heihe/forcing.trimmed/X101.35Y41.75.csv
	 Reading 1304/1709: 	/scratch/frd_muziyao/SHUD-OpenMP/SHUD/Basins/heihe/forcing.trimmed/X101.45Y41.75.csv
	 Reading 1305/1709: 	/scratch/frd_muziyao/SHUD-OpenMP/SHUD/Basins/heihe/forcing.trimmed/X101.55Y41.75.csv
	 Reading 1306/1709: 	/scratch/frd_muziyao/SHUD-OpenMP/SHUD/Basins/heihe/forcing.trimmed/X101.65Y41.75.csv
	 Reading 1307/1709: 	/scratch/frd_muziyao/SHUD-OpenMP/SHUD/Basins/heihe/forcing.trimmed/X101.75Y41.75.csv
	 Reading 1308/1709: 	/scratch/frd_muziyao/SHUD-OpenMP/SHUD/Basins/heihe/forcing.trimmed/X101.85Y41.75.csv
	 Reading 1309/1709: 	/scratch/frd_muziyao/SHUD-OpenMP/SHUD/Basins/heihe/forcing.trimmed/X101.95Y41.75.csv
	 Reading 1310/1709: 	/scratch/frd_muziyao/SHUD-OpenMP/SHUD/Basins/heihe/forcing.trimmed/X97.05Y41.85.csv
	 Reading 1311/1709: 	/scratch/frd_muziyao/SHUD-OpenMP/SHUD/Basins/heihe/forcing.trimmed/X97.15Y41.85.csv
	 Reading 1312/1709: 	/scratch/frd_muziyao/SHUD-OpenMP/SHUD/Basins/heihe/forcing.trimmed/X97.25Y41.85.csv
	 Reading 1313/1709: 	/scratch/frd_muziyao/SHUD-OpenMP/SHUD/Basins/heihe/forcing.trimmed/X97.35Y41.85.csv
	 Reading 1314/1709: 	/scratch/frd_muziyao/SHUD-OpenMP/SHUD/Basins/heihe/forcing.trimmed/X97.45Y41.85.csv
	 Reading 1315/1709: 	/scratch/frd_muziyao/SHUD-OpenMP/SHUD/Basins/heihe/forcing.trimmed/X97.55Y41.85.csv
	 Reading 1316/1709: 	/scratch/frd_muziyao/SHUD-OpenMP/SHUD/Basins/heihe/forcing.trimmed/X97.65Y41.85.csv
	 Reading 1317/1709: 	/scratch/frd_muziyao/SHUD-OpenMP/SHUD/Basins/heihe/forcing.trimmed/X97.75Y41.85.csv
	 Reading 1318/1709: 	/scratch/frd_muziyao/SHUD-OpenMP/SHUD/Basins/heihe/forcing.trimmed/X97.85Y41.85.csv
	 Reading 1319/1709: 	/scratch/frd_muziyao/SHUD-OpenMP/SHUD/Basins/heihe/forcing.trimmed/X97.95Y41.85.csv
	 Reading 1320/1709: 	/scratch/frd_muziyao/SHUD-OpenMP/SHUD/Basins/heihe/forcing.trimmed/X98.05Y41.85.csv
	 Reading 1321/1709: 	/scratch/frd_muziyao/SHUD-OpenMP/SHUD/Basins/heihe/forcing.trimmed/X98.15Y41.85.csv
	 Reading 1322/1709: 	/scratch/frd_muziyao/SHUD-OpenMP/SHUD/Basins/heihe/forcing.trimmed/X98.25Y41.85.csv
	 Reading 1323/1709: 	/scratch/frd_muziyao/SHUD-OpenMP/SHUD/Basins/heihe/forcing.trimmed/X98.35Y41.85.csv
	 Reading 1324/1709: 	/scratch/frd_muziyao/SHUD-OpenMP/SHUD/Basins/heihe/forcing.trimmed/X98.45Y41.85.csv
	 Reading 1325/1709: 	/scratch/frd_muziyao/SHUD-OpenMP/SHUD/Basins/heihe/forcing.trimmed/X98.55Y41.85.csv
	 Reading 1326/1709: 	/scratch/frd_muziyao/SHUD-OpenMP/SHUD/Basins/heihe/forcing.trimmed/X98.65Y41.85.csv
	 Reading 1327/1709: 	/scratch/frd_muziyao/SHUD-OpenMP/SHUD/Basins/heihe/forcing.trimmed/X98.75Y41.85.csv
	 Reading 1328/1709: 	/scratch/frd_muziyao/SHUD-OpenMP/SHUD/Basins/heihe/forcing.trimmed/X98.85Y41.85.csv
	 Reading 1329/1709: 	/scratch/frd_muziyao/SHUD-OpenMP/SHUD/Basins/heihe/forcing.trimmed/X98.95Y41.85.csv
	 Reading 1330/1709: 	/scratch/frd_muziyao/SHUD-OpenMP/SHUD/Basins/heihe/forcing.trimmed/X99.05Y41.85.csv
	 Reading 1331/1709: 	/scratch/frd_muziyao/SHUD-OpenMP/SHUD/Basins/heihe/forcing.trimmed/X99.15Y41.85.csv
	 Reading 1332/1709: 	/scratch/frd_muziyao/SHUD-OpenMP/SHUD/Basins/heihe/forcing.trimmed/X99.25Y41.85.csv
	 Reading 1333/1709: 	/scratch/frd_muziyao/SHUD-OpenMP/SHUD/Basins/heihe/forcing.trimmed/X99.35Y41.85.csv
	 Reading 1334/1709: 	/scratch/frd_muziyao/SHUD-OpenMP/SHUD/Basins/heihe/forcing.trimmed/X99.45Y41.85.csv
	 Reading 1335/1709: 	/scratch/frd_muziyao/SHUD-OpenMP/SHUD/Basins/heihe/forcing.trimmed/X99.55Y41.85.csv
	 Reading 1336/1709: 	/scratch/frd_muziyao/SHUD-OpenMP/SHUD/Basins/heihe/forcing.trimmed/X99.65Y41.85.csv
	 Reading 1337/1709: 	/scratch/frd_muziyao/SHUD-OpenMP/SHUD/Basins/heihe/forcing.trimmed/X99.75Y41.85.csv
	 Reading 1338/1709: 	/scratch/frd_muziyao/SHUD-OpenMP/SHUD/Basins/heihe/forcing.trimmed/X99.85Y41.85.csv
	 Reading 1339/1709: 	/scratch/frd_muziyao/SHUD-OpenMP/SHUD/Basins/heihe/forcing.trimmed/X99.95Y41.85.csv
	 Reading 1340/1709: 	/scratch/frd_muziyao/SHUD-OpenMP/SHUD/Basins/heihe/forcing.trimmed/X100.05Y41.85.csv
	 Reading 1341/1709: 	/scratch/frd_muziyao/SHUD-OpenMP/SHUD/Basins/heihe/forcing.trimmed/X100.15Y41.85.csv
	 Reading 1342/1709: 	/scratch/frd_muziyao/SHUD-OpenMP/SHUD/Basins/heihe/forcing.trimmed/X100.25Y41.85.csv
	 Reading 1343/1709: 	/scratch/frd_muziyao/SHUD-OpenMP/SHUD/Basins/heihe/forcing.trimmed/X100.35Y41.85.csv
	 Reading 1344/1709: 	/scratch/frd_muziyao/SHUD-OpenMP/SHUD/Basins/heihe/forcing.trimmed/X100.45Y41.85.csv
	 Reading 1345/1709: 	/scratch/frd_muziyao/SHUD-OpenMP/SHUD/Basins/heihe/forcing.trimmed/X100.55Y41.85.csv
	 Reading 1346/1709: 	/scratch/frd_muziyao/SHUD-OpenMP/SHUD/Basins/heihe/forcing.trimmed/X100.65Y41.85.csv
	 Reading 1347/1709: 	/scratch/frd_muziyao/SHUD-OpenMP/SHUD/Basins/heihe/forcing.trimmed/X100.75Y41.85.csv
	 Reading 1348/1709: 	/scratch/frd_muziyao/SHUD-OpenMP/SHUD/Basins/heihe/forcing.trimmed/X100.85Y41.85.csv
	 Reading 1349/1709: 	/scratch/frd_muziyao/SHUD-OpenMP/SHUD/Basins/heihe/forcing.trimmed/X100.95Y41.85.csv
	 Reading 1350/1709: 	/scratch/frd_muziyao/SHUD-OpenMP/SHUD/Basins/heihe/forcing.trimmed/X101.05Y41.85.csv
	 Reading 1351/1709: 	/scratch/frd_muziyao/SHUD-OpenMP/SHUD/Basins/heihe/forcing.trimmed/X101.15Y41.85.csv
	 Reading 1352/1709: 	/scratch/frd_muziyao/SHUD-OpenMP/SHUD/Basins/heihe/forcing.trimmed/X101.25Y41.85.csv
	 Reading 1353/1709: 	/scratch/frd_muziyao/SHUD-OpenMP/SHUD/Basins/heihe/forcing.trimmed/X101.35Y41.85.csv
	 Reading 1354/1709: 	/scratch/frd_muziyao/SHUD-OpenMP/SHUD/Basins/heihe/forcing.trimmed/X101.45Y41.85.csv
	 Reading 1355/1709: 	/scratch/frd_muziyao/SHUD-OpenMP/SHUD/Basins/heihe/forcing.trimmed/X101.55Y41.85.csv
	 Reading 1356/1709: 	/scratch/frd_muziyao/SHUD-OpenMP/SHUD/Basins/heihe/forcing.trimmed/X101.65Y41.85.csv
	 Reading 1357/1709: 	/scratch/frd_muziyao/SHUD-OpenMP/SHUD/Basins/heihe/forcing.trimmed/X101.75Y41.85.csv
	 Reading 1358/1709: 	/scratch/frd_muziyao/SHUD-OpenMP/SHUD/Basins/heihe/forcing.trimmed/X101.85Y41.85.csv
	 Reading 1359/1709: 	/scratch/frd_muziyao/SHUD-OpenMP/SHUD/Basins/heihe/forcing.trimmed/X101.95Y41.85.csv
	 Reading 1360/1709: 	/scratch/frd_muziyao/SHUD-OpenMP/SHUD/Basins/heihe/forcing.trimmed/X97.15Y41.95.csv
	 Reading 1361/1709: 	/scratch/frd_muziyao/SHUD-OpenMP/SHUD/Basins/heihe/forcing.trimmed/X97.25Y41.95.csv
	 Reading 1362/1709: 	/scratch/frd_muziyao/SHUD-OpenMP/SHUD/Basins/heihe/forcing.trimmed/X97.35Y41.95.csv
	 Reading 1363/1709: 	/scratch/frd_muziyao/SHUD-OpenMP/SHUD/Basins/heihe/forcing.trimmed/X97.45Y41.95.csv
	 Reading 1364/1709: 	/scratch/frd_muziyao/SHUD-OpenMP/SHUD/Basins/heihe/forcing.trimmed/X97.55Y41.95.csv
	 Reading 1365/1709: 	/scratch/frd_muziyao/SHUD-OpenMP/SHUD/Basins/heihe/forcing.trimmed/X97.65Y41.95.csv
	 Reading 1366/1709: 	/scratch/frd_muziyao/SHUD-OpenMP/SHUD/Basins/heihe/forcing.trimmed/X97.75Y41.95.csv
	 Reading 1367/1709: 	/scratch/frd_muziyao/SHUD-OpenMP/SHUD/Basins/heihe/forcing.trimmed/X97.85Y41.95.csv
	 Reading 1368/1709: 	/scratch/frd_muziyao/SHUD-OpenMP/SHUD/Basins/heihe/forcing.trimmed/X97.95Y41.95.csv
	 Reading 1369/1709: 	/scratch/frd_muziyao/SHUD-OpenMP/SHUD/Basins/heihe/forcing.trimmed/X98.05Y41.95.csv
	 Reading 1370/1709: 	/scratch/frd_muziyao/SHUD-OpenMP/SHUD/Basins/heihe/forcing.trimmed/X98.15Y41.95.csv
	 Reading 1371/1709: 	/scratch/frd_muziyao/SHUD-OpenMP/SHUD/Basins/heihe/forcing.trimmed/X98.25Y41.95.csv
	 Reading 1372/1709: 	/scratch/frd_muziyao/SHUD-OpenMP/SHUD/Basins/heihe/forcing.trimmed/X98.35Y41.95.csv
	 Reading 1373/1709: 	/scratch/frd_muziyao/SHUD-OpenMP/SHUD/Basins/heihe/forcing.trimmed/X98.45Y41.95.csv
	 Reading 1374/1709: 	/scratch/frd_muziyao/SHUD-OpenMP/SHUD/Basins/heihe/forcing.trimmed/X98.55Y41.95.csv
	 Reading 1375/1709: 	/scratch/frd_muziyao/SHUD-OpenMP/SHUD/Basins/heihe/forcing.trimmed/X98.65Y41.95.csv
	 Reading 1376/1709: 	/scratch/frd_muziyao/SHUD-OpenMP/SHUD/Basins/heihe/forcing.trimmed/X98.75Y41.95.csv
	 Reading 1377/1709: 	/scratch/frd_muziyao/SHUD-OpenMP/SHUD/Basins/heihe/forcing.trimmed/X98.85Y41.95.csv
	 Reading 1378/1709: 	/scratch/frd_muziyao/SHUD-OpenMP/SHUD/Basins/heihe/forcing.trimmed/X98.95Y41.95.csv
	 Reading 1379/1709: 	/scratch/frd_muziyao/SHUD-OpenMP/SHUD/Basins/heihe/forcing.trimmed/X99.05Y41.95.csv
	 Reading 1380/1709: 	/scratch/frd_muziyao/SHUD-OpenMP/SHUD/Basins/heihe/forcing.trimmed/X99.15Y41.95.csv
	 Reading 1381/1709: 	/scratch/frd_muziyao/SHUD-OpenMP/SHUD/Basins/heihe/forcing.trimmed/X99.25Y41.95.csv
	 Reading 1382/1709: 	/scratch/frd_muziyao/SHUD-OpenMP/SHUD/Basins/heihe/forcing.trimmed/X99.35Y41.95.csv
	 Reading 1383/1709: 	/scratch/frd_muziyao/SHUD-OpenMP/SHUD/Basins/heihe/forcing.trimmed/X99.45Y41.95.csv
	 Reading 1384/1709: 	/scratch/frd_muziyao/SHUD-OpenMP/SHUD/Basins/heihe/forcing.trimmed/X99.55Y41.95.csv
	 Reading 1385/1709: 	/scratch/frd_muziyao/SHUD-OpenMP/SHUD/Basins/heihe/forcing.trimmed/X99.65Y41.95.csv
	 Reading 1386/1709: 	/scratch/frd_muziyao/SHUD-OpenMP/SHUD/Basins/heihe/forcing.trimmed/X99.75Y41.95.csv
	 Reading 1387/1709: 	/scratch/frd_muziyao/SHUD-OpenMP/SHUD/Basins/heihe/forcing.trimmed/X99.85Y41.95.csv
	 Reading 1388/1709: 	/scratch/frd_muziyao/SHUD-OpenMP/SHUD/Basins/heihe/forcing.trimmed/X99.95Y41.95.csv
	 Reading 1389/1709: 	/scratch/frd_muziyao/SHUD-OpenMP/SHUD/Basins/heihe/forcing.trimmed/X100.05Y41.95.csv
	 Reading 1390/1709: 	/scratch/frd_muziyao/SHUD-OpenMP/SHUD/Basins/heihe/forcing.trimmed/X100.15Y41.95.csv
	 Reading 1391/1709: 	/scratch/frd_muziyao/SHUD-OpenMP/SHUD/Basins/heihe/forcing.trimmed/X100.25Y41.95.csv
	 Reading 1392/1709: 	/scratch/frd_muziyao/SHUD-OpenMP/SHUD/Basins/heihe/forcing.trimmed/X100.35Y41.95.csv
	 Reading 1393/1709: 	/scratch/frd_muziyao/SHUD-OpenMP/SHUD/Basins/heihe/forcing.trimmed/X100.45Y41.95.csv
	 Reading 1394/1709: 	/scratch/frd_muziyao/SHUD-OpenMP/SHUD/Basins/heihe/forcing.trimmed/X100.55Y41.95.csv
	 Reading 1395/1709: 	/scratch/frd_muziyao/SHUD-OpenMP/SHUD/Basins/heihe/forcing.trimmed/X100.65Y41.95.csv
	 Reading 1396/1709: 	/scratch/frd_muziyao/SHUD-OpenMP/SHUD/Basins/heihe/forcing.trimmed/X100.75Y41.95.csv
	 Reading 1397/1709: 	/scratch/frd_muziyao/SHUD-OpenMP/SHUD/Basins/heihe/forcing.trimmed/X100.85Y41.95.csv
	 Reading 1398/1709: 	/scratch/frd_muziyao/SHUD-OpenMP/SHUD/Basins/heihe/forcing.trimmed/X100.95Y41.95.csv
	 Reading 1399/1709: 	/scratch/frd_muziyao/SHUD-OpenMP/SHUD/Basins/heihe/forcing.trimmed/X101.05Y41.95.csv
	 Reading 1400/1709: 	/scratch/frd_muziyao/SHUD-OpenMP/SHUD/Basins/heihe/forcing.trimmed/X101.15Y41.95.csv
	 Reading 1401/1709: 	/scratch/frd_muziyao/SHUD-OpenMP/SHUD/Basins/heihe/forcing.trimmed/X101.25Y41.95.csv
	 Reading 1402/1709: 	/scratch/frd_muziyao/SHUD-OpenMP/SHUD/Basins/heihe/forcing.trimmed/X101.35Y41.95.csv
	 Reading 1403/1709: 	/scratch/frd_muziyao/SHUD-OpenMP/SHUD/Basins/heihe/forcing.trimmed/X101.45Y41.95.csv
	 Reading 1404/1709: 	/scratch/frd_muziyao/SHUD-OpenMP/SHUD/Basins/heihe/forcing.trimmed/X101.55Y41.95.csv
	 Reading 1405/1709: 	/scratch/frd_muziyao/SHUD-OpenMP/SHUD/Basins/heihe/forcing.trimmed/X101.65Y41.95.csv
	 Reading 1406/1709: 	/scratch/frd_muziyao/SHUD-OpenMP/SHUD/Basins/heihe/forcing.trimmed/X101.75Y41.95.csv
	 Reading 1407/1709: 	/scratch/frd_muziyao/SHUD-OpenMP/SHUD/Basins/heihe/forcing.trimmed/X101.85Y41.95.csv
	 Reading 1408/1709: 	/scratch/frd_muziyao/SHUD-OpenMP/SHUD/Basins/heihe/forcing.trimmed/X101.95Y41.95.csv
	 Reading 1409/1709: 	/scratch/frd_muziyao/SHUD-OpenMP/SHUD/Basins/heihe/forcing.trimmed/X97.25Y42.05.csv
	 Reading 1410/1709: 	/scratch/frd_muziyao/SHUD-OpenMP/SHUD/Basins/heihe/forcing.trimmed/X97.35Y42.05.csv
	 Reading 1411/1709: 	/scratch/frd_muziyao/SHUD-OpenMP/SHUD/Basins/heihe/forcing.trimmed/X97.45Y42.05.csv
	 Reading 1412/1709: 	/scratch/frd_muziyao/SHUD-OpenMP/SHUD/Basins/heihe/forcing.trimmed/X97.55Y42.05.csv
	 Reading 1413/1709: 	/scratch/frd_muziyao/SHUD-OpenMP/SHUD/Basins/heihe/forcing.trimmed/X97.65Y42.05.csv
	 Reading 1414/1709: 	/scratch/frd_muziyao/SHUD-OpenMP/SHUD/Basins/heihe/forcing.trimmed/X97.75Y42.05.csv
	 Reading 1415/1709: 	/scratch/frd_muziyao/SHUD-OpenMP/SHUD/Basins/heihe/forcing.trimmed/X97.85Y42.05.csv
	 Reading 1416/1709: 	/scratch/frd_muziyao/SHUD-OpenMP/SHUD/Basins/heihe/forcing.trimmed/X97.95Y42.05.csv
	 Reading 1417/1709: 	/scratch/frd_muziyao/SHUD-OpenMP/SHUD/Basins/heihe/forcing.trimmed/X98.05Y42.05.csv
	 Reading 1418/1709: 	/scratch/frd_muziyao/SHUD-OpenMP/SHUD/Basins/heihe/forcing.trimmed/X98.15Y42.05.csv
	 Reading 1419/1709: 	/scratch/frd_muziyao/SHUD-OpenMP/SHUD/Basins/heihe/forcing.trimmed/X98.25Y42.05.csv
	 Reading 1420/1709: 	/scratch/frd_muziyao/SHUD-OpenMP/SHUD/Basins/heihe/forcing.trimmed/X98.35Y42.05.csv
	 Reading 1421/1709: 	/scratch/frd_muziyao/SHUD-OpenMP/SHUD/Basins/heihe/forcing.trimmed/X98.45Y42.05.csv
	 Reading 1422/1709: 	/scratch/frd_muziyao/SHUD-OpenMP/SHUD/Basins/heihe/forcing.trimmed/X98.55Y42.05.csv
	 Reading 1423/1709: 	/scratch/frd_muziyao/SHUD-OpenMP/SHUD/Basins/heihe/forcing.trimmed/X98.65Y42.05.csv
	 Reading 1424/1709: 	/scratch/frd_muziyao/SHUD-OpenMP/SHUD/Basins/heihe/forcing.trimmed/X98.75Y42.05.csv
	 Reading 1425/1709: 	/scratch/frd_muziyao/SHUD-OpenMP/SHUD/Basins/heihe/forcing.trimmed/X98.85Y42.05.csv
	 Reading 1426/1709: 	/scratch/frd_muziyao/SHUD-OpenMP/SHUD/Basins/heihe/forcing.trimmed/X98.95Y42.05.csv
	 Reading 1427/1709: 	/scratch/frd_muziyao/SHUD-OpenMP/SHUD/Basins/heihe/forcing.trimmed/X99.05Y42.05.csv
	 Reading 1428/1709: 	/scratch/frd_muziyao/SHUD-OpenMP/SHUD/Basins/heihe/forcing.trimmed/X99.15Y42.05.csv
	 Reading 1429/1709: 	/scratch/frd_muziyao/SHUD-OpenMP/SHUD/Basins/heihe/forcing.trimmed/X99.25Y42.05.csv
	 Reading 1430/1709: 	/scratch/frd_muziyao/SHUD-OpenMP/SHUD/Basins/heihe/forcing.trimmed/X99.35Y42.05.csv
	 Reading 1431/1709: 	/scratch/frd_muziyao/SHUD-OpenMP/SHUD/Basins/heihe/forcing.trimmed/X99.45Y42.05.csv
	 Reading 1432/1709: 	/scratch/frd_muziyao/SHUD-OpenMP/SHUD/Basins/heihe/forcing.trimmed/X99.55Y42.05.csv
	 Reading 1433/1709: 	/scratch/frd_muziyao/SHUD-OpenMP/SHUD/Basins/heihe/forcing.trimmed/X99.65Y42.05.csv
	 Reading 1434/1709: 	/scratch/frd_muziyao/SHUD-OpenMP/SHUD/Basins/heihe/forcing.trimmed/X99.75Y42.05.csv
	 Reading 1435/1709: 	/scratch/frd_muziyao/SHUD-OpenMP/SHUD/Basins/heihe/forcing.trimmed/X99.85Y42.05.csv
	 Reading 1436/1709: 	/scratch/frd_muziyao/SHUD-OpenMP/SHUD/Basins/heihe/forcing.trimmed/X99.95Y42.05.csv
	 Reading 1437/1709: 	/scratch/frd_muziyao/SHUD-OpenMP/SHUD/Basins/heihe/forcing.trimmed/X100.05Y42.05.csv
	 Reading 1438/1709: 	/scratch/frd_muziyao/SHUD-OpenMP/SHUD/Basins/heihe/forcing.trimmed/X100.15Y42.05.csv
	 Reading 1439/1709: 	/scratch/frd_muziyao/SHUD-OpenMP/SHUD/Basins/heihe/forcing.trimmed/X100.25Y42.05.csv
	 Reading 1440/1709: 	/scratch/frd_muziyao/SHUD-OpenMP/SHUD/Basins/heihe/forcing.trimmed/X100.35Y42.05.csv
	 Reading 1441/1709: 	/scratch/frd_muziyao/SHUD-OpenMP/SHUD/Basins/heihe/forcing.trimmed/X100.45Y42.05.csv
	 Reading 1442/1709: 	/scratch/frd_muziyao/SHUD-OpenMP/SHUD/Basins/heihe/forcing.trimmed/X100.55Y42.05.csv
	 Reading 1443/1709: 	/scratch/frd_muziyao/SHUD-OpenMP/SHUD/Basins/heihe/forcing.trimmed/X100.65Y42.05.csv
	 Reading 1444/1709: 	/scratch/frd_muziyao/SHUD-OpenMP/SHUD/Basins/heihe/forcing.trimmed/X100.75Y42.05.csv
	 Reading 1445/1709: 	/scratch/frd_muziyao/SHUD-OpenMP/SHUD/Basins/heihe/forcing.trimmed/X100.85Y42.05.csv
	 Reading 1446/1709: 	/scratch/frd_muziyao/SHUD-OpenMP/SHUD/Basins/heihe/forcing.trimmed/X100.95Y42.05.csv
	 Reading 1447/1709: 	/scratch/frd_muziyao/SHUD-OpenMP/SHUD/Basins/heihe/forcing.trimmed/X101.05Y42.05.csv
	 Reading 1448/1709: 	/scratch/frd_muziyao/SHUD-OpenMP/SHUD/Basins/heihe/forcing.trimmed/X101.15Y42.05.csv
	 Reading 1449/1709: 	/scratch/frd_muziyao/SHUD-OpenMP/SHUD/Basins/heihe/forcing.trimmed/X101.25Y42.05.csv
	 Reading 1450/1709: 	/scratch/frd_muziyao/SHUD-OpenMP/SHUD/Basins/heihe/forcing.trimmed/X101.35Y42.05.csv
	 Reading 1451/1709: 	/scratch/frd_muziyao/SHUD-OpenMP/SHUD/Basins/heihe/forcing.trimmed/X101.45Y42.05.csv
	 Reading 1452/1709: 	/scratch/frd_muziyao/SHUD-OpenMP/SHUD/Basins/heihe/forcing.trimmed/X101.55Y42.05.csv
	 Reading 1453/1709: 	/scratch/frd_muziyao/SHUD-OpenMP/SHUD/Basins/heihe/forcing.trimmed/X101.65Y42.05.csv
	 Reading 1454/1709: 	/scratch/frd_muziyao/SHUD-OpenMP/SHUD/Basins/heihe/forcing.trimmed/X101.75Y42.05.csv
	 Reading 1455/1709: 	/scratch/frd_muziyao/SHUD-OpenMP/SHUD/Basins/heihe/forcing.trimmed/X101.85Y42.05.csv
	 Reading 1456/1709: 	/scratch/frd_muziyao/SHUD-OpenMP/SHUD/Basins/heihe/forcing.trimmed/X101.95Y42.05.csv
	 Reading 1457/1709: 	/scratch/frd_muziyao/SHUD-OpenMP/SHUD/Basins/heihe/forcing.trimmed/X97.45Y42.15.csv
	 Reading 1458/1709: 	/scratch/frd_muziyao/SHUD-OpenMP/SHUD/Basins/heihe/forcing.trimmed/X97.55Y42.15.csv
	 Reading 1459/1709: 	/scratch/frd_muziyao/SHUD-OpenMP/SHUD/Basins/heihe/forcing.trimmed/X97.65Y42.15.csv
	 Reading 1460/1709: 	/scratch/frd_muziyao/SHUD-OpenMP/SHUD/Basins/heihe/forcing.trimmed/X97.75Y42.15.csv
	 Reading 1461/1709: 	/scratch/frd_muziyao/SHUD-OpenMP/SHUD/Basins/heihe/forcing.trimmed/X97.85Y42.15.csv
	 Reading 1462/1709: 	/scratch/frd_muziyao/SHUD-OpenMP/SHUD/Basins/heihe/forcing.trimmed/X97.95Y42.15.csv
	 Reading 1463/1709: 	/scratch/frd_muziyao/SHUD-OpenMP/SHUD/Basins/heihe/forcing.trimmed/X98.05Y42.15.csv
	 Reading 1464/1709: 	/scratch/frd_muziyao/SHUD-OpenMP/SHUD/Basins/heihe/forcing.trimmed/X98.15Y42.15.csv
	 Reading 1465/1709: 	/scratch/frd_muziyao/SHUD-OpenMP/SHUD/Basins/heihe/forcing.trimmed/X98.25Y42.15.csv
	 Reading 1466/1709: 	/scratch/frd_muziyao/SHUD-OpenMP/SHUD/Basins/heihe/forcing.trimmed/X98.35Y42.15.csv
	 Reading 1467/1709: 	/scratch/frd_muziyao/SHUD-OpenMP/SHUD/Basins/heihe/forcing.trimmed/X98.45Y42.15.csv
	 Reading 1468/1709: 	/scratch/frd_muziyao/SHUD-OpenMP/SHUD/Basins/heihe/forcing.trimmed/X98.55Y42.15.csv
	 Reading 1469/1709: 	/scratch/frd_muziyao/SHUD-OpenMP/SHUD/Basins/heihe/forcing.trimmed/X98.65Y42.15.csv
	 Reading 1470/1709: 	/scratch/frd_muziyao/SHUD-OpenMP/SHUD/Basins/heihe/forcing.trimmed/X98.75Y42.15.csv
	 Reading 1471/1709: 	/scratch/frd_muziyao/SHUD-OpenMP/SHUD/Basins/heihe/forcing.trimmed/X98.85Y42.15.csv
	 Reading 1472/1709: 	/scratch/frd_muziyao/SHUD-OpenMP/SHUD/Basins/heihe/forcing.trimmed/X98.95Y42.15.csv
	 Reading 1473/1709: 	/scratch/frd_muziyao/SHUD-OpenMP/SHUD/Basins/heihe/forcing.trimmed/X99.05Y42.15.csv
	 Reading 1474/1709: 	/scratch/frd_muziyao/SHUD-OpenMP/SHUD/Basins/heihe/forcing.trimmed/X99.15Y42.15.csv
	 Reading 1475/1709: 	/scratch/frd_muziyao/SHUD-OpenMP/SHUD/Basins/heihe/forcing.trimmed/X99.25Y42.15.csv
	 Reading 1476/1709: 	/scratch/frd_muziyao/SHUD-OpenMP/SHUD/Basins/heihe/forcing.trimmed/X99.35Y42.15.csv
	 Reading 1477/1709: 	/scratch/frd_muziyao/SHUD-OpenMP/SHUD/Basins/heihe/forcing.trimmed/X99.45Y42.15.csv
	 Reading 1478/1709: 	/scratch/frd_muziyao/SHUD-OpenMP/SHUD/Basins/heihe/forcing.trimmed/X99.55Y42.15.csv
	 Reading 1479/1709: 	/scratch/frd_muziyao/SHUD-OpenMP/SHUD/Basins/heihe/forcing.trimmed/X99.65Y42.15.csv
	 Reading 1480/1709: 	/scratch/frd_muziyao/SHUD-OpenMP/SHUD/Basins/heihe/forcing.trimmed/X99.75Y42.15.csv
	 Reading 1481/1709: 	/scratch/frd_muziyao/SHUD-OpenMP/SHUD/Basins/heihe/forcing.trimmed/X99.85Y42.15.csv
	 Reading 1482/1709: 	/scratch/frd_muziyao/SHUD-OpenMP/SHUD/Basins/heihe/forcing.trimmed/X99.95Y42.15.csv
	 Reading 1483/1709: 	/scratch/frd_muziyao/SHUD-OpenMP/SHUD/Basins/heihe/forcing.trimmed/X100.05Y42.15.csv
	 Reading 1484/1709: 	/scratch/frd_muziyao/SHUD-OpenMP/SHUD/Basins/heihe/forcing.trimmed/X100.15Y42.15.csv
	 Reading 1485/1709: 	/scratch/frd_muziyao/SHUD-OpenMP/SHUD/Basins/heihe/forcing.trimmed/X100.25Y42.15.csv
	 Reading 1486/1709: 	/scratch/frd_muziyao/SHUD-OpenMP/SHUD/Basins/heihe/forcing.trimmed/X100.35Y42.15.csv
	 Reading 1487/1709: 	/scratch/frd_muziyao/SHUD-OpenMP/SHUD/Basins/heihe/forcing.trimmed/X100.45Y42.15.csv
	 Reading 1488/1709: 	/scratch/frd_muziyao/SHUD-OpenMP/SHUD/Basins/heihe/forcing.trimmed/X100.55Y42.15.csv
	 Reading 1489/1709: 	/scratch/frd_muziyao/SHUD-OpenMP/SHUD/Basins/heihe/forcing.trimmed/X100.65Y42.15.csv
	 Reading 1490/1709: 	/scratch/frd_muziyao/SHUD-OpenMP/SHUD/Basins/heihe/forcing.trimmed/X100.75Y42.15.csv
	 Reading 1491/1709: 	/scratch/frd_muziyao/SHUD-OpenMP/SHUD/Basins/heihe/forcing.trimmed/X100.85Y42.15.csv
	 Reading 1492/1709: 	/scratch/frd_muziyao/SHUD-OpenMP/SHUD/Basins/heihe/forcing.trimmed/X100.95Y42.15.csv
	 Reading 1493/1709: 	/scratch/frd_muziyao/SHUD-OpenMP/SHUD/Basins/heihe/forcing.trimmed/X101.05Y42.15.csv
	 Reading 1494/1709: 	/scratch/frd_muziyao/SHUD-OpenMP/SHUD/Basins/heihe/forcing.trimmed/X101.15Y42.15.csv
	 Reading 1495/1709: 	/scratch/frd_muziyao/SHUD-OpenMP/SHUD/Basins/heihe/forcing.trimmed/X101.25Y42.15.csv
	 Reading 1496/1709: 	/scratch/frd_muziyao/SHUD-OpenMP/SHUD/Basins/heihe/forcing.trimmed/X101.35Y42.15.csv
	 Reading 1497/1709: 	/scratch/frd_muziyao/SHUD-OpenMP/SHUD/Basins/heihe/forcing.trimmed/X101.45Y42.15.csv
	 Reading 1498/1709: 	/scratch/frd_muziyao/SHUD-OpenMP/SHUD/Basins/heihe/forcing.trimmed/X101.55Y42.15.csv
	 Reading 1499/1709: 	/scratch/frd_muziyao/SHUD-OpenMP/SHUD/Basins/heihe/forcing.trimmed/X101.65Y42.15.csv
	 Reading 1500/1709: 	/scratch/frd_muziyao/SHUD-OpenMP/SHUD/Basins/heihe/forcing.trimmed/X101.75Y42.15.csv
	 Reading 1501/1709: 	/scratch/frd_muziyao/SHUD-OpenMP/SHUD/Basins/heihe/forcing.trimmed/X101.85Y42.15.csv
	 Reading 1502/1709: 	/scratch/frd_muziyao/SHUD-OpenMP/SHUD/Basins/heihe/forcing.trimmed/X101.95Y42.15.csv
	 Reading 1503/1709: 	/scratch/frd_muziyao/SHUD-OpenMP/SHUD/Basins/heihe/forcing.trimmed/X97.45Y42.25.csv
	 Reading 1504/1709: 	/scratch/frd_muziyao/SHUD-OpenMP/SHUD/Basins/heihe/forcing.trimmed/X97.55Y42.25.csv
	 Reading 1505/1709: 	/scratch/frd_muziyao/SHUD-OpenMP/SHUD/Basins/heihe/forcing.trimmed/X97.65Y42.25.csv
	 Reading 1506/1709: 	/scratch/frd_muziyao/SHUD-OpenMP/SHUD/Basins/heihe/forcing.trimmed/X97.75Y42.25.csv
	 Reading 1507/1709: 	/scratch/frd_muziyao/SHUD-OpenMP/SHUD/Basins/heihe/forcing.trimmed/X97.85Y42.25.csv
	 Reading 1508/1709: 	/scratch/frd_muziyao/SHUD-OpenMP/SHUD/Basins/heihe/forcing.trimmed/X97.95Y42.25.csv
	 Reading 1509/1709: 	/scratch/frd_muziyao/SHUD-OpenMP/SHUD/Basins/heihe/forcing.trimmed/X98.05Y42.25.csv
	 Reading 1510/1709: 	/scratch/frd_muziyao/SHUD-OpenMP/SHUD/Basins/heihe/forcing.trimmed/X98.15Y42.25.csv
	 Reading 1511/1709: 	/scratch/frd_muziyao/SHUD-OpenMP/SHUD/Basins/heihe/forcing.trimmed/X98.25Y42.25.csv
	 Reading 1512/1709: 	/scratch/frd_muziyao/SHUD-OpenMP/SHUD/Basins/heihe/forcing.trimmed/X98.35Y42.25.csv
	 Reading 1513/1709: 	/scratch/frd_muziyao/SHUD-OpenMP/SHUD/Basins/heihe/forcing.trimmed/X98.45Y42.25.csv
	 Reading 1514/1709: 	/scratch/frd_muziyao/SHUD-OpenMP/SHUD/Basins/heihe/forcing.trimmed/X98.55Y42.25.csv
	 Reading 1515/1709: 	/scratch/frd_muziyao/SHUD-OpenMP/SHUD/Basins/heihe/forcing.trimmed/X98.65Y42.25.csv
	 Reading 1516/1709: 	/scratch/frd_muziyao/SHUD-OpenMP/SHUD/Basins/heihe/forcing.trimmed/X98.75Y42.25.csv
	 Reading 1517/1709: 	/scratch/frd_muziyao/SHUD-OpenMP/SHUD/Basins/heihe/forcing.trimmed/X98.85Y42.25.csv
	 Reading 1518/1709: 	/scratch/frd_muziyao/SHUD-OpenMP/SHUD/Basins/heihe/forcing.trimmed/X98.95Y42.25.csv
	 Reading 1519/1709: 	/scratch/frd_muziyao/SHUD-OpenMP/SHUD/Basins/heihe/forcing.trimmed/X99.05Y42.25.csv
	 Reading 1520/1709: 	/scratch/frd_muziyao/SHUD-OpenMP/SHUD/Basins/heihe/forcing.trimmed/X99.15Y42.25.csv
	 Reading 1521/1709: 	/scratch/frd_muziyao/SHUD-OpenMP/SHUD/Basins/heihe/forcing.trimmed/X99.25Y42.25.csv
	 Reading 1522/1709: 	/scratch/frd_muziyao/SHUD-OpenMP/SHUD/Basins/heihe/forcing.trimmed/X99.35Y42.25.csv
	 Reading 1523/1709: 	/scratch/frd_muziyao/SHUD-OpenMP/SHUD/Basins/heihe/forcing.trimmed/X99.45Y42.25.csv
	 Reading 1524/1709: 	/scratch/frd_muziyao/SHUD-OpenMP/SHUD/Basins/heihe/forcing.trimmed/X99.55Y42.25.csv
	 Reading 1525/1709: 	/scratch/frd_muziyao/SHUD-OpenMP/SHUD/Basins/heihe/forcing.trimmed/X99.65Y42.25.csv
	 Reading 1526/1709: 	/scratch/frd_muziyao/SHUD-OpenMP/SHUD/Basins/heihe/forcing.trimmed/X99.75Y42.25.csv
	 Reading 1527/1709: 	/scratch/frd_muziyao/SHUD-OpenMP/SHUD/Basins/heihe/forcing.trimmed/X99.85Y42.25.csv
	 Reading 1528/1709: 	/scratch/frd_muziyao/SHUD-OpenMP/SHUD/Basins/heihe/forcing.trimmed/X99.95Y42.25.csv
	 Reading 1529/1709: 	/scratch/frd_muziyao/SHUD-OpenMP/SHUD/Basins/heihe/forcing.trimmed/X100.05Y42.25.csv
	 Reading 1530/1709: 	/scratch/frd_muziyao/SHUD-OpenMP/SHUD/Basins/heihe/forcing.trimmed/X100.15Y42.25.csv
	 Reading 1531/1709: 	/scratch/frd_muziyao/SHUD-OpenMP/SHUD/Basins/heihe/forcing.trimmed/X100.25Y42.25.csv
	 Reading 1532/1709: 	/scratch/frd_muziyao/SHUD-OpenMP/SHUD/Basins/heihe/forcing.trimmed/X100.35Y42.25.csv
	 Reading 1533/1709: 	/scratch/frd_muziyao/SHUD-OpenMP/SHUD/Basins/heihe/forcing.trimmed/X100.45Y42.25.csv
	 Reading 1534/1709: 	/scratch/frd_muziyao/SHUD-OpenMP/SHUD/Basins/heihe/forcing.trimmed/X100.55Y42.25.csv
	 Reading 1535/1709: 	/scratch/frd_muziyao/SHUD-OpenMP/SHUD/Basins/heihe/forcing.trimmed/X100.65Y42.25.csv
	 Reading 1536/1709: 	/scratch/frd_muziyao/SHUD-OpenMP/SHUD/Basins/heihe/forcing.trimmed/X100.75Y42.25.csv
	 Reading 1537/1709: 	/scratch/frd_muziyao/SHUD-OpenMP/SHUD/Basins/heihe/forcing.trimmed/X100.85Y42.25.csv
	 Reading 1538/1709: 	/scratch/frd_muziyao/SHUD-OpenMP/SHUD/Basins/heihe/forcing.trimmed/X100.95Y42.25.csv
	 Reading 1539/1709: 	/scratch/frd_muziyao/SHUD-OpenMP/SHUD/Basins/heihe/forcing.trimmed/X101.05Y42.25.csv
	 Reading 1540/1709: 	/scratch/frd_muziyao/SHUD-OpenMP/SHUD/Basins/heihe/forcing.trimmed/X101.15Y42.25.csv
	 Reading 1541/1709: 	/scratch/frd_muziyao/SHUD-OpenMP/SHUD/Basins/heihe/forcing.trimmed/X101.25Y42.25.csv
	 Reading 1542/1709: 	/scratch/frd_muziyao/SHUD-OpenMP/SHUD/Basins/heihe/forcing.trimmed/X101.35Y42.25.csv
	 Reading 1543/1709: 	/scratch/frd_muziyao/SHUD-OpenMP/SHUD/Basins/heihe/forcing.trimmed/X101.45Y42.25.csv
	 Reading 1544/1709: 	/scratch/frd_muziyao/SHUD-OpenMP/SHUD/Basins/heihe/forcing.trimmed/X101.55Y42.25.csv
	 Reading 1545/1709: 	/scratch/frd_muziyao/SHUD-OpenMP/SHUD/Basins/heihe/forcing.trimmed/X101.65Y42.25.csv
	 Reading 1546/1709: 	/scratch/frd_muziyao/SHUD-OpenMP/SHUD/Basins/heihe/forcing.trimmed/X101.75Y42.25.csv
	 Reading 1547/1709: 	/scratch/frd_muziyao/SHUD-OpenMP/SHUD/Basins/heihe/forcing.trimmed/X101.85Y42.25.csv
	 Reading 1548/1709: 	/scratch/frd_muziyao/SHUD-OpenMP/SHUD/Basins/heihe/forcing.trimmed/X101.95Y42.25.csv
	 Reading 1549/1709: 	/scratch/frd_muziyao/SHUD-OpenMP/SHUD/Basins/heihe/forcing.trimmed/X102.05Y42.25.csv
	 Reading 1550/1709: 	/scratch/frd_muziyao/SHUD-OpenMP/SHUD/Basins/heihe/forcing.trimmed/X97.95Y42.35.csv
	 Reading 1551/1709: 	/scratch/frd_muziyao/SHUD-OpenMP/SHUD/Basins/heihe/forcing.trimmed/X98.05Y42.35.csv
	 Reading 1552/1709: 	/scratch/frd_muziyao/SHUD-OpenMP/SHUD/Basins/heihe/forcing.trimmed/X98.15Y42.35.csv
	 Reading 1553/1709: 	/scratch/frd_muziyao/SHUD-OpenMP/SHUD/Basins/heihe/forcing.trimmed/X98.25Y42.35.csv
	 Reading 1554/1709: 	/scratch/frd_muziyao/SHUD-OpenMP/SHUD/Basins/heihe/forcing.trimmed/X98.35Y42.35.csv
	 Reading 1555/1709: 	/scratch/frd_muziyao/SHUD-OpenMP/SHUD/Basins/heihe/forcing.trimmed/X98.45Y42.35.csv
	 Reading 1556/1709: 	/scratch/frd_muziyao/SHUD-OpenMP/SHUD/Basins/heihe/forcing.trimmed/X98.55Y42.35.csv
	 Reading 1557/1709: 	/scratch/frd_muziyao/SHUD-OpenMP/SHUD/Basins/heihe/forcing.trimmed/X98.65Y42.35.csv
	 Reading 1558/1709: 	/scratch/frd_muziyao/SHUD-OpenMP/SHUD/Basins/heihe/forcing.trimmed/X98.75Y42.35.csv
	 Reading 1559/1709: 	/scratch/frd_muziyao/SHUD-OpenMP/SHUD/Basins/heihe/forcing.trimmed/X98.85Y42.35.csv
	 Reading 1560/1709: 	/scratch/frd_muziyao/SHUD-OpenMP/SHUD/Basins/heihe/forcing.trimmed/X98.95Y42.35.csv
	 Reading 1561/1709: 	/scratch/frd_muziyao/SHUD-OpenMP/SHUD/Basins/heihe/forcing.trimmed/X99.05Y42.35.csv
	 Reading 1562/1709: 	/scratch/frd_muziyao/SHUD-OpenMP/SHUD/Basins/heihe/forcing.trimmed/X99.15Y42.35.csv
	 Reading 1563/1709: 	/scratch/frd_muziyao/SHUD-OpenMP/SHUD/Basins/heihe/forcing.trimmed/X99.25Y42.35.csv
	 Reading 1564/1709: 	/scratch/frd_muziyao/SHUD-OpenMP/SHUD/Basins/heihe/forcing.trimmed/X99.35Y42.35.csv
	 Reading 1565/1709: 	/scratch/frd_muziyao/SHUD-OpenMP/SHUD/Basins/heihe/forcing.trimmed/X99.45Y42.35.csv
	 Reading 1566/1709: 	/scratch/frd_muziyao/SHUD-OpenMP/SHUD/Basins/heihe/forcing.trimmed/X99.55Y42.35.csv
	 Reading 1567/1709: 	/scratch/frd_muziyao/SHUD-OpenMP/SHUD/Basins/heihe/forcing.trimmed/X99.65Y42.35.csv
	 Reading 1568/1709: 	/scratch/frd_muziyao/SHUD-OpenMP/SHUD/Basins/heihe/forcing.trimmed/X99.75Y42.35.csv
	 Reading 1569/1709: 	/scratch/frd_muziyao/SHUD-OpenMP/SHUD/Basins/heihe/forcing.trimmed/X99.85Y42.35.csv
	 Reading 1570/1709: 	/scratch/frd_muziyao/SHUD-OpenMP/SHUD/Basins/heihe/forcing.trimmed/X99.95Y42.35.csv
	 Reading 1571/1709: 	/scratch/frd_muziyao/SHUD-OpenMP/SHUD/Basins/heihe/forcing.trimmed/X100.05Y42.35.csv
	 Reading 1572/1709: 	/scratch/frd_muziyao/SHUD-OpenMP/SHUD/Basins/heihe/forcing.trimmed/X100.15Y42.35.csv
	 Reading 1573/1709: 	/scratch/frd_muziyao/SHUD-OpenMP/SHUD/Basins/heihe/forcing.trimmed/X100.25Y42.35.csv
	 Reading 1574/1709: 	/scratch/frd_muziyao/SHUD-OpenMP/SHUD/Basins/heihe/forcing.trimmed/X100.35Y42.35.csv
	 Reading 1575/1709: 	/scratch/frd_muziyao/SHUD-OpenMP/SHUD/Basins/heihe/forcing.trimmed/X100.45Y42.35.csv
	 Reading 1576/1709: 	/scratch/frd_muziyao/SHUD-OpenMP/SHUD/Basins/heihe/forcing.trimmed/X100.55Y42.35.csv
	 Reading 1577/1709: 	/scratch/frd_muziyao/SHUD-OpenMP/SHUD/Basins/heihe/forcing.trimmed/X100.65Y42.35.csv
	 Reading 1578/1709: 	/scratch/frd_muziyao/SHUD-OpenMP/SHUD/Basins/heihe/forcing.trimmed/X100.75Y42.35.csv
	 Reading 1579/1709: 	/scratch/frd_muziyao/SHUD-OpenMP/SHUD/Basins/heihe/forcing.trimmed/X100.85Y42.35.csv
	 Reading 1580/1709: 	/scratch/frd_muziyao/SHUD-OpenMP/SHUD/Basins/heihe/forcing.trimmed/X100.95Y42.35.csv
	 Reading 1581/1709: 	/scratch/frd_muziyao/SHUD-OpenMP/SHUD/Basins/heihe/forcing.trimmed/X101.05Y42.35.csv
	 Reading 1582/1709: 	/scratch/frd_muziyao/SHUD-OpenMP/SHUD/Basins/heihe/forcing.trimmed/X101.15Y42.35.csv
	 Reading 1583/1709: 	/scratch/frd_muziyao/SHUD-OpenMP/SHUD/Basins/heihe/forcing.trimmed/X101.25Y42.35.csv
	 Reading 1584/1709: 	/scratch/frd_muziyao/SHUD-OpenMP/SHUD/Basins/heihe/forcing.trimmed/X101.35Y42.35.csv
	 Reading 1585/1709: 	/scratch/frd_muziyao/SHUD-OpenMP/SHUD/Basins/heihe/forcing.trimmed/X101.45Y42.35.csv
	 Reading 1586/1709: 	/scratch/frd_muziyao/SHUD-OpenMP/SHUD/Basins/heihe/forcing.trimmed/X101.55Y42.35.csv
	 Reading 1587/1709: 	/scratch/frd_muziyao/SHUD-OpenMP/SHUD/Basins/heihe/forcing.trimmed/X101.65Y42.35.csv
	 Reading 1588/1709: 	/scratch/frd_muziyao/SHUD-OpenMP/SHUD/Basins/heihe/forcing.trimmed/X101.75Y42.35.csv
	 Reading 1589/1709: 	/scratch/frd_muziyao/SHUD-OpenMP/SHUD/Basins/heihe/forcing.trimmed/X101.85Y42.35.csv
	 Reading 1590/1709: 	/scratch/frd_muziyao/SHUD-OpenMP/SHUD/Basins/heihe/forcing.trimmed/X101.95Y42.35.csv
	 Reading 1591/1709: 	/scratch/frd_muziyao/SHUD-OpenMP/SHUD/Basins/heihe/forcing.trimmed/X102.05Y42.35.csv
	 Reading 1592/1709: 	/scratch/frd_muziyao/SHUD-OpenMP/SHUD/Basins/heihe/forcing.trimmed/X98.05Y42.45.csv
	 Reading 1593/1709: 	/scratch/frd_muziyao/SHUD-OpenMP/SHUD/Basins/heihe/forcing.trimmed/X98.15Y42.45.csv
	 Reading 1594/1709: 	/scratch/frd_muziyao/SHUD-OpenMP/SHUD/Basins/heihe/forcing.trimmed/X98.25Y42.45.csv
	 Reading 1595/1709: 	/scratch/frd_muziyao/SHUD-OpenMP/SHUD/Basins/heihe/forcing.trimmed/X98.35Y42.45.csv
	 Reading 1596/1709: 	/scratch/frd_muziyao/SHUD-OpenMP/SHUD/Basins/heihe/forcing.trimmed/X98.45Y42.45.csv
	 Reading 1597/1709: 	/scratch/frd_muziyao/SHUD-OpenMP/SHUD/Basins/heihe/forcing.trimmed/X98.55Y42.45.csv
	 Reading 1598/1709: 	/scratch/frd_muziyao/SHUD-OpenMP/SHUD/Basins/heihe/forcing.trimmed/X98.65Y42.45.csv
	 Reading 1599/1709: 	/scratch/frd_muziyao/SHUD-OpenMP/SHUD/Basins/heihe/forcing.trimmed/X98.75Y42.45.csv
	 Reading 1600/1709: 	/scratch/frd_muziyao/SHUD-OpenMP/SHUD/Basins/heihe/forcing.trimmed/X98.85Y42.45.csv
	 Reading 1601/1709: 	/scratch/frd_muziyao/SHUD-OpenMP/SHUD/Basins/heihe/forcing.trimmed/X98.95Y42.45.csv
	 Reading 1602/1709: 	/scratch/frd_muziyao/SHUD-OpenMP/SHUD/Basins/heihe/forcing.trimmed/X99.05Y42.45.csv
	 Reading 1603/1709: 	/scratch/frd_muziyao/SHUD-OpenMP/SHUD/Basins/heihe/forcing.trimmed/X99.15Y42.45.csv
	 Reading 1604/1709: 	/scratch/frd_muziyao/SHUD-OpenMP/SHUD/Basins/heihe/forcing.trimmed/X99.25Y42.45.csv
	 Reading 1605/1709: 	/scratch/frd_muziyao/SHUD-OpenMP/SHUD/Basins/heihe/forcing.trimmed/X99.35Y42.45.csv
	 Reading 1606/1709: 	/scratch/frd_muziyao/SHUD-OpenMP/SHUD/Basins/heihe/forcing.trimmed/X99.45Y42.45.csv
	 Reading 1607/1709: 	/scratch/frd_muziyao/SHUD-OpenMP/SHUD/Basins/heihe/forcing.trimmed/X99.55Y42.45.csv
	 Reading 1608/1709: 	/scratch/frd_muziyao/SHUD-OpenMP/SHUD/Basins/heihe/forcing.trimmed/X99.65Y42.45.csv
	 Reading 1609/1709: 	/scratch/frd_muziyao/SHUD-OpenMP/SHUD/Basins/heihe/forcing.trimmed/X99.75Y42.45.csv
	 Reading 1610/1709: 	/scratch/frd_muziyao/SHUD-OpenMP/SHUD/Basins/heihe/forcing.trimmed/X99.85Y42.45.csv
	 Reading 1611/1709: 	/scratch/frd_muziyao/SHUD-OpenMP/SHUD/Basins/heihe/forcing.trimmed/X99.95Y42.45.csv
	 Reading 1612/1709: 	/scratch/frd_muziyao/SHUD-OpenMP/SHUD/Basins/heihe/forcing.trimmed/X100.05Y42.45.csv
	 Reading 1613/1709: 	/scratch/frd_muziyao/SHUD-OpenMP/SHUD/Basins/heihe/forcing.trimmed/X100.15Y42.45.csv
	 Reading 1614/1709: 	/scratch/frd_muziyao/SHUD-OpenMP/SHUD/Basins/heihe/forcing.trimmed/X100.25Y42.45.csv
	 Reading 1615/1709: 	/scratch/frd_muziyao/SHUD-OpenMP/SHUD/Basins/heihe/forcing.trimmed/X100.35Y42.45.csv
	 Reading 1616/1709: 	/scratch/frd_muziyao/SHUD-OpenMP/SHUD/Basins/heihe/forcing.trimmed/X100.45Y42.45.csv
	 Reading 1617/1709: 	/scratch/frd_muziyao/SHUD-OpenMP/SHUD/Basins/heihe/forcing.trimmed/X100.55Y42.45.csv
	 Reading 1618/1709: 	/scratch/frd_muziyao/SHUD-OpenMP/SHUD/Basins/heihe/forcing.trimmed/X100.65Y42.45.csv
	 Reading 1619/1709: 	/scratch/frd_muziyao/SHUD-OpenMP/SHUD/Basins/heihe/forcing.trimmed/X100.75Y42.45.csv
	 Reading 1620/1709: 	/scratch/frd_muziyao/SHUD-OpenMP/SHUD/Basins/heihe/forcing.trimmed/X100.85Y42.45.csv
	 Reading 1621/1709: 	/scratch/frd_muziyao/SHUD-OpenMP/SHUD/Basins/heihe/forcing.trimmed/X100.95Y42.45.csv
	 Reading 1622/1709: 	/scratch/frd_muziyao/SHUD-OpenMP/SHUD/Basins/heihe/forcing.trimmed/X101.05Y42.45.csv
	 Reading 1623/1709: 	/scratch/frd_muziyao/SHUD-OpenMP/SHUD/Basins/heihe/forcing.trimmed/X101.15Y42.45.csv
	 Reading 1624/1709: 	/scratch/frd_muziyao/SHUD-OpenMP/SHUD/Basins/heihe/forcing.trimmed/X101.25Y42.45.csv
	 Reading 1625/1709: 	/scratch/frd_muziyao/SHUD-OpenMP/SHUD/Basins/heihe/forcing.trimmed/X101.35Y42.45.csv
	 Reading 1626/1709: 	/scratch/frd_muziyao/SHUD-OpenMP/SHUD/Basins/heihe/forcing.trimmed/X101.45Y42.45.csv
	 Reading 1627/1709: 	/scratch/frd_muziyao/SHUD-OpenMP/SHUD/Basins/heihe/forcing.trimmed/X101.55Y42.45.csv
	 Reading 1628/1709: 	/scratch/frd_muziyao/SHUD-OpenMP/SHUD/Basins/heihe/forcing.trimmed/X101.65Y42.45.csv
	 Reading 1629/1709: 	/scratch/frd_muziyao/SHUD-OpenMP/SHUD/Basins/heihe/forcing.trimmed/X101.75Y42.45.csv
	 Reading 1630/1709: 	/scratch/frd_muziyao/SHUD-OpenMP/SHUD/Basins/heihe/forcing.trimmed/X101.85Y42.45.csv
	 Reading 1631/1709: 	/scratch/frd_muziyao/SHUD-OpenMP/SHUD/Basins/heihe/forcing.trimmed/X101.95Y42.45.csv
	 Reading 1632/1709: 	/scratch/frd_muziyao/SHUD-OpenMP/SHUD/Basins/heihe/forcing.trimmed/X98.25Y42.55.csv
	 Reading 1633/1709: 	/scratch/frd_muziyao/SHUD-OpenMP/SHUD/Basins/heihe/forcing.trimmed/X98.35Y42.55.csv
	 Reading 1634/1709: 	/scratch/frd_muziyao/SHUD-OpenMP/SHUD/Basins/heihe/forcing.trimmed/X98.45Y42.55.csv
	 Reading 1635/1709: 	/scratch/frd_muziyao/SHUD-OpenMP/SHUD/Basins/heihe/forcing.trimmed/X98.55Y42.55.csv
	 Reading 1636/1709: 	/scratch/frd_muziyao/SHUD-OpenMP/SHUD/Basins/heihe/forcing.trimmed/X98.65Y42.55.csv
	 Reading 1637/1709: 	/scratch/frd_muziyao/SHUD-OpenMP/SHUD/Basins/heihe/forcing.trimmed/X98.75Y42.55.csv
	 Reading 1638/1709: 	/scratch/frd_muziyao/SHUD-OpenMP/SHUD/Basins/heihe/forcing.trimmed/X98.85Y42.55.csv
	 Reading 1639/1709: 	/scratch/frd_muziyao/SHUD-OpenMP/SHUD/Basins/heihe/forcing.trimmed/X98.95Y42.55.csv
	 Reading 1640/1709: 	/scratch/frd_muziyao/SHUD-OpenMP/SHUD/Basins/heihe/forcing.trimmed/X99.05Y42.55.csv
	 Reading 1641/1709: 	/scratch/frd_muziyao/SHUD-OpenMP/SHUD/Basins/heihe/forcing.trimmed/X99.15Y42.55.csv
	 Reading 1642/1709: 	/scratch/frd_muziyao/SHUD-OpenMP/SHUD/Basins/heihe/forcing.trimmed/X99.25Y42.55.csv
	 Reading 1643/1709: 	/scratch/frd_muziyao/SHUD-OpenMP/SHUD/Basins/heihe/forcing.trimmed/X99.35Y42.55.csv
	 Reading 1644/1709: 	/scratch/frd_muziyao/SHUD-OpenMP/SHUD/Basins/heihe/forcing.trimmed/X99.45Y42.55.csv
	 Reading 1645/1709: 	/scratch/frd_muziyao/SHUD-OpenMP/SHUD/Basins/heihe/forcing.trimmed/X99.55Y42.55.csv
	 Reading 1646/1709: 	/scratch/frd_muziyao/SHUD-OpenMP/SHUD/Basins/heihe/forcing.trimmed/X99.65Y42.55.csv
	 Reading 1647/1709: 	/scratch/frd_muziyao/SHUD-OpenMP/SHUD/Basins/heihe/forcing.trimmed/X99.75Y42.55.csv
	 Reading 1648/1709: 	/scratch/frd_muziyao/SHUD-OpenMP/SHUD/Basins/heihe/forcing.trimmed/X99.85Y42.55.csv
	 Reading 1649/1709: 	/scratch/frd_muziyao/SHUD-OpenMP/SHUD/Basins/heihe/forcing.trimmed/X99.95Y42.55.csv
	 Reading 1650/1709: 	/scratch/frd_muziyao/SHUD-OpenMP/SHUD/Basins/heihe/forcing.trimmed/X100.05Y42.55.csv
	 Reading 1651/1709: 	/scratch/frd_muziyao/SHUD-OpenMP/SHUD/Basins/heihe/forcing.trimmed/X100.15Y42.55.csv
	 Reading 1652/1709: 	/scratch/frd_muziyao/SHUD-OpenMP/SHUD/Basins/heihe/forcing.trimmed/X100.25Y42.55.csv
	 Reading 1653/1709: 	/scratch/frd_muziyao/SHUD-OpenMP/SHUD/Basins/heihe/forcing.trimmed/X100.35Y42.55.csv
	 Reading 1654/1709: 	/scratch/frd_muziyao/SHUD-OpenMP/SHUD/Basins/heihe/forcing.trimmed/X100.45Y42.55.csv
	 Reading 1655/1709: 	/scratch/frd_muziyao/SHUD-OpenMP/SHUD/Basins/heihe/forcing.trimmed/X100.55Y42.55.csv
	 Reading 1656/1709: 	/scratch/frd_muziyao/SHUD-OpenMP/SHUD/Basins/heihe/forcing.trimmed/X100.65Y42.55.csv
	 Reading 1657/1709: 	/scratch/frd_muziyao/SHUD-OpenMP/SHUD/Basins/heihe/forcing.trimmed/X100.75Y42.55.csv
	 Reading 1658/1709: 	/scratch/frd_muziyao/SHUD-OpenMP/SHUD/Basins/heihe/forcing.trimmed/X100.85Y42.55.csv
	 Reading 1659/1709: 	/scratch/frd_muziyao/SHUD-OpenMP/SHUD/Basins/heihe/forcing.trimmed/X100.95Y42.55.csv
	 Reading 1660/1709: 	/scratch/frd_muziyao/SHUD-OpenMP/SHUD/Basins/heihe/forcing.trimmed/X101.05Y42.55.csv
	 Reading 1661/1709: 	/scratch/frd_muziyao/SHUD-OpenMP/SHUD/Basins/heihe/forcing.trimmed/X101.15Y42.55.csv
	 Reading 1662/1709: 	/scratch/frd_muziyao/SHUD-OpenMP/SHUD/Basins/heihe/forcing.trimmed/X101.25Y42.55.csv
	 Reading 1663/1709: 	/scratch/frd_muziyao/SHUD-OpenMP/SHUD/Basins/heihe/forcing.trimmed/X101.35Y42.55.csv
	 Reading 1664/1709: 	/scratch/frd_muziyao/SHUD-OpenMP/SHUD/Basins/heihe/forcing.trimmed/X101.45Y42.55.csv
	 Reading 1665/1709: 	/scratch/frd_muziyao/SHUD-OpenMP/SHUD/Basins/heihe/forcing.trimmed/X101.55Y42.55.csv
	 Reading 1666/1709: 	/scratch/frd_muziyao/SHUD-OpenMP/SHUD/Basins/heihe/forcing.trimmed/X101.65Y42.55.csv
	 Reading 1667/1709: 	/scratch/frd_muziyao/SHUD-OpenMP/SHUD/Basins/heihe/forcing.trimmed/X101.75Y42.55.csv
	 Reading 1668/1709: 	/scratch/frd_muziyao/SHUD-OpenMP/SHUD/Basins/heihe/forcing.trimmed/X101.85Y42.55.csv
	 Reading 1669/1709: 	/scratch/frd_muziyao/SHUD-OpenMP/SHUD/Basins/heihe/forcing.trimmed/X98.35Y42.65.csv
	 Reading 1670/1709: 	/scratch/frd_muziyao/SHUD-OpenMP/SHUD/Basins/heihe/forcing.trimmed/X98.45Y42.65.csv
	 Reading 1671/1709: 	/scratch/frd_muziyao/SHUD-OpenMP/SHUD/Basins/heihe/forcing.trimmed/X98.55Y42.65.csv
	 Reading 1672/1709: 	/scratch/frd_muziyao/SHUD-OpenMP/SHUD/Basins/heihe/forcing.trimmed/X98.65Y42.65.csv
	 Reading 1673/1709: 	/scratch/frd_muziyao/SHUD-OpenMP/SHUD/Basins/heihe/forcing.trimmed/X98.75Y42.65.csv
	 Reading 1674/1709: 	/scratch/frd_muziyao/SHUD-OpenMP/SHUD/Basins/heihe/forcing.trimmed/X98.85Y42.65.csv
	 Reading 1675/1709: 	/scratch/frd_muziyao/SHUD-OpenMP/SHUD/Basins/heihe/forcing.trimmed/X98.95Y42.65.csv
	 Reading 1676/1709: 	/scratch/frd_muziyao/SHUD-OpenMP/SHUD/Basins/heihe/forcing.trimmed/X99.05Y42.65.csv
	 Reading 1677/1709: 	/scratch/frd_muziyao/SHUD-OpenMP/SHUD/Basins/heihe/forcing.trimmed/X99.15Y42.65.csv
	 Reading 1678/1709: 	/scratch/frd_muziyao/SHUD-OpenMP/SHUD/Basins/heihe/forcing.trimmed/X99.25Y42.65.csv
	 Reading 1679/1709: 	/scratch/frd_muziyao/SHUD-OpenMP/SHUD/Basins/heihe/forcing.trimmed/X99.35Y42.65.csv
	 Reading 1680/1709: 	/scratch/frd_muziyao/SHUD-OpenMP/SHUD/Basins/heihe/forcing.trimmed/X99.45Y42.65.csv
	 Reading 1681/1709: 	/scratch/frd_muziyao/SHUD-OpenMP/SHUD/Basins/heihe/forcing.trimmed/X99.55Y42.65.csv
	 Reading 1682/1709: 	/scratch/frd_muziyao/SHUD-OpenMP/SHUD/Basins/heihe/forcing.trimmed/X99.65Y42.65.csv
	 Reading 1683/1709: 	/scratch/frd_muziyao/SHUD-OpenMP/SHUD/Basins/heihe/forcing.trimmed/X99.75Y42.65.csv
	 Reading 1684/1709: 	/scratch/frd_muziyao/SHUD-OpenMP/SHUD/Basins/heihe/forcing.trimmed/X99.85Y42.65.csv
	 Reading 1685/1709: 	/scratch/frd_muziyao/SHUD-OpenMP/SHUD/Basins/heihe/forcing.trimmed/X99.95Y42.65.csv
	 Reading 1686/1709: 	/scratch/frd_muziyao/SHUD-OpenMP/SHUD/Basins/heihe/forcing.trimmed/X100.05Y42.65.csv
	 Reading 1687/1709: 	/scratch/frd_muziyao/SHUD-OpenMP/SHUD/Basins/heihe/forcing.trimmed/X100.15Y42.65.csv
	 Reading 1688/1709: 	/scratch/frd_muziyao/SHUD-OpenMP/SHUD/Basins/heihe/forcing.trimmed/X100.25Y42.65.csv
	 Reading 1689/1709: 	/scratch/frd_muziyao/SHUD-OpenMP/SHUD/Basins/heihe/forcing.trimmed/X100.35Y42.65.csv
	 Reading 1690/1709: 	/scratch/frd_muziyao/SHUD-OpenMP/SHUD/Basins/heihe/forcing.trimmed/X100.45Y42.65.csv
	 Reading 1691/1709: 	/scratch/frd_muziyao/SHUD-OpenMP/SHUD/Basins/heihe/forcing.trimmed/X100.55Y42.65.csv
	 Reading 1692/1709: 	/scratch/frd_muziyao/SHUD-OpenMP/SHUD/Basins/heihe/forcing.trimmed/X100.65Y42.65.csv
	 Reading 1693/1709: 	/scratch/frd_muziyao/SHUD-OpenMP/SHUD/Basins/heihe/forcing.trimmed/X100.75Y42.65.csv
	 Reading 1694/1709: 	/scratch/frd_muziyao/SHUD-OpenMP/SHUD/Basins/heihe/forcing.trimmed/X100.85Y42.65.csv
	 Reading 1695/1709: 	/scratch/frd_muziyao/SHUD-OpenMP/SHUD/Basins/heihe/forcing.trimmed/X100.95Y42.65.csv
	 Reading 1696/1709: 	/scratch/frd_muziyao/SHUD-OpenMP/SHUD/Basins/heihe/forcing.trimmed/X101.05Y42.65.csv
	 Reading 1697/1709: 	/scratch/frd_muziyao/SHUD-OpenMP/SHUD/Basins/heihe/forcing.trimmed/X101.15Y42.65.csv
	 Reading 1698/1709: 	/scratch/frd_muziyao/SHUD-OpenMP/SHUD/Basins/heihe/forcing.trimmed/X101.25Y42.65.csv
	 Reading 1699/1709: 	/scratch/frd_muziyao/SHUD-OpenMP/SHUD/Basins/heihe/forcing.trimmed/X101.35Y42.65.csv
	 Reading 1700/1709: 	/scratch/frd_muziyao/SHUD-OpenMP/SHUD/Basins/heihe/forcing.trimmed/X101.45Y42.65.csv
	 Reading 1701/1709: 	/scratch/frd_muziyao/SHUD-OpenMP/SHUD/Basins/heihe/forcing.trimmed/X100.25Y42.75.csv
	 Reading 1702/1709: 	/scratch/frd_muziyao/SHUD-OpenMP/SHUD/Basins/heihe/forcing.trimmed/X100.35Y42.75.csv
	 Reading 1703/1709: 	/scratch/frd_muziyao/SHUD-OpenMP/SHUD/Basins/heihe/forcing.trimmed/X100.45Y42.75.csv
	 Reading 1704/1709: 	/scratch/frd_muziyao/SHUD-OpenMP/SHUD/Basins/heihe/forcing.trimmed/X100.55Y42.75.csv
	 Reading 1705/1709: 	/scratch/frd_muziyao/SHUD-OpenMP/SHUD/Basins/heihe/forcing.trimmed/X100.65Y42.75.csv
	 Reading 1706/1709: 	/scratch/frd_muziyao/SHUD-OpenMP/SHUD/Basins/heihe/forcing.trimmed/X100.75Y42.75.csv
	 Reading 1707/1709: 	/scratch/frd_muziyao/SHUD-OpenMP/SHUD/Basins/heihe/forcing.trimmed/X100.85Y42.75.csv
	 Reading 1708/1709: 	/scratch/frd_muziyao/SHUD-OpenMP/SHUD/Basins/heihe/forcing.trimmed/X100.95Y42.75.csv
	 Reading 1709/1709: 	/scratch/frd_muziyao/SHUD-OpenMP/SHUD/Basins/heihe/forcing.trimmed/X101.05Y42.75.csv
10 	 Reading file: input/heihe/heihe.tsd.lai
11 	 Reading file: input/heihe/heihe.tsd.mf
12 	 Reading file: input/heihe/heihe.cfg.calib

Initializing data structure ... 
[NUMA] first-touch skipped: OMP_PROC_BIND unset (3 sites: hot.soa, QeleSurf_flat, Ele_AoS)
WARNING:: Aqd of Node(40) = 0.000000
Press anykey to continue ...
WARNING:: Aqd of Node(42) = 0.000000
Press anykey to continue ...
WARNING:: Aqd of Node(48) = 0.000000
Press anykey to continue ...
WARNING:: Aqd of Node(60) = 0.000000
Press anykey to continue ...
WARNING:: Aqd of Node(61) = 0.000000
Press anykey to continue ...
WARNING:: Aqd of Node(65) = 0.000000
Press anykey to continue ...
WARNING:: Aqd of Node(82) = 0.000000
Press anykey to continue ...
WARNING:: Aqd of Node(88) = 0.000000
Press anykey to continue ...
WARNING:: Aqd of Node(89) = 0.000000
Press anykey to continue ...
WARNING:: Aqd of Node(123) = 0.000000
Press anykey to continue ...
WARNING:: Aqd of Node(203) = 0.000000
Press anykey to continue ...
WARNING:: Aqd of Node(869) = 0.000000
Press anykey to continue ...
WARNING:: Aqd of Node(1036) = 0.000000
Press anykey to continue ...
WARNING:: Aqd of Node(1262) = 0.000000
Press anykey to continue ...
WARNING:: Aqd of Node(2960) = 0.000000
Press anykey to continue ...
WARNING:: Aqd of Node(3242) = 0.000000
Press anykey to continue ...
WARNING:: Aqd of Node(3245) = 0.000000
Press anykey to continue ...
Warning: remove sink on 16, from 905.33 to 905.67. dz = 0.33
Warning: remove sink on 89, from 837.00 to 837.67. dz = 0.67
Warning: remove sink on 142, from 1453.33 to 1462.33. dz = 9.00
Warning: remove sink on 158, from 423.33 to 837.67. dz = 414.33
Warning: remove sink on 188, from 1095.33 to 1104.67. dz = 9.33
Warning: remove sink on 232, from 750.33 to 768.00. dz = 17.67
Warning: remove sink on 234, from 1519.33 to 1522.00. dz = 2.67
Warning: remove sink on 264, from 722.33 to 764.67. dz = 42.33
Warning: remove sink on 350, from 739.00 to 740.00. dz = 1.00
Warning: remove sink on 373, from 734.67 to 779.67. dz = 45.00
Warning: remove sink on 384, from 625.67 to 630.33. dz = 4.67
Warning: remove sink on 398, from 694.00 to 701.33. dz = 7.33
Warning: remove sink on 406, from 1450.67 to 1457.67. dz = 7.00
Warning: remove sink on 431, from 675.33 to 691.67. dz = 16.33
Warning: remove sink on 533, from 1143.00 to 1144.00. dz = 1.00
Warning: remove sink on 580, from 1448.67 to 1449.33. dz = 0.67
Warning: remove sink on 586, from 1425.67 to 1434.33. dz = 8.67
Warning: remove sink on 626, from 981.33 to 982.00. dz = 0.67
Warning: remove sink on 662, from 1121.67 to 1123.00. dz = 1.33
Warning: remove sink on 712, from 1801.00 to 1811.00. dz = 10.00
Warning: remove sink on 743, from 1056.67 to 1067.67. dz = 11.00
Warning: remove sink on 768, from 919.67 to 920.67. dz = 1.00
Warning: remove sink on 773, from 932.00 to 932.67. dz = 0.67
Warning: remove sink on 794, from 4020.00 to 4037.33. dz = 17.33
Warning: remove sink on 875, from 1099.00 to 1105.67. dz = 6.67
Warning: remove sink on 884, from 1088.33 to 1092.00. dz = 3.67
Warning: remove sink on 908, from 1017.67 to 1019.00. dz = 1.33
Warning: remove sink on 955, from 952.00 to 971.00. dz = 19.00
Warning: remove sink on 1014, from 962.67 to 964.00. dz = 1.33
Warning: remove sink on 1199, from 1013.33 to 1022.67. dz = 9.33
Warning: remove sink on 1201, from 1022.33 to 1022.67. dz = 0.33
Warning: remove sink on 1203, from 1016.33 to 1022.67. dz = 6.33
Warning: remove sink on 1249, from 906.00 to 909.00. dz = 3.00
Warning: remove sink on 1282, from 1015.33 to 1037.00. dz = 21.67
Warning: remove sink on 1314, from 1341.00 to 1341.67. dz = 0.67
Warning: remove sink on 1337, from 992.67 to 995.00. dz = 2.33
Warning: remove sink on 1342, from 897.00 to 903.67. dz = 6.67
Warning: remove sink on 1388, from 926.33 to 929.00. dz = 2.67
Warning: remove sink on 1394, from 894.67 to 902.67. dz = 8.00
Warning: remove sink on 1414, from 1061.33 to 1066.67. dz = 5.33
Warning: remove sink on 1445, from 925.33 to 933.33. dz = 8.00
Warning: remove sink on 1456, from 1400.33 to 1401.67. dz = 1.33
Warning: remove sink on 1505, from 1610.33 to 1613.33. dz = 3.00
Warning: remove sink on 1528, from 1064.00 to 1070.67. dz = 6.67
Warning: remove sink on 1573, from 959.00 to 960.33. dz = 1.33
Warning: remove sink on 1574, from 892.33 to 894.33. dz = 2.00
Warning: remove sink on 1590, from 1817.00 to 1819.67. dz = 2.67
Warning: remove sink on 1628, from 902.00 to 916.00. dz = 14.00
Warning: remove sink on 1631, from 1823.67 to 1926.00. dz = 102.33
Warning: remove sink on 1669, from 891.00 to 900.33. dz = 9.33
Warning: remove sink on 1670, from 903.67 to 905.67. dz = 2.00
Warning: remove sink on 1682, from 903.00 to 903.67. dz = 0.67
Warning: remove sink on 1710, from 910.00 to 912.67. dz = 2.67
Warning: remove sink on 1711, from 922.00 to 923.00. dz = 1.00
Warning: remove sink on 1818, from 1389.33 to 1398.67. dz = 9.33
Warning: remove sink on 1823, from 1386.33 to 1401.67. dz = 15.33
Warning: remove sink on 1949, from 914.67 to 915.00. dz = 0.33
Warning: remove sink on 2181, from 958.33 to 961.33. dz = 3.00
Warning: remove sink on 2182, from 960.67 to 961.33. dz = 0.67
Warning: remove sink on 2205, from 969.33 to 973.33. dz = 4.00
Warning: remove sink on 2210, from 1009.00 to 1026.67. dz = 17.67
Warning: remove sink on 2230, from 993.33 to 994.67. dz = 1.33
Warning: remove sink on 2255, from 534.00 to 1086.00. dz = 552.00
Warning: remove sink on 2391, from 901.33 to 902.33. dz = 1.00
Warning: remove sink on 2454, from 1561.00 to 1564.33. dz = 3.33
Warning: remove sink on 2462, from 1587.00 to 1593.33. dz = 6.33
Warning: remove sink on 2513, from 1319.67 to 1320.00. dz = 0.33
Warning: remove sink on 2527, from 1402.33 to 1406.33. dz = 4.00
Warning: remove sink on 2597, from 1023.00 to 1024.67. dz = 1.67
Warning: remove sink on 2598, from 1058.33 to 1058.67. dz = 0.33
Warning: remove sink on 2688, from 3560.67 to 3572.00. dz = 11.33
Warning: remove sink on 2708, from 1227.00 to 1230.00. dz = 3.00
Warning: remove sink on 2726, from 1312.00 to 1318.33. dz = 6.33
Warning: remove sink on 2921, from 989.00 to 993.67. dz = 4.67
Warning: remove sink on 2935, from 968.67 to 970.00. dz = 1.33
Warning: remove sink on 2942, from 983.00 to 984.33. dz = 1.33
Warning: remove sink on 2970, from 996.33 to 997.67. dz = 1.33
Warning: remove sink on 2996, from 1018.67 to 1019.67. dz = 1.00
Warning: remove sink on 3033, from 933.00 to 935.67. dz = 2.67
Warning: remove sink on 3074, from 907.67 to 909.33. dz = 1.67
Warning: remove sink on 3108, from 1005.67 to 1006.00. dz = 0.33
Warning: remove sink on 3143, from 969.33 to 971.33. dz = 2.00
Warning: remove sink on 3152, from 1041.00 to 1051.00. dz = 10.00
Warning: remove sink on 3155, from 921.00 to 922.33. dz = 1.33
Warning: remove sink on 3157, from 1278.00 to 1282.33. dz = 4.33
Warning: remove sink on 3159, from 1393.67 to 1397.67. dz = 4.00
Warning: remove sink on 3244, from 1418.00 to 1421.00. dz = 3.00
Warning: remove sink on 3246, from 1402.67 to 1407.00. dz = 4.33
Warning: remove sink on 3538, from 4071.00 to 4124.67. dz = 53.67
Warning: remove sink on 3544, from 1525.33 to 1531.00. dz = 5.67
Warning: remove sink on 3582, from 1019.00 to 1021.67. dz = 2.67
Warning: remove sink on 3641, from 1174.67 to 1175.00. dz = 0.33
Warning: remove sink on 3802, from 1036.33 to 1036.67. dz = 0.33
Warning: remove sink on 3809, from 1030.33 to 1032.33. dz = 2.00
Warning: remove sink on 3818, from 921.00 to 922.67. dz = 1.67
Warning: remove sink on 3870, from 915.67 to 916.00. dz = 0.33
Warning: remove sink on 3897, from 1005.33 to 1008.00. dz = 2.67
Warning: remove sink on 3932, from 1048.33 to 1048.67. dz = 0.33
Warning: remove sink on 3946, from 1058.33 to 1059.67. dz = 1.33
Warning: remove sink on 3986, from 1056.33 to 1059.67. dz = 3.33
Warning: remove sink on 4018, from 932.67 to 936.33. dz = 3.67
Warning: remove sink on 4022, from 1263.00 to 1266.00. dz = 3.00
Warning: remove sink on 4024, from 1195.33 to 1212.00. dz = 16.67
Warning: remove sink on 4164, from 1427.33 to 1433.33. dz = 6.00
Warning: remove sink on 4175, from 1439.67 to 1440.67. dz = 1.00
Warning: remove sink on 4261, from 1505.33 to 1513.33. dz = 8.00
Warning: remove sink on 4286, from 1314.67 to 1320.33. dz = 5.67
Warning: remove sink on 4293, from 1282.67 to 1294.00. dz = 11.33
Warning: remove sink on 4311, from 1325.33 to 1337.67. dz = 12.33
Warning: remove sink on 4329, from 1345.67 to 1354.33. dz = 8.67
Warning: remove sink on 4349, from 1405.67 to 1407.67. dz = 2.00
Warning: remove sink on 4386, from 1495.67 to 1497.00. dz = 1.33
Warning: remove sink on 4387, from 1436.67 to 1437.00. dz = 0.33
Warning: remove sink on 4408, from 1363.00 to 1374.67. dz = 11.67
Warning: remove sink on 4568, from 1009.33 to 1010.00. dz = 0.67
Warning: remove sink on 4571, from 1009.67 to 1010.33. dz = 0.67
Warning: remove sink on 4577, from 1004.33 to 1004.67. dz = 0.33
Warning: remove sink on 4727, from 3973.33 to 3976.00. dz = 2.67
Warning: remove sink on 4744, from 1005.00 to 1009.00. dz = 4.00
Warning: remove sink on 4777, from 935.00 to 936.00. dz = 1.00
Warning: remove sink on 4782, from 1013.33 to 1013.67. dz = 0.33
Warning: remove sink on 4803, from 934.00 to 935.67. dz = 1.67
Warning: remove sink on 4813, from 960.33 to 961.67. dz = 1.33
Warning: remove sink on 4818, from 955.33 to 955.67. dz = 0.33
Warning: remove sink on 4821, from 958.67 to 960.67. dz = 2.00
Warning: remove sink on 5038, from 2515.00 to 2773.67. dz = 258.67
Warning: remove sink on 5112, from 1635.00 to 1636.67. dz = 1.67
Warning: remove sink on 5146, from 1258.00 to 1258.33. dz = 0.33
Warning: remove sink on 5151, from 1270.33 to 1279.67. dz = 9.33
Warning: remove sink on 5164, from 1261.67 to 1265.33. dz = 3.67
Warning: remove sink on 5170, from 1045.33 to 1048.67. dz = 3.33
Warning: remove sink on 5185, from 1127.67 to 1130.00. dz = 2.33
Warning: remove sink on 5190, from 1129.67 to 1130.33. dz = 0.67
Warning: remove sink on 5202, from 1138.67 to 1144.67. dz = 6.00
Warning: remove sink on 5207, from 1344.00 to 1346.67. dz = 2.67
Warning: remove sink on 5241, from 1043.67 to 1048.67. dz = 5.00
Warning: remove sink on 5250, from 1362.33 to 1373.67. dz = 11.33
Warning: remove sink on 5251, from 1429.33 to 1445.67. dz = 16.33
Warning: remove sink on 5366, from 1451.00 to 1454.00. dz = 3.00
Warning: remove sink on 5448, from 4013.67 to 4036.67. dz = 23.00
Warning: remove sink on 5483, from 951.00 to 955.00. dz = 4.00
Warning: remove sink on 5487, from 947.33 to 953.00. dz = 5.67
Warning: remove sink on 5527, from 922.33 to 925.33. dz = 3.00
Warning: remove sink on 5530, from 888.67 to 891.67. dz = 3.00
Warning: remove sink on 5543, from 905.00 to 905.67. dz = 0.67
Warning: remove sink on 5561, from 913.33 to 915.00. dz = 1.67
Warning: remove sink on 5570, from 891.00 to 892.33. dz = 1.33
Warning: remove sink on 5573, from 890.67 to 891.67. dz = 1.00
Warning: remove sink on 5578, from 895.00 to 896.67. dz = 1.67
Warning: remove sink on 5616, from 649.33 to 658.67. dz = 9.33
Warning: remove sink on 5629, from 997.33 to 999.00. dz = 1.67
Warning: remove sink on 5645, from 991.67 to 993.33. dz = 1.67
Warning: remove sink on 5687, from 952.00 to 953.67. dz = 1.67
Warning: remove sink on 5700, from 969.00 to 969.33. dz = 0.33
Warning: remove sink on 5845, from 1433.33 to 1436.67. dz = 3.33
Warning: remove sink on 5902, from 1025.33 to 1029.67. dz = 4.33
Warning: remove sink on 5990, from 1443.67 to 1482.00. dz = 38.33
Warning: remove sink on 6052, from 1001.00 to 1002.67. dz = 1.67
Warning: remove sink on 6101, from 1157.00 to 1159.33. dz = 2.33
Warning: remove sink on 6142, from 1504.67 to 1508.67. dz = 4.00
Warning: remove sink on 6177, from 558.67 to 1110.67. dz = 552.00
Warning: remove sink on 6180, from 552.00 to 1110.67. dz = 558.67
Warning: remove sink on 6182, from 563.67 to 1115.67. dz = 552.00
Warning: remove sink on 6237, from 1454.67 to 1457.00. dz = 2.33
Warning: remove sink on 6252, from 916.33 to 917.67. dz = 1.33
[dump_adjacency] loaded case=heihe: NumEle=6335 NumRiv=2352 NumLake=0 NumSegmt=4759 NumY=21357
[dump_adjacency] case_nnz_summary
  NumEle=6335  NumRiv=2352  NumLake=0  NumY=21357  total_nnz=120485
  per_block_nnz (row x col):
    surf        25025        6335        6335        4759           0
    unsat        6335        6335        6335           0           0
    gw           6335        6335       25025        4759           0
    river        4759           0        4759        7054           0
    lake            0           0           0           0           0
  output: heihe_adjacency.csc
--- stage 2: fd_color_jacobian ---
[fd_color] loaded CSC: NumY=21357 total_nnz=120485
[fd_color] chromatic_number=18  (NumY=21357, density=0.00026)
		 * openMP disabled.
* 	 Project name: heihe
* 	 Project input folder: input/heihe
* 	 Project output folder: output/heihe.out
1 	 Reading file: input/heihe/heihe.cfg.para
2 	 Reading file: input/heihe/heihe.sp.riv
	The downstream of RIV 2 is negtive (Outlet, -3)
3 	 Reading file: input/heihe/heihe.sp.rivseg
	Number of River segments: 4759
4 	 Reading file: input/heihe/heihe.sp.mesh
5 	 Reading file: input/heihe/heihe.sp.att
6 	 Reading file: input/heihe/heihe.para.soil
7 	 Reading file: input/heihe/heihe.para.geol
8 	 Reading file: input/heihe/heihe.para.lc
9 	 Reading file: input/heihe/heihe.tsd.forc
	Number of csv files: 1709
	 Reading 1/1709: 	/scratch/frd_muziyao/SHUD-OpenMP/SHUD/Basins/heihe/forcing.trimmed/X100.75Y37.65.csv
	 Reading 2/1709: 	/scratch/frd_muziyao/SHUD-OpenMP/SHUD/Basins/heihe/forcing.trimmed/X100.85Y37.65.csv
	 Reading 3/1709: 	/scratch/frd_muziyao/SHUD-OpenMP/SHUD/Basins/heihe/forcing.trimmed/X100.65Y37.75.csv
	 Reading 4/1709: 	/scratch/frd_muziyao/SHUD-OpenMP/SHUD/Basins/heihe/forcing.trimmed/X100.75Y37.75.csv
	 Reading 5/1709: 	/scratch/frd_muziyao/SHUD-OpenMP/SHUD/Basins/heihe/forcing.trimmed/X100.85Y37.75.csv
	 Reading 6/1709: 	/scratch/frd_muziyao/SHUD-OpenMP/SHUD/Basins/heihe/forcing.trimmed/X100.95Y37.75.csv
	 Reading 7/1709: 	/scratch/frd_muziyao/SHUD-OpenMP/SHUD/Basins/heihe/forcing.trimmed/X101.05Y37.75.csv
	 Reading 8/1709: 	/scratch/frd_muziyao/SHUD-OpenMP/SHUD/Basins/heihe/forcing.trimmed/X101.15Y37.75.csv
	 Reading 9/1709: 	/scratch/frd_muziyao/SHUD-OpenMP/SHUD/Basins/heihe/forcing.trimmed/X100.45Y37.85.csv
	 Reading 10/1709: 	/scratch/frd_muziyao/SHUD-OpenMP/SHUD/Basins/heihe/forcing.trimmed/X100.55Y37.85.csv
	 Reading 11/1709: 	/scratch/frd_muziyao/SHUD-OpenMP/SHUD/Basins/heihe/forcing.trimmed/X100.65Y37.85.csv
	 Reading 12/1709: 	/scratch/frd_muziyao/SHUD-OpenMP/SHUD/Basins/heihe/forcing.trimmed/X100.75Y37.85.csv
	 Reading 13/1709: 	/scratch/frd_muziyao/SHUD-OpenMP/SHUD/Basins/heihe/forcing.trimmed/X100.85Y37.85.csv
	 Reading 14/1709: 	/scratch/frd_muziyao/SHUD-OpenMP/SHUD/Basins/heihe/forcing.trimmed/X100.95Y37.85.csv
	 Reading 15/1709: 	/scratch/frd_muziyao/SHUD-OpenMP/SHUD/Basins/heihe/forcing.trimmed/X101.05Y37.85.csv
	 Reading 16/1709: 	/scratch/frd_muziyao/SHUD-OpenMP/SHUD/Basins/heihe/forcing.trimmed/X101.15Y37.85.csv
	 Reading 17/1709: 	/scratch/frd_muziyao/SHUD-OpenMP/SHUD/Basins/heihe/forcing.trimmed/X100.25Y37.95.csv
	 Reading 18/1709: 	/scratch/frd_muziyao/SHUD-OpenMP/SHUD/Basins/heihe/forcing.trimmed/X100.35Y37.95.csv
	 Reading 19/1709: 	/scratch/frd_muziyao/SHUD-OpenMP/SHUD/Basins/heihe/forcing.trimmed/X100.45Y37.95.csv
	 Reading 20/1709: 	/scratch/frd_muziyao/SHUD-OpenMP/SHUD/Basins/heihe/forcing.trimmed/X100.55Y37.95.csv
	 Reading 21/1709: 	/scratch/frd_muziyao/SHUD-OpenMP/SHUD/Basins/heihe/forcing.trimmed/X100.65Y37.95.csv
	 Reading 22/1709: 	/scratch/frd_muziyao/SHUD-OpenMP/SHUD/Basins/heihe/forcing.trimmed/X100.75Y37.95.csv
	 Reading 23/1709: 	/scratch/frd_muziyao/SHUD-OpenMP/SHUD/Basins/heihe/forcing.trimmed/X100.85Y37.95.csv
	 Reading 24/1709: 	/scratch/frd_muziyao/SHUD-OpenMP/SHUD/Basins/heihe/forcing.trimmed/X100.95Y37.95.csv
	 Reading 25/1709: 	/scratch/frd_muziyao/SHUD-OpenMP/SHUD/Basins/heihe/forcing.trimmed/X101.05Y37.95.csv
	 Reading 26/1709: 	/scratch/frd_muziyao/SHUD-OpenMP/SHUD/Basins/heihe/forcing.trimmed/X101.15Y37.95.csv
	 Reading 27/1709: 	/scratch/frd_muziyao/SHUD-OpenMP/SHUD/Basins/heihe/forcing.trimmed/X99.75Y38.05.csv
	 Reading 28/1709: 	/scratch/frd_muziyao/SHUD-OpenMP/SHUD/Basins/heihe/forcing.trimmed/X99.85Y38.05.csv
	 Reading 29/1709: 	/scratch/frd_muziyao/SHUD-OpenMP/SHUD/Basins/heihe/forcing.trimmed/X99.95Y38.05.csv
	 Reading 30/1709: 	/scratch/frd_muziyao/SHUD-OpenMP/SHUD/Basins/heihe/forcing.trimmed/X100.05Y38.05.csv
	 Reading 31/1709: 	/scratch/frd_muziyao/SHUD-OpenMP/SHUD/Basins/heihe/forcing.trimmed/X100.15Y38.05.csv
	 Reading 32/1709: 	/scratch/frd_muziyao/SHUD-OpenMP/SHUD/Basins/heihe/forcing.trimmed/X100.25Y38.05.csv
	 Reading 33/1709: 	/scratch/frd_muziyao/SHUD-OpenMP/SHUD/Basins/heihe/forcing.trimmed/X100.35Y38.05.csv
	 Reading 34/1709: 	/scratch/frd_muziyao/SHUD-OpenMP/SHUD/Basins/heihe/forcing.trimmed/X100.45Y38.05.csv
	 Reading 35/1709: 	/scratch/frd_muziyao/SHUD-OpenMP/SHUD/Basins/heihe/forcing.trimmed/X100.55Y38.05.csv
	 Reading 36/1709: 	/scratch/frd_muziyao/SHUD-OpenMP/SHUD/Basins/heihe/forcing.trimmed/X100.65Y38.05.csv
	 Reading 37/1709: 	/scratch/frd_muziyao/SHUD-OpenMP/SHUD/Basins/heihe/forcing.trimmed/X100.75Y38.05.csv
	 Reading 38/1709: 	/scratch/frd_muziyao/SHUD-OpenMP/SHUD/Basins/heihe/forcing.trimmed/X100.85Y38.05.csv
	 Reading 39/1709: 	/scratch/frd_muziyao/SHUD-OpenMP/SHUD/Basins/heihe/forcing.trimmed/X100.95Y38.05.csv
	 Reading 40/1709: 	/scratch/frd_muziyao/SHUD-OpenMP/SHUD/Basins/heihe/forcing.trimmed/X101.05Y38.05.csv
	 Reading 41/1709: 	/scratch/frd_muziyao/SHUD-OpenMP/SHUD/Basins/heihe/forcing.trimmed/X101.15Y38.05.csv
	 Reading 42/1709: 	/scratch/frd_muziyao/SHUD-OpenMP/SHUD/Basins/heihe/forcing.trimmed/X101.25Y38.05.csv
	 Reading 43/1709: 	/scratch/frd_muziyao/SHUD-OpenMP/SHUD/Basins/heihe/forcing.trimmed/X99.45Y38.15.csv
	 Reading 44/1709: 	/scratch/frd_muziyao/SHUD-OpenMP/SHUD/Basins/heihe/forcing.trimmed/X99.55Y38.15.csv
	 Reading 45/1709: 	/scratch/frd_muziyao/SHUD-OpenMP/SHUD/Basins/heihe/forcing.trimmed/X99.65Y38.15.csv
	 Reading 46/1709: 	/scratch/frd_muziyao/SHUD-OpenMP/SHUD/Basins/heihe/forcing.trimmed/X99.75Y38.15.csv
	 Reading 47/1709: 	/scratch/frd_muziyao/SHUD-OpenMP/SHUD/Basins/heihe/forcing.trimmed/X99.85Y38.15.csv
	 Reading 48/1709: 	/scratch/frd_muziyao/SHUD-OpenMP/SHUD/Basins/heihe/forcing.trimmed/X99.95Y38.15.csv
	 Reading 49/1709: 	/scratch/frd_muziyao/SHUD-OpenMP/SHUD/Basins/heihe/forcing.trimmed/X100.05Y38.15.csv
	 Reading 50/1709: 	/scratch/frd_muziyao/SHUD-OpenMP/SHUD/Basins/heihe/forcing.trimmed/X100.15Y38.15.csv
	 Reading 51/1709: 	/scratch/frd_muziyao/SHUD-OpenMP/SHUD/Basins/heihe/forcing.trimmed/X100.25Y38.15.csv
	 Reading 52/1709: 	/scratch/frd_muziyao/SHUD-OpenMP/SHUD/Basins/heihe/forcing.trimmed/X100.35Y38.15.csv
	 Reading 53/1709: 	/scratch/frd_muziyao/SHUD-OpenMP/SHUD/Basins/heihe/forcing.trimmed/X100.45Y38.15.csv
	 Reading 54/1709: 	/scratch/frd_muziyao/SHUD-OpenMP/SHUD/Basins/heihe/forcing.trimmed/X100.55Y38.15.csv
	 Reading 55/1709: 	/scratch/frd_muziyao/SHUD-OpenMP/SHUD/Basins/heihe/forcing.trimmed/X100.65Y38.15.csv
	 Reading 56/1709: 	/scratch/frd_muziyao/SHUD-OpenMP/SHUD/Basins/heihe/forcing.trimmed/X100.75Y38.15.csv
	 Reading 57/1709: 	/scratch/frd_muziyao/SHUD-OpenMP/SHUD/Basins/heihe/forcing.trimmed/X100.85Y38.15.csv
	 Reading 58/1709: 	/scratch/frd_muziyao/SHUD-OpenMP/SHUD/Basins/heihe/forcing.trimmed/X100.95Y38.15.csv
	 Reading 59/1709: 	/scratch/frd_muziyao/SHUD-OpenMP/SHUD/Basins/heihe/forcing.trimmed/X101.05Y38.15.csv
	 Reading 60/1709: 	/scratch/frd_muziyao/SHUD-OpenMP/SHUD/Basins/heihe/forcing.trimmed/X101.15Y38.15.csv
	 Reading 61/1709: 	/scratch/frd_muziyao/SHUD-OpenMP/SHUD/Basins/heihe/forcing.trimmed/X101.25Y38.15.csv
	 Reading 62/1709: 	/scratch/frd_muziyao/SHUD-OpenMP/SHUD/Basins/heihe/forcing.trimmed/X101.35Y38.15.csv
	 Reading 63/1709: 	/scratch/frd_muziyao/SHUD-OpenMP/SHUD/Basins/heihe/forcing.trimmed/X98.85Y38.25.csv
	 Reading 64/1709: 	/scratch/frd_muziyao/SHUD-OpenMP/SHUD/Basins/heihe/forcing.trimmed/X98.95Y38.25.csv
	 Reading 65/1709: 	/scratch/frd_muziyao/SHUD-OpenMP/SHUD/Basins/heihe/forcing.trimmed/X99.05Y38.25.csv
	 Reading 66/1709: 	/scratch/frd_muziyao/SHUD-OpenMP/SHUD/Basins/heihe/forcing.trimmed/X99.15Y38.25.csv
	 Reading 67/1709: 	/scratch/frd_muziyao/SHUD-OpenMP/SHUD/Basins/heihe/forcing.trimmed/X99.25Y38.25.csv
	 Reading 68/1709: 	/scratch/frd_muziyao/SHUD-OpenMP/SHUD/Basins/heihe/forcing.trimmed/X99.35Y38.25.csv
	 Reading 69/1709: 	/scratch/frd_muziyao/SHUD-OpenMP/SHUD/Basins/heihe/forcing.trimmed/X99.45Y38.25.csv
	 Reading 70/1709: 	/scratch/frd_muziyao/SHUD-OpenMP/SHUD/Basins/heihe/forcing.trimmed/X99.55Y38.25.csv
	 Reading 71/1709: 	/scratch/frd_muziyao/SHUD-OpenMP/SHUD/Basins/heihe/forcing.trimmed/X99.65Y38.25.csv
	 Reading 72/1709: 	/scratch/frd_muziyao/SHUD-OpenMP/SHUD/Basins/heihe/forcing.trimmed/X99.75Y38.25.csv
	 Reading 73/1709: 	/scratch/frd_muziyao/SHUD-OpenMP/SHUD/Basins/heihe/forcing.trimmed/X99.85Y38.25.csv
	 Reading 74/1709: 	/scratch/frd_muziyao/SHUD-OpenMP/SHUD/Basins/heihe/forcing.trimmed/X99.95Y38.25.csv
	 Reading 75/1709: 	/scratch/frd_muziyao/SHUD-OpenMP/SHUD/Basins/heihe/forcing.trimmed/X100.05Y38.25.csv
	 Reading 76/1709: 	/scratch/frd_muziyao/SHUD-OpenMP/SHUD/Basins/heihe/forcing.trimmed/X100.15Y38.25.csv
	 Reading 77/1709: 	/scratch/frd_muziyao/SHUD-OpenMP/SHUD/Basins/heihe/forcing.trimmed/X100.25Y38.25.csv
	 Reading 78/1709: 	/scratch/frd_muziyao/SHUD-OpenMP/SHUD/Basins/heihe/forcing.trimmed/X100.35Y38.25.csv
	 Reading 79/1709: 	/scratch/frd_muziyao/SHUD-OpenMP/SHUD/Basins/heihe/forcing.trimmed/X100.45Y38.25.csv
	 Reading 80/1709: 	/scratch/frd_muziyao/SHUD-OpenMP/SHUD/Basins/heihe/forcing.trimmed/X100.55Y38.25.csv
	 Reading 81/1709: 	/scratch/frd_muziyao/SHUD-OpenMP/SHUD/Basins/heihe/forcing.trimmed/X100.65Y38.25.csv
	 Reading 82/1709: 	/scratch/frd_muziyao/SHUD-OpenMP/SHUD/Basins/heihe/forcing.trimmed/X100.75Y38.25.csv
	 Reading 83/1709: 	/scratch/frd_muziyao/SHUD-OpenMP/SHUD/Basins/heihe/forcing.trimmed/X100.85Y38.25.csv
	 Reading 84/1709: 	/scratch/frd_muziyao/SHUD-OpenMP/SHUD/Basins/heihe/forcing.trimmed/X100.95Y38.25.csv
	 Reading 85/1709: 	/scratch/frd_muziyao/SHUD-OpenMP/SHUD/Basins/heihe/forcing.trimmed/X101.05Y38.25.csv
	 Reading 86/1709: 	/scratch/frd_muziyao/SHUD-OpenMP/SHUD/Basins/heihe/forcing.trimmed/X101.15Y38.25.csv
	 Reading 87/1709: 	/scratch/frd_muziyao/SHUD-OpenMP/SHUD/Basins/heihe/forcing.trimmed/X101.25Y38.25.csv
	 Reading 88/1709: 	/scratch/frd_muziyao/SHUD-OpenMP/SHUD/Basins/heihe/forcing.trimmed/X101.35Y38.25.csv
	 Reading 89/1709: 	/scratch/frd_muziyao/SHUD-OpenMP/SHUD/Basins/heihe/forcing.trimmed/X98.85Y38.35.csv
	 Reading 90/1709: 	/scratch/frd_muziyao/SHUD-OpenMP/SHUD/Basins/heihe/forcing.trimmed/X98.95Y38.35.csv
	 Reading 91/1709: 	/scratch/frd_muziyao/SHUD-OpenMP/SHUD/Basins/heihe/forcing.trimmed/X99.05Y38.35.csv
	 Reading 92/1709: 	/scratch/frd_muziyao/SHUD-OpenMP/SHUD/Basins/heihe/forcing.trimmed/X99.15Y38.35.csv
	 Reading 93/1709: 	/scratch/frd_muziyao/SHUD-OpenMP/SHUD/Basins/heihe/forcing.trimmed/X99.25Y38.35.csv
	 Reading 94/1709: 	/scratch/frd_muziyao/SHUD-OpenMP/SHUD/Basins/heihe/forcing.trimmed/X99.35Y38.35.csv
	 Reading 95/1709: 	/scratch/frd_muziyao/SHUD-OpenMP/SHUD/Basins/heihe/forcing.trimmed/X99.45Y38.35.csv
	 Reading 96/1709: 	/scratch/frd_muziyao/SHUD-OpenMP/SHUD/Basins/heihe/forcing.trimmed/X99.55Y38.35.csv
	 Reading 97/1709: 	/scratch/frd_muziyao/SHUD-OpenMP/SHUD/Basins/heihe/forcing.trimmed/X99.65Y38.35.csv
	 Reading 98/1709: 	/scratch/frd_muziyao/SHUD-OpenMP/SHUD/Basins/heihe/forcing.trimmed/X99.75Y38.35.csv
	 Reading 99/1709: 	/scratch/frd_muziyao/SHUD-OpenMP/SHUD/Basins/heihe/forcing.trimmed/X99.85Y38.35.csv
	 Reading 100/1709: 	/scratch/frd_muziyao/SHUD-OpenMP/SHUD/Basins/heihe/forcing.trimmed/X99.95Y38.35.csv
	 Reading 101/1709: 	/scratch/frd_muziyao/SHUD-OpenMP/SHUD/Basins/heihe/forcing.trimmed/X100.05Y38.35.csv
	 Reading 102/1709: 	/scratch/frd_muziyao/SHUD-OpenMP/SHUD/Basins/heihe/forcing.trimmed/X100.15Y38.35.csv
	 Reading 103/1709: 	/scratch/frd_muziyao/SHUD-OpenMP/SHUD/Basins/heihe/forcing.trimmed/X100.25Y38.35.csv
	 Reading 104/1709: 	/scratch/frd_muziyao/SHUD-OpenMP/SHUD/Basins/heihe/forcing.trimmed/X100.35Y38.35.csv
	 Reading 105/1709: 	/scratch/frd_muziyao/SHUD-OpenMP/SHUD/Basins/heihe/forcing.trimmed/X100.45Y38.35.csv
	 Reading 106/1709: 	/scratch/frd_muziyao/SHUD-OpenMP/SHUD/Basins/heihe/forcing.trimmed/X100.55Y38.35.csv
	 Reading 107/1709: 	/scratch/frd_muziyao/SHUD-OpenMP/SHUD/Basins/heihe/forcing.trimmed/X100.65Y38.35.csv
	 Reading 108/1709: 	/scratch/frd_muziyao/SHUD-OpenMP/SHUD/Basins/heihe/forcing.trimmed/X100.75Y38.35.csv
	 Reading 109/1709: 	/scratch/frd_muziyao/SHUD-OpenMP/SHUD/Basins/heihe/forcing.trimmed/X100.85Y38.35.csv
	 Reading 110/1709: 	/scratch/frd_muziyao/SHUD-OpenMP/SHUD/Basins/heihe/forcing.trimmed/X100.95Y38.35.csv
	 Reading 111/1709: 	/scratch/frd_muziyao/SHUD-OpenMP/SHUD/Basins/heihe/forcing.trimmed/X101.05Y38.35.csv
	 Reading 112/1709: 	/scratch/frd_muziyao/SHUD-OpenMP/SHUD/Basins/heihe/forcing.trimmed/X101.15Y38.35.csv
	 Reading 113/1709: 	/scratch/frd_muziyao/SHUD-OpenMP/SHUD/Basins/heihe/forcing.trimmed/X101.25Y38.35.csv
	 Reading 114/1709: 	/scratch/frd_muziyao/SHUD-OpenMP/SHUD/Basins/heihe/forcing.trimmed/X101.35Y38.35.csv
	 Reading 115/1709: 	/scratch/frd_muziyao/SHUD-OpenMP/SHUD/Basins/heihe/forcing.trimmed/X101.45Y38.35.csv
	 Reading 116/1709: 	/scratch/frd_muziyao/SHUD-OpenMP/SHUD/Basins/heihe/forcing.trimmed/X101.55Y38.35.csv
	 Reading 117/1709: 	/scratch/frd_muziyao/SHUD-OpenMP/SHUD/Basins/heihe/forcing.trimmed/X101.65Y38.35.csv
	 Reading 118/1709: 	/scratch/frd_muziyao/SHUD-OpenMP/SHUD/Basins/heihe/forcing.trimmed/X101.75Y38.35.csv
	 Reading 119/1709: 	/scratch/frd_muziyao/SHUD-OpenMP/SHUD/Basins/heihe/forcing.trimmed/X98.65Y38.45.csv
	 Reading 120/1709: 	/scratch/frd_muziyao/SHUD-OpenMP/SHUD/Basins/heihe/forcing.trimmed/X98.75Y38.45.csv
	 Reading 121/1709: 	/scratch/frd_muziyao/SHUD-OpenMP/SHUD/Basins/heihe/forcing.trimmed/X98.85Y38.45.csv
	 Reading 122/1709: 	/scratch/frd_muziyao/SHUD-OpenMP/SHUD/Basins/heihe/forcing.trimmed/X98.95Y38.45.csv
	 Reading 123/1709: 	/scratch/frd_muziyao/SHUD-OpenMP/SHUD/Basins/heihe/forcing.trimmed/X99.05Y38.45.csv
	 Reading 124/1709: 	/scratch/frd_muziyao/SHUD-OpenMP/SHUD/Basins/heihe/forcing.trimmed/X99.15Y38.45.csv
	 Reading 125/1709: 	/scratch/frd_muziyao/SHUD-OpenMP/SHUD/Basins/heihe/forcing.trimmed/X99.25Y38.45.csv
	 Reading 126/1709: 	/scratch/frd_muziyao/SHUD-OpenMP/SHUD/Basins/heihe/forcing.trimmed/X99.35Y38.45.csv
	 Reading 127/1709: 	/scratch/frd_muziyao/SHUD-OpenMP/SHUD/Basins/heihe/forcing.trimmed/X99.45Y38.45.csv
	 Reading 128/1709: 	/scratch/frd_muziyao/SHUD-OpenMP/SHUD/Basins/heihe/forcing.trimmed/X99.55Y38.45.csv
	 Reading 129/1709: 	/scratch/frd_muziyao/SHUD-OpenMP/SHUD/Basins/heihe/forcing.trimmed/X99.65Y38.45.csv
	 Reading 130/1709: 	/scratch/frd_muziyao/SHUD-OpenMP/SHUD/Basins/heihe/forcing.trimmed/X99.75Y38.45.csv
	 Reading 131/1709: 	/scratch/frd_muziyao/SHUD-OpenMP/SHUD/Basins/heihe/forcing.trimmed/X99.85Y38.45.csv
	 Reading 132/1709: 	/scratch/frd_muziyao/SHUD-OpenMP/SHUD/Basins/heihe/forcing.trimmed/X99.95Y38.45.csv
	 Reading 133/1709: 	/scratch/frd_muziyao/SHUD-OpenMP/SHUD/Basins/heihe/forcing.trimmed/X100.05Y38.45.csv
	 Reading 134/1709: 	/scratch/frd_muziyao/SHUD-OpenMP/SHUD/Basins/heihe/forcing.trimmed/X100.15Y38.45.csv
	 Reading 135/1709: 	/scratch/frd_muziyao/SHUD-OpenMP/SHUD/Basins/heihe/forcing.trimmed/X100.25Y38.45.csv
	 Reading 136/1709: 	/scratch/frd_muziyao/SHUD-OpenMP/SHUD/Basins/heihe/forcing.trimmed/X100.35Y38.45.csv
	 Reading 137/1709: 	/scratch/frd_muziyao/SHUD-OpenMP/SHUD/Basins/heihe/forcing.trimmed/X100.45Y38.45.csv
	 Reading 138/1709: 	/scratch/frd_muziyao/SHUD-OpenMP/SHUD/Basins/heihe/forcing.trimmed/X100.55Y38.45.csv
	 Reading 139/1709: 	/scratch/frd_muziyao/SHUD-OpenMP/SHUD/Basins/heihe/forcing.trimmed/X100.65Y38.45.csv
	 Reading 140/1709: 	/scratch/frd_muziyao/SHUD-OpenMP/SHUD/Basins/heihe/forcing.trimmed/X100.75Y38.45.csv
	 Reading 141/1709: 	/scratch/frd_muziyao/SHUD-OpenMP/SHUD/Basins/heihe/forcing.trimmed/X100.85Y38.45.csv
	 Reading 142/1709: 	/scratch/frd_muziyao/SHUD-OpenMP/SHUD/Basins/heihe/forcing.trimmed/X100.95Y38.45.csv
	 Reading 143/1709: 	/scratch/frd_muziyao/SHUD-OpenMP/SHUD/Basins/heihe/forcing.trimmed/X101.05Y38.45.csv
	 Reading 144/1709: 	/scratch/frd_muziyao/SHUD-OpenMP/SHUD/Basins/heihe/forcing.trimmed/X101.15Y38.45.csv
	 Reading 145/1709: 	/scratch/frd_muziyao/SHUD-OpenMP/SHUD/Basins/heihe/forcing.trimmed/X101.25Y38.45.csv
	 Reading 146/1709: 	/scratch/frd_muziyao/SHUD-OpenMP/SHUD/Basins/heihe/forcing.trimmed/X101.35Y38.45.csv
	 Reading 147/1709: 	/scratch/frd_muziyao/SHUD-OpenMP/SHUD/Basins/heihe/forcing.trimmed/X101.45Y38.45.csv
	 Reading 148/1709: 	/scratch/frd_muziyao/SHUD-OpenMP/SHUD/Basins/heihe/forcing.trimmed/X101.55Y38.45.csv
	 Reading 149/1709: 	/scratch/frd_muziyao/SHUD-OpenMP/SHUD/Basins/heihe/forcing.trimmed/X101.65Y38.45.csv
	 Reading 150/1709: 	/scratch/frd_muziyao/SHUD-OpenMP/SHUD/Basins/heihe/forcing.trimmed/X101.75Y38.45.csv
	 Reading 151/1709: 	/scratch/frd_muziyao/SHUD-OpenMP/SHUD/Basins/heihe/forcing.trimmed/X101.85Y38.45.csv
	 Reading 152/1709: 	/scratch/frd_muziyao/SHUD-OpenMP/SHUD/Basins/heihe/forcing.trimmed/X98.35Y38.55.csv
	 Reading 153/1709: 	/scratch/frd_muziyao/SHUD-OpenMP/SHUD/Basins/heihe/forcing.trimmed/X98.45Y38.55.csv
	 Reading 154/1709: 	/scratch/frd_muziyao/SHUD-OpenMP/SHUD/Basins/heihe/forcing.trimmed/X98.55Y38.55.csv
	 Reading 155/1709: 	/scratch/frd_muziyao/SHUD-OpenMP/SHUD/Basins/heihe/forcing.trimmed/X98.65Y38.55.csv
	 Reading 156/1709: 	/scratch/frd_muziyao/SHUD-OpenMP/SHUD/Basins/heihe/forcing.trimmed/X98.75Y38.55.csv
	 Reading 157/1709: 	/scratch/frd_muziyao/SHUD-OpenMP/SHUD/Basins/heihe/forcing.trimmed/X98.85Y38.55.csv
	 Reading 158/1709: 	/scratch/frd_muziyao/SHUD-OpenMP/SHUD/Basins/heihe/forcing.trimmed/X98.95Y38.55.csv
	 Reading 159/1709: 	/scratch/frd_muziyao/SHUD-OpenMP/SHUD/Basins/heihe/forcing.trimmed/X99.05Y38.55.csv
	 Reading 160/1709: 	/scratch/frd_muziyao/SHUD-OpenMP/SHUD/Basins/heihe/forcing.trimmed/X99.15Y38.55.csv
	 Reading 161/1709: 	/scratch/frd_muziyao/SHUD-OpenMP/SHUD/Basins/heihe/forcing.trimmed/X99.25Y38.55.csv
	 Reading 162/1709: 	/scratch/frd_muziyao/SHUD-OpenMP/SHUD/Basins/heihe/forcing.trimmed/X99.35Y38.55.csv
	 Reading 163/1709: 	/scratch/frd_muziyao/SHUD-OpenMP/SHUD/Basins/heihe/forcing.trimmed/X99.45Y38.55.csv
	 Reading 164/1709: 	/scratch/frd_muziyao/SHUD-OpenMP/SHUD/Basins/heihe/forcing.trimmed/X99.55Y38.55.csv
	 Reading 165/1709: 	/scratch/frd_muziyao/SHUD-OpenMP/SHUD/Basins/heihe/forcing.trimmed/X99.65Y38.55.csv
	 Reading 166/1709: 	/scratch/frd_muziyao/SHUD-OpenMP/SHUD/Basins/heihe/forcing.trimmed/X99.75Y38.55.csv
	 Reading 167/1709: 	/scratch/frd_muziyao/SHUD-OpenMP/SHUD/Basins/heihe/forcing.trimmed/X99.85Y38.55.csv
	 Reading 168/1709: 	/scratch/frd_muziyao/SHUD-OpenMP/SHUD/Basins/heihe/forcing.trimmed/X99.95Y38.55.csv
	 Reading 169/1709: 	/scratch/frd_muziyao/SHUD-OpenMP/SHUD/Basins/heihe/forcing.trimmed/X100.05Y38.55.csv
	 Reading 170/1709: 	/scratch/frd_muziyao/SHUD-OpenMP/SHUD/Basins/heihe/forcing.trimmed/X100.15Y38.55.csv
	 Reading 171/1709: 	/scratch/frd_muziyao/SHUD-OpenMP/SHUD/Basins/heihe/forcing.trimmed/X100.25Y38.55.csv
	 Reading 172/1709: 	/scratch/frd_muziyao/SHUD-OpenMP/SHUD/Basins/heihe/forcing.trimmed/X100.35Y38.55.csv
	 Reading 173/1709: 	/scratch/frd_muziyao/SHUD-OpenMP/SHUD/Basins/heihe/forcing.trimmed/X100.45Y38.55.csv
	 Reading 174/1709: 	/scratch/frd_muziyao/SHUD-OpenMP/SHUD/Basins/heihe/forcing.trimmed/X100.55Y38.55.csv
	 Reading 175/1709: 	/scratch/frd_muziyao/SHUD-OpenMP/SHUD/Basins/heihe/forcing.trimmed/X100.65Y38.55.csv
	 Reading 176/1709: 	/scratch/frd_muziyao/SHUD-OpenMP/SHUD/Basins/heihe/forcing.trimmed/X100.75Y38.55.csv
	 Reading 177/1709: 	/scratch/frd_muziyao/SHUD-OpenMP/SHUD/Basins/heihe/forcing.trimmed/X100.85Y38.55.csv
	 Reading 178/1709: 	/scratch/frd_muziyao/SHUD-OpenMP/SHUD/Basins/heihe/forcing.trimmed/X100.95Y38.55.csv
	 Reading 179/1709: 	/scratch/frd_muziyao/SHUD-OpenMP/SHUD/Basins/heihe/forcing.trimmed/X101.05Y38.55.csv
	 Reading 180/1709: 	/scratch/frd_muziyao/SHUD-OpenMP/SHUD/Basins/heihe/forcing.trimmed/X101.15Y38.55.csv
	 Reading 181/1709: 	/scratch/frd_muziyao/SHUD-OpenMP/SHUD/Basins/heihe/forcing.trimmed/X101.25Y38.55.csv
	 Reading 182/1709: 	/scratch/frd_muziyao/SHUD-OpenMP/SHUD/Basins/heihe/forcing.trimmed/X101.35Y38.55.csv
	 Reading 183/1709: 	/scratch/frd_muziyao/SHUD-OpenMP/SHUD/Basins/heihe/forcing.trimmed/X101.45Y38.55.csv
	 Reading 184/1709: 	/scratch/frd_muziyao/SHUD-OpenMP/SHUD/Basins/heihe/forcing.trimmed/X101.55Y38.55.csv
	 Reading 185/1709: 	/scratch/frd_muziyao/SHUD-OpenMP/SHUD/Basins/heihe/forcing.trimmed/X101.65Y38.55.csv
	 Reading 186/1709: 	/scratch/frd_muziyao/SHUD-OpenMP/SHUD/Basins/heihe/forcing.trimmed/X101.75Y38.55.csv
	 Reading 187/1709: 	/scratch/frd_muziyao/SHUD-OpenMP/SHUD/Basins/heihe/forcing.trimmed/X101.85Y38.55.csv
	 Reading 188/1709: 	/scratch/frd_muziyao/SHUD-OpenMP/SHUD/Basins/heihe/forcing.trimmed/X98.15Y38.65.csv
	 Reading 189/1709: 	/scratch/frd_muziyao/SHUD-OpenMP/SHUD/Basins/heihe/forcing.trimmed/X98.25Y38.65.csv
	 Reading 190/1709: 	/scratch/frd_muziyao/SHUD-OpenMP/SHUD/Basins/heihe/forcing.trimmed/X98.35Y38.65.csv
	 Reading 191/1709: 	/scratch/frd_muziyao/SHUD-OpenMP/SHUD/Basins/heihe/forcing.trimmed/X98.45Y38.65.csv
	 Reading 192/1709: 	/scratch/frd_muziyao/SHUD-OpenMP/SHUD/Basins/heihe/forcing.trimmed/X98.55Y38.65.csv
	 Reading 193/1709: 	/scratch/frd_muziyao/SHUD-OpenMP/SHUD/Basins/heihe/forcing.trimmed/X98.65Y38.65.csv
	 Reading 194/1709: 	/scratch/frd_muziyao/SHUD-OpenMP/SHUD/Basins/heihe/forcing.trimmed/X98.75Y38.65.csv
	 Reading 195/1709: 	/scratch/frd_muziyao/SHUD-OpenMP/SHUD/Basins/heihe/forcing.trimmed/X98.85Y38.65.csv
	 Reading 196/1709: 	/scratch/frd_muziyao/SHUD-OpenMP/SHUD/Basins/heihe/forcing.trimmed/X98.95Y38.65.csv
	 Reading 197/1709: 	/scratch/frd_muziyao/SHUD-OpenMP/SHUD/Basins/heihe/forcing.trimmed/X99.05Y38.65.csv
	 Reading 198/1709: 	/scratch/frd_muziyao/SHUD-OpenMP/SHUD/Basins/heihe/forcing.trimmed/X99.15Y38.65.csv
	 Reading 199/1709: 	/scratch/frd_muziyao/SHUD-OpenMP/SHUD/Basins/heihe/forcing.trimmed/X99.25Y38.65.csv
	 Reading 200/1709: 	/scratch/frd_muziyao/SHUD-OpenMP/SHUD/Basins/heihe/forcing.trimmed/X99.35Y38.65.csv
	 Reading 201/1709: 	/scratch/frd_muziyao/SHUD-OpenMP/SHUD/Basins/heihe/forcing.trimmed/X99.45Y38.65.csv
	 Reading 202/1709: 	/scratch/frd_muziyao/SHUD-OpenMP/SHUD/Basins/heihe/forcing.trimmed/X99.55Y38.65.csv
	 Reading 203/1709: 	/scratch/frd_muziyao/SHUD-OpenMP/SHUD/Basins/heihe/forcing.trimmed/X99.65Y38.65.csv
	 Reading 204/1709: 	/scratch/frd_muziyao/SHUD-OpenMP/SHUD/Basins/heihe/forcing.trimmed/X99.75Y38.65.csv
	 Reading 205/1709: 	/scratch/frd_muziyao/SHUD-OpenMP/SHUD/Basins/heihe/forcing.trimmed/X99.85Y38.65.csv
	 Reading 206/1709: 	/scratch/frd_muziyao/SHUD-OpenMP/SHUD/Basins/heihe/forcing.trimmed/X99.95Y38.65.csv
	 Reading 207/1709: 	/scratch/frd_muziyao/SHUD-OpenMP/SHUD/Basins/heihe/forcing.trimmed/X100.05Y38.65.csv
	 Reading 208/1709: 	/scratch/frd_muziyao/SHUD-OpenMP/SHUD/Basins/heihe/forcing.trimmed/X100.15Y38.65.csv
	 Reading 209/1709: 	/scratch/frd_muziyao/SHUD-OpenMP/SHUD/Basins/heihe/forcing.trimmed/X100.25Y38.65.csv
	 Reading 210/1709: 	/scratch/frd_muziyao/SHUD-OpenMP/SHUD/Basins/heihe/forcing.trimmed/X100.35Y38.65.csv
	 Reading 211/1709: 	/scratch/frd_muziyao/SHUD-OpenMP/SHUD/Basins/heihe/forcing.trimmed/X100.45Y38.65.csv
	 Reading 212/1709: 	/scratch/frd_muziyao/SHUD-OpenMP/SHUD/Basins/heihe/forcing.trimmed/X100.55Y38.65.csv
	 Reading 213/1709: 	/scratch/frd_muziyao/SHUD-OpenMP/SHUD/Basins/heihe/forcing.trimmed/X100.65Y38.65.csv
	 Reading 214/1709: 	/scratch/frd_muziyao/SHUD-OpenMP/SHUD/Basins/heihe/forcing.trimmed/X100.75Y38.65.csv
	 Reading 215/1709: 	/scratch/frd_muziyao/SHUD-OpenMP/SHUD/Basins/heihe/forcing.trimmed/X100.85Y38.65.csv
	 Reading 216/1709: 	/scratch/frd_muziyao/SHUD-OpenMP/SHUD/Basins/heihe/forcing.trimmed/X100.95Y38.65.csv
	 Reading 217/1709: 	/scratch/frd_muziyao/SHUD-OpenMP/SHUD/Basins/heihe/forcing.trimmed/X101.05Y38.65.csv
	 Reading 218/1709: 	/scratch/frd_muziyao/SHUD-OpenMP/SHUD/Basins/heihe/forcing.trimmed/X101.15Y38.65.csv
	 Reading 219/1709: 	/scratch/frd_muziyao/SHUD-OpenMP/SHUD/Basins/heihe/forcing.trimmed/X101.25Y38.65.csv
	 Reading 220/1709: 	/scratch/frd_muziyao/SHUD-OpenMP/SHUD/Basins/heihe/forcing.trimmed/X101.35Y38.65.csv
	 Reading 221/1709: 	/scratch/frd_muziyao/SHUD-OpenMP/SHUD/Basins/heihe/forcing.trimmed/X101.45Y38.65.csv
	 Reading 222/1709: 	/scratch/frd_muziyao/SHUD-OpenMP/SHUD/Basins/heihe/forcing.trimmed/X101.55Y38.65.csv
	 Reading 223/1709: 	/scratch/frd_muziyao/SHUD-OpenMP/SHUD/Basins/heihe/forcing.trimmed/X101.65Y38.65.csv
	 Reading 224/1709: 	/scratch/frd_muziyao/SHUD-OpenMP/SHUD/Basins/heihe/forcing.trimmed/X101.75Y38.65.csv
	 Reading 225/1709: 	/scratch/frd_muziyao/SHUD-OpenMP/SHUD/Basins/heihe/forcing.trimmed/X101.85Y38.65.csv
	 Reading 226/1709: 	/scratch/frd_muziyao/SHUD-OpenMP/SHUD/Basins/heihe/forcing.trimmed/X98.05Y38.75.csv
	 Reading 227/1709: 	/scratch/frd_muziyao/SHUD-OpenMP/SHUD/Basins/heihe/forcing.trimmed/X98.15Y38.75.csv
	 Reading 228/1709: 	/scratch/frd_muziyao/SHUD-OpenMP/SHUD/Basins/heihe/forcing.trimmed/X98.25Y38.75.csv
	 Reading 229/1709: 	/scratch/frd_muziyao/SHUD-OpenMP/SHUD/Basins/heihe/forcing.trimmed/X98.35Y38.75.csv
	 Reading 230/1709: 	/scratch/frd_muziyao/SHUD-OpenMP/SHUD/Basins/heihe/forcing.trimmed/X98.45Y38.75.csv
	 Reading 231/1709: 	/scratch/frd_muziyao/SHUD-OpenMP/SHUD/Basins/heihe/forcing.trimmed/X98.55Y38.75.csv
	 Reading 232/1709: 	/scratch/frd_muziyao/SHUD-OpenMP/SHUD/Basins/heihe/forcing.trimmed/X98.65Y38.75.csv
	 Reading 233/1709: 	/scratch/frd_muziyao/SHUD-OpenMP/SHUD/Basins/heihe/forcing.trimmed/X98.75Y38.75.csv
	 Reading 234/1709: 	/scratch/frd_muziyao/SHUD-OpenMP/SHUD/Basins/heihe/forcing.trimmed/X98.85Y38.75.csv
	 Reading 235/1709: 	/scratch/frd_muziyao/SHUD-OpenMP/SHUD/Basins/heihe/forcing.trimmed/X98.95Y38.75.csv
	 Reading 236/1709: 	/scratch/frd_muziyao/SHUD-OpenMP/SHUD/Basins/heihe/forcing.trimmed/X99.05Y38.75.csv
	 Reading 237/1709: 	/scratch/frd_muziyao/SHUD-OpenMP/SHUD/Basins/heihe/forcing.trimmed/X99.15Y38.75.csv
	 Reading 238/1709: 	/scratch/frd_muziyao/SHUD-OpenMP/SHUD/Basins/heihe/forcing.trimmed/X99.25Y38.75.csv
	 Reading 239/1709: 	/scratch/frd_muziyao/SHUD-OpenMP/SHUD/Basins/heihe/forcing.trimmed/X99.35Y38.75.csv
	 Reading 240/1709: 	/scratch/frd_muziyao/SHUD-OpenMP/SHUD/Basins/heihe/forcing.trimmed/X99.45Y38.75.csv
	 Reading 241/1709: 	/scratch/frd_muziyao/SHUD-OpenMP/SHUD/Basins/heihe/forcing.trimmed/X99.55Y38.75.csv
	 Reading 242/1709: 	/scratch/frd_muziyao/SHUD-OpenMP/SHUD/Basins/heihe/forcing.trimmed/X99.65Y38.75.csv
	 Reading 243/1709: 	/scratch/frd_muziyao/SHUD-OpenMP/SHUD/Basins/heihe/forcing.trimmed/X99.75Y38.75.csv
	 Reading 244/1709: 	/scratch/frd_muziyao/SHUD-OpenMP/SHUD/Basins/heihe/forcing.trimmed/X99.85Y38.75.csv
	 Reading 245/1709: 	/scratch/frd_muziyao/SHUD-OpenMP/SHUD/Basins/heihe/forcing.trimmed/X99.95Y38.75.csv
	 Reading 246/1709: 	/scratch/frd_muziyao/SHUD-OpenMP/SHUD/Basins/heihe/forcing.trimmed/X100.05Y38.75.csv
	 Reading 247/1709: 	/scratch/frd_muziyao/SHUD-OpenMP/SHUD/Basins/heihe/forcing.trimmed/X100.15Y38.75.csv
	 Reading 248/1709: 	/scratch/frd_muziyao/SHUD-OpenMP/SHUD/Basins/heihe/forcing.trimmed/X100.25Y38.75.csv
	 Reading 249/1709: 	/scratch/frd_muziyao/SHUD-OpenMP/SHUD/Basins/heihe/forcing.trimmed/X100.35Y38.75.csv
	 Reading 250/1709: 	/scratch/frd_muziyao/SHUD-OpenMP/SHUD/Basins/heihe/forcing.trimmed/X100.45Y38.75.csv
	 Reading 251/1709: 	/scratch/frd_muziyao/SHUD-OpenMP/SHUD/Basins/heihe/forcing.trimmed/X100.55Y38.75.csv
	 Reading 252/1709: 	/scratch/frd_muziyao/SHUD-OpenMP/SHUD/Basins/heihe/forcing.trimmed/X100.65Y38.75.csv
	 Reading 253/1709: 	/scratch/frd_muziyao/SHUD-OpenMP/SHUD/Basins/heihe/forcing.trimmed/X100.75Y38.75.csv
	 Reading 254/1709: 	/scratch/frd_muziyao/SHUD-OpenMP/SHUD/Basins/heihe/forcing.trimmed/X100.85Y38.75.csv
	 Reading 255/1709: 	/scratch/frd_muziyao/SHUD-OpenMP/SHUD/Basins/heihe/forcing.trimmed/X100.95Y38.75.csv
	 Reading 256/1709: 	/scratch/frd_muziyao/SHUD-OpenMP/SHUD/Basins/heihe/forcing.trimmed/X101.05Y38.75.csv
	 Reading 257/1709: 	/scratch/frd_muziyao/SHUD-OpenMP/SHUD/Basins/heihe/forcing.trimmed/X101.15Y38.75.csv
	 Reading 258/1709: 	/scratch/frd_muziyao/SHUD-OpenMP/SHUD/Basins/heihe/forcing.trimmed/X101.25Y38.75.csv
	 Reading 259/1709: 	/scratch/frd_muziyao/SHUD-OpenMP/SHUD/Basins/heihe/forcing.trimmed/X101.35Y38.75.csv
	 Reading 260/1709: 	/scratch/frd_muziyao/SHUD-OpenMP/SHUD/Basins/heihe/forcing.trimmed/X101.45Y38.75.csv
	 Reading 261/1709: 	/scratch/frd_muziyao/SHUD-OpenMP/SHUD/Basins/heihe/forcing.trimmed/X101.55Y38.75.csv
	 Reading 262/1709: 	/scratch/frd_muziyao/SHUD-OpenMP/SHUD/Basins/heihe/forcing.trimmed/X101.65Y38.75.csv
	 Reading 263/1709: 	/scratch/frd_muziyao/SHUD-OpenMP/SHUD/Basins/heihe/forcing.trimmed/X97.85Y38.85.csv
	 Reading 264/1709: 	/scratch/frd_muziyao/SHUD-OpenMP/SHUD/Basins/heihe/forcing.trimmed/X97.95Y38.85.csv
	 Reading 265/1709: 	/scratch/frd_muziyao/SHUD-OpenMP/SHUD/Basins/heihe/forcing.trimmed/X98.05Y38.85.csv
	 Reading 266/1709: 	/scratch/frd_muziyao/SHUD-OpenMP/SHUD/Basins/heihe/forcing.trimmed/X98.15Y38.85.csv
	 Reading 267/1709: 	/scratch/frd_muziyao/SHUD-OpenMP/SHUD/Basins/heihe/forcing.trimmed/X98.25Y38.85.csv
	 Reading 268/1709: 	/scratch/frd_muziyao/SHUD-OpenMP/SHUD/Basins/heihe/forcing.trimmed/X98.35Y38.85.csv
	 Reading 269/1709: 	/scratch/frd_muziyao/SHUD-OpenMP/SHUD/Basins/heihe/forcing.trimmed/X98.45Y38.85.csv
	 Reading 270/1709: 	/scratch/frd_muziyao/SHUD-OpenMP/SHUD/Basins/heihe/forcing.trimmed/X98.55Y38.85.csv
	 Reading 271/1709: 	/scratch/frd_muziyao/SHUD-OpenMP/SHUD/Basins/heihe/forcing.trimmed/X98.65Y38.85.csv
	 Reading 272/1709: 	/scratch/frd_muziyao/SHUD-OpenMP/SHUD/Basins/heihe/forcing.trimmed/X98.75Y38.85.csv
	 Reading 273/1709: 	/scratch/frd_muziyao/SHUD-OpenMP/SHUD/Basins/heihe/forcing.trimmed/X98.85Y38.85.csv
	 Reading 274/1709: 	/scratch/frd_muziyao/SHUD-OpenMP/SHUD/Basins/heihe/forcing.trimmed/X98.95Y38.85.csv
	 Reading 275/1709: 	/scratch/frd_muziyao/SHUD-OpenMP/SHUD/Basins/heihe/forcing.trimmed/X99.05Y38.85.csv
	 Reading 276/1709: 	/scratch/frd_muziyao/SHUD-OpenMP/SHUD/Basins/heihe/forcing.trimmed/X99.15Y38.85.csv
	 Reading 277/1709: 	/scratch/frd_muziyao/SHUD-OpenMP/SHUD/Basins/heihe/forcing.trimmed/X99.25Y38.85.csv
	 Reading 278/1709: 	/scratch/frd_muziyao/SHUD-OpenMP/SHUD/Basins/heihe/forcing.trimmed/X99.35Y38.85.csv
	 Reading 279/1709: 	/scratch/frd_muziyao/SHUD-OpenMP/SHUD/Basins/heihe/forcing.trimmed/X99.45Y38.85.csv
	 Reading 280/1709: 	/scratch/frd_muziyao/SHUD-OpenMP/SHUD/Basins/heihe/forcing.trimmed/X99.55Y38.85.csv
	 Reading 281/1709: 	/scratch/frd_muziyao/SHUD-OpenMP/SHUD/Basins/heihe/forcing.trimmed/X99.65Y38.85.csv
	 Reading 282/1709: 	/scratch/frd_muziyao/SHUD-OpenMP/SHUD/Basins/heihe/forcing.trimmed/X99.75Y38.85.csv
	 Reading 283/1709: 	/scratch/frd_muziyao/SHUD-OpenMP/SHUD/Basins/heihe/forcing.trimmed/X99.85Y38.85.csv
	 Reading 284/1709: 	/scratch/frd_muziyao/SHUD-OpenMP/SHUD/Basins/heihe/forcing.trimmed/X99.95Y38.85.csv
	 Reading 285/1709: 	/scratch/frd_muziyao/SHUD-OpenMP/SHUD/Basins/heihe/forcing.trimmed/X100.05Y38.85.csv
	 Reading 286/1709: 	/scratch/frd_muziyao/SHUD-OpenMP/SHUD/Basins/heihe/forcing.trimmed/X100.15Y38.85.csv
	 Reading 287/1709: 	/scratch/frd_muziyao/SHUD-OpenMP/SHUD/Basins/heihe/forcing.trimmed/X100.25Y38.85.csv
	 Reading 288/1709: 	/scratch/frd_muziyao/SHUD-OpenMP/SHUD/Basins/heihe/forcing.trimmed/X100.35Y38.85.csv
	 Reading 289/1709: 	/scratch/frd_muziyao/SHUD-OpenMP/SHUD/Basins/heihe/forcing.trimmed/X100.45Y38.85.csv
	 Reading 290/1709: 	/scratch/frd_muziyao/SHUD-OpenMP/SHUD/Basins/heihe/forcing.trimmed/X100.55Y38.85.csv
	 Reading 291/1709: 	/scratch/frd_muziyao/SHUD-OpenMP/SHUD/Basins/heihe/forcing.trimmed/X100.65Y38.85.csv
	 Reading 292/1709: 	/scratch/frd_muziyao/SHUD-OpenMP/SHUD/Basins/heihe/forcing.trimmed/X100.75Y38.85.csv
	 Reading 293/1709: 	/scratch/frd_muziyao/SHUD-OpenMP/SHUD/Basins/heihe/forcing.trimmed/X100.85Y38.85.csv
	 Reading 294/1709: 	/scratch/frd_muziyao/SHUD-OpenMP/SHUD/Basins/heihe/forcing.trimmed/X100.95Y38.85.csv
	 Reading 295/1709: 	/scratch/frd_muziyao/SHUD-OpenMP/SHUD/Basins/heihe/forcing.trimmed/X101.05Y38.85.csv
	 Reading 296/1709: 	/scratch/frd_muziyao/SHUD-OpenMP/SHUD/Basins/heihe/forcing.trimmed/X101.15Y38.85.csv
	 Reading 297/1709: 	/scratch/frd_muziyao/SHUD-OpenMP/SHUD/Basins/heihe/forcing.trimmed/X101.25Y38.85.csv
	 Reading 298/1709: 	/scratch/frd_muziyao/SHUD-OpenMP/SHUD/Basins/heihe/forcing.trimmed/X101.35Y38.85.csv
	 Reading 299/1709: 	/scratch/frd_muziyao/SHUD-OpenMP/SHUD/Basins/heihe/forcing.trimmed/X97.65Y38.95.csv
	 Reading 300/1709: 	/scratch/frd_muziyao/SHUD-OpenMP/SHUD/Basins/heihe/forcing.trimmed/X97.75Y38.95.csv
	 Reading 301/1709: 	/scratch/frd_muziyao/SHUD-OpenMP/SHUD/Basins/heihe/forcing.trimmed/X97.85Y38.95.csv
	 Reading 302/1709: 	/scratch/frd_muziyao/SHUD-OpenMP/SHUD/Basins/heihe/forcing.trimmed/X97.95Y38.95.csv
	 Reading 303/1709: 	/scratch/frd_muziyao/SHUD-OpenMP/SHUD/Basins/heihe/forcing.trimmed/X98.05Y38.95.csv
	 Reading 304/1709: 	/scratch/frd_muziyao/SHUD-OpenMP/SHUD/Basins/heihe/forcing.trimmed/X98.15Y38.95.csv
	 Reading 305/1709: 	/scratch/frd_muziyao/SHUD-OpenMP/SHUD/Basins/heihe/forcing.trimmed/X98.25Y38.95.csv
	 Reading 306/1709: 	/scratch/frd_muziyao/SHUD-OpenMP/SHUD/Basins/heihe/forcing.trimmed/X98.35Y38.95.csv
	 Reading 307/1709: 	/scratch/frd_muziyao/SHUD-OpenMP/SHUD/Basins/heihe/forcing.trimmed/X98.45Y38.95.csv
	 Reading 308/1709: 	/scratch/frd_muziyao/SHUD-OpenMP/SHUD/Basins/heihe/forcing.trimmed/X98.55Y38.95.csv
	 Reading 309/1709: 	/scratch/frd_muziyao/SHUD-OpenMP/SHUD/Basins/heihe/forcing.trimmed/X98.65Y38.95.csv
	 Reading 310/1709: 	/scratch/frd_muziyao/SHUD-OpenMP/SHUD/Basins/heihe/forcing.trimmed/X98.75Y38.95.csv
	 Reading 311/1709: 	/scratch/frd_muziyao/SHUD-OpenMP/SHUD/Basins/heihe/forcing.trimmed/X98.85Y38.95.csv
	 Reading 312/1709: 	/scratch/frd_muziyao/SHUD-OpenMP/SHUD/Basins/heihe/forcing.trimmed/X98.95Y38.95.csv
	 Reading 313/1709: 	/scratch/frd_muziyao/SHUD-OpenMP/SHUD/Basins/heihe/forcing.trimmed/X99.05Y38.95.csv
	 Reading 314/1709: 	/scratch/frd_muziyao/SHUD-OpenMP/SHUD/Basins/heihe/forcing.trimmed/X99.15Y38.95.csv
	 Reading 315/1709: 	/scratch/frd_muziyao/SHUD-OpenMP/SHUD/Basins/heihe/forcing.trimmed/X99.25Y38.95.csv
	 Reading 316/1709: 	/scratch/frd_muziyao/SHUD-OpenMP/SHUD/Basins/heihe/forcing.trimmed/X99.35Y38.95.csv
	 Reading 317/1709: 	/scratch/frd_muziyao/SHUD-OpenMP/SHUD/Basins/heihe/forcing.trimmed/X99.45Y38.95.csv
	 Reading 318/1709: 	/scratch/frd_muziyao/SHUD-OpenMP/SHUD/Basins/heihe/forcing.trimmed/X99.55Y38.95.csv
	 Reading 319/1709: 	/scratch/frd_muziyao/SHUD-OpenMP/SHUD/Basins/heihe/forcing.trimmed/X99.65Y38.95.csv
	 Reading 320/1709: 	/scratch/frd_muziyao/SHUD-OpenMP/SHUD/Basins/heihe/forcing.trimmed/X99.75Y38.95.csv
	 Reading 321/1709: 	/scratch/frd_muziyao/SHUD-OpenMP/SHUD/Basins/heihe/forcing.trimmed/X99.85Y38.95.csv
	 Reading 322/1709: 	/scratch/frd_muziyao/SHUD-OpenMP/SHUD/Basins/heihe/forcing.trimmed/X99.95Y38.95.csv
	 Reading 323/1709: 	/scratch/frd_muziyao/SHUD-OpenMP/SHUD/Basins/heihe/forcing.trimmed/X100.05Y38.95.csv
	 Reading 324/1709: 	/scratch/frd_muziyao/SHUD-OpenMP/SHUD/Basins/heihe/forcing.trimmed/X100.15Y38.95.csv
	 Reading 325/1709: 	/scratch/frd_muziyao/SHUD-OpenMP/SHUD/Basins/heihe/forcing.trimmed/X100.25Y38.95.csv
	 Reading 326/1709: 	/scratch/frd_muziyao/SHUD-OpenMP/SHUD/Basins/heihe/forcing.trimmed/X100.35Y38.95.csv
	 Reading 327/1709: 	/scratch/frd_muziyao/SHUD-OpenMP/SHUD/Basins/heihe/forcing.trimmed/X100.45Y38.95.csv
	 Reading 328/1709: 	/scratch/frd_muziyao/SHUD-OpenMP/SHUD/Basins/heihe/forcing.trimmed/X100.55Y38.95.csv
	 Reading 329/1709: 	/scratch/frd_muziyao/SHUD-OpenMP/SHUD/Basins/heihe/forcing.trimmed/X100.65Y38.95.csv
	 Reading 330/1709: 	/scratch/frd_muziyao/SHUD-OpenMP/SHUD/Basins/heihe/forcing.trimmed/X100.75Y38.95.csv
	 Reading 331/1709: 	/scratch/frd_muziyao/SHUD-OpenMP/SHUD/Basins/heihe/forcing.trimmed/X100.85Y38.95.csv
	 Reading 332/1709: 	/scratch/frd_muziyao/SHUD-OpenMP/SHUD/Basins/heihe/forcing.trimmed/X100.95Y38.95.csv
	 Reading 333/1709: 	/scratch/frd_muziyao/SHUD-OpenMP/SHUD/Basins/heihe/forcing.trimmed/X101.05Y38.95.csv
	 Reading 334/1709: 	/scratch/frd_muziyao/SHUD-OpenMP/SHUD/Basins/heihe/forcing.trimmed/X101.15Y38.95.csv
	 Reading 335/1709: 	/scratch/frd_muziyao/SHUD-OpenMP/SHUD/Basins/heihe/forcing.trimmed/X97.45Y39.05.csv
	 Reading 336/1709: 	/scratch/frd_muziyao/SHUD-OpenMP/SHUD/Basins/heihe/forcing.trimmed/X97.55Y39.05.csv
	 Reading 337/1709: 	/scratch/frd_muziyao/SHUD-OpenMP/SHUD/Basins/heihe/forcing.trimmed/X97.65Y39.05.csv
	 Reading 338/1709: 	/scratch/frd_muziyao/SHUD-OpenMP/SHUD/Basins/heihe/forcing.trimmed/X97.75Y39.05.csv
	 Reading 339/1709: 	/scratch/frd_muziyao/SHUD-OpenMP/SHUD/Basins/heihe/forcing.trimmed/X97.85Y39.05.csv
	 Reading 340/1709: 	/scratch/frd_muziyao/SHUD-OpenMP/SHUD/Basins/heihe/forcing.trimmed/X97.95Y39.05.csv
	 Reading 341/1709: 	/scratch/frd_muziyao/SHUD-OpenMP/SHUD/Basins/heihe/forcing.trimmed/X98.05Y39.05.csv
	 Reading 342/1709: 	/scratch/frd_muziyao/SHUD-OpenMP/SHUD/Basins/heihe/forcing.trimmed/X98.15Y39.05.csv
	 Reading 343/1709: 	/scratch/frd_muziyao/SHUD-OpenMP/SHUD/Basins/heihe/forcing.trimmed/X98.25Y39.05.csv
	 Reading 344/1709: 	/scratch/frd_muziyao/SHUD-OpenMP/SHUD/Basins/heihe/forcing.trimmed/X98.35Y39.05.csv
	 Reading 345/1709: 	/scratch/frd_muziyao/SHUD-OpenMP/SHUD/Basins/heihe/forcing.trimmed/X98.45Y39.05.csv
	 Reading 346/1709: 	/scratch/frd_muziyao/SHUD-OpenMP/SHUD/Basins/heihe/forcing.trimmed/X98.55Y39.05.csv
	 Reading 347/1709: 	/scratch/frd_muziyao/SHUD-OpenMP/SHUD/Basins/heihe/forcing.trimmed/X98.65Y39.05.csv
	 Reading 348/1709: 	/scratch/frd_muziyao/SHUD-OpenMP/SHUD/Basins/heihe/forcing.trimmed/X98.75Y39.05.csv
	 Reading 349/1709: 	/scratch/frd_muziyao/SHUD-OpenMP/SHUD/Basins/heihe/forcing.trimmed/X98.85Y39.05.csv
	 Reading 350/1709: 	/scratch/frd_muziyao/SHUD-OpenMP/SHUD/Basins/heihe/forcing.trimmed/X98.95Y39.05.csv
	 Reading 351/1709: 	/scratch/frd_muziyao/SHUD-OpenMP/SHUD/Basins/heihe/forcing.trimmed/X99.05Y39.05.csv
	 Reading 352/1709: 	/scratch/frd_muziyao/SHUD-OpenMP/SHUD/Basins/heihe/forcing.trimmed/X99.15Y39.05.csv
	 Reading 353/1709: 	/scratch/frd_muziyao/SHUD-OpenMP/SHUD/Basins/heihe/forcing.trimmed/X99.25Y39.05.csv
	 Reading 354/1709: 	/scratch/frd_muziyao/SHUD-OpenMP/SHUD/Basins/heihe/forcing.trimmed/X99.35Y39.05.csv
	 Reading 355/1709: 	/scratch/frd_muziyao/SHUD-OpenMP/SHUD/Basins/heihe/forcing.trimmed/X99.45Y39.05.csv
	 Reading 356/1709: 	/scratch/frd_muziyao/SHUD-OpenMP/SHUD/Basins/heihe/forcing.trimmed/X99.55Y39.05.csv
	 Reading 357/1709: 	/scratch/frd_muziyao/SHUD-OpenMP/SHUD/Basins/heihe/forcing.trimmed/X99.65Y39.05.csv
	 Reading 358/1709: 	/scratch/frd_muziyao/SHUD-OpenMP/SHUD/Basins/heihe/forcing.trimmed/X99.75Y39.05.csv
	 Reading 359/1709: 	/scratch/frd_muziyao/SHUD-OpenMP/SHUD/Basins/heihe/forcing.trimmed/X99.85Y39.05.csv
	 Reading 360/1709: 	/scratch/frd_muziyao/SHUD-OpenMP/SHUD/Basins/heihe/forcing.trimmed/X99.95Y39.05.csv
	 Reading 361/1709: 	/scratch/frd_muziyao/SHUD-OpenMP/SHUD/Basins/heihe/forcing.trimmed/X100.05Y39.05.csv
	 Reading 362/1709: 	/scratch/frd_muziyao/SHUD-OpenMP/SHUD/Basins/heihe/forcing.trimmed/X100.15Y39.05.csv
	 Reading 363/1709: 	/scratch/frd_muziyao/SHUD-OpenMP/SHUD/Basins/heihe/forcing.trimmed/X100.25Y39.05.csv
	 Reading 364/1709: 	/scratch/frd_muziyao/SHUD-OpenMP/SHUD/Basins/heihe/forcing.trimmed/X100.35Y39.05.csv
	 Reading 365/1709: 	/scratch/frd_muziyao/SHUD-OpenMP/SHUD/Basins/heihe/forcing.trimmed/X100.45Y39.05.csv
	 Reading 366/1709: 	/scratch/frd_muziyao/SHUD-OpenMP/SHUD/Basins/heihe/forcing.trimmed/X100.55Y39.05.csv
	 Reading 367/1709: 	/scratch/frd_muziyao/SHUD-OpenMP/SHUD/Basins/heihe/forcing.trimmed/X100.65Y39.05.csv
	 Reading 368/1709: 	/scratch/frd_muziyao/SHUD-OpenMP/SHUD/Basins/heihe/forcing.trimmed/X100.75Y39.05.csv
	 Reading 369/1709: 	/scratch/frd_muziyao/SHUD-OpenMP/SHUD/Basins/heihe/forcing.trimmed/X100.85Y39.05.csv
	 Reading 370/1709: 	/scratch/frd_muziyao/SHUD-OpenMP/SHUD/Basins/heihe/forcing.trimmed/X100.95Y39.05.csv
	 Reading 371/1709: 	/scratch/frd_muziyao/SHUD-OpenMP/SHUD/Basins/heihe/forcing.trimmed/X97.35Y39.15.csv
	 Reading 372/1709: 	/scratch/frd_muziyao/SHUD-OpenMP/SHUD/Basins/heihe/forcing.trimmed/X97.45Y39.15.csv
	 Reading 373/1709: 	/scratch/frd_muziyao/SHUD-OpenMP/SHUD/Basins/heihe/forcing.trimmed/X97.55Y39.15.csv
	 Reading 374/1709: 	/scratch/frd_muziyao/SHUD-OpenMP/SHUD/Basins/heihe/forcing.trimmed/X97.65Y39.15.csv
	 Reading 375/1709: 	/scratch/frd_muziyao/SHUD-OpenMP/SHUD/Basins/heihe/forcing.trimmed/X97.75Y39.15.csv
	 Reading 376/1709: 	/scratch/frd_muziyao/SHUD-OpenMP/SHUD/Basins/heihe/forcing.trimmed/X97.85Y39.15.csv
	 Reading 377/1709: 	/scratch/frd_muziyao/SHUD-OpenMP/SHUD/Basins/heihe/forcing.trimmed/X97.95Y39.15.csv
	 Reading 378/1709: 	/scratch/frd_muziyao/SHUD-OpenMP/SHUD/Basins/heihe/forcing.trimmed/X98.05Y39.15.csv
	 Reading 379/1709: 	/scratch/frd_muziyao/SHUD-OpenMP/SHUD/Basins/heihe/forcing.trimmed/X98.15Y39.15.csv
	 Reading 380/1709: 	/scratch/frd_muziyao/SHUD-OpenMP/SHUD/Basins/heihe/forcing.trimmed/X98.25Y39.15.csv
	 Reading 381/1709: 	/scratch/frd_muziyao/SHUD-OpenMP/SHUD/Basins/heihe/forcing.trimmed/X98.35Y39.15.csv
	 Reading 382/1709: 	/scratch/frd_muziyao/SHUD-OpenMP/SHUD/Basins/heihe/forcing.trimmed/X98.45Y39.15.csv
	 Reading 383/1709: 	/scratch/frd_muziyao/SHUD-OpenMP/SHUD/Basins/heihe/forcing.trimmed/X98.55Y39.15.csv
	 Reading 384/1709: 	/scratch/frd_muziyao/SHUD-OpenMP/SHUD/Basins/heihe/forcing.trimmed/X98.65Y39.15.csv
	 Reading 385/1709: 	/scratch/frd_muziyao/SHUD-OpenMP/SHUD/Basins/heihe/forcing.trimmed/X98.75Y39.15.csv
	 Reading 386/1709: 	/scratch/frd_muziyao/SHUD-OpenMP/SHUD/Basins/heihe/forcing.trimmed/X98.85Y39.15.csv
	 Reading 387/1709: 	/scratch/frd_muziyao/SHUD-OpenMP/SHUD/Basins/heihe/forcing.trimmed/X98.95Y39.15.csv
	 Reading 388/1709: 	/scratch/frd_muziyao/SHUD-OpenMP/SHUD/Basins/heihe/forcing.trimmed/X99.05Y39.15.csv
	 Reading 389/1709: 	/scratch/frd_muziyao/SHUD-OpenMP/SHUD/Basins/heihe/forcing.trimmed/X99.15Y39.15.csv
	 Reading 390/1709: 	/scratch/frd_muziyao/SHUD-OpenMP/SHUD/Basins/heihe/forcing.trimmed/X99.25Y39.15.csv
	 Reading 391/1709: 	/scratch/frd_muziyao/SHUD-OpenMP/SHUD/Basins/heihe/forcing.trimmed/X99.35Y39.15.csv
	 Reading 392/1709: 	/scratch/frd_muziyao/SHUD-OpenMP/SHUD/Basins/heihe/forcing.trimmed/X99.45Y39.15.csv
	 Reading 393/1709: 	/scratch/frd_muziyao/SHUD-OpenMP/SHUD/Basins/heihe/forcing.trimmed/X99.55Y39.15.csv
	 Reading 394/1709: 	/scratch/frd_muziyao/SHUD-OpenMP/SHUD/Basins/heihe/forcing.trimmed/X99.65Y39.15.csv
	 Reading 395/1709: 	/scratch/frd_muziyao/SHUD-OpenMP/SHUD/Basins/heihe/forcing.trimmed/X99.75Y39.15.csv
	 Reading 396/1709: 	/scratch/frd_muziyao/SHUD-OpenMP/SHUD/Basins/heihe/forcing.trimmed/X99.85Y39.15.csv
	 Reading 397/1709: 	/scratch/frd_muziyao/SHUD-OpenMP/SHUD/Basins/heihe/forcing.trimmed/X99.95Y39.15.csv
	 Reading 398/1709: 	/scratch/frd_muziyao/SHUD-OpenMP/SHUD/Basins/heihe/forcing.trimmed/X100.05Y39.15.csv
	 Reading 399/1709: 	/scratch/frd_muziyao/SHUD-OpenMP/SHUD/Basins/heihe/forcing.trimmed/X100.15Y39.15.csv
	 Reading 400/1709: 	/scratch/frd_muziyao/SHUD-OpenMP/SHUD/Basins/heihe/forcing.trimmed/X100.25Y39.15.csv
	 Reading 401/1709: 	/scratch/frd_muziyao/SHUD-OpenMP/SHUD/Basins/heihe/forcing.trimmed/X100.35Y39.15.csv
	 Reading 402/1709: 	/scratch/frd_muziyao/SHUD-OpenMP/SHUD/Basins/heihe/forcing.trimmed/X100.45Y39.15.csv
	 Reading 403/1709: 	/scratch/frd_muziyao/SHUD-OpenMP/SHUD/Basins/heihe/forcing.trimmed/X100.55Y39.15.csv
	 Reading 404/1709: 	/scratch/frd_muziyao/SHUD-OpenMP/SHUD/Basins/heihe/forcing.trimmed/X100.65Y39.15.csv
	 Reading 405/1709: 	/scratch/frd_muziyao/SHUD-OpenMP/SHUD/Basins/heihe/forcing.trimmed/X100.75Y39.15.csv
	 Reading 406/1709: 	/scratch/frd_muziyao/SHUD-OpenMP/SHUD/Basins/heihe/forcing.trimmed/X97.35Y39.25.csv
	 Reading 407/1709: 	/scratch/frd_muziyao/SHUD-OpenMP/SHUD/Basins/heihe/forcing.trimmed/X97.45Y39.25.csv
	 Reading 408/1709: 	/scratch/frd_muziyao/SHUD-OpenMP/SHUD/Basins/heihe/forcing.trimmed/X97.55Y39.25.csv
	 Reading 409/1709: 	/scratch/frd_muziyao/SHUD-OpenMP/SHUD/Basins/heihe/forcing.trimmed/X97.65Y39.25.csv
	 Reading 410/1709: 	/scratch/frd_muziyao/SHUD-OpenMP/SHUD/Basins/heihe/forcing.trimmed/X97.75Y39.25.csv
	 Reading 411/1709: 	/scratch/frd_muziyao/SHUD-OpenMP/SHUD/Basins/heihe/forcing.trimmed/X97.85Y39.25.csv
	 Reading 412/1709: 	/scratch/frd_muziyao/SHUD-OpenMP/SHUD/Basins/heihe/forcing.trimmed/X97.95Y39.25.csv
	 Reading 413/1709: 	/scratch/frd_muziyao/SHUD-OpenMP/SHUD/Basins/heihe/forcing.trimmed/X98.05Y39.25.csv
	 Reading 414/1709: 	/scratch/frd_muziyao/SHUD-OpenMP/SHUD/Basins/heihe/forcing.trimmed/X98.15Y39.25.csv
	 Reading 415/1709: 	/scratch/frd_muziyao/SHUD-OpenMP/SHUD/Basins/heihe/forcing.trimmed/X98.25Y39.25.csv
	 Reading 416/1709: 	/scratch/frd_muziyao/SHUD-OpenMP/SHUD/Basins/heihe/forcing.trimmed/X98.35Y39.25.csv
	 Reading 417/1709: 	/scratch/frd_muziyao/SHUD-OpenMP/SHUD/Basins/heihe/forcing.trimmed/X98.45Y39.25.csv
	 Reading 418/1709: 	/scratch/frd_muziyao/SHUD-OpenMP/SHUD/Basins/heihe/forcing.trimmed/X98.55Y39.25.csv
	 Reading 419/1709: 	/scratch/frd_muziyao/SHUD-OpenMP/SHUD/Basins/heihe/forcing.trimmed/X98.65Y39.25.csv
	 Reading 420/1709: 	/scratch/frd_muziyao/SHUD-OpenMP/SHUD/Basins/heihe/forcing.trimmed/X98.75Y39.25.csv
	 Reading 421/1709: 	/scratch/frd_muziyao/SHUD-OpenMP/SHUD/Basins/heihe/forcing.trimmed/X98.85Y39.25.csv
	 Reading 422/1709: 	/scratch/frd_muziyao/SHUD-OpenMP/SHUD/Basins/heihe/forcing.trimmed/X98.95Y39.25.csv
	 Reading 423/1709: 	/scratch/frd_muziyao/SHUD-OpenMP/SHUD/Basins/heihe/forcing.trimmed/X99.05Y39.25.csv
	 Reading 424/1709: 	/scratch/frd_muziyao/SHUD-OpenMP/SHUD/Basins/heihe/forcing.trimmed/X99.15Y39.25.csv
	 Reading 425/1709: 	/scratch/frd_muziyao/SHUD-OpenMP/SHUD/Basins/heihe/forcing.trimmed/X99.25Y39.25.csv
	 Reading 426/1709: 	/scratch/frd_muziyao/SHUD-OpenMP/SHUD/Basins/heihe/forcing.trimmed/X99.35Y39.25.csv
	 Reading 427/1709: 	/scratch/frd_muziyao/SHUD-OpenMP/SHUD/Basins/heihe/forcing.trimmed/X99.45Y39.25.csv
	 Reading 428/1709: 	/scratch/frd_muziyao/SHUD-OpenMP/SHUD/Basins/heihe/forcing.trimmed/X99.55Y39.25.csv
	 Reading 429/1709: 	/scratch/frd_muziyao/SHUD-OpenMP/SHUD/Basins/heihe/forcing.trimmed/X99.65Y39.25.csv
	 Reading 430/1709: 	/scratch/frd_muziyao/SHUD-OpenMP/SHUD/Basins/heihe/forcing.trimmed/X99.75Y39.25.csv
	 Reading 431/1709: 	/scratch/frd_muziyao/SHUD-OpenMP/SHUD/Basins/heihe/forcing.trimmed/X99.85Y39.25.csv
	 Reading 432/1709: 	/scratch/frd_muziyao/SHUD-OpenMP/SHUD/Basins/heihe/forcing.trimmed/X99.95Y39.25.csv
	 Reading 433/1709: 	/scratch/frd_muziyao/SHUD-OpenMP/SHUD/Basins/heihe/forcing.trimmed/X100.05Y39.25.csv
	 Reading 434/1709: 	/scratch/frd_muziyao/SHUD-OpenMP/SHUD/Basins/heihe/forcing.trimmed/X100.15Y39.25.csv
	 Reading 435/1709: 	/scratch/frd_muziyao/SHUD-OpenMP/SHUD/Basins/heihe/forcing.trimmed/X100.25Y39.25.csv
	 Reading 436/1709: 	/scratch/frd_muziyao/SHUD-OpenMP/SHUD/Basins/heihe/forcing.trimmed/X100.35Y39.25.csv
	 Reading 437/1709: 	/scratch/frd_muziyao/SHUD-OpenMP/SHUD/Basins/heihe/forcing.trimmed/X100.45Y39.25.csv
	 Reading 438/1709: 	/scratch/frd_muziyao/SHUD-OpenMP/SHUD/Basins/heihe/forcing.trimmed/X100.55Y39.25.csv
	 Reading 439/1709: 	/scratch/frd_muziyao/SHUD-OpenMP/SHUD/Basins/heihe/forcing.trimmed/X100.65Y39.25.csv
	 Reading 440/1709: 	/scratch/frd_muziyao/SHUD-OpenMP/SHUD/Basins/heihe/forcing.trimmed/X100.75Y39.25.csv
	 Reading 441/1709: 	/scratch/frd_muziyao/SHUD-OpenMP/SHUD/Basins/heihe/forcing.trimmed/X97.35Y39.35.csv
	 Reading 442/1709: 	/scratch/frd_muziyao/SHUD-OpenMP/SHUD/Basins/heihe/forcing.trimmed/X97.45Y39.35.csv
	 Reading 443/1709: 	/scratch/frd_muziyao/SHUD-OpenMP/SHUD/Basins/heihe/forcing.trimmed/X97.55Y39.35.csv
	 Reading 444/1709: 	/scratch/frd_muziyao/SHUD-OpenMP/SHUD/Basins/heihe/forcing.trimmed/X97.65Y39.35.csv
	 Reading 445/1709: 	/scratch/frd_muziyao/SHUD-OpenMP/SHUD/Basins/heihe/forcing.trimmed/X97.75Y39.35.csv
	 Reading 446/1709: 	/scratch/frd_muziyao/SHUD-OpenMP/SHUD/Basins/heihe/forcing.trimmed/X97.85Y39.35.csv
	 Reading 447/1709: 	/scratch/frd_muziyao/SHUD-OpenMP/SHUD/Basins/heihe/forcing.trimmed/X97.95Y39.35.csv
	 Reading 448/1709: 	/scratch/frd_muziyao/SHUD-OpenMP/SHUD/Basins/heihe/forcing.trimmed/X98.05Y39.35.csv
	 Reading 449/1709: 	/scratch/frd_muziyao/SHUD-OpenMP/SHUD/Basins/heihe/forcing.trimmed/X98.15Y39.35.csv
	 Reading 450/1709: 	/scratch/frd_muziyao/SHUD-OpenMP/SHUD/Basins/heihe/forcing.trimmed/X98.25Y39.35.csv
	 Reading 451/1709: 	/scratch/frd_muziyao/SHUD-OpenMP/SHUD/Basins/heihe/forcing.trimmed/X98.35Y39.35.csv
	 Reading 452/1709: 	/scratch/frd_muziyao/SHUD-OpenMP/SHUD/Basins/heihe/forcing.trimmed/X98.45Y39.35.csv
	 Reading 453/1709: 	/scratch/frd_muziyao/SHUD-OpenMP/SHUD/Basins/heihe/forcing.trimmed/X98.55Y39.35.csv
	 Reading 454/1709: 	/scratch/frd_muziyao/SHUD-OpenMP/SHUD/Basins/heihe/forcing.trimmed/X98.65Y39.35.csv
	 Reading 455/1709: 	/scratch/frd_muziyao/SHUD-OpenMP/SHUD/Basins/heihe/forcing.trimmed/X98.75Y39.35.csv
	 Reading 456/1709: 	/scratch/frd_muziyao/SHUD-OpenMP/SHUD/Basins/heihe/forcing.trimmed/X98.85Y39.35.csv
	 Reading 457/1709: 	/scratch/frd_muziyao/SHUD-OpenMP/SHUD/Basins/heihe/forcing.trimmed/X98.95Y39.35.csv
	 Reading 458/1709: 	/scratch/frd_muziyao/SHUD-OpenMP/SHUD/Basins/heihe/forcing.trimmed/X99.05Y39.35.csv
	 Reading 459/1709: 	/scratch/frd_muziyao/SHUD-OpenMP/SHUD/Basins/heihe/forcing.trimmed/X99.15Y39.35.csv
	 Reading 460/1709: 	/scratch/frd_muziyao/SHUD-OpenMP/SHUD/Basins/heihe/forcing.trimmed/X99.25Y39.35.csv
	 Reading 461/1709: 	/scratch/frd_muziyao/SHUD-OpenMP/SHUD/Basins/heihe/forcing.trimmed/X99.35Y39.35.csv
	 Reading 462/1709: 	/scratch/frd_muziyao/SHUD-OpenMP/SHUD/Basins/heihe/forcing.trimmed/X99.45Y39.35.csv
	 Reading 463/1709: 	/scratch/frd_muziyao/SHUD-OpenMP/SHUD/Basins/heihe/forcing.trimmed/X99.55Y39.35.csv
	 Reading 464/1709: 	/scratch/frd_muziyao/SHUD-OpenMP/SHUD/Basins/heihe/forcing.trimmed/X99.65Y39.35.csv
	 Reading 465/1709: 	/scratch/frd_muziyao/SHUD-OpenMP/SHUD/Basins/heihe/forcing.trimmed/X99.75Y39.35.csv
	 Reading 466/1709: 	/scratch/frd_muziyao/SHUD-OpenMP/SHUD/Basins/heihe/forcing.trimmed/X99.85Y39.35.csv
	 Reading 467/1709: 	/scratch/frd_muziyao/SHUD-OpenMP/SHUD/Basins/heihe/forcing.trimmed/X99.95Y39.35.csv
	 Reading 468/1709: 	/scratch/frd_muziyao/SHUD-OpenMP/SHUD/Basins/heihe/forcing.trimmed/X100.05Y39.35.csv
	 Reading 469/1709: 	/scratch/frd_muziyao/SHUD-OpenMP/SHUD/Basins/heihe/forcing.trimmed/X100.15Y39.35.csv
	 Reading 470/1709: 	/scratch/frd_muziyao/SHUD-OpenMP/SHUD/Basins/heihe/forcing.trimmed/X100.25Y39.35.csv
	 Reading 471/1709: 	/scratch/frd_muziyao/SHUD-OpenMP/SHUD/Basins/heihe/forcing.trimmed/X100.35Y39.35.csv
	 Reading 472/1709: 	/scratch/frd_muziyao/SHUD-OpenMP/SHUD/Basins/heihe/forcing.trimmed/X100.45Y39.35.csv
	 Reading 473/1709: 	/scratch/frd_muziyao/SHUD-OpenMP/SHUD/Basins/heihe/forcing.trimmed/X100.55Y39.35.csv
	 Reading 474/1709: 	/scratch/frd_muziyao/SHUD-OpenMP/SHUD/Basins/heihe/forcing.trimmed/X100.65Y39.35.csv
	 Reading 475/1709: 	/scratch/frd_muziyao/SHUD-OpenMP/SHUD/Basins/heihe/forcing.trimmed/X100.75Y39.35.csv
	 Reading 476/1709: 	/scratch/frd_muziyao/SHUD-OpenMP/SHUD/Basins/heihe/forcing.trimmed/X97.65Y39.45.csv
	 Reading 477/1709: 	/scratch/frd_muziyao/SHUD-OpenMP/SHUD/Basins/heihe/forcing.trimmed/X97.75Y39.45.csv
	 Reading 478/1709: 	/scratch/frd_muziyao/SHUD-OpenMP/SHUD/Basins/heihe/forcing.trimmed/X97.85Y39.45.csv
	 Reading 479/1709: 	/scratch/frd_muziyao/SHUD-OpenMP/SHUD/Basins/heihe/forcing.trimmed/X97.95Y39.45.csv
	 Reading 480/1709: 	/scratch/frd_muziyao/SHUD-OpenMP/SHUD/Basins/heihe/forcing.trimmed/X98.05Y39.45.csv
	 Reading 481/1709: 	/scratch/frd_muziyao/SHUD-OpenMP/SHUD/Basins/heihe/forcing.trimmed/X98.15Y39.45.csv
	 Reading 482/1709: 	/scratch/frd_muziyao/SHUD-OpenMP/SHUD/Basins/heihe/forcing.trimmed/X98.25Y39.45.csv
	 Reading 483/1709: 	/scratch/frd_muziyao/SHUD-OpenMP/SHUD/Basins/heihe/forcing.trimmed/X98.35Y39.45.csv
	 Reading 484/1709: 	/scratch/frd_muziyao/SHUD-OpenMP/SHUD/Basins/heihe/forcing.trimmed/X98.45Y39.45.csv
	 Reading 485/1709: 	/scratch/frd_muziyao/SHUD-OpenMP/SHUD/Basins/heihe/forcing.trimmed/X98.55Y39.45.csv
	 Reading 486/1709: 	/scratch/frd_muziyao/SHUD-OpenMP/SHUD/Basins/heihe/forcing.trimmed/X98.65Y39.45.csv
	 Reading 487/1709: 	/scratch/frd_muziyao/SHUD-OpenMP/SHUD/Basins/heihe/forcing.trimmed/X98.75Y39.45.csv
	 Reading 488/1709: 	/scratch/frd_muziyao/SHUD-OpenMP/SHUD/Basins/heihe/forcing.trimmed/X98.85Y39.45.csv
	 Reading 489/1709: 	/scratch/frd_muziyao/SHUD-OpenMP/SHUD/Basins/heihe/forcing.trimmed/X98.95Y39.45.csv
	 Reading 490/1709: 	/scratch/frd_muziyao/SHUD-OpenMP/SHUD/Basins/heihe/forcing.trimmed/X99.05Y39.45.csv
	 Reading 491/1709: 	/scratch/frd_muziyao/SHUD-OpenMP/SHUD/Basins/heihe/forcing.trimmed/X99.15Y39.45.csv
	 Reading 492/1709: 	/scratch/frd_muziyao/SHUD-OpenMP/SHUD/Basins/heihe/forcing.trimmed/X99.25Y39.45.csv
	 Reading 493/1709: 	/scratch/frd_muziyao/SHUD-OpenMP/SHUD/Basins/heihe/forcing.trimmed/X99.35Y39.45.csv
	 Reading 494/1709: 	/scratch/frd_muziyao/SHUD-OpenMP/SHUD/Basins/heihe/forcing.trimmed/X99.45Y39.45.csv
	 Reading 495/1709: 	/scratch/frd_muziyao/SHUD-OpenMP/SHUD/Basins/heihe/forcing.trimmed/X99.55Y39.45.csv
	 Reading 496/1709: 	/scratch/frd_muziyao/SHUD-OpenMP/SHUD/Basins/heihe/forcing.trimmed/X99.65Y39.45.csv
	 Reading 497/1709: 	/scratch/frd_muziyao/SHUD-OpenMP/SHUD/Basins/heihe/forcing.trimmed/X99.75Y39.45.csv
	 Reading 498/1709: 	/scratch/frd_muziyao/SHUD-OpenMP/SHUD/Basins/heihe/forcing.trimmed/X99.85Y39.45.csv
	 Reading 499/1709: 	/scratch/frd_muziyao/SHUD-OpenMP/SHUD/Basins/heihe/forcing.trimmed/X99.95Y39.45.csv
	 Reading 500/1709: 	/scratch/frd_muziyao/SHUD-OpenMP/SHUD/Basins/heihe/forcing.trimmed/X100.05Y39.45.csv
	 Reading 501/1709: 	/scratch/frd_muziyao/SHUD-OpenMP/SHUD/Basins/heihe/forcing.trimmed/X100.15Y39.45.csv
	 Reading 502/1709: 	/scratch/frd_muziyao/SHUD-OpenMP/SHUD/Basins/heihe/forcing.trimmed/X100.25Y39.45.csv
	 Reading 503/1709: 	/scratch/frd_muziyao/SHUD-OpenMP/SHUD/Basins/heihe/forcing.trimmed/X100.35Y39.45.csv
	 Reading 504/1709: 	/scratch/frd_muziyao/SHUD-OpenMP/SHUD/Basins/heihe/forcing.trimmed/X100.45Y39.45.csv
	 Reading 505/1709: 	/scratch/frd_muziyao/SHUD-OpenMP/SHUD/Basins/heihe/forcing.trimmed/X100.55Y39.45.csv
	 Reading 506/1709: 	/scratch/frd_muziyao/SHUD-OpenMP/SHUD/Basins/heihe/forcing.trimmed/X100.65Y39.45.csv
	 Reading 507/1709: 	/scratch/frd_muziyao/SHUD-OpenMP/SHUD/Basins/heihe/forcing.trimmed/X100.75Y39.45.csv
	 Reading 508/1709: 	/scratch/frd_muziyao/SHUD-OpenMP/SHUD/Basins/heihe/forcing.trimmed/X97.75Y39.55.csv
	 Reading 509/1709: 	/scratch/frd_muziyao/SHUD-OpenMP/SHUD/Basins/heihe/forcing.trimmed/X97.85Y39.55.csv
	 Reading 510/1709: 	/scratch/frd_muziyao/SHUD-OpenMP/SHUD/Basins/heihe/forcing.trimmed/X97.95Y39.55.csv
	 Reading 511/1709: 	/scratch/frd_muziyao/SHUD-OpenMP/SHUD/Basins/heihe/forcing.trimmed/X98.05Y39.55.csv
	 Reading 512/1709: 	/scratch/frd_muziyao/SHUD-OpenMP/SHUD/Basins/heihe/forcing.trimmed/X98.15Y39.55.csv
	 Reading 513/1709: 	/scratch/frd_muziyao/SHUD-OpenMP/SHUD/Basins/heihe/forcing.trimmed/X98.25Y39.55.csv
	 Reading 514/1709: 	/scratch/frd_muziyao/SHUD-OpenMP/SHUD/Basins/heihe/forcing.trimmed/X98.35Y39.55.csv
	 Reading 515/1709: 	/scratch/frd_muziyao/SHUD-OpenMP/SHUD/Basins/heihe/forcing.trimmed/X98.45Y39.55.csv
	 Reading 516/1709: 	/scratch/frd_muziyao/SHUD-OpenMP/SHUD/Basins/heihe/forcing.trimmed/X98.55Y39.55.csv
	 Reading 517/1709: 	/scratch/frd_muziyao/SHUD-OpenMP/SHUD/Basins/heihe/forcing.trimmed/X98.65Y39.55.csv
	 Reading 518/1709: 	/scratch/frd_muziyao/SHUD-OpenMP/SHUD/Basins/heihe/forcing.trimmed/X98.75Y39.55.csv
	 Reading 519/1709: 	/scratch/frd_muziyao/SHUD-OpenMP/SHUD/Basins/heihe/forcing.trimmed/X98.85Y39.55.csv
	 Reading 520/1709: 	/scratch/frd_muziyao/SHUD-OpenMP/SHUD/Basins/heihe/forcing.trimmed/X98.95Y39.55.csv
	 Reading 521/1709: 	/scratch/frd_muziyao/SHUD-OpenMP/SHUD/Basins/heihe/forcing.trimmed/X99.05Y39.55.csv
	 Reading 522/1709: 	/scratch/frd_muziyao/SHUD-OpenMP/SHUD/Basins/heihe/forcing.trimmed/X99.15Y39.55.csv
	 Reading 523/1709: 	/scratch/frd_muziyao/SHUD-OpenMP/SHUD/Basins/heihe/forcing.trimmed/X99.25Y39.55.csv
	 Reading 524/1709: 	/scratch/frd_muziyao/SHUD-OpenMP/SHUD/Basins/heihe/forcing.trimmed/X99.35Y39.55.csv
	 Reading 525/1709: 	/scratch/frd_muziyao/SHUD-OpenMP/SHUD/Basins/heihe/forcing.trimmed/X99.45Y39.55.csv
	 Reading 526/1709: 	/scratch/frd_muziyao/SHUD-OpenMP/SHUD/Basins/heihe/forcing.trimmed/X99.55Y39.55.csv
	 Reading 527/1709: 	/scratch/frd_muziyao/SHUD-OpenMP/SHUD/Basins/heihe/forcing.trimmed/X99.65Y39.55.csv
	 Reading 528/1709: 	/scratch/frd_muziyao/SHUD-OpenMP/SHUD/Basins/heihe/forcing.trimmed/X99.75Y39.55.csv
	 Reading 529/1709: 	/scratch/frd_muziyao/SHUD-OpenMP/SHUD/Basins/heihe/forcing.trimmed/X99.85Y39.55.csv
	 Reading 530/1709: 	/scratch/frd_muziyao/SHUD-OpenMP/SHUD/Basins/heihe/forcing.trimmed/X99.95Y39.55.csv
	 Reading 531/1709: 	/scratch/frd_muziyao/SHUD-OpenMP/SHUD/Basins/heihe/forcing.trimmed/X100.05Y39.55.csv
	 Reading 532/1709: 	/scratch/frd_muziyao/SHUD-OpenMP/SHUD/Basins/heihe/forcing.trimmed/X100.15Y39.55.csv
	 Reading 533/1709: 	/scratch/frd_muziyao/SHUD-OpenMP/SHUD/Basins/heihe/forcing.trimmed/X100.25Y39.55.csv
	 Reading 534/1709: 	/scratch/frd_muziyao/SHUD-OpenMP/SHUD/Basins/heihe/forcing.trimmed/X100.35Y39.55.csv
	 Reading 535/1709: 	/scratch/frd_muziyao/SHUD-OpenMP/SHUD/Basins/heihe/forcing.trimmed/X100.45Y39.55.csv
	 Reading 536/1709: 	/scratch/frd_muziyao/SHUD-OpenMP/SHUD/Basins/heihe/forcing.trimmed/X100.55Y39.55.csv
	 Reading 537/1709: 	/scratch/frd_muziyao/SHUD-OpenMP/SHUD/Basins/heihe/forcing.trimmed/X100.65Y39.55.csv
	 Reading 538/1709: 	/scratch/frd_muziyao/SHUD-OpenMP/SHUD/Basins/heihe/forcing.trimmed/X97.75Y39.65.csv
	 Reading 539/1709: 	/scratch/frd_muziyao/SHUD-OpenMP/SHUD/Basins/heihe/forcing.trimmed/X97.85Y39.65.csv
	 Reading 540/1709: 	/scratch/frd_muziyao/SHUD-OpenMP/SHUD/Basins/heihe/forcing.trimmed/X97.95Y39.65.csv
	 Reading 541/1709: 	/scratch/frd_muziyao/SHUD-OpenMP/SHUD/Basins/heihe/forcing.trimmed/X98.05Y39.65.csv
	 Reading 542/1709: 	/scratch/frd_muziyao/SHUD-OpenMP/SHUD/Basins/heihe/forcing.trimmed/X98.15Y39.65.csv
	 Reading 543/1709: 	/scratch/frd_muziyao/SHUD-OpenMP/SHUD/Basins/heihe/forcing.trimmed/X98.25Y39.65.csv
	 Reading 544/1709: 	/scratch/frd_muziyao/SHUD-OpenMP/SHUD/Basins/heihe/forcing.trimmed/X98.35Y39.65.csv
	 Reading 545/1709: 	/scratch/frd_muziyao/SHUD-OpenMP/SHUD/Basins/heihe/forcing.trimmed/X98.45Y39.65.csv
	 Reading 546/1709: 	/scratch/frd_muziyao/SHUD-OpenMP/SHUD/Basins/heihe/forcing.trimmed/X98.55Y39.65.csv
	 Reading 547/1709: 	/scratch/frd_muziyao/SHUD-OpenMP/SHUD/Basins/heihe/forcing.trimmed/X98.65Y39.65.csv
	 Reading 548/1709: 	/scratch/frd_muziyao/SHUD-OpenMP/SHUD/Basins/heihe/forcing.trimmed/X98.75Y39.65.csv
	 Reading 549/1709: 	/scratch/frd_muziyao/SHUD-OpenMP/SHUD/Basins/heihe/forcing.trimmed/X98.85Y39.65.csv
	 Reading 550/1709: 	/scratch/frd_muziyao/SHUD-OpenMP/SHUD/Basins/heihe/forcing.trimmed/X98.95Y39.65.csv
	 Reading 551/1709: 	/scratch/frd_muziyao/SHUD-OpenMP/SHUD/Basins/heihe/forcing.trimmed/X99.05Y39.65.csv
	 Reading 552/1709: 	/scratch/frd_muziyao/SHUD-OpenMP/SHUD/Basins/heihe/forcing.trimmed/X99.15Y39.65.csv
	 Reading 553/1709: 	/scratch/frd_muziyao/SHUD-OpenMP/SHUD/Basins/heihe/forcing.trimmed/X99.25Y39.65.csv
	 Reading 554/1709: 	/scratch/frd_muziyao/SHUD-OpenMP/SHUD/Basins/heihe/forcing.trimmed/X99.35Y39.65.csv
	 Reading 555/1709: 	/scratch/frd_muziyao/SHUD-OpenMP/SHUD/Basins/heihe/forcing.trimmed/X99.45Y39.65.csv
	 Reading 556/1709: 	/scratch/frd_muziyao/SHUD-OpenMP/SHUD/Basins/heihe/forcing.trimmed/X99.55Y39.65.csv
	 Reading 557/1709: 	/scratch/frd_muziyao/SHUD-OpenMP/SHUD/Basins/heihe/forcing.trimmed/X99.65Y39.65.csv
	 Reading 558/1709: 	/scratch/frd_muziyao/SHUD-OpenMP/SHUD/Basins/heihe/forcing.trimmed/X99.75Y39.65.csv
	 Reading 559/1709: 	/scratch/frd_muziyao/SHUD-OpenMP/SHUD/Basins/heihe/forcing.trimmed/X99.85Y39.65.csv
	 Reading 560/1709: 	/scratch/frd_muziyao/SHUD-OpenMP/SHUD/Basins/heihe/forcing.trimmed/X99.95Y39.65.csv
	 Reading 561/1709: 	/scratch/frd_muziyao/SHUD-OpenMP/SHUD/Basins/heihe/forcing.trimmed/X100.05Y39.65.csv
	 Reading 562/1709: 	/scratch/frd_muziyao/SHUD-OpenMP/SHUD/Basins/heihe/forcing.trimmed/X100.15Y39.65.csv
	 Reading 563/1709: 	/scratch/frd_muziyao/SHUD-OpenMP/SHUD/Basins/heihe/forcing.trimmed/X100.25Y39.65.csv
	 Reading 564/1709: 	/scratch/frd_muziyao/SHUD-OpenMP/SHUD/Basins/heihe/forcing.trimmed/X100.45Y39.65.csv
	 Reading 565/1709: 	/scratch/frd_muziyao/SHUD-OpenMP/SHUD/Basins/heihe/forcing.trimmed/X97.75Y39.75.csv
	 Reading 566/1709: 	/scratch/frd_muziyao/SHUD-OpenMP/SHUD/Basins/heihe/forcing.trimmed/X97.85Y39.75.csv
	 Reading 567/1709: 	/scratch/frd_muziyao/SHUD-OpenMP/SHUD/Basins/heihe/forcing.trimmed/X97.95Y39.75.csv
	 Reading 568/1709: 	/scratch/frd_muziyao/SHUD-OpenMP/SHUD/Basins/heihe/forcing.trimmed/X98.05Y39.75.csv
	 Reading 569/1709: 	/scratch/frd_muziyao/SHUD-OpenMP/SHUD/Basins/heihe/forcing.trimmed/X98.15Y39.75.csv
	 Reading 570/1709: 	/scratch/frd_muziyao/SHUD-OpenMP/SHUD/Basins/heihe/forcing.trimmed/X98.25Y39.75.csv
	 Reading 571/1709: 	/scratch/frd_muziyao/SHUD-OpenMP/SHUD/Basins/heihe/forcing.trimmed/X98.35Y39.75.csv
	 Reading 572/1709: 	/scratch/frd_muziyao/SHUD-OpenMP/SHUD/Basins/heihe/forcing.trimmed/X98.45Y39.75.csv
	 Reading 573/1709: 	/scratch/frd_muziyao/SHUD-OpenMP/SHUD/Basins/heihe/forcing.trimmed/X98.55Y39.75.csv
	 Reading 574/1709: 	/scratch/frd_muziyao/SHUD-OpenMP/SHUD/Basins/heihe/forcing.trimmed/X98.65Y39.75.csv
	 Reading 575/1709: 	/scratch/frd_muziyao/SHUD-OpenMP/SHUD/Basins/heihe/forcing.trimmed/X98.75Y39.75.csv
	 Reading 576/1709: 	/scratch/frd_muziyao/SHUD-OpenMP/SHUD/Basins/heihe/forcing.trimmed/X98.85Y39.75.csv
	 Reading 577/1709: 	/scratch/frd_muziyao/SHUD-OpenMP/SHUD/Basins/heihe/forcing.trimmed/X98.95Y39.75.csv
	 Reading 578/1709: 	/scratch/frd_muziyao/SHUD-OpenMP/SHUD/Basins/heihe/forcing.trimmed/X99.05Y39.75.csv
	 Reading 579/1709: 	/scratch/frd_muziyao/SHUD-OpenMP/SHUD/Basins/heihe/forcing.trimmed/X99.15Y39.75.csv
	 Reading 580/1709: 	/scratch/frd_muziyao/SHUD-OpenMP/SHUD/Basins/heihe/forcing.trimmed/X99.25Y39.75.csv
	 Reading 581/1709: 	/scratch/frd_muziyao/SHUD-OpenMP/SHUD/Basins/heihe/forcing.trimmed/X99.35Y39.75.csv
	 Reading 582/1709: 	/scratch/frd_muziyao/SHUD-OpenMP/SHUD/Basins/heihe/forcing.trimmed/X99.45Y39.75.csv
	 Reading 583/1709: 	/scratch/frd_muziyao/SHUD-OpenMP/SHUD/Basins/heihe/forcing.trimmed/X99.55Y39.75.csv
	 Reading 584/1709: 	/scratch/frd_muziyao/SHUD-OpenMP/SHUD/Basins/heihe/forcing.trimmed/X99.65Y39.75.csv
	 Reading 585/1709: 	/scratch/frd_muziyao/SHUD-OpenMP/SHUD/Basins/heihe/forcing.trimmed/X99.75Y39.75.csv
	 Reading 586/1709: 	/scratch/frd_muziyao/SHUD-OpenMP/SHUD/Basins/heihe/forcing.trimmed/X99.85Y39.75.csv
	 Reading 587/1709: 	/scratch/frd_muziyao/SHUD-OpenMP/SHUD/Basins/heihe/forcing.trimmed/X99.95Y39.75.csv
	 Reading 588/1709: 	/scratch/frd_muziyao/SHUD-OpenMP/SHUD/Basins/heihe/forcing.trimmed/X97.75Y39.85.csv
	 Reading 589/1709: 	/scratch/frd_muziyao/SHUD-OpenMP/SHUD/Basins/heihe/forcing.trimmed/X97.85Y39.85.csv
	 Reading 590/1709: 	/scratch/frd_muziyao/SHUD-OpenMP/SHUD/Basins/heihe/forcing.trimmed/X97.95Y39.85.csv
	 Reading 591/1709: 	/scratch/frd_muziyao/SHUD-OpenMP/SHUD/Basins/heihe/forcing.trimmed/X98.05Y39.85.csv
	 Reading 592/1709: 	/scratch/frd_muziyao/SHUD-OpenMP/SHUD/Basins/heihe/forcing.trimmed/X98.15Y39.85.csv
	 Reading 593/1709: 	/scratch/frd_muziyao/SHUD-OpenMP/SHUD/Basins/heihe/forcing.trimmed/X98.25Y39.85.csv
	 Reading 594/1709: 	/scratch/frd_muziyao/SHUD-OpenMP/SHUD/Basins/heihe/forcing.trimmed/X98.35Y39.85.csv
	 Reading 595/1709: 	/scratch/frd_muziyao/SHUD-OpenMP/SHUD/Basins/heihe/forcing.trimmed/X98.45Y39.85.csv
	 Reading 596/1709: 	/scratch/frd_muziyao/SHUD-OpenMP/SHUD/Basins/heihe/forcing.trimmed/X98.55Y39.85.csv
	 Reading 597/1709: 	/scratch/frd_muziyao/SHUD-OpenMP/SHUD/Basins/heihe/forcing.trimmed/X98.65Y39.85.csv
	 Reading 598/1709: 	/scratch/frd_muziyao/SHUD-OpenMP/SHUD/Basins/heihe/forcing.trimmed/X98.75Y39.85.csv
	 Reading 599/1709: 	/scratch/frd_muziyao/SHUD-OpenMP/SHUD/Basins/heihe/forcing.trimmed/X98.85Y39.85.csv
	 Reading 600/1709: 	/scratch/frd_muziyao/SHUD-OpenMP/SHUD/Basins/heihe/forcing.trimmed/X98.95Y39.85.csv
	 Reading 601/1709: 	/scratch/frd_muziyao/SHUD-OpenMP/SHUD/Basins/heihe/forcing.trimmed/X99.05Y39.85.csv
	 Reading 602/1709: 	/scratch/frd_muziyao/SHUD-OpenMP/SHUD/Basins/heihe/forcing.trimmed/X99.15Y39.85.csv
	 Reading 603/1709: 	/scratch/frd_muziyao/SHUD-OpenMP/SHUD/Basins/heihe/forcing.trimmed/X99.25Y39.85.csv
	 Reading 604/1709: 	/scratch/frd_muziyao/SHUD-OpenMP/SHUD/Basins/heihe/forcing.trimmed/X99.35Y39.85.csv
	 Reading 605/1709: 	/scratch/frd_muziyao/SHUD-OpenMP/SHUD/Basins/heihe/forcing.trimmed/X99.45Y39.85.csv
	 Reading 606/1709: 	/scratch/frd_muziyao/SHUD-OpenMP/SHUD/Basins/heihe/forcing.trimmed/X99.55Y39.85.csv
	 Reading 607/1709: 	/scratch/frd_muziyao/SHUD-OpenMP/SHUD/Basins/heihe/forcing.trimmed/X99.65Y39.85.csv
	 Reading 608/1709: 	/scratch/frd_muziyao/SHUD-OpenMP/SHUD/Basins/heihe/forcing.trimmed/X99.75Y39.85.csv
	 Reading 609/1709: 	/scratch/frd_muziyao/SHUD-OpenMP/SHUD/Basins/heihe/forcing.trimmed/X97.85Y39.95.csv
	 Reading 610/1709: 	/scratch/frd_muziyao/SHUD-OpenMP/SHUD/Basins/heihe/forcing.trimmed/X97.95Y39.95.csv
	 Reading 611/1709: 	/scratch/frd_muziyao/SHUD-OpenMP/SHUD/Basins/heihe/forcing.trimmed/X98.05Y39.95.csv
	 Reading 612/1709: 	/scratch/frd_muziyao/SHUD-OpenMP/SHUD/Basins/heihe/forcing.trimmed/X98.15Y39.95.csv
	 Reading 613/1709: 	/scratch/frd_muziyao/SHUD-OpenMP/SHUD/Basins/heihe/forcing.trimmed/X98.25Y39.95.csv
	 Reading 614/1709: 	/scratch/frd_muziyao/SHUD-OpenMP/SHUD/Basins/heihe/forcing.trimmed/X98.35Y39.95.csv
	 Reading 615/1709: 	/scratch/frd_muziyao/SHUD-OpenMP/SHUD/Basins/heihe/forcing.trimmed/X98.45Y39.95.csv
	 Reading 616/1709: 	/scratch/frd_muziyao/SHUD-OpenMP/SHUD/Basins/heihe/forcing.trimmed/X98.55Y39.95.csv
	 Reading 617/1709: 	/scratch/frd_muziyao/SHUD-OpenMP/SHUD/Basins/heihe/forcing.trimmed/X98.65Y39.95.csv
	 Reading 618/1709: 	/scratch/frd_muziyao/SHUD-OpenMP/SHUD/Basins/heihe/forcing.trimmed/X98.75Y39.95.csv
	 Reading 619/1709: 	/scratch/frd_muziyao/SHUD-OpenMP/SHUD/Basins/heihe/forcing.trimmed/X98.85Y39.95.csv
	 Reading 620/1709: 	/scratch/frd_muziyao/SHUD-OpenMP/SHUD/Basins/heihe/forcing.trimmed/X98.95Y39.95.csv
	 Reading 621/1709: 	/scratch/frd_muziyao/SHUD-OpenMP/SHUD/Basins/heihe/forcing.trimmed/X99.05Y39.95.csv
	 Reading 622/1709: 	/scratch/frd_muziyao/SHUD-OpenMP/SHUD/Basins/heihe/forcing.trimmed/X99.15Y39.95.csv
	 Reading 623/1709: 	/scratch/frd_muziyao/SHUD-OpenMP/SHUD/Basins/heihe/forcing.trimmed/X99.25Y39.95.csv
	 Reading 624/1709: 	/scratch/frd_muziyao/SHUD-OpenMP/SHUD/Basins/heihe/forcing.trimmed/X99.35Y39.95.csv
	 Reading 625/1709: 	/scratch/frd_muziyao/SHUD-OpenMP/SHUD/Basins/heihe/forcing.trimmed/X99.45Y39.95.csv
	 Reading 626/1709: 	/scratch/frd_muziyao/SHUD-OpenMP/SHUD/Basins/heihe/forcing.trimmed/X99.55Y39.95.csv
	 Reading 627/1709: 	/scratch/frd_muziyao/SHUD-OpenMP/SHUD/Basins/heihe/forcing.trimmed/X98.25Y40.05.csv
	 Reading 628/1709: 	/scratch/frd_muziyao/SHUD-OpenMP/SHUD/Basins/heihe/forcing.trimmed/X98.35Y40.05.csv
	 Reading 629/1709: 	/scratch/frd_muziyao/SHUD-OpenMP/SHUD/Basins/heihe/forcing.trimmed/X98.45Y40.05.csv
	 Reading 630/1709: 	/scratch/frd_muziyao/SHUD-OpenMP/SHUD/Basins/heihe/forcing.trimmed/X98.55Y40.05.csv
	 Reading 631/1709: 	/scratch/frd_muziyao/SHUD-OpenMP/SHUD/Basins/heihe/forcing.trimmed/X98.65Y40.05.csv
	 Reading 632/1709: 	/scratch/frd_muziyao/SHUD-OpenMP/SHUD/Basins/heihe/forcing.trimmed/X98.75Y40.05.csv
	 Reading 633/1709: 	/scratch/frd_muziyao/SHUD-OpenMP/SHUD/Basins/heihe/forcing.trimmed/X98.85Y40.05.csv
	 Reading 634/1709: 	/scratch/frd_muziyao/SHUD-OpenMP/SHUD/Basins/heihe/forcing.trimmed/X98.95Y40.05.csv
	 Reading 635/1709: 	/scratch/frd_muziyao/SHUD-OpenMP/SHUD/Basins/heihe/forcing.trimmed/X99.05Y40.05.csv
	 Reading 636/1709: 	/scratch/frd_muziyao/SHUD-OpenMP/SHUD/Basins/heihe/forcing.trimmed/X99.15Y40.05.csv
	 Reading 637/1709: 	/scratch/frd_muziyao/SHUD-OpenMP/SHUD/Basins/heihe/forcing.trimmed/X99.25Y40.05.csv
	 Reading 638/1709: 	/scratch/frd_muziyao/SHUD-OpenMP/SHUD/Basins/heihe/forcing.trimmed/X99.35Y40.05.csv
	 Reading 639/1709: 	/scratch/frd_muziyao/SHUD-OpenMP/SHUD/Basins/heihe/forcing.trimmed/X99.45Y40.05.csv
	 Reading 640/1709: 	/scratch/frd_muziyao/SHUD-OpenMP/SHUD/Basins/heihe/forcing.trimmed/X99.55Y40.05.csv
	 Reading 641/1709: 	/scratch/frd_muziyao/SHUD-OpenMP/SHUD/Basins/heihe/forcing.trimmed/X99.65Y40.05.csv
	 Reading 642/1709: 	/scratch/frd_muziyao/SHUD-OpenMP/SHUD/Basins/heihe/forcing.trimmed/X99.75Y40.05.csv
	 Reading 643/1709: 	/scratch/frd_muziyao/SHUD-OpenMP/SHUD/Basins/heihe/forcing.trimmed/X98.35Y40.15.csv
	 Reading 644/1709: 	/scratch/frd_muziyao/SHUD-OpenMP/SHUD/Basins/heihe/forcing.trimmed/X98.45Y40.15.csv
	 Reading 645/1709: 	/scratch/frd_muziyao/SHUD-OpenMP/SHUD/Basins/heihe/forcing.trimmed/X98.55Y40.15.csv
	 Reading 646/1709: 	/scratch/frd_muziyao/SHUD-OpenMP/SHUD/Basins/heihe/forcing.trimmed/X98.65Y40.15.csv
	 Reading 647/1709: 	/scratch/frd_muziyao/SHUD-OpenMP/SHUD/Basins/heihe/forcing.trimmed/X98.75Y40.15.csv
	 Reading 648/1709: 	/scratch/frd_muziyao/SHUD-OpenMP/SHUD/Basins/heihe/forcing.trimmed/X98.85Y40.15.csv
	 Reading 649/1709: 	/scratch/frd_muziyao/SHUD-OpenMP/SHUD/Basins/heihe/forcing.trimmed/X98.95Y40.15.csv
	 Reading 650/1709: 	/scratch/frd_muziyao/SHUD-OpenMP/SHUD/Basins/heihe/forcing.trimmed/X99.05Y40.15.csv
	 Reading 651/1709: 	/scratch/frd_muziyao/SHUD-OpenMP/SHUD/Basins/heihe/forcing.trimmed/X99.15Y40.15.csv
	 Reading 652/1709: 	/scratch/frd_muziyao/SHUD-OpenMP/SHUD/Basins/heihe/forcing.trimmed/X99.25Y40.15.csv
	 Reading 653/1709: 	/scratch/frd_muziyao/SHUD-OpenMP/SHUD/Basins/heihe/forcing.trimmed/X99.35Y40.15.csv
	 Reading 654/1709: 	/scratch/frd_muziyao/SHUD-OpenMP/SHUD/Basins/heihe/forcing.trimmed/X99.45Y40.15.csv
	 Reading 655/1709: 	/scratch/frd_muziyao/SHUD-OpenMP/SHUD/Basins/heihe/forcing.trimmed/X99.55Y40.15.csv
	 Reading 656/1709: 	/scratch/frd_muziyao/SHUD-OpenMP/SHUD/Basins/heihe/forcing.trimmed/X99.65Y40.15.csv
	 Reading 657/1709: 	/scratch/frd_muziyao/SHUD-OpenMP/SHUD/Basins/heihe/forcing.trimmed/X99.75Y40.15.csv
	 Reading 658/1709: 	/scratch/frd_muziyao/SHUD-OpenMP/SHUD/Basins/heihe/forcing.trimmed/X99.85Y40.15.csv
	 Reading 659/1709: 	/scratch/frd_muziyao/SHUD-OpenMP/SHUD/Basins/heihe/forcing.trimmed/X99.95Y40.15.csv
	 Reading 660/1709: 	/scratch/frd_muziyao/SHUD-OpenMP/SHUD/Basins/heihe/forcing.trimmed/X98.45Y40.25.csv
	 Reading 661/1709: 	/scratch/frd_muziyao/SHUD-OpenMP/SHUD/Basins/heihe/forcing.trimmed/X98.55Y40.25.csv
	 Reading 662/1709: 	/scratch/frd_muziyao/SHUD-OpenMP/SHUD/Basins/heihe/forcing.trimmed/X98.65Y40.25.csv
	 Reading 663/1709: 	/scratch/frd_muziyao/SHUD-OpenMP/SHUD/Basins/heihe/forcing.trimmed/X98.75Y40.25.csv
	 Reading 664/1709: 	/scratch/frd_muziyao/SHUD-OpenMP/SHUD/Basins/heihe/forcing.trimmed/X98.85Y40.25.csv
	 Reading 665/1709: 	/scratch/frd_muziyao/SHUD-OpenMP/SHUD/Basins/heihe/forcing.trimmed/X98.95Y40.25.csv
	 Reading 666/1709: 	/scratch/frd_muziyao/SHUD-OpenMP/SHUD/Basins/heihe/forcing.trimmed/X99.05Y40.25.csv
	 Reading 667/1709: 	/scratch/frd_muziyao/SHUD-OpenMP/SHUD/Basins/heihe/forcing.trimmed/X99.15Y40.25.csv
	 Reading 668/1709: 	/scratch/frd_muziyao/SHUD-OpenMP/SHUD/Basins/heihe/forcing.trimmed/X99.25Y40.25.csv
	 Reading 669/1709: 	/scratch/frd_muziyao/SHUD-OpenMP/SHUD/Basins/heihe/forcing.trimmed/X99.35Y40.25.csv
	 Reading 670/1709: 	/scratch/frd_muziyao/SHUD-OpenMP/SHUD/Basins/heihe/forcing.trimmed/X99.45Y40.25.csv
	 Reading 671/1709: 	/scratch/frd_muziyao/SHUD-OpenMP/SHUD/Basins/heihe/forcing.trimmed/X99.55Y40.25.csv
	 Reading 672/1709: 	/scratch/frd_muziyao/SHUD-OpenMP/SHUD/Basins/heihe/forcing.trimmed/X99.65Y40.25.csv
	 Reading 673/1709: 	/scratch/frd_muziyao/SHUD-OpenMP/SHUD/Basins/heihe/forcing.trimmed/X99.75Y40.25.csv
	 Reading 674/1709: 	/scratch/frd_muziyao/SHUD-OpenMP/SHUD/Basins/heihe/forcing.trimmed/X99.85Y40.25.csv
	 Reading 675/1709: 	/scratch/frd_muziyao/SHUD-OpenMP/SHUD/Basins/heihe/forcing.trimmed/X99.95Y40.25.csv
	 Reading 676/1709: 	/scratch/frd_muziyao/SHUD-OpenMP/SHUD/Basins/heihe/forcing.trimmed/X100.05Y40.25.csv
	 Reading 677/1709: 	/scratch/frd_muziyao/SHUD-OpenMP/SHUD/Basins/heihe/forcing.trimmed/X100.15Y40.25.csv
	 Reading 678/1709: 	/scratch/frd_muziyao/SHUD-OpenMP/SHUD/Basins/heihe/forcing.trimmed/X98.45Y40.35.csv
	 Reading 679/1709: 	/scratch/frd_muziyao/SHUD-OpenMP/SHUD/Basins/heihe/forcing.trimmed/X98.55Y40.35.csv
	 Reading 680/1709: 	/scratch/frd_muziyao/SHUD-OpenMP/SHUD/Basins/heihe/forcing.trimmed/X98.65Y40.35.csv
	 Reading 681/1709: 	/scratch/frd_muziyao/SHUD-OpenMP/SHUD/Basins/heihe/forcing.trimmed/X98.75Y40.35.csv
	 Reading 682/1709: 	/scratch/frd_muziyao/SHUD-OpenMP/SHUD/Basins/heihe/forcing.trimmed/X98.85Y40.35.csv
	 Reading 683/1709: 	/scratch/frd_muziyao/SHUD-OpenMP/SHUD/Basins/heihe/forcing.trimmed/X98.95Y40.35.csv
	 Reading 684/1709: 	/scratch/frd_muziyao/SHUD-OpenMP/SHUD/Basins/heihe/forcing.trimmed/X99.05Y40.35.csv
	 Reading 685/1709: 	/scratch/frd_muziyao/SHUD-OpenMP/SHUD/Basins/heihe/forcing.trimmed/X99.15Y40.35.csv
	 Reading 686/1709: 	/scratch/frd_muziyao/SHUD-OpenMP/SHUD/Basins/heihe/forcing.trimmed/X99.25Y40.35.csv
	 Reading 687/1709: 	/scratch/frd_muziyao/SHUD-OpenMP/SHUD/Basins/heihe/forcing.trimmed/X99.35Y40.35.csv
	 Reading 688/1709: 	/scratch/frd_muziyao/SHUD-OpenMP/SHUD/Basins/heihe/forcing.trimmed/X99.45Y40.35.csv
	 Reading 689/1709: 	/scratch/frd_muziyao/SHUD-OpenMP/SHUD/Basins/heihe/forcing.trimmed/X99.55Y40.35.csv
	 Reading 690/1709: 	/scratch/frd_muziyao/SHUD-OpenMP/SHUD/Basins/heihe/forcing.trimmed/X99.65Y40.35.csv
	 Reading 691/1709: 	/scratch/frd_muziyao/SHUD-OpenMP/SHUD/Basins/heihe/forcing.trimmed/X99.75Y40.35.csv
	 Reading 692/1709: 	/scratch/frd_muziyao/SHUD-OpenMP/SHUD/Basins/heihe/forcing.trimmed/X99.85Y40.35.csv
	 Reading 693/1709: 	/scratch/frd_muziyao/SHUD-OpenMP/SHUD/Basins/heihe/forcing.trimmed/X99.95Y40.35.csv
	 Reading 694/1709: 	/scratch/frd_muziyao/SHUD-OpenMP/SHUD/Basins/heihe/forcing.trimmed/X100.05Y40.35.csv
	 Reading 695/1709: 	/scratch/frd_muziyao/SHUD-OpenMP/SHUD/Basins/heihe/forcing.trimmed/X100.15Y40.35.csv
	 Reading 696/1709: 	/scratch/frd_muziyao/SHUD-OpenMP/SHUD/Basins/heihe/forcing.trimmed/X100.25Y40.35.csv
	 Reading 697/1709: 	/scratch/frd_muziyao/SHUD-OpenMP/SHUD/Basins/heihe/forcing.trimmed/X100.35Y40.35.csv
	 Reading 698/1709: 	/scratch/frd_muziyao/SHUD-OpenMP/SHUD/Basins/heihe/forcing.trimmed/X100.45Y40.35.csv
	 Reading 699/1709: 	/scratch/frd_muziyao/SHUD-OpenMP/SHUD/Basins/heihe/forcing.trimmed/X100.55Y40.35.csv
	 Reading 700/1709: 	/scratch/frd_muziyao/SHUD-OpenMP/SHUD/Basins/heihe/forcing.trimmed/X98.45Y40.45.csv
	 Reading 701/1709: 	/scratch/frd_muziyao/SHUD-OpenMP/SHUD/Basins/heihe/forcing.trimmed/X98.55Y40.45.csv
	 Reading 702/1709: 	/scratch/frd_muziyao/SHUD-OpenMP/SHUD/Basins/heihe/forcing.trimmed/X98.65Y40.45.csv
	 Reading 703/1709: 	/scratch/frd_muziyao/SHUD-OpenMP/SHUD/Basins/heihe/forcing.trimmed/X98.75Y40.45.csv
	 Reading 704/1709: 	/scratch/frd_muziyao/SHUD-OpenMP/SHUD/Basins/heihe/forcing.trimmed/X98.85Y40.45.csv
	 Reading 705/1709: 	/scratch/frd_muziyao/SHUD-OpenMP/SHUD/Basins/heihe/forcing.trimmed/X98.95Y40.45.csv
	 Reading 706/1709: 	/scratch/frd_muziyao/SHUD-OpenMP/SHUD/Basins/heihe/forcing.trimmed/X99.05Y40.45.csv
	 Reading 707/1709: 	/scratch/frd_muziyao/SHUD-OpenMP/SHUD/Basins/heihe/forcing.trimmed/X99.15Y40.45.csv
	 Reading 708/1709: 	/scratch/frd_muziyao/SHUD-OpenMP/SHUD/Basins/heihe/forcing.trimmed/X99.25Y40.45.csv
	 Reading 709/1709: 	/scratch/frd_muziyao/SHUD-OpenMP/SHUD/Basins/heihe/forcing.trimmed/X99.35Y40.45.csv
	 Reading 710/1709: 	/scratch/frd_muziyao/SHUD-OpenMP/SHUD/Basins/heihe/forcing.trimmed/X99.45Y40.45.csv
	 Reading 711/1709: 	/scratch/frd_muziyao/SHUD-OpenMP/SHUD/Basins/heihe/forcing.trimmed/X99.55Y40.45.csv
	 Reading 712/1709: 	/scratch/frd_muziyao/SHUD-OpenMP/SHUD/Basins/heihe/forcing.trimmed/X99.65Y40.45.csv
	 Reading 713/1709: 	/scratch/frd_muziyao/SHUD-OpenMP/SHUD/Basins/heihe/forcing.trimmed/X99.75Y40.45.csv
	 Reading 714/1709: 	/scratch/frd_muziyao/SHUD-OpenMP/SHUD/Basins/heihe/forcing.trimmed/X99.85Y40.45.csv
	 Reading 715/1709: 	/scratch/frd_muziyao/SHUD-OpenMP/SHUD/Basins/heihe/forcing.trimmed/X99.95Y40.45.csv
	 Reading 716/1709: 	/scratch/frd_muziyao/SHUD-OpenMP/SHUD/Basins/heihe/forcing.trimmed/X100.05Y40.45.csv
	 Reading 717/1709: 	/scratch/frd_muziyao/SHUD-OpenMP/SHUD/Basins/heihe/forcing.trimmed/X100.15Y40.45.csv
	 Reading 718/1709: 	/scratch/frd_muziyao/SHUD-OpenMP/SHUD/Basins/heihe/forcing.trimmed/X100.25Y40.45.csv
	 Reading 719/1709: 	/scratch/frd_muziyao/SHUD-OpenMP/SHUD/Basins/heihe/forcing.trimmed/X100.35Y40.45.csv
	 Reading 720/1709: 	/scratch/frd_muziyao/SHUD-OpenMP/SHUD/Basins/heihe/forcing.trimmed/X100.45Y40.45.csv
	 Reading 721/1709: 	/scratch/frd_muziyao/SHUD-OpenMP/SHUD/Basins/heihe/forcing.trimmed/X100.55Y40.45.csv
	 Reading 722/1709: 	/scratch/frd_muziyao/SHUD-OpenMP/SHUD/Basins/heihe/forcing.trimmed/X100.65Y40.45.csv
	 Reading 723/1709: 	/scratch/frd_muziyao/SHUD-OpenMP/SHUD/Basins/heihe/forcing.trimmed/X100.75Y40.45.csv
	 Reading 724/1709: 	/scratch/frd_muziyao/SHUD-OpenMP/SHUD/Basins/heihe/forcing.trimmed/X100.85Y40.45.csv
	 Reading 725/1709: 	/scratch/frd_muziyao/SHUD-OpenMP/SHUD/Basins/heihe/forcing.trimmed/X100.95Y40.45.csv
	 Reading 726/1709: 	/scratch/frd_muziyao/SHUD-OpenMP/SHUD/Basins/heihe/forcing.trimmed/X101.05Y40.45.csv
	 Reading 727/1709: 	/scratch/frd_muziyao/SHUD-OpenMP/SHUD/Basins/heihe/forcing.trimmed/X101.15Y40.45.csv
	 Reading 728/1709: 	/scratch/frd_muziyao/SHUD-OpenMP/SHUD/Basins/heihe/forcing.trimmed/X101.25Y40.45.csv
	 Reading 729/1709: 	/scratch/frd_muziyao/SHUD-OpenMP/SHUD/Basins/heihe/forcing.trimmed/X101.35Y40.45.csv
	 Reading 730/1709: 	/scratch/frd_muziyao/SHUD-OpenMP/SHUD/Basins/heihe/forcing.trimmed/X101.45Y40.45.csv
	 Reading 731/1709: 	/scratch/frd_muziyao/SHUD-OpenMP/SHUD/Basins/heihe/forcing.trimmed/X98.45Y40.55.csv
	 Reading 732/1709: 	/scratch/frd_muziyao/SHUD-OpenMP/SHUD/Basins/heihe/forcing.trimmed/X98.55Y40.55.csv
	 Reading 733/1709: 	/scratch/frd_muziyao/SHUD-OpenMP/SHUD/Basins/heihe/forcing.trimmed/X98.65Y40.55.csv
	 Reading 734/1709: 	/scratch/frd_muziyao/SHUD-OpenMP/SHUD/Basins/heihe/forcing.trimmed/X98.75Y40.55.csv
	 Reading 735/1709: 	/scratch/frd_muziyao/SHUD-OpenMP/SHUD/Basins/heihe/forcing.trimmed/X98.85Y40.55.csv
	 Reading 736/1709: 	/scratch/frd_muziyao/SHUD-OpenMP/SHUD/Basins/heihe/forcing.trimmed/X98.95Y40.55.csv
	 Reading 737/1709: 	/scratch/frd_muziyao/SHUD-OpenMP/SHUD/Basins/heihe/forcing.trimmed/X99.05Y40.55.csv
	 Reading 738/1709: 	/scratch/frd_muziyao/SHUD-OpenMP/SHUD/Basins/heihe/forcing.trimmed/X99.15Y40.55.csv
	 Reading 739/1709: 	/scratch/frd_muziyao/SHUD-OpenMP/SHUD/Basins/heihe/forcing.trimmed/X99.25Y40.55.csv
	 Reading 740/1709: 	/scratch/frd_muziyao/SHUD-OpenMP/SHUD/Basins/heihe/forcing.trimmed/X99.35Y40.55.csv
	 Reading 741/1709: 	/scratch/frd_muziyao/SHUD-OpenMP/SHUD/Basins/heihe/forcing.trimmed/X99.45Y40.55.csv
	 Reading 742/1709: 	/scratch/frd_muziyao/SHUD-OpenMP/SHUD/Basins/heihe/forcing.trimmed/X99.55Y40.55.csv
	 Reading 743/1709: 	/scratch/frd_muziyao/SHUD-OpenMP/SHUD/Basins/heihe/forcing.trimmed/X99.65Y40.55.csv
	 Reading 744/1709: 	/scratch/frd_muziyao/SHUD-OpenMP/SHUD/Basins/heihe/forcing.trimmed/X99.75Y40.55.csv
	 Reading 745/1709: 	/scratch/frd_muziyao/SHUD-OpenMP/SHUD/Basins/heihe/forcing.trimmed/X99.85Y40.55.csv
	 Reading 746/1709: 	/scratch/frd_muziyao/SHUD-OpenMP/SHUD/Basins/heihe/forcing.trimmed/X99.95Y40.55.csv
	 Reading 747/1709: 	/scratch/frd_muziyao/SHUD-OpenMP/SHUD/Basins/heihe/forcing.trimmed/X100.05Y40.55.csv
	 Reading 748/1709: 	/scratch/frd_muziyao/SHUD-OpenMP/SHUD/Basins/heihe/forcing.trimmed/X100.15Y40.55.csv
	 Reading 749/1709: 	/scratch/frd_muziyao/SHUD-OpenMP/SHUD/Basins/heihe/forcing.trimmed/X100.25Y40.55.csv
	 Reading 750/1709: 	/scratch/frd_muziyao/SHUD-OpenMP/SHUD/Basins/heihe/forcing.trimmed/X100.35Y40.55.csv
	 Reading 751/1709: 	/scratch/frd_muziyao/SHUD-OpenMP/SHUD/Basins/heihe/forcing.trimmed/X100.45Y40.55.csv
	 Reading 752/1709: 	/scratch/frd_muziyao/SHUD-OpenMP/SHUD/Basins/heihe/forcing.trimmed/X100.55Y40.55.csv
	 Reading 753/1709: 	/scratch/frd_muziyao/SHUD-OpenMP/SHUD/Basins/heihe/forcing.trimmed/X100.65Y40.55.csv
	 Reading 754/1709: 	/scratch/frd_muziyao/SHUD-OpenMP/SHUD/Basins/heihe/forcing.trimmed/X100.75Y40.55.csv
	 Reading 755/1709: 	/scratch/frd_muziyao/SHUD-OpenMP/SHUD/Basins/heihe/forcing.trimmed/X100.85Y40.55.csv
	 Reading 756/1709: 	/scratch/frd_muziyao/SHUD-OpenMP/SHUD/Basins/heihe/forcing.trimmed/X100.95Y40.55.csv
	 Reading 757/1709: 	/scratch/frd_muziyao/SHUD-OpenMP/SHUD/Basins/heihe/forcing.trimmed/X101.05Y40.55.csv
	 Reading 758/1709: 	/scratch/frd_muziyao/SHUD-OpenMP/SHUD/Basins/heihe/forcing.trimmed/X101.15Y40.55.csv
	 Reading 759/1709: 	/scratch/frd_muziyao/SHUD-OpenMP/SHUD/Basins/heihe/forcing.trimmed/X101.25Y40.55.csv
	 Reading 760/1709: 	/scratch/frd_muziyao/SHUD-OpenMP/SHUD/Basins/heihe/forcing.trimmed/X101.35Y40.55.csv
	 Reading 761/1709: 	/scratch/frd_muziyao/SHUD-OpenMP/SHUD/Basins/heihe/forcing.trimmed/X101.45Y40.55.csv
	 Reading 762/1709: 	/scratch/frd_muziyao/SHUD-OpenMP/SHUD/Basins/heihe/forcing.trimmed/X101.55Y40.55.csv
	 Reading 763/1709: 	/scratch/frd_muziyao/SHUD-OpenMP/SHUD/Basins/heihe/forcing.trimmed/X98.05Y40.65.csv
	 Reading 764/1709: 	/scratch/frd_muziyao/SHUD-OpenMP/SHUD/Basins/heihe/forcing.trimmed/X98.15Y40.65.csv
	 Reading 765/1709: 	/scratch/frd_muziyao/SHUD-OpenMP/SHUD/Basins/heihe/forcing.trimmed/X98.25Y40.65.csv
	 Reading 766/1709: 	/scratch/frd_muziyao/SHUD-OpenMP/SHUD/Basins/heihe/forcing.trimmed/X98.35Y40.65.csv
	 Reading 767/1709: 	/scratch/frd_muziyao/SHUD-OpenMP/SHUD/Basins/heihe/forcing.trimmed/X98.45Y40.65.csv
	 Reading 768/1709: 	/scratch/frd_muziyao/SHUD-OpenMP/SHUD/Basins/heihe/forcing.trimmed/X98.55Y40.65.csv
	 Reading 769/1709: 	/scratch/frd_muziyao/SHUD-OpenMP/SHUD/Basins/heihe/forcing.trimmed/X98.65Y40.65.csv
	 Reading 770/1709: 	/scratch/frd_muziyao/SHUD-OpenMP/SHUD/Basins/heihe/forcing.trimmed/X98.75Y40.65.csv
	 Reading 771/1709: 	/scratch/frd_muziyao/SHUD-OpenMP/SHUD/Basins/heihe/forcing.trimmed/X98.85Y40.65.csv
	 Reading 772/1709: 	/scratch/frd_muziyao/SHUD-OpenMP/SHUD/Basins/heihe/forcing.trimmed/X98.95Y40.65.csv
	 Reading 773/1709: 	/scratch/frd_muziyao/SHUD-OpenMP/SHUD/Basins/heihe/forcing.trimmed/X99.05Y40.65.csv
	 Reading 774/1709: 	/scratch/frd_muziyao/SHUD-OpenMP/SHUD/Basins/heihe/forcing.trimmed/X99.15Y40.65.csv
	 Reading 775/1709: 	/scratch/frd_muziyao/SHUD-OpenMP/SHUD/Basins/heihe/forcing.trimmed/X99.25Y40.65.csv
	 Reading 776/1709: 	/scratch/frd_muziyao/SHUD-OpenMP/SHUD/Basins/heihe/forcing.trimmed/X99.35Y40.65.csv
	 Reading 777/1709: 	/scratch/frd_muziyao/SHUD-OpenMP/SHUD/Basins/heihe/forcing.trimmed/X99.45Y40.65.csv
	 Reading 778/1709: 	/scratch/frd_muziyao/SHUD-OpenMP/SHUD/Basins/heihe/forcing.trimmed/X99.55Y40.65.csv
	 Reading 779/1709: 	/scratch/frd_muziyao/SHUD-OpenMP/SHUD/Basins/heihe/forcing.trimmed/X99.65Y40.65.csv
	 Reading 780/1709: 	/scratch/frd_muziyao/SHUD-OpenMP/SHUD/Basins/heihe/forcing.trimmed/X99.75Y40.65.csv
	 Reading 781/1709: 	/scratch/frd_muziyao/SHUD-OpenMP/SHUD/Basins/heihe/forcing.trimmed/X99.85Y40.65.csv
	 Reading 782/1709: 	/scratch/frd_muziyao/SHUD-OpenMP/SHUD/Basins/heihe/forcing.trimmed/X99.95Y40.65.csv
	 Reading 783/1709: 	/scratch/frd_muziyao/SHUD-OpenMP/SHUD/Basins/heihe/forcing.trimmed/X100.05Y40.65.csv
	 Reading 784/1709: 	/scratch/frd_muziyao/SHUD-OpenMP/SHUD/Basins/heihe/forcing.trimmed/X100.15Y40.65.csv
	 Reading 785/1709: 	/scratch/frd_muziyao/SHUD-OpenMP/SHUD/Basins/heihe/forcing.trimmed/X100.25Y40.65.csv
	 Reading 786/1709: 	/scratch/frd_muziyao/SHUD-OpenMP/SHUD/Basins/heihe/forcing.trimmed/X100.35Y40.65.csv
	 Reading 787/1709: 	/scratch/frd_muziyao/SHUD-OpenMP/SHUD/Basins/heihe/forcing.trimmed/X100.45Y40.65.csv
	 Reading 788/1709: 	/scratch/frd_muziyao/SHUD-OpenMP/SHUD/Basins/heihe/forcing.trimmed/X100.55Y40.65.csv
	 Reading 789/1709: 	/scratch/frd_muziyao/SHUD-OpenMP/SHUD/Basins/heihe/forcing.trimmed/X100.65Y40.65.csv
	 Reading 790/1709: 	/scratch/frd_muziyao/SHUD-OpenMP/SHUD/Basins/heihe/forcing.trimmed/X100.75Y40.65.csv
	 Reading 791/1709: 	/scratch/frd_muziyao/SHUD-OpenMP/SHUD/Basins/heihe/forcing.trimmed/X100.85Y40.65.csv
	 Reading 792/1709: 	/scratch/frd_muziyao/SHUD-OpenMP/SHUD/Basins/heihe/forcing.trimmed/X100.95Y40.65.csv
	 Reading 793/1709: 	/scratch/frd_muziyao/SHUD-OpenMP/SHUD/Basins/heihe/forcing.trimmed/X101.05Y40.65.csv
	 Reading 794/1709: 	/scratch/frd_muziyao/SHUD-OpenMP/SHUD/Basins/heihe/forcing.trimmed/X101.15Y40.65.csv
	 Reading 795/1709: 	/scratch/frd_muziyao/SHUD-OpenMP/SHUD/Basins/heihe/forcing.trimmed/X101.25Y40.65.csv
	 Reading 796/1709: 	/scratch/frd_muziyao/SHUD-OpenMP/SHUD/Basins/heihe/forcing.trimmed/X101.35Y40.65.csv
	 Reading 797/1709: 	/scratch/frd_muziyao/SHUD-OpenMP/SHUD/Basins/heihe/forcing.trimmed/X101.45Y40.65.csv
	 Reading 798/1709: 	/scratch/frd_muziyao/SHUD-OpenMP/SHUD/Basins/heihe/forcing.trimmed/X101.55Y40.65.csv
	 Reading 799/1709: 	/scratch/frd_muziyao/SHUD-OpenMP/SHUD/Basins/heihe/forcing.trimmed/X97.65Y40.75.csv
	 Reading 800/1709: 	/scratch/frd_muziyao/SHUD-OpenMP/SHUD/Basins/heihe/forcing.trimmed/X97.75Y40.75.csv
	 Reading 801/1709: 	/scratch/frd_muziyao/SHUD-OpenMP/SHUD/Basins/heihe/forcing.trimmed/X97.85Y40.75.csv
	 Reading 802/1709: 	/scratch/frd_muziyao/SHUD-OpenMP/SHUD/Basins/heihe/forcing.trimmed/X97.95Y40.75.csv
	 Reading 803/1709: 	/scratch/frd_muziyao/SHUD-OpenMP/SHUD/Basins/heihe/forcing.trimmed/X98.05Y40.75.csv
	 Reading 804/1709: 	/scratch/frd_muziyao/SHUD-OpenMP/SHUD/Basins/heihe/forcing.trimmed/X98.15Y40.75.csv
	 Reading 805/1709: 	/scratch/frd_muziyao/SHUD-OpenMP/SHUD/Basins/heihe/forcing.trimmed/X98.25Y40.75.csv
	 Reading 806/1709: 	/scratch/frd_muziyao/SHUD-OpenMP/SHUD/Basins/heihe/forcing.trimmed/X98.35Y40.75.csv
	 Reading 807/1709: 	/scratch/frd_muziyao/SHUD-OpenMP/SHUD/Basins/heihe/forcing.trimmed/X98.45Y40.75.csv
	 Reading 808/1709: 	/scratch/frd_muziyao/SHUD-OpenMP/SHUD/Basins/heihe/forcing.trimmed/X98.55Y40.75.csv
	 Reading 809/1709: 	/scratch/frd_muziyao/SHUD-OpenMP/SHUD/Basins/heihe/forcing.trimmed/X98.65Y40.75.csv
	 Reading 810/1709: 	/scratch/frd_muziyao/SHUD-OpenMP/SHUD/Basins/heihe/forcing.trimmed/X98.75Y40.75.csv
	 Reading 811/1709: 	/scratch/frd_muziyao/SHUD-OpenMP/SHUD/Basins/heihe/forcing.trimmed/X98.85Y40.75.csv
	 Reading 812/1709: 	/scratch/frd_muziyao/SHUD-OpenMP/SHUD/Basins/heihe/forcing.trimmed/X98.95Y40.75.csv
	 Reading 813/1709: 	/scratch/frd_muziyao/SHUD-OpenMP/SHUD/Basins/heihe/forcing.trimmed/X99.05Y40.75.csv
	 Reading 814/1709: 	/scratch/frd_muziyao/SHUD-OpenMP/SHUD/Basins/heihe/forcing.trimmed/X99.15Y40.75.csv
	 Reading 815/1709: 	/scratch/frd_muziyao/SHUD-OpenMP/SHUD/Basins/heihe/forcing.trimmed/X99.25Y40.75.csv
	 Reading 816/1709: 	/scratch/frd_muziyao/SHUD-OpenMP/SHUD/Basins/heihe/forcing.trimmed/X99.35Y40.75.csv
	 Reading 817/1709: 	/scratch/frd_muziyao/SHUD-OpenMP/SHUD/Basins/heihe/forcing.trimmed/X99.45Y40.75.csv
	 Reading 818/1709: 	/scratch/frd_muziyao/SHUD-OpenMP/SHUD/Basins/heihe/forcing.trimmed/X99.55Y40.75.csv
	 Reading 819/1709: 	/scratch/frd_muziyao/SHUD-OpenMP/SHUD/Basins/heihe/forcing.trimmed/X99.65Y40.75.csv
	 Reading 820/1709: 	/scratch/frd_muziyao/SHUD-OpenMP/SHUD/Basins/heihe/forcing.trimmed/X99.75Y40.75.csv
	 Reading 821/1709: 	/scratch/frd_muziyao/SHUD-OpenMP/SHUD/Basins/heihe/forcing.trimmed/X99.85Y40.75.csv
	 Reading 822/1709: 	/scratch/frd_muziyao/SHUD-OpenMP/SHUD/Basins/heihe/forcing.trimmed/X99.95Y40.75.csv
	 Reading 823/1709: 	/scratch/frd_muziyao/SHUD-OpenMP/SHUD/Basins/heihe/forcing.trimmed/X100.05Y40.75.csv
	 Reading 824/1709: 	/scratch/frd_muziyao/SHUD-OpenMP/SHUD/Basins/heihe/forcing.trimmed/X100.15Y40.75.csv
	 Reading 825/1709: 	/scratch/frd_muziyao/SHUD-OpenMP/SHUD/Basins/heihe/forcing.trimmed/X100.25Y40.75.csv
	 Reading 826/1709: 	/scratch/frd_muziyao/SHUD-OpenMP/SHUD/Basins/heihe/forcing.trimmed/X100.35Y40.75.csv
	 Reading 827/1709: 	/scratch/frd_muziyao/SHUD-OpenMP/SHUD/Basins/heihe/forcing.trimmed/X100.45Y40.75.csv
	 Reading 828/1709: 	/scratch/frd_muziyao/SHUD-OpenMP/SHUD/Basins/heihe/forcing.trimmed/X100.55Y40.75.csv
	 Reading 829/1709: 	/scratch/frd_muziyao/SHUD-OpenMP/SHUD/Basins/heihe/forcing.trimmed/X100.65Y40.75.csv
	 Reading 830/1709: 	/scratch/frd_muziyao/SHUD-OpenMP/SHUD/Basins/heihe/forcing.trimmed/X100.75Y40.75.csv
	 Reading 831/1709: 	/scratch/frd_muziyao/SHUD-OpenMP/SHUD/Basins/heihe/forcing.trimmed/X100.85Y40.75.csv
	 Reading 832/1709: 	/scratch/frd_muziyao/SHUD-OpenMP/SHUD/Basins/heihe/forcing.trimmed/X100.95Y40.75.csv
	 Reading 833/1709: 	/scratch/frd_muziyao/SHUD-OpenMP/SHUD/Basins/heihe/forcing.trimmed/X101.05Y40.75.csv
	 Reading 834/1709: 	/scratch/frd_muziyao/SHUD-OpenMP/SHUD/Basins/heihe/forcing.trimmed/X101.15Y40.75.csv
	 Reading 835/1709: 	/scratch/frd_muziyao/SHUD-OpenMP/SHUD/Basins/heihe/forcing.trimmed/X101.25Y40.75.csv
	 Reading 836/1709: 	/scratch/frd_muziyao/SHUD-OpenMP/SHUD/Basins/heihe/forcing.trimmed/X101.35Y40.75.csv
	 Reading 837/1709: 	/scratch/frd_muziyao/SHUD-OpenMP/SHUD/Basins/heihe/forcing.trimmed/X101.45Y40.75.csv
	 Reading 838/1709: 	/scratch/frd_muziyao/SHUD-OpenMP/SHUD/Basins/heihe/forcing.trimmed/X101.55Y40.75.csv
	 Reading 839/1709: 	/scratch/frd_muziyao/SHUD-OpenMP/SHUD/Basins/heihe/forcing.trimmed/X101.65Y40.75.csv
	 Reading 840/1709: 	/scratch/frd_muziyao/SHUD-OpenMP/SHUD/Basins/heihe/forcing.trimmed/X97.35Y40.85.csv
	 Reading 841/1709: 	/scratch/frd_muziyao/SHUD-OpenMP/SHUD/Basins/heihe/forcing.trimmed/X97.45Y40.85.csv
	 Reading 842/1709: 	/scratch/frd_muziyao/SHUD-OpenMP/SHUD/Basins/heihe/forcing.trimmed/X97.55Y40.85.csv
	 Reading 843/1709: 	/scratch/frd_muziyao/SHUD-OpenMP/SHUD/Basins/heihe/forcing.trimmed/X97.65Y40.85.csv
	 Reading 844/1709: 	/scratch/frd_muziyao/SHUD-OpenMP/SHUD/Basins/heihe/forcing.trimmed/X97.75Y40.85.csv
	 Reading 845/1709: 	/scratch/frd_muziyao/SHUD-OpenMP/SHUD/Basins/heihe/forcing.trimmed/X97.85Y40.85.csv
	 Reading 846/1709: 	/scratch/frd_muziyao/SHUD-OpenMP/SHUD/Basins/heihe/forcing.trimmed/X97.95Y40.85.csv
	 Reading 847/1709: 	/scratch/frd_muziyao/SHUD-OpenMP/SHUD/Basins/heihe/forcing.trimmed/X98.05Y40.85.csv
	 Reading 848/1709: 	/scratch/frd_muziyao/SHUD-OpenMP/SHUD/Basins/heihe/forcing.trimmed/X98.15Y40.85.csv
	 Reading 849/1709: 	/scratch/frd_muziyao/SHUD-OpenMP/SHUD/Basins/heihe/forcing.trimmed/X98.25Y40.85.csv
	 Reading 850/1709: 	/scratch/frd_muziyao/SHUD-OpenMP/SHUD/Basins/heihe/forcing.trimmed/X98.35Y40.85.csv
	 Reading 851/1709: 	/scratch/frd_muziyao/SHUD-OpenMP/SHUD/Basins/heihe/forcing.trimmed/X98.45Y40.85.csv
	 Reading 852/1709: 	/scratch/frd_muziyao/SHUD-OpenMP/SHUD/Basins/heihe/forcing.trimmed/X98.55Y40.85.csv
	 Reading 853/1709: 	/scratch/frd_muziyao/SHUD-OpenMP/SHUD/Basins/heihe/forcing.trimmed/X98.65Y40.85.csv
	 Reading 854/1709: 	/scratch/frd_muziyao/SHUD-OpenMP/SHUD/Basins/heihe/forcing.trimmed/X98.75Y40.85.csv
	 Reading 855/1709: 	/scratch/frd_muziyao/SHUD-OpenMP/SHUD/Basins/heihe/forcing.trimmed/X98.85Y40.85.csv
	 Reading 856/1709: 	/scratch/frd_muziyao/SHUD-OpenMP/SHUD/Basins/heihe/forcing.trimmed/X98.95Y40.85.csv
	 Reading 857/1709: 	/scratch/frd_muziyao/SHUD-OpenMP/SHUD/Basins/heihe/forcing.trimmed/X99.05Y40.85.csv
	 Reading 858/1709: 	/scratch/frd_muziyao/SHUD-OpenMP/SHUD/Basins/heihe/forcing.trimmed/X99.15Y40.85.csv
	 Reading 859/1709: 	/scratch/frd_muziyao/SHUD-OpenMP/SHUD/Basins/heihe/forcing.trimmed/X99.25Y40.85.csv
	 Reading 860/1709: 	/scratch/frd_muziyao/SHUD-OpenMP/SHUD/Basins/heihe/forcing.trimmed/X99.35Y40.85.csv
	 Reading 861/1709: 	/scratch/frd_muziyao/SHUD-OpenMP/SHUD/Basins/heihe/forcing.trimmed/X99.45Y40.85.csv
	 Reading 862/1709: 	/scratch/frd_muziyao/SHUD-OpenMP/SHUD/Basins/heihe/forcing.trimmed/X99.55Y40.85.csv
	 Reading 863/1709: 	/scratch/frd_muziyao/SHUD-OpenMP/SHUD/Basins/heihe/forcing.trimmed/X99.65Y40.85.csv
	 Reading 864/1709: 	/scratch/frd_muziyao/SHUD-OpenMP/SHUD/Basins/heihe/forcing.trimmed/X99.75Y40.85.csv
	 Reading 865/1709: 	/scratch/frd_muziyao/SHUD-OpenMP/SHUD/Basins/heihe/forcing.trimmed/X99.85Y40.85.csv
	 Reading 866/1709: 	/scratch/frd_muziyao/SHUD-OpenMP/SHUD/Basins/heihe/forcing.trimmed/X99.95Y40.85.csv
	 Reading 867/1709: 	/scratch/frd_muziyao/SHUD-OpenMP/SHUD/Basins/heihe/forcing.trimmed/X100.05Y40.85.csv
	 Reading 868/1709: 	/scratch/frd_muziyao/SHUD-OpenMP/SHUD/Basins/heihe/forcing.trimmed/X100.15Y40.85.csv
	 Reading 869/1709: 	/scratch/frd_muziyao/SHUD-OpenMP/SHUD/Basins/heihe/forcing.trimmed/X100.25Y40.85.csv
	 Reading 870/1709: 	/scratch/frd_muziyao/SHUD-OpenMP/SHUD/Basins/heihe/forcing.trimmed/X100.35Y40.85.csv
	 Reading 871/1709: 	/scratch/frd_muziyao/SHUD-OpenMP/SHUD/Basins/heihe/forcing.trimmed/X100.45Y40.85.csv
	 Reading 872/1709: 	/scratch/frd_muziyao/SHUD-OpenMP/SHUD/Basins/heihe/forcing.trimmed/X100.55Y40.85.csv
	 Reading 873/1709: 	/scratch/frd_muziyao/SHUD-OpenMP/SHUD/Basins/heihe/forcing.trimmed/X100.65Y40.85.csv
	 Reading 874/1709: 	/scratch/frd_muziyao/SHUD-OpenMP/SHUD/Basins/heihe/forcing.trimmed/X100.75Y40.85.csv
	 Reading 875/1709: 	/scratch/frd_muziyao/SHUD-OpenMP/SHUD/Basins/heihe/forcing.trimmed/X100.85Y40.85.csv
	 Reading 876/1709: 	/scratch/frd_muziyao/SHUD-OpenMP/SHUD/Basins/heihe/forcing.trimmed/X100.95Y40.85.csv
	 Reading 877/1709: 	/scratch/frd_muziyao/SHUD-OpenMP/SHUD/Basins/heihe/forcing.trimmed/X101.05Y40.85.csv
	 Reading 878/1709: 	/scratch/frd_muziyao/SHUD-OpenMP/SHUD/Basins/heihe/forcing.trimmed/X101.15Y40.85.csv
	 Reading 879/1709: 	/scratch/frd_muziyao/SHUD-OpenMP/SHUD/Basins/heihe/forcing.trimmed/X101.25Y40.85.csv
	 Reading 880/1709: 	/scratch/frd_muziyao/SHUD-OpenMP/SHUD/Basins/heihe/forcing.trimmed/X101.35Y40.85.csv
	 Reading 881/1709: 	/scratch/frd_muziyao/SHUD-OpenMP/SHUD/Basins/heihe/forcing.trimmed/X101.45Y40.85.csv
	 Reading 882/1709: 	/scratch/frd_muziyao/SHUD-OpenMP/SHUD/Basins/heihe/forcing.trimmed/X101.55Y40.85.csv
	 Reading 883/1709: 	/scratch/frd_muziyao/SHUD-OpenMP/SHUD/Basins/heihe/forcing.trimmed/X101.65Y40.85.csv
	 Reading 884/1709: 	/scratch/frd_muziyao/SHUD-OpenMP/SHUD/Basins/heihe/forcing.trimmed/X97.35Y40.95.csv
	 Reading 885/1709: 	/scratch/frd_muziyao/SHUD-OpenMP/SHUD/Basins/heihe/forcing.trimmed/X97.45Y40.95.csv
	 Reading 886/1709: 	/scratch/frd_muziyao/SHUD-OpenMP/SHUD/Basins/heihe/forcing.trimmed/X97.55Y40.95.csv
	 Reading 887/1709: 	/scratch/frd_muziyao/SHUD-OpenMP/SHUD/Basins/heihe/forcing.trimmed/X97.65Y40.95.csv
	 Reading 888/1709: 	/scratch/frd_muziyao/SHUD-OpenMP/SHUD/Basins/heihe/forcing.trimmed/X97.75Y40.95.csv
	 Reading 889/1709: 	/scratch/frd_muziyao/SHUD-OpenMP/SHUD/Basins/heihe/forcing.trimmed/X97.85Y40.95.csv
	 Reading 890/1709: 	/scratch/frd_muziyao/SHUD-OpenMP/SHUD/Basins/heihe/forcing.trimmed/X97.95Y40.95.csv
	 Reading 891/1709: 	/scratch/frd_muziyao/SHUD-OpenMP/SHUD/Basins/heihe/forcing.trimmed/X98.05Y40.95.csv
	 Reading 892/1709: 	/scratch/frd_muziyao/SHUD-OpenMP/SHUD/Basins/heihe/forcing.trimmed/X98.15Y40.95.csv
	 Reading 893/1709: 	/scratch/frd_muziyao/SHUD-OpenMP/SHUD/Basins/heihe/forcing.trimmed/X98.25Y40.95.csv
	 Reading 894/1709: 	/scratch/frd_muziyao/SHUD-OpenMP/SHUD/Basins/heihe/forcing.trimmed/X98.35Y40.95.csv
	 Reading 895/1709: 	/scratch/frd_muziyao/SHUD-OpenMP/SHUD/Basins/heihe/forcing.trimmed/X98.45Y40.95.csv
	 Reading 896/1709: 	/scratch/frd_muziyao/SHUD-OpenMP/SHUD/Basins/heihe/forcing.trimmed/X98.55Y40.95.csv
	 Reading 897/1709: 	/scratch/frd_muziyao/SHUD-OpenMP/SHUD/Basins/heihe/forcing.trimmed/X98.65Y40.95.csv
	 Reading 898/1709: 	/scratch/frd_muziyao/SHUD-OpenMP/SHUD/Basins/heihe/forcing.trimmed/X98.75Y40.95.csv
	 Reading 899/1709: 	/scratch/frd_muziyao/SHUD-OpenMP/SHUD/Basins/heihe/forcing.trimmed/X98.85Y40.95.csv
	 Reading 900/1709: 	/scratch/frd_muziyao/SHUD-OpenMP/SHUD/Basins/heihe/forcing.trimmed/X98.95Y40.95.csv
	 Reading 901/1709: 	/scratch/frd_muziyao/SHUD-OpenMP/SHUD/Basins/heihe/forcing.trimmed/X99.05Y40.95.csv
	 Reading 902/1709: 	/scratch/frd_muziyao/SHUD-OpenMP/SHUD/Basins/heihe/forcing.trimmed/X99.15Y40.95.csv
	 Reading 903/1709: 	/scratch/frd_muziyao/SHUD-OpenMP/SHUD/Basins/heihe/forcing.trimmed/X99.25Y40.95.csv
	 Reading 904/1709: 	/scratch/frd_muziyao/SHUD-OpenMP/SHUD/Basins/heihe/forcing.trimmed/X99.35Y40.95.csv
	 Reading 905/1709: 	/scratch/frd_muziyao/SHUD-OpenMP/SHUD/Basins/heihe/forcing.trimmed/X99.45Y40.95.csv
	 Reading 906/1709: 	/scratch/frd_muziyao/SHUD-OpenMP/SHUD/Basins/heihe/forcing.trimmed/X99.55Y40.95.csv
	 Reading 907/1709: 	/scratch/frd_muziyao/SHUD-OpenMP/SHUD/Basins/heihe/forcing.trimmed/X99.65Y40.95.csv
	 Reading 908/1709: 	/scratch/frd_muziyao/SHUD-OpenMP/SHUD/Basins/heihe/forcing.trimmed/X99.75Y40.95.csv
	 Reading 909/1709: 	/scratch/frd_muziyao/SHUD-OpenMP/SHUD/Basins/heihe/forcing.trimmed/X99.85Y40.95.csv
	 Reading 910/1709: 	/scratch/frd_muziyao/SHUD-OpenMP/SHUD/Basins/heihe/forcing.trimmed/X99.95Y40.95.csv
	 Reading 911/1709: 	/scratch/frd_muziyao/SHUD-OpenMP/SHUD/Basins/heihe/forcing.trimmed/X100.05Y40.95.csv
	 Reading 912/1709: 	/scratch/frd_muziyao/SHUD-OpenMP/SHUD/Basins/heihe/forcing.trimmed/X100.15Y40.95.csv
	 Reading 913/1709: 	/scratch/frd_muziyao/SHUD-OpenMP/SHUD/Basins/heihe/forcing.trimmed/X100.25Y40.95.csv
	 Reading 914/1709: 	/scratch/frd_muziyao/SHUD-OpenMP/SHUD/Basins/heihe/forcing.trimmed/X100.35Y40.95.csv
	 Reading 915/1709: 	/scratch/frd_muziyao/SHUD-OpenMP/SHUD/Basins/heihe/forcing.trimmed/X100.45Y40.95.csv
	 Reading 916/1709: 	/scratch/frd_muziyao/SHUD-OpenMP/SHUD/Basins/heihe/forcing.trimmed/X100.55Y40.95.csv
	 Reading 917/1709: 	/scratch/frd_muziyao/SHUD-OpenMP/SHUD/Basins/heihe/forcing.trimmed/X100.65Y40.95.csv
	 Reading 918/1709: 	/scratch/frd_muziyao/SHUD-OpenMP/SHUD/Basins/heihe/forcing.trimmed/X100.75Y40.95.csv
	 Reading 919/1709: 	/scratch/frd_muziyao/SHUD-OpenMP/SHUD/Basins/heihe/forcing.trimmed/X100.85Y40.95.csv
	 Reading 920/1709: 	/scratch/frd_muziyao/SHUD-OpenMP/SHUD/Basins/heihe/forcing.trimmed/X100.95Y40.95.csv
	 Reading 921/1709: 	/scratch/frd_muziyao/SHUD-OpenMP/SHUD/Basins/heihe/forcing.trimmed/X101.05Y40.95.csv
	 Reading 922/1709: 	/scratch/frd_muziyao/SHUD-OpenMP/SHUD/Basins/heihe/forcing.trimmed/X101.15Y40.95.csv
	 Reading 923/1709: 	/scratch/frd_muziyao/SHUD-OpenMP/SHUD/Basins/heihe/forcing.trimmed/X101.25Y40.95.csv
	 Reading 924/1709: 	/scratch/frd_muziyao/SHUD-OpenMP/SHUD/Basins/heihe/forcing.trimmed/X101.35Y40.95.csv
	 Reading 925/1709: 	/scratch/frd_muziyao/SHUD-OpenMP/SHUD/Basins/heihe/forcing.trimmed/X101.45Y40.95.csv
	 Reading 926/1709: 	/scratch/frd_muziyao/SHUD-OpenMP/SHUD/Basins/heihe/forcing.trimmed/X101.55Y40.95.csv
	 Reading 927/1709: 	/scratch/frd_muziyao/SHUD-OpenMP/SHUD/Basins/heihe/forcing.trimmed/X101.65Y40.95.csv
	 Reading 928/1709: 	/scratch/frd_muziyao/SHUD-OpenMP/SHUD/Basins/heihe/forcing.trimmed/X101.75Y40.95.csv
	 Reading 929/1709: 	/scratch/frd_muziyao/SHUD-OpenMP/SHUD/Basins/heihe/forcing.trimmed/X97.35Y41.05.csv
	 Reading 930/1709: 	/scratch/frd_muziyao/SHUD-OpenMP/SHUD/Basins/heihe/forcing.trimmed/X97.45Y41.05.csv
	 Reading 931/1709: 	/scratch/frd_muziyao/SHUD-OpenMP/SHUD/Basins/heihe/forcing.trimmed/X97.55Y41.05.csv
	 Reading 932/1709: 	/scratch/frd_muziyao/SHUD-OpenMP/SHUD/Basins/heihe/forcing.trimmed/X97.65Y41.05.csv
	 Reading 933/1709: 	/scratch/frd_muziyao/SHUD-OpenMP/SHUD/Basins/heihe/forcing.trimmed/X97.75Y41.05.csv
	 Reading 934/1709: 	/scratch/frd_muziyao/SHUD-OpenMP/SHUD/Basins/heihe/forcing.trimmed/X97.85Y41.05.csv
	 Reading 935/1709: 	/scratch/frd_muziyao/SHUD-OpenMP/SHUD/Basins/heihe/forcing.trimmed/X97.95Y41.05.csv
	 Reading 936/1709: 	/scratch/frd_muziyao/SHUD-OpenMP/SHUD/Basins/heihe/forcing.trimmed/X98.05Y41.05.csv
	 Reading 937/1709: 	/scratch/frd_muziyao/SHUD-OpenMP/SHUD/Basins/heihe/forcing.trimmed/X98.15Y41.05.csv
	 Reading 938/1709: 	/scratch/frd_muziyao/SHUD-OpenMP/SHUD/Basins/heihe/forcing.trimmed/X98.25Y41.05.csv
	 Reading 939/1709: 	/scratch/frd_muziyao/SHUD-OpenMP/SHUD/Basins/heihe/forcing.trimmed/X98.35Y41.05.csv
	 Reading 940/1709: 	/scratch/frd_muziyao/SHUD-OpenMP/SHUD/Basins/heihe/forcing.trimmed/X98.45Y41.05.csv
	 Reading 941/1709: 	/scratch/frd_muziyao/SHUD-OpenMP/SHUD/Basins/heihe/forcing.trimmed/X98.55Y41.05.csv
	 Reading 942/1709: 	/scratch/frd_muziyao/SHUD-OpenMP/SHUD/Basins/heihe/forcing.trimmed/X98.65Y41.05.csv
	 Reading 943/1709: 	/scratch/frd_muziyao/SHUD-OpenMP/SHUD/Basins/heihe/forcing.trimmed/X98.75Y41.05.csv
	 Reading 944/1709: 	/scratch/frd_muziyao/SHUD-OpenMP/SHUD/Basins/heihe/forcing.trimmed/X98.85Y41.05.csv
	 Reading 945/1709: 	/scratch/frd_muziyao/SHUD-OpenMP/SHUD/Basins/heihe/forcing.trimmed/X98.95Y41.05.csv
	 Reading 946/1709: 	/scratch/frd_muziyao/SHUD-OpenMP/SHUD/Basins/heihe/forcing.trimmed/X99.05Y41.05.csv
	 Reading 947/1709: 	/scratch/frd_muziyao/SHUD-OpenMP/SHUD/Basins/heihe/forcing.trimmed/X99.15Y41.05.csv
	 Reading 948/1709: 	/scratch/frd_muziyao/SHUD-OpenMP/SHUD/Basins/heihe/forcing.trimmed/X99.25Y41.05.csv
	 Reading 949/1709: 	/scratch/frd_muziyao/SHUD-OpenMP/SHUD/Basins/heihe/forcing.trimmed/X99.35Y41.05.csv
	 Reading 950/1709: 	/scratch/frd_muziyao/SHUD-OpenMP/SHUD/Basins/heihe/forcing.trimmed/X99.45Y41.05.csv
	 Reading 951/1709: 	/scratch/frd_muziyao/SHUD-OpenMP/SHUD/Basins/heihe/forcing.trimmed/X99.55Y41.05.csv
	 Reading 952/1709: 	/scratch/frd_muziyao/SHUD-OpenMP/SHUD/Basins/heihe/forcing.trimmed/X99.65Y41.05.csv
	 Reading 953/1709: 	/scratch/frd_muziyao/SHUD-OpenMP/SHUD/Basins/heihe/forcing.trimmed/X99.75Y41.05.csv
	 Reading 954/1709: 	/scratch/frd_muziyao/SHUD-OpenMP/SHUD/Basins/heihe/forcing.trimmed/X99.85Y41.05.csv
	 Reading 955/1709: 	/scratch/frd_muziyao/SHUD-OpenMP/SHUD/Basins/heihe/forcing.trimmed/X99.95Y41.05.csv
	 Reading 956/1709: 	/scratch/frd_muziyao/SHUD-OpenMP/SHUD/Basins/heihe/forcing.trimmed/X100.05Y41.05.csv
	 Reading 957/1709: 	/scratch/frd_muziyao/SHUD-OpenMP/SHUD/Basins/heihe/forcing.trimmed/X100.15Y41.05.csv
	 Reading 958/1709: 	/scratch/frd_muziyao/SHUD-OpenMP/SHUD/Basins/heihe/forcing.trimmed/X100.25Y41.05.csv
	 Reading 959/1709: 	/scratch/frd_muziyao/SHUD-OpenMP/SHUD/Basins/heihe/forcing.trimmed/X100.35Y41.05.csv
	 Reading 960/1709: 	/scratch/frd_muziyao/SHUD-OpenMP/SHUD/Basins/heihe/forcing.trimmed/X100.45Y41.05.csv
	 Reading 961/1709: 	/scratch/frd_muziyao/SHUD-OpenMP/SHUD/Basins/heihe/forcing.trimmed/X100.55Y41.05.csv
	 Reading 962/1709: 	/scratch/frd_muziyao/SHUD-OpenMP/SHUD/Basins/heihe/forcing.trimmed/X100.65Y41.05.csv
	 Reading 963/1709: 	/scratch/frd_muziyao/SHUD-OpenMP/SHUD/Basins/heihe/forcing.trimmed/X100.75Y41.05.csv
	 Reading 964/1709: 	/scratch/frd_muziyao/SHUD-OpenMP/SHUD/Basins/heihe/forcing.trimmed/X100.85Y41.05.csv
	 Reading 965/1709: 	/scratch/frd_muziyao/SHUD-OpenMP/SHUD/Basins/heihe/forcing.trimmed/X100.95Y41.05.csv
	 Reading 966/1709: 	/scratch/frd_muziyao/SHUD-OpenMP/SHUD/Basins/heihe/forcing.trimmed/X101.05Y41.05.csv
	 Reading 967/1709: 	/scratch/frd_muziyao/SHUD-OpenMP/SHUD/Basins/heihe/forcing.trimmed/X101.15Y41.05.csv
	 Reading 968/1709: 	/scratch/frd_muziyao/SHUD-OpenMP/SHUD/Basins/heihe/forcing.trimmed/X101.25Y41.05.csv
	 Reading 969/1709: 	/scratch/frd_muziyao/SHUD-OpenMP/SHUD/Basins/heihe/forcing.trimmed/X101.35Y41.05.csv
	 Reading 970/1709: 	/scratch/frd_muziyao/SHUD-OpenMP/SHUD/Basins/heihe/forcing.trimmed/X101.45Y41.05.csv
	 Reading 971/1709: 	/scratch/frd_muziyao/SHUD-OpenMP/SHUD/Basins/heihe/forcing.trimmed/X101.55Y41.05.csv
	 Reading 972/1709: 	/scratch/frd_muziyao/SHUD-OpenMP/SHUD/Basins/heihe/forcing.trimmed/X101.65Y41.05.csv
	 Reading 973/1709: 	/scratch/frd_muziyao/SHUD-OpenMP/SHUD/Basins/heihe/forcing.trimmed/X101.75Y41.05.csv
	 Reading 974/1709: 	/scratch/frd_muziyao/SHUD-OpenMP/SHUD/Basins/heihe/forcing.trimmed/X97.25Y41.15.csv
	 Reading 975/1709: 	/scratch/frd_muziyao/SHUD-OpenMP/SHUD/Basins/heihe/forcing.trimmed/X97.35Y41.15.csv
	 Reading 976/1709: 	/scratch/frd_muziyao/SHUD-OpenMP/SHUD/Basins/heihe/forcing.trimmed/X97.45Y41.15.csv
	 Reading 977/1709: 	/scratch/frd_muziyao/SHUD-OpenMP/SHUD/Basins/heihe/forcing.trimmed/X97.55Y41.15.csv
	 Reading 978/1709: 	/scratch/frd_muziyao/SHUD-OpenMP/SHUD/Basins/heihe/forcing.trimmed/X97.65Y41.15.csv
	 Reading 979/1709: 	/scratch/frd_muziyao/SHUD-OpenMP/SHUD/Basins/heihe/forcing.trimmed/X97.75Y41.15.csv
	 Reading 980/1709: 	/scratch/frd_muziyao/SHUD-OpenMP/SHUD/Basins/heihe/forcing.trimmed/X97.85Y41.15.csv
	 Reading 981/1709: 	/scratch/frd_muziyao/SHUD-OpenMP/SHUD/Basins/heihe/forcing.trimmed/X97.95Y41.15.csv
	 Reading 982/1709: 	/scratch/frd_muziyao/SHUD-OpenMP/SHUD/Basins/heihe/forcing.trimmed/X98.05Y41.15.csv
	 Reading 983/1709: 	/scratch/frd_muziyao/SHUD-OpenMP/SHUD/Basins/heihe/forcing.trimmed/X98.15Y41.15.csv
	 Reading 984/1709: 	/scratch/frd_muziyao/SHUD-OpenMP/SHUD/Basins/heihe/forcing.trimmed/X98.25Y41.15.csv
	 Reading 985/1709: 	/scratch/frd_muziyao/SHUD-OpenMP/SHUD/Basins/heihe/forcing.trimmed/X98.35Y41.15.csv
	 Reading 986/1709: 	/scratch/frd_muziyao/SHUD-OpenMP/SHUD/Basins/heihe/forcing.trimmed/X98.45Y41.15.csv
	 Reading 987/1709: 	/scratch/frd_muziyao/SHUD-OpenMP/SHUD/Basins/heihe/forcing.trimmed/X98.55Y41.15.csv
	 Reading 988/1709: 	/scratch/frd_muziyao/SHUD-OpenMP/SHUD/Basins/heihe/forcing.trimmed/X98.65Y41.15.csv
	 Reading 989/1709: 	/scratch/frd_muziyao/SHUD-OpenMP/SHUD/Basins/heihe/forcing.trimmed/X98.75Y41.15.csv
	 Reading 990/1709: 	/scratch/frd_muziyao/SHUD-OpenMP/SHUD/Basins/heihe/forcing.trimmed/X98.85Y41.15.csv
	 Reading 991/1709: 	/scratch/frd_muziyao/SHUD-OpenMP/SHUD/Basins/heihe/forcing.trimmed/X98.95Y41.15.csv
	 Reading 992/1709: 	/scratch/frd_muziyao/SHUD-OpenMP/SHUD/Basins/heihe/forcing.trimmed/X99.05Y41.15.csv
	 Reading 993/1709: 	/scratch/frd_muziyao/SHUD-OpenMP/SHUD/Basins/heihe/forcing.trimmed/X99.15Y41.15.csv
	 Reading 994/1709: 	/scratch/frd_muziyao/SHUD-OpenMP/SHUD/Basins/heihe/forcing.trimmed/X99.25Y41.15.csv
	 Reading 995/1709: 	/scratch/frd_muziyao/SHUD-OpenMP/SHUD/Basins/heihe/forcing.trimmed/X99.35Y41.15.csv
	 Reading 996/1709: 	/scratch/frd_muziyao/SHUD-OpenMP/SHUD/Basins/heihe/forcing.trimmed/X99.45Y41.15.csv
	 Reading 997/1709: 	/scratch/frd_muziyao/SHUD-OpenMP/SHUD/Basins/heihe/forcing.trimmed/X99.55Y41.15.csv
	 Reading 998/1709: 	/scratch/frd_muziyao/SHUD-OpenMP/SHUD/Basins/heihe/forcing.trimmed/X99.65Y41.15.csv
	 Reading 999/1709: 	/scratch/frd_muziyao/SHUD-OpenMP/SHUD/Basins/heihe/forcing.trimmed/X99.75Y41.15.csv
	 Reading 1000/1709: 	/scratch/frd_muziyao/SHUD-OpenMP/SHUD/Basins/heihe/forcing.trimmed/X99.85Y41.15.csv
	 Reading 1001/1709: 	/scratch/frd_muziyao/SHUD-OpenMP/SHUD/Basins/heihe/forcing.trimmed/X99.95Y41.15.csv
	 Reading 1002/1709: 	/scratch/frd_muziyao/SHUD-OpenMP/SHUD/Basins/heihe/forcing.trimmed/X100.05Y41.15.csv
	 Reading 1003/1709: 	/scratch/frd_muziyao/SHUD-OpenMP/SHUD/Basins/heihe/forcing.trimmed/X100.15Y41.15.csv
	 Reading 1004/1709: 	/scratch/frd_muziyao/SHUD-OpenMP/SHUD/Basins/heihe/forcing.trimmed/X100.25Y41.15.csv
	 Reading 1005/1709: 	/scratch/frd_muziyao/SHUD-OpenMP/SHUD/Basins/heihe/forcing.trimmed/X100.35Y41.15.csv
	 Reading 1006/1709: 	/scratch/frd_muziyao/SHUD-OpenMP/SHUD/Basins/heihe/forcing.trimmed/X100.45Y41.15.csv
	 Reading 1007/1709: 	/scratch/frd_muziyao/SHUD-OpenMP/SHUD/Basins/heihe/forcing.trimmed/X100.55Y41.15.csv
	 Reading 1008/1709: 	/scratch/frd_muziyao/SHUD-OpenMP/SHUD/Basins/heihe/forcing.trimmed/X100.65Y41.15.csv
	 Reading 1009/1709: 	/scratch/frd_muziyao/SHUD-OpenMP/SHUD/Basins/heihe/forcing.trimmed/X100.75Y41.15.csv
	 Reading 1010/1709: 	/scratch/frd_muziyao/SHUD-OpenMP/SHUD/Basins/heihe/forcing.trimmed/X100.85Y41.15.csv
	 Reading 1011/1709: 	/scratch/frd_muziyao/SHUD-OpenMP/SHUD/Basins/heihe/forcing.trimmed/X100.95Y41.15.csv
	 Reading 1012/1709: 	/scratch/frd_muziyao/SHUD-OpenMP/SHUD/Basins/heihe/forcing.trimmed/X101.05Y41.15.csv
	 Reading 1013/1709: 	/scratch/frd_muziyao/SHUD-OpenMP/SHUD/Basins/heihe/forcing.trimmed/X101.15Y41.15.csv
	 Reading 1014/1709: 	/scratch/frd_muziyao/SHUD-OpenMP/SHUD/Basins/heihe/forcing.trimmed/X101.25Y41.15.csv
	 Reading 1015/1709: 	/scratch/frd_muziyao/SHUD-OpenMP/SHUD/Basins/heihe/forcing.trimmed/X101.35Y41.15.csv
	 Reading 1016/1709: 	/scratch/frd_muziyao/SHUD-OpenMP/SHUD/Basins/heihe/forcing.trimmed/X101.45Y41.15.csv
	 Reading 1017/1709: 	/scratch/frd_muziyao/SHUD-OpenMP/SHUD/Basins/heihe/forcing.trimmed/X101.55Y41.15.csv
	 Reading 1018/1709: 	/scratch/frd_muziyao/SHUD-OpenMP/SHUD/Basins/heihe/forcing.trimmed/X101.65Y41.15.csv
	 Reading 1019/1709: 	/scratch/frd_muziyao/SHUD-OpenMP/SHUD/Basins/heihe/forcing.trimmed/X101.75Y41.15.csv
	 Reading 1020/1709: 	/scratch/frd_muziyao/SHUD-OpenMP/SHUD/Basins/heihe/forcing.trimmed/X97.25Y41.25.csv
	 Reading 1021/1709: 	/scratch/frd_muziyao/SHUD-OpenMP/SHUD/Basins/heihe/forcing.trimmed/X97.35Y41.25.csv
	 Reading 1022/1709: 	/scratch/frd_muziyao/SHUD-OpenMP/SHUD/Basins/heihe/forcing.trimmed/X97.45Y41.25.csv
	 Reading 1023/1709: 	/scratch/frd_muziyao/SHUD-OpenMP/SHUD/Basins/heihe/forcing.trimmed/X97.55Y41.25.csv
	 Reading 1024/1709: 	/scratch/frd_muziyao/SHUD-OpenMP/SHUD/Basins/heihe/forcing.trimmed/X97.65Y41.25.csv
	 Reading 1025/1709: 	/scratch/frd_muziyao/SHUD-OpenMP/SHUD/Basins/heihe/forcing.trimmed/X97.75Y41.25.csv
	 Reading 1026/1709: 	/scratch/frd_muziyao/SHUD-OpenMP/SHUD/Basins/heihe/forcing.trimmed/X97.85Y41.25.csv
	 Reading 1027/1709: 	/scratch/frd_muziyao/SHUD-OpenMP/SHUD/Basins/heihe/forcing.trimmed/X97.95Y41.25.csv
	 Reading 1028/1709: 	/scratch/frd_muziyao/SHUD-OpenMP/SHUD/Basins/heihe/forcing.trimmed/X98.05Y41.25.csv
	 Reading 1029/1709: 	/scratch/frd_muziyao/SHUD-OpenMP/SHUD/Basins/heihe/forcing.trimmed/X98.15Y41.25.csv
	 Reading 1030/1709: 	/scratch/frd_muziyao/SHUD-OpenMP/SHUD/Basins/heihe/forcing.trimmed/X98.25Y41.25.csv
	 Reading 1031/1709: 	/scratch/frd_muziyao/SHUD-OpenMP/SHUD/Basins/heihe/forcing.trimmed/X98.35Y41.25.csv
	 Reading 1032/1709: 	/scratch/frd_muziyao/SHUD-OpenMP/SHUD/Basins/heihe/forcing.trimmed/X98.45Y41.25.csv
	 Reading 1033/1709: 	/scratch/frd_muziyao/SHUD-OpenMP/SHUD/Basins/heihe/forcing.trimmed/X98.55Y41.25.csv
	 Reading 1034/1709: 	/scratch/frd_muziyao/SHUD-OpenMP/SHUD/Basins/heihe/forcing.trimmed/X98.65Y41.25.csv
	 Reading 1035/1709: 	/scratch/frd_muziyao/SHUD-OpenMP/SHUD/Basins/heihe/forcing.trimmed/X98.75Y41.25.csv
	 Reading 1036/1709: 	/scratch/frd_muziyao/SHUD-OpenMP/SHUD/Basins/heihe/forcing.trimmed/X98.85Y41.25.csv
	 Reading 1037/1709: 	/scratch/frd_muziyao/SHUD-OpenMP/SHUD/Basins/heihe/forcing.trimmed/X98.95Y41.25.csv
	 Reading 1038/1709: 	/scratch/frd_muziyao/SHUD-OpenMP/SHUD/Basins/heihe/forcing.trimmed/X99.05Y41.25.csv
	 Reading 1039/1709: 	/scratch/frd_muziyao/SHUD-OpenMP/SHUD/Basins/heihe/forcing.trimmed/X99.15Y41.25.csv
	 Reading 1040/1709: 	/scratch/frd_muziyao/SHUD-OpenMP/SHUD/Basins/heihe/forcing.trimmed/X99.25Y41.25.csv
	 Reading 1041/1709: 	/scratch/frd_muziyao/SHUD-OpenMP/SHUD/Basins/heihe/forcing.trimmed/X99.35Y41.25.csv
	 Reading 1042/1709: 	/scratch/frd_muziyao/SHUD-OpenMP/SHUD/Basins/heihe/forcing.trimmed/X99.45Y41.25.csv
	 Reading 1043/1709: 	/scratch/frd_muziyao/SHUD-OpenMP/SHUD/Basins/heihe/forcing.trimmed/X99.55Y41.25.csv
	 Reading 1044/1709: 	/scratch/frd_muziyao/SHUD-OpenMP/SHUD/Basins/heihe/forcing.trimmed/X99.65Y41.25.csv
	 Reading 1045/1709: 	/scratch/frd_muziyao/SHUD-OpenMP/SHUD/Basins/heihe/forcing.trimmed/X99.75Y41.25.csv
	 Reading 1046/1709: 	/scratch/frd_muziyao/SHUD-OpenMP/SHUD/Basins/heihe/forcing.trimmed/X99.85Y41.25.csv
	 Reading 1047/1709: 	/scratch/frd_muziyao/SHUD-OpenMP/SHUD/Basins/heihe/forcing.trimmed/X99.95Y41.25.csv
	 Reading 1048/1709: 	/scratch/frd_muziyao/SHUD-OpenMP/SHUD/Basins/heihe/forcing.trimmed/X100.05Y41.25.csv
	 Reading 1049/1709: 	/scratch/frd_muziyao/SHUD-OpenMP/SHUD/Basins/heihe/forcing.trimmed/X100.15Y41.25.csv
	 Reading 1050/1709: 	/scratch/frd_muziyao/SHUD-OpenMP/SHUD/Basins/heihe/forcing.trimmed/X100.25Y41.25.csv
	 Reading 1051/1709: 	/scratch/frd_muziyao/SHUD-OpenMP/SHUD/Basins/heihe/forcing.trimmed/X100.35Y41.25.csv
	 Reading 1052/1709: 	/scratch/frd_muziyao/SHUD-OpenMP/SHUD/Basins/heihe/forcing.trimmed/X100.45Y41.25.csv
	 Reading 1053/1709: 	/scratch/frd_muziyao/SHUD-OpenMP/SHUD/Basins/heihe/forcing.trimmed/X100.55Y41.25.csv
	 Reading 1054/1709: 	/scratch/frd_muziyao/SHUD-OpenMP/SHUD/Basins/heihe/forcing.trimmed/X100.65Y41.25.csv
	 Reading 1055/1709: 	/scratch/frd_muziyao/SHUD-OpenMP/SHUD/Basins/heihe/forcing.trimmed/X100.75Y41.25.csv
	 Reading 1056/1709: 	/scratch/frd_muziyao/SHUD-OpenMP/SHUD/Basins/heihe/forcing.trimmed/X100.85Y41.25.csv
	 Reading 1057/1709: 	/scratch/frd_muziyao/SHUD-OpenMP/SHUD/Basins/heihe/forcing.trimmed/X100.95Y41.25.csv
	 Reading 1058/1709: 	/scratch/frd_muziyao/SHUD-OpenMP/SHUD/Basins/heihe/forcing.trimmed/X101.05Y41.25.csv
	 Reading 1059/1709: 	/scratch/frd_muziyao/SHUD-OpenMP/SHUD/Basins/heihe/forcing.trimmed/X101.15Y41.25.csv
	 Reading 1060/1709: 	/scratch/frd_muziyao/SHUD-OpenMP/SHUD/Basins/heihe/forcing.trimmed/X101.25Y41.25.csv
	 Reading 1061/1709: 	/scratch/frd_muziyao/SHUD-OpenMP/SHUD/Basins/heihe/forcing.trimmed/X101.35Y41.25.csv
	 Reading 1062/1709: 	/scratch/frd_muziyao/SHUD-OpenMP/SHUD/Basins/heihe/forcing.trimmed/X101.45Y41.25.csv
	 Reading 1063/1709: 	/scratch/frd_muziyao/SHUD-OpenMP/SHUD/Basins/heihe/forcing.trimmed/X101.55Y41.25.csv
	 Reading 1064/1709: 	/scratch/frd_muziyao/SHUD-OpenMP/SHUD/Basins/heihe/forcing.trimmed/X101.65Y41.25.csv
	 Reading 1065/1709: 	/scratch/frd_muziyao/SHUD-OpenMP/SHUD/Basins/heihe/forcing.trimmed/X101.75Y41.25.csv
	 Reading 1066/1709: 	/scratch/frd_muziyao/SHUD-OpenMP/SHUD/Basins/heihe/forcing.trimmed/X97.15Y41.35.csv
	 Reading 1067/1709: 	/scratch/frd_muziyao/SHUD-OpenMP/SHUD/Basins/heihe/forcing.trimmed/X97.25Y41.35.csv
	 Reading 1068/1709: 	/scratch/frd_muziyao/SHUD-OpenMP/SHUD/Basins/heihe/forcing.trimmed/X97.35Y41.35.csv
	 Reading 1069/1709: 	/scratch/frd_muziyao/SHUD-OpenMP/SHUD/Basins/heihe/forcing.trimmed/X97.45Y41.35.csv
	 Reading 1070/1709: 	/scratch/frd_muziyao/SHUD-OpenMP/SHUD/Basins/heihe/forcing.trimmed/X97.55Y41.35.csv
	 Reading 1071/1709: 	/scratch/frd_muziyao/SHUD-OpenMP/SHUD/Basins/heihe/forcing.trimmed/X97.65Y41.35.csv
	 Reading 1072/1709: 	/scratch/frd_muziyao/SHUD-OpenMP/SHUD/Basins/heihe/forcing.trimmed/X97.75Y41.35.csv
	 Reading 1073/1709: 	/scratch/frd_muziyao/SHUD-OpenMP/SHUD/Basins/heihe/forcing.trimmed/X97.85Y41.35.csv
	 Reading 1074/1709: 	/scratch/frd_muziyao/SHUD-OpenMP/SHUD/Basins/heihe/forcing.trimmed/X97.95Y41.35.csv
	 Reading 1075/1709: 	/scratch/frd_muziyao/SHUD-OpenMP/SHUD/Basins/heihe/forcing.trimmed/X98.05Y41.35.csv
	 Reading 1076/1709: 	/scratch/frd_muziyao/SHUD-OpenMP/SHUD/Basins/heihe/forcing.trimmed/X98.15Y41.35.csv
	 Reading 1077/1709: 	/scratch/frd_muziyao/SHUD-OpenMP/SHUD/Basins/heihe/forcing.trimmed/X98.25Y41.35.csv
	 Reading 1078/1709: 	/scratch/frd_muziyao/SHUD-OpenMP/SHUD/Basins/heihe/forcing.trimmed/X98.35Y41.35.csv
	 Reading 1079/1709: 	/scratch/frd_muziyao/SHUD-OpenMP/SHUD/Basins/heihe/forcing.trimmed/X98.45Y41.35.csv
	 Reading 1080/1709: 	/scratch/frd_muziyao/SHUD-OpenMP/SHUD/Basins/heihe/forcing.trimmed/X98.55Y41.35.csv
	 Reading 1081/1709: 	/scratch/frd_muziyao/SHUD-OpenMP/SHUD/Basins/heihe/forcing.trimmed/X98.65Y41.35.csv
	 Reading 1082/1709: 	/scratch/frd_muziyao/SHUD-OpenMP/SHUD/Basins/heihe/forcing.trimmed/X98.75Y41.35.csv
	 Reading 1083/1709: 	/scratch/frd_muziyao/SHUD-OpenMP/SHUD/Basins/heihe/forcing.trimmed/X98.85Y41.35.csv
	 Reading 1084/1709: 	/scratch/frd_muziyao/SHUD-OpenMP/SHUD/Basins/heihe/forcing.trimmed/X98.95Y41.35.csv
	 Reading 1085/1709: 	/scratch/frd_muziyao/SHUD-OpenMP/SHUD/Basins/heihe/forcing.trimmed/X99.05Y41.35.csv
	 Reading 1086/1709: 	/scratch/frd_muziyao/SHUD-OpenMP/SHUD/Basins/heihe/forcing.trimmed/X99.15Y41.35.csv
	 Reading 1087/1709: 	/scratch/frd_muziyao/SHUD-OpenMP/SHUD/Basins/heihe/forcing.trimmed/X99.25Y41.35.csv
	 Reading 1088/1709: 	/scratch/frd_muziyao/SHUD-OpenMP/SHUD/Basins/heihe/forcing.trimmed/X99.35Y41.35.csv
	 Reading 1089/1709: 	/scratch/frd_muziyao/SHUD-OpenMP/SHUD/Basins/heihe/forcing.trimmed/X99.45Y41.35.csv
	 Reading 1090/1709: 	/scratch/frd_muziyao/SHUD-OpenMP/SHUD/Basins/heihe/forcing.trimmed/X99.55Y41.35.csv
	 Reading 1091/1709: 	/scratch/frd_muziyao/SHUD-OpenMP/SHUD/Basins/heihe/forcing.trimmed/X99.65Y41.35.csv
	 Reading 1092/1709: 	/scratch/frd_muziyao/SHUD-OpenMP/SHUD/Basins/heihe/forcing.trimmed/X99.75Y41.35.csv
	 Reading 1093/1709: 	/scratch/frd_muziyao/SHUD-OpenMP/SHUD/Basins/heihe/forcing.trimmed/X99.85Y41.35.csv
	 Reading 1094/1709: 	/scratch/frd_muziyao/SHUD-OpenMP/SHUD/Basins/heihe/forcing.trimmed/X99.95Y41.35.csv
	 Reading 1095/1709: 	/scratch/frd_muziyao/SHUD-OpenMP/SHUD/Basins/heihe/forcing.trimmed/X100.05Y41.35.csv
	 Reading 1096/1709: 	/scratch/frd_muziyao/SHUD-OpenMP/SHUD/Basins/heihe/forcing.trimmed/X100.15Y41.35.csv
	 Reading 1097/1709: 	/scratch/frd_muziyao/SHUD-OpenMP/SHUD/Basins/heihe/forcing.trimmed/X100.25Y41.35.csv
	 Reading 1098/1709: 	/scratch/frd_muziyao/SHUD-OpenMP/SHUD/Basins/heihe/forcing.trimmed/X100.35Y41.35.csv
	 Reading 1099/1709: 	/scratch/frd_muziyao/SHUD-OpenMP/SHUD/Basins/heihe/forcing.trimmed/X100.45Y41.35.csv
	 Reading 1100/1709: 	/scratch/frd_muziyao/SHUD-OpenMP/SHUD/Basins/heihe/forcing.trimmed/X100.55Y41.35.csv
	 Reading 1101/1709: 	/scratch/frd_muziyao/SHUD-OpenMP/SHUD/Basins/heihe/forcing.trimmed/X100.65Y41.35.csv
	 Reading 1102/1709: 	/scratch/frd_muziyao/SHUD-OpenMP/SHUD/Basins/heihe/forcing.trimmed/X100.75Y41.35.csv
	 Reading 1103/1709: 	/scratch/frd_muziyao/SHUD-OpenMP/SHUD/Basins/heihe/forcing.trimmed/X100.85Y41.35.csv
	 Reading 1104/1709: 	/scratch/frd_muziyao/SHUD-OpenMP/SHUD/Basins/heihe/forcing.trimmed/X100.95Y41.35.csv
	 Reading 1105/1709: 	/scratch/frd_muziyao/SHUD-OpenMP/SHUD/Basins/heihe/forcing.trimmed/X101.05Y41.35.csv
	 Reading 1106/1709: 	/scratch/frd_muziyao/SHUD-OpenMP/SHUD/Basins/heihe/forcing.trimmed/X101.15Y41.35.csv
	 Reading 1107/1709: 	/scratch/frd_muziyao/SHUD-OpenMP/SHUD/Basins/heihe/forcing.trimmed/X101.25Y41.35.csv
	 Reading 1108/1709: 	/scratch/frd_muziyao/SHUD-OpenMP/SHUD/Basins/heihe/forcing.trimmed/X101.35Y41.35.csv
	 Reading 1109/1709: 	/scratch/frd_muziyao/SHUD-OpenMP/SHUD/Basins/heihe/forcing.trimmed/X101.45Y41.35.csv
	 Reading 1110/1709: 	/scratch/frd_muziyao/SHUD-OpenMP/SHUD/Basins/heihe/forcing.trimmed/X101.55Y41.35.csv
	 Reading 1111/1709: 	/scratch/frd_muziyao/SHUD-OpenMP/SHUD/Basins/heihe/forcing.trimmed/X101.65Y41.35.csv
	 Reading 1112/1709: 	/scratch/frd_muziyao/SHUD-OpenMP/SHUD/Basins/heihe/forcing.trimmed/X101.75Y41.35.csv
	 Reading 1113/1709: 	/scratch/frd_muziyao/SHUD-OpenMP/SHUD/Basins/heihe/forcing.trimmed/X97.15Y41.45.csv
	 Reading 1114/1709: 	/scratch/frd_muziyao/SHUD-OpenMP/SHUD/Basins/heihe/forcing.trimmed/X97.25Y41.45.csv
	 Reading 1115/1709: 	/scratch/frd_muziyao/SHUD-OpenMP/SHUD/Basins/heihe/forcing.trimmed/X97.35Y41.45.csv
	 Reading 1116/1709: 	/scratch/frd_muziyao/SHUD-OpenMP/SHUD/Basins/heihe/forcing.trimmed/X97.45Y41.45.csv
	 Reading 1117/1709: 	/scratch/frd_muziyao/SHUD-OpenMP/SHUD/Basins/heihe/forcing.trimmed/X97.55Y41.45.csv
	 Reading 1118/1709: 	/scratch/frd_muziyao/SHUD-OpenMP/SHUD/Basins/heihe/forcing.trimmed/X97.65Y41.45.csv
	 Reading 1119/1709: 	/scratch/frd_muziyao/SHUD-OpenMP/SHUD/Basins/heihe/forcing.trimmed/X97.75Y41.45.csv
	 Reading 1120/1709: 	/scratch/frd_muziyao/SHUD-OpenMP/SHUD/Basins/heihe/forcing.trimmed/X97.85Y41.45.csv
	 Reading 1121/1709: 	/scratch/frd_muziyao/SHUD-OpenMP/SHUD/Basins/heihe/forcing.trimmed/X97.95Y41.45.csv
	 Reading 1122/1709: 	/scratch/frd_muziyao/SHUD-OpenMP/SHUD/Basins/heihe/forcing.trimmed/X98.05Y41.45.csv
	 Reading 1123/1709: 	/scratch/frd_muziyao/SHUD-OpenMP/SHUD/Basins/heihe/forcing.trimmed/X98.15Y41.45.csv
	 Reading 1124/1709: 	/scratch/frd_muziyao/SHUD-OpenMP/SHUD/Basins/heihe/forcing.trimmed/X98.25Y41.45.csv
	 Reading 1125/1709: 	/scratch/frd_muziyao/SHUD-OpenMP/SHUD/Basins/heihe/forcing.trimmed/X98.35Y41.45.csv
	 Reading 1126/1709: 	/scratch/frd_muziyao/SHUD-OpenMP/SHUD/Basins/heihe/forcing.trimmed/X98.45Y41.45.csv
	 Reading 1127/1709: 	/scratch/frd_muziyao/SHUD-OpenMP/SHUD/Basins/heihe/forcing.trimmed/X98.55Y41.45.csv
	 Reading 1128/1709: 	/scratch/frd_muziyao/SHUD-OpenMP/SHUD/Basins/heihe/forcing.trimmed/X98.65Y41.45.csv
	 Reading 1129/1709: 	/scratch/frd_muziyao/SHUD-OpenMP/SHUD/Basins/heihe/forcing.trimmed/X98.75Y41.45.csv
	 Reading 1130/1709: 	/scratch/frd_muziyao/SHUD-OpenMP/SHUD/Basins/heihe/forcing.trimmed/X98.85Y41.45.csv
	 Reading 1131/1709: 	/scratch/frd_muziyao/SHUD-OpenMP/SHUD/Basins/heihe/forcing.trimmed/X98.95Y41.45.csv
	 Reading 1132/1709: 	/scratch/frd_muziyao/SHUD-OpenMP/SHUD/Basins/heihe/forcing.trimmed/X99.05Y41.45.csv
	 Reading 1133/1709: 	/scratch/frd_muziyao/SHUD-OpenMP/SHUD/Basins/heihe/forcing.trimmed/X99.15Y41.45.csv
	 Reading 1134/1709: 	/scratch/frd_muziyao/SHUD-OpenMP/SHUD/Basins/heihe/forcing.trimmed/X99.25Y41.45.csv
	 Reading 1135/1709: 	/scratch/frd_muziyao/SHUD-OpenMP/SHUD/Basins/heihe/forcing.trimmed/X99.35Y41.45.csv
	 Reading 1136/1709: 	/scratch/frd_muziyao/SHUD-OpenMP/SHUD/Basins/heihe/forcing.trimmed/X99.45Y41.45.csv
	 Reading 1137/1709: 	/scratch/frd_muziyao/SHUD-OpenMP/SHUD/Basins/heihe/forcing.trimmed/X99.55Y41.45.csv
	 Reading 1138/1709: 	/scratch/frd_muziyao/SHUD-OpenMP/SHUD/Basins/heihe/forcing.trimmed/X99.65Y41.45.csv
	 Reading 1139/1709: 	/scratch/frd_muziyao/SHUD-OpenMP/SHUD/Basins/heihe/forcing.trimmed/X99.75Y41.45.csv
	 Reading 1140/1709: 	/scratch/frd_muziyao/SHUD-OpenMP/SHUD/Basins/heihe/forcing.trimmed/X99.85Y41.45.csv
	 Reading 1141/1709: 	/scratch/frd_muziyao/SHUD-OpenMP/SHUD/Basins/heihe/forcing.trimmed/X99.95Y41.45.csv
	 Reading 1142/1709: 	/scratch/frd_muziyao/SHUD-OpenMP/SHUD/Basins/heihe/forcing.trimmed/X100.05Y41.45.csv
	 Reading 1143/1709: 	/scratch/frd_muziyao/SHUD-OpenMP/SHUD/Basins/heihe/forcing.trimmed/X100.15Y41.45.csv
	 Reading 1144/1709: 	/scratch/frd_muziyao/SHUD-OpenMP/SHUD/Basins/heihe/forcing.trimmed/X100.25Y41.45.csv
	 Reading 1145/1709: 	/scratch/frd_muziyao/SHUD-OpenMP/SHUD/Basins/heihe/forcing.trimmed/X100.35Y41.45.csv
	 Reading 1146/1709: 	/scratch/frd_muziyao/SHUD-OpenMP/SHUD/Basins/heihe/forcing.trimmed/X100.45Y41.45.csv
	 Reading 1147/1709: 	/scratch/frd_muziyao/SHUD-OpenMP/SHUD/Basins/heihe/forcing.trimmed/X100.55Y41.45.csv
	 Reading 1148/1709: 	/scratch/frd_muziyao/SHUD-OpenMP/SHUD/Basins/heihe/forcing.trimmed/X100.65Y41.45.csv
	 Reading 1149/1709: 	/scratch/frd_muziyao/SHUD-OpenMP/SHUD/Basins/heihe/forcing.trimmed/X100.75Y41.45.csv
	 Reading 1150/1709: 	/scratch/frd_muziyao/SHUD-OpenMP/SHUD/Basins/heihe/forcing.trimmed/X100.85Y41.45.csv
	 Reading 1151/1709: 	/scratch/frd_muziyao/SHUD-OpenMP/SHUD/Basins/heihe/forcing.trimmed/X100.95Y41.45.csv
	 Reading 1152/1709: 	/scratch/frd_muziyao/SHUD-OpenMP/SHUD/Basins/heihe/forcing.trimmed/X101.05Y41.45.csv
	 Reading 1153/1709: 	/scratch/frd_muziyao/SHUD-OpenMP/SHUD/Basins/heihe/forcing.trimmed/X101.15Y41.45.csv
	 Reading 1154/1709: 	/scratch/frd_muziyao/SHUD-OpenMP/SHUD/Basins/heihe/forcing.trimmed/X101.25Y41.45.csv
	 Reading 1155/1709: 	/scratch/frd_muziyao/SHUD-OpenMP/SHUD/Basins/heihe/forcing.trimmed/X101.35Y41.45.csv
	 Reading 1156/1709: 	/scratch/frd_muziyao/SHUD-OpenMP/SHUD/Basins/heihe/forcing.trimmed/X101.45Y41.45.csv
	 Reading 1157/1709: 	/scratch/frd_muziyao/SHUD-OpenMP/SHUD/Basins/heihe/forcing.trimmed/X101.55Y41.45.csv
	 Reading 1158/1709: 	/scratch/frd_muziyao/SHUD-OpenMP/SHUD/Basins/heihe/forcing.trimmed/X101.65Y41.45.csv
	 Reading 1159/1709: 	/scratch/frd_muziyao/SHUD-OpenMP/SHUD/Basins/heihe/forcing.trimmed/X101.75Y41.45.csv
	 Reading 1160/1709: 	/scratch/frd_muziyao/SHUD-OpenMP/SHUD/Basins/heihe/forcing.trimmed/X101.85Y41.45.csv
	 Reading 1161/1709: 	/scratch/frd_muziyao/SHUD-OpenMP/SHUD/Basins/heihe/forcing.trimmed/X97.05Y41.55.csv
	 Reading 1162/1709: 	/scratch/frd_muziyao/SHUD-OpenMP/SHUD/Basins/heihe/forcing.trimmed/X97.15Y41.55.csv
	 Reading 1163/1709: 	/scratch/frd_muziyao/SHUD-OpenMP/SHUD/Basins/heihe/forcing.trimmed/X97.25Y41.55.csv
	 Reading 1164/1709: 	/scratch/frd_muziyao/SHUD-OpenMP/SHUD/Basins/heihe/forcing.trimmed/X97.35Y41.55.csv
	 Reading 1165/1709: 	/scratch/frd_muziyao/SHUD-OpenMP/SHUD/Basins/heihe/forcing.trimmed/X97.45Y41.55.csv
	 Reading 1166/1709: 	/scratch/frd_muziyao/SHUD-OpenMP/SHUD/Basins/heihe/forcing.trimmed/X97.55Y41.55.csv
	 Reading 1167/1709: 	/scratch/frd_muziyao/SHUD-OpenMP/SHUD/Basins/heihe/forcing.trimmed/X97.65Y41.55.csv
	 Reading 1168/1709: 	/scratch/frd_muziyao/SHUD-OpenMP/SHUD/Basins/heihe/forcing.trimmed/X97.75Y41.55.csv
	 Reading 1169/1709: 	/scratch/frd_muziyao/SHUD-OpenMP/SHUD/Basins/heihe/forcing.trimmed/X97.85Y41.55.csv
	 Reading 1170/1709: 	/scratch/frd_muziyao/SHUD-OpenMP/SHUD/Basins/heihe/forcing.trimmed/X97.95Y41.55.csv
	 Reading 1171/1709: 	/scratch/frd_muziyao/SHUD-OpenMP/SHUD/Basins/heihe/forcing.trimmed/X98.05Y41.55.csv
	 Reading 1172/1709: 	/scratch/frd_muziyao/SHUD-OpenMP/SHUD/Basins/heihe/forcing.trimmed/X98.15Y41.55.csv
	 Reading 1173/1709: 	/scratch/frd_muziyao/SHUD-OpenMP/SHUD/Basins/heihe/forcing.trimmed/X98.25Y41.55.csv
	 Reading 1174/1709: 	/scratch/frd_muziyao/SHUD-OpenMP/SHUD/Basins/heihe/forcing.trimmed/X98.35Y41.55.csv
	 Reading 1175/1709: 	/scratch/frd_muziyao/SHUD-OpenMP/SHUD/Basins/heihe/forcing.trimmed/X98.45Y41.55.csv
	 Reading 1176/1709: 	/scratch/frd_muziyao/SHUD-OpenMP/SHUD/Basins/heihe/forcing.trimmed/X98.55Y41.55.csv
	 Reading 1177/1709: 	/scratch/frd_muziyao/SHUD-OpenMP/SHUD/Basins/heihe/forcing.trimmed/X98.65Y41.55.csv
	 Reading 1178/1709: 	/scratch/frd_muziyao/SHUD-OpenMP/SHUD/Basins/heihe/forcing.trimmed/X98.75Y41.55.csv
	 Reading 1179/1709: 	/scratch/frd_muziyao/SHUD-OpenMP/SHUD/Basins/heihe/forcing.trimmed/X98.85Y41.55.csv
	 Reading 1180/1709: 	/scratch/frd_muziyao/SHUD-OpenMP/SHUD/Basins/heihe/forcing.trimmed/X98.95Y41.55.csv
	 Reading 1181/1709: 	/scratch/frd_muziyao/SHUD-OpenMP/SHUD/Basins/heihe/forcing.trimmed/X99.05Y41.55.csv
	 Reading 1182/1709: 	/scratch/frd_muziyao/SHUD-OpenMP/SHUD/Basins/heihe/forcing.trimmed/X99.15Y41.55.csv
	 Reading 1183/1709: 	/scratch/frd_muziyao/SHUD-OpenMP/SHUD/Basins/heihe/forcing.trimmed/X99.25Y41.55.csv
	 Reading 1184/1709: 	/scratch/frd_muziyao/SHUD-OpenMP/SHUD/Basins/heihe/forcing.trimmed/X99.35Y41.55.csv
	 Reading 1185/1709: 	/scratch/frd_muziyao/SHUD-OpenMP/SHUD/Basins/heihe/forcing.trimmed/X99.45Y41.55.csv
	 Reading 1186/1709: 	/scratch/frd_muziyao/SHUD-OpenMP/SHUD/Basins/heihe/forcing.trimmed/X99.55Y41.55.csv
	 Reading 1187/1709: 	/scratch/frd_muziyao/SHUD-OpenMP/SHUD/Basins/heihe/forcing.trimmed/X99.65Y41.55.csv
	 Reading 1188/1709: 	/scratch/frd_muziyao/SHUD-OpenMP/SHUD/Basins/heihe/forcing.trimmed/X99.75Y41.55.csv
	 Reading 1189/1709: 	/scratch/frd_muziyao/SHUD-OpenMP/SHUD/Basins/heihe/forcing.trimmed/X99.85Y41.55.csv
	 Reading 1190/1709: 	/scratch/frd_muziyao/SHUD-OpenMP/SHUD/Basins/heihe/forcing.trimmed/X99.95Y41.55.csv
	 Reading 1191/1709: 	/scratch/frd_muziyao/SHUD-OpenMP/SHUD/Basins/heihe/forcing.trimmed/X100.05Y41.55.csv
	 Reading 1192/1709: 	/scratch/frd_muziyao/SHUD-OpenMP/SHUD/Basins/heihe/forcing.trimmed/X100.15Y41.55.csv
	 Reading 1193/1709: 	/scratch/frd_muziyao/SHUD-OpenMP/SHUD/Basins/heihe/forcing.trimmed/X100.25Y41.55.csv
	 Reading 1194/1709: 	/scratch/frd_muziyao/SHUD-OpenMP/SHUD/Basins/heihe/forcing.trimmed/X100.35Y41.55.csv
	 Reading 1195/1709: 	/scratch/frd_muziyao/SHUD-OpenMP/SHUD/Basins/heihe/forcing.trimmed/X100.45Y41.55.csv
	 Reading 1196/1709: 	/scratch/frd_muziyao/SHUD-OpenMP/SHUD/Basins/heihe/forcing.trimmed/X100.55Y41.55.csv
	 Reading 1197/1709: 	/scratch/frd_muziyao/SHUD-OpenMP/SHUD/Basins/heihe/forcing.trimmed/X100.65Y41.55.csv
	 Reading 1198/1709: 	/scratch/frd_muziyao/SHUD-OpenMP/SHUD/Basins/heihe/forcing.trimmed/X100.75Y41.55.csv
	 Reading 1199/1709: 	/scratch/frd_muziyao/SHUD-OpenMP/SHUD/Basins/heihe/forcing.trimmed/X100.85Y41.55.csv
	 Reading 1200/1709: 	/scratch/frd_muziyao/SHUD-OpenMP/SHUD/Basins/heihe/forcing.trimmed/X100.95Y41.55.csv
	 Reading 1201/1709: 	/scratch/frd_muziyao/SHUD-OpenMP/SHUD/Basins/heihe/forcing.trimmed/X101.05Y41.55.csv
	 Reading 1202/1709: 	/scratch/frd_muziyao/SHUD-OpenMP/SHUD/Basins/heihe/forcing.trimmed/X101.15Y41.55.csv
	 Reading 1203/1709: 	/scratch/frd_muziyao/SHUD-OpenMP/SHUD/Basins/heihe/forcing.trimmed/X101.25Y41.55.csv
	 Reading 1204/1709: 	/scratch/frd_muziyao/SHUD-OpenMP/SHUD/Basins/heihe/forcing.trimmed/X101.35Y41.55.csv
	 Reading 1205/1709: 	/scratch/frd_muziyao/SHUD-OpenMP/SHUD/Basins/heihe/forcing.trimmed/X101.45Y41.55.csv
	 Reading 1206/1709: 	/scratch/frd_muziyao/SHUD-OpenMP/SHUD/Basins/heihe/forcing.trimmed/X101.55Y41.55.csv
	 Reading 1207/1709: 	/scratch/frd_muziyao/SHUD-OpenMP/SHUD/Basins/heihe/forcing.trimmed/X101.65Y41.55.csv
	 Reading 1208/1709: 	/scratch/frd_muziyao/SHUD-OpenMP/SHUD/Basins/heihe/forcing.trimmed/X101.75Y41.55.csv
	 Reading 1209/1709: 	/scratch/frd_muziyao/SHUD-OpenMP/SHUD/Basins/heihe/forcing.trimmed/X101.85Y41.55.csv
	 Reading 1210/1709: 	/scratch/frd_muziyao/SHUD-OpenMP/SHUD/Basins/heihe/forcing.trimmed/X97.05Y41.65.csv
	 Reading 1211/1709: 	/scratch/frd_muziyao/SHUD-OpenMP/SHUD/Basins/heihe/forcing.trimmed/X97.15Y41.65.csv
	 Reading 1212/1709: 	/scratch/frd_muziyao/SHUD-OpenMP/SHUD/Basins/heihe/forcing.trimmed/X97.25Y41.65.csv
	 Reading 1213/1709: 	/scratch/frd_muziyao/SHUD-OpenMP/SHUD/Basins/heihe/forcing.trimmed/X97.35Y41.65.csv
	 Reading 1214/1709: 	/scratch/frd_muziyao/SHUD-OpenMP/SHUD/Basins/heihe/forcing.trimmed/X97.45Y41.65.csv
	 Reading 1215/1709: 	/scratch/frd_muziyao/SHUD-OpenMP/SHUD/Basins/heihe/forcing.trimmed/X97.55Y41.65.csv
	 Reading 1216/1709: 	/scratch/frd_muziyao/SHUD-OpenMP/SHUD/Basins/heihe/forcing.trimmed/X97.65Y41.65.csv
	 Reading 1217/1709: 	/scratch/frd_muziyao/SHUD-OpenMP/SHUD/Basins/heihe/forcing.trimmed/X97.75Y41.65.csv
	 Reading 1218/1709: 	/scratch/frd_muziyao/SHUD-OpenMP/SHUD/Basins/heihe/forcing.trimmed/X97.85Y41.65.csv
	 Reading 1219/1709: 	/scratch/frd_muziyao/SHUD-OpenMP/SHUD/Basins/heihe/forcing.trimmed/X97.95Y41.65.csv
	 Reading 1220/1709: 	/scratch/frd_muziyao/SHUD-OpenMP/SHUD/Basins/heihe/forcing.trimmed/X98.05Y41.65.csv
	 Reading 1221/1709: 	/scratch/frd_muziyao/SHUD-OpenMP/SHUD/Basins/heihe/forcing.trimmed/X98.15Y41.65.csv
	 Reading 1222/1709: 	/scratch/frd_muziyao/SHUD-OpenMP/SHUD/Basins/heihe/forcing.trimmed/X98.25Y41.65.csv
	 Reading 1223/1709: 	/scratch/frd_muziyao/SHUD-OpenMP/SHUD/Basins/heihe/forcing.trimmed/X98.35Y41.65.csv
	 Reading 1224/1709: 	/scratch/frd_muziyao/SHUD-OpenMP/SHUD/Basins/heihe/forcing.trimmed/X98.45Y41.65.csv
	 Reading 1225/1709: 	/scratch/frd_muziyao/SHUD-OpenMP/SHUD/Basins/heihe/forcing.trimmed/X98.55Y41.65.csv
	 Reading 1226/1709: 	/scratch/frd_muziyao/SHUD-OpenMP/SHUD/Basins/heihe/forcing.trimmed/X98.65Y41.65.csv
	 Reading 1227/1709: 	/scratch/frd_muziyao/SHUD-OpenMP/SHUD/Basins/heihe/forcing.trimmed/X98.75Y41.65.csv
	 Reading 1228/1709: 	/scratch/frd_muziyao/SHUD-OpenMP/SHUD/Basins/heihe/forcing.trimmed/X98.85Y41.65.csv
	 Reading 1229/1709: 	/scratch/frd_muziyao/SHUD-OpenMP/SHUD/Basins/heihe/forcing.trimmed/X98.95Y41.65.csv
	 Reading 1230/1709: 	/scratch/frd_muziyao/SHUD-OpenMP/SHUD/Basins/heihe/forcing.trimmed/X99.05Y41.65.csv
	 Reading 1231/1709: 	/scratch/frd_muziyao/SHUD-OpenMP/SHUD/Basins/heihe/forcing.trimmed/X99.15Y41.65.csv
	 Reading 1232/1709: 	/scratch/frd_muziyao/SHUD-OpenMP/SHUD/Basins/heihe/forcing.trimmed/X99.25Y41.65.csv
	 Reading 1233/1709: 	/scratch/frd_muziyao/SHUD-OpenMP/SHUD/Basins/heihe/forcing.trimmed/X99.35Y41.65.csv
	 Reading 1234/1709: 	/scratch/frd_muziyao/SHUD-OpenMP/SHUD/Basins/heihe/forcing.trimmed/X99.45Y41.65.csv
	 Reading 1235/1709: 	/scratch/frd_muziyao/SHUD-OpenMP/SHUD/Basins/heihe/forcing.trimmed/X99.55Y41.65.csv
	 Reading 1236/1709: 	/scratch/frd_muziyao/SHUD-OpenMP/SHUD/Basins/heihe/forcing.trimmed/X99.65Y41.65.csv
	 Reading 1237/1709: 	/scratch/frd_muziyao/SHUD-OpenMP/SHUD/Basins/heihe/forcing.trimmed/X99.75Y41.65.csv
	 Reading 1238/1709: 	/scratch/frd_muziyao/SHUD-OpenMP/SHUD/Basins/heihe/forcing.trimmed/X99.85Y41.65.csv
	 Reading 1239/1709: 	/scratch/frd_muziyao/SHUD-OpenMP/SHUD/Basins/heihe/forcing.trimmed/X99.95Y41.65.csv
	 Reading 1240/1709: 	/scratch/frd_muziyao/SHUD-OpenMP/SHUD/Basins/heihe/forcing.trimmed/X100.05Y41.65.csv
	 Reading 1241/1709: 	/scratch/frd_muziyao/SHUD-OpenMP/SHUD/Basins/heihe/forcing.trimmed/X100.15Y41.65.csv
	 Reading 1242/1709: 	/scratch/frd_muziyao/SHUD-OpenMP/SHUD/Basins/heihe/forcing.trimmed/X100.25Y41.65.csv
	 Reading 1243/1709: 	/scratch/frd_muziyao/SHUD-OpenMP/SHUD/Basins/heihe/forcing.trimmed/X100.35Y41.65.csv
	 Reading 1244/1709: 	/scratch/frd_muziyao/SHUD-OpenMP/SHUD/Basins/heihe/forcing.trimmed/X100.45Y41.65.csv
	 Reading 1245/1709: 	/scratch/frd_muziyao/SHUD-OpenMP/SHUD/Basins/heihe/forcing.trimmed/X100.55Y41.65.csv
	 Reading 1246/1709: 	/scratch/frd_muziyao/SHUD-OpenMP/SHUD/Basins/heihe/forcing.trimmed/X100.65Y41.65.csv
	 Reading 1247/1709: 	/scratch/frd_muziyao/SHUD-OpenMP/SHUD/Basins/heihe/forcing.trimmed/X100.75Y41.65.csv
	 Reading 1248/1709: 	/scratch/frd_muziyao/SHUD-OpenMP/SHUD/Basins/heihe/forcing.trimmed/X100.85Y41.65.csv
	 Reading 1249/1709: 	/scratch/frd_muziyao/SHUD-OpenMP/SHUD/Basins/heihe/forcing.trimmed/X100.95Y41.65.csv
	 Reading 1250/1709: 	/scratch/frd_muziyao/SHUD-OpenMP/SHUD/Basins/heihe/forcing.trimmed/X101.05Y41.65.csv
	 Reading 1251/1709: 	/scratch/frd_muziyao/SHUD-OpenMP/SHUD/Basins/heihe/forcing.trimmed/X101.15Y41.65.csv
	 Reading 1252/1709: 	/scratch/frd_muziyao/SHUD-OpenMP/SHUD/Basins/heihe/forcing.trimmed/X101.25Y41.65.csv
	 Reading 1253/1709: 	/scratch/frd_muziyao/SHUD-OpenMP/SHUD/Basins/heihe/forcing.trimmed/X101.35Y41.65.csv
	 Reading 1254/1709: 	/scratch/frd_muziyao/SHUD-OpenMP/SHUD/Basins/heihe/forcing.trimmed/X101.45Y41.65.csv
	 Reading 1255/1709: 	/scratch/frd_muziyao/SHUD-OpenMP/SHUD/Basins/heihe/forcing.trimmed/X101.55Y41.65.csv
	 Reading 1256/1709: 	/scratch/frd_muziyao/SHUD-OpenMP/SHUD/Basins/heihe/forcing.trimmed/X101.65Y41.65.csv
	 Reading 1257/1709: 	/scratch/frd_muziyao/SHUD-OpenMP/SHUD/Basins/heihe/forcing.trimmed/X101.75Y41.65.csv
	 Reading 1258/1709: 	/scratch/frd_muziyao/SHUD-OpenMP/SHUD/Basins/heihe/forcing.trimmed/X101.85Y41.65.csv
	 Reading 1259/1709: 	/scratch/frd_muziyao/SHUD-OpenMP/SHUD/Basins/heihe/forcing.trimmed/X101.95Y41.65.csv
	 Reading 1260/1709: 	/scratch/frd_muziyao/SHUD-OpenMP/SHUD/Basins/heihe/forcing.trimmed/X97.05Y41.75.csv
	 Reading 1261/1709: 	/scratch/frd_muziyao/SHUD-OpenMP/SHUD/Basins/heihe/forcing.trimmed/X97.15Y41.75.csv
	 Reading 1262/1709: 	/scratch/frd_muziyao/SHUD-OpenMP/SHUD/Basins/heihe/forcing.trimmed/X97.25Y41.75.csv
	 Reading 1263/1709: 	/scratch/frd_muziyao/SHUD-OpenMP/SHUD/Basins/heihe/forcing.trimmed/X97.35Y41.75.csv
	 Reading 1264/1709: 	/scratch/frd_muziyao/SHUD-OpenMP/SHUD/Basins/heihe/forcing.trimmed/X97.45Y41.75.csv
	 Reading 1265/1709: 	/scratch/frd_muziyao/SHUD-OpenMP/SHUD/Basins/heihe/forcing.trimmed/X97.55Y41.75.csv
	 Reading 1266/1709: 	/scratch/frd_muziyao/SHUD-OpenMP/SHUD/Basins/heihe/forcing.trimmed/X97.65Y41.75.csv
	 Reading 1267/1709: 	/scratch/frd_muziyao/SHUD-OpenMP/SHUD/Basins/heihe/forcing.trimmed/X97.75Y41.75.csv
	 Reading 1268/1709: 	/scratch/frd_muziyao/SHUD-OpenMP/SHUD/Basins/heihe/forcing.trimmed/X97.85Y41.75.csv
	 Reading 1269/1709: 	/scratch/frd_muziyao/SHUD-OpenMP/SHUD/Basins/heihe/forcing.trimmed/X97.95Y41.75.csv
	 Reading 1270/1709: 	/scratch/frd_muziyao/SHUD-OpenMP/SHUD/Basins/heihe/forcing.trimmed/X98.05Y41.75.csv
	 Reading 1271/1709: 	/scratch/frd_muziyao/SHUD-OpenMP/SHUD/Basins/heihe/forcing.trimmed/X98.15Y41.75.csv
	 Reading 1272/1709: 	/scratch/frd_muziyao/SHUD-OpenMP/SHUD/Basins/heihe/forcing.trimmed/X98.25Y41.75.csv
	 Reading 1273/1709: 	/scratch/frd_muziyao/SHUD-OpenMP/SHUD/Basins/heihe/forcing.trimmed/X98.35Y41.75.csv
	 Reading 1274/1709: 	/scratch/frd_muziyao/SHUD-OpenMP/SHUD/Basins/heihe/forcing.trimmed/X98.45Y41.75.csv
	 Reading 1275/1709: 	/scratch/frd_muziyao/SHUD-OpenMP/SHUD/Basins/heihe/forcing.trimmed/X98.55Y41.75.csv
	 Reading 1276/1709: 	/scratch/frd_muziyao/SHUD-OpenMP/SHUD/Basins/heihe/forcing.trimmed/X98.65Y41.75.csv
	 Reading 1277/1709: 	/scratch/frd_muziyao/SHUD-OpenMP/SHUD/Basins/heihe/forcing.trimmed/X98.75Y41.75.csv
	 Reading 1278/1709: 	/scratch/frd_muziyao/SHUD-OpenMP/SHUD/Basins/heihe/forcing.trimmed/X98.85Y41.75.csv
	 Reading 1279/1709: 	/scratch/frd_muziyao/SHUD-OpenMP/SHUD/Basins/heihe/forcing.trimmed/X98.95Y41.75.csv
	 Reading 1280/1709: 	/scratch/frd_muziyao/SHUD-OpenMP/SHUD/Basins/heihe/forcing.trimmed/X99.05Y41.75.csv
	 Reading 1281/1709: 	/scratch/frd_muziyao/SHUD-OpenMP/SHUD/Basins/heihe/forcing.trimmed/X99.15Y41.75.csv
	 Reading 1282/1709: 	/scratch/frd_muziyao/SHUD-OpenMP/SHUD/Basins/heihe/forcing.trimmed/X99.25Y41.75.csv
	 Reading 1283/1709: 	/scratch/frd_muziyao/SHUD-OpenMP/SHUD/Basins/heihe/forcing.trimmed/X99.35Y41.75.csv
	 Reading 1284/1709: 	/scratch/frd_muziyao/SHUD-OpenMP/SHUD/Basins/heihe/forcing.trimmed/X99.45Y41.75.csv
	 Reading 1285/1709: 	/scratch/frd_muziyao/SHUD-OpenMP/SHUD/Basins/heihe/forcing.trimmed/X99.55Y41.75.csv
	 Reading 1286/1709: 	/scratch/frd_muziyao/SHUD-OpenMP/SHUD/Basins/heihe/forcing.trimmed/X99.65Y41.75.csv
	 Reading 1287/1709: 	/scratch/frd_muziyao/SHUD-OpenMP/SHUD/Basins/heihe/forcing.trimmed/X99.75Y41.75.csv
	 Reading 1288/1709: 	/scratch/frd_muziyao/SHUD-OpenMP/SHUD/Basins/heihe/forcing.trimmed/X99.85Y41.75.csv
	 Reading 1289/1709: 	/scratch/frd_muziyao/SHUD-OpenMP/SHUD/Basins/heihe/forcing.trimmed/X99.95Y41.75.csv
	 Reading 1290/1709: 	/scratch/frd_muziyao/SHUD-OpenMP/SHUD/Basins/heihe/forcing.trimmed/X100.05Y41.75.csv
	 Reading 1291/1709: 	/scratch/frd_muziyao/SHUD-OpenMP/SHUD/Basins/heihe/forcing.trimmed/X100.15Y41.75.csv
	 Reading 1292/1709: 	/scratch/frd_muziyao/SHUD-OpenMP/SHUD/Basins/heihe/forcing.trimmed/X100.25Y41.75.csv
	 Reading 1293/1709: 	/scratch/frd_muziyao/SHUD-OpenMP/SHUD/Basins/heihe/forcing.trimmed/X100.35Y41.75.csv
	 Reading 1294/1709: 	/scratch/frd_muziyao/SHUD-OpenMP/SHUD/Basins/heihe/forcing.trimmed/X100.45Y41.75.csv
	 Reading 1295/1709: 	/scratch/frd_muziyao/SHUD-OpenMP/SHUD/Basins/heihe/forcing.trimmed/X100.55Y41.75.csv
	 Reading 1296/1709: 	/scratch/frd_muziyao/SHUD-OpenMP/SHUD/Basins/heihe/forcing.trimmed/X100.65Y41.75.csv
	 Reading 1297/1709: 	/scratch/frd_muziyao/SHUD-OpenMP/SHUD/Basins/heihe/forcing.trimmed/X100.75Y41.75.csv
	 Reading 1298/1709: 	/scratch/frd_muziyao/SHUD-OpenMP/SHUD/Basins/heihe/forcing.trimmed/X100.85Y41.75.csv
	 Reading 1299/1709: 	/scratch/frd_muziyao/SHUD-OpenMP/SHUD/Basins/heihe/forcing.trimmed/X100.95Y41.75.csv
	 Reading 1300/1709: 	/scratch/frd_muziyao/SHUD-OpenMP/SHUD/Basins/heihe/forcing.trimmed/X101.05Y41.75.csv
	 Reading 1301/1709: 	/scratch/frd_muziyao/SHUD-OpenMP/SHUD/Basins/heihe/forcing.trimmed/X101.15Y41.75.csv
	 Reading 1302/1709: 	/scratch/frd_muziyao/SHUD-OpenMP/SHUD/Basins/heihe/forcing.trimmed/X101.25Y41.75.csv
	 Reading 1303/1709: 	/scratch/frd_muziyao/SHUD-OpenMP/SHUD/Basins/heihe/forcing.trimmed/X101.35Y41.75.csv
	 Reading 1304/1709: 	/scratch/frd_muziyao/SHUD-OpenMP/SHUD/Basins/heihe/forcing.trimmed/X101.45Y41.75.csv
	 Reading 1305/1709: 	/scratch/frd_muziyao/SHUD-OpenMP/SHUD/Basins/heihe/forcing.trimmed/X101.55Y41.75.csv
	 Reading 1306/1709: 	/scratch/frd_muziyao/SHUD-OpenMP/SHUD/Basins/heihe/forcing.trimmed/X101.65Y41.75.csv
	 Reading 1307/1709: 	/scratch/frd_muziyao/SHUD-OpenMP/SHUD/Basins/heihe/forcing.trimmed/X101.75Y41.75.csv
	 Reading 1308/1709: 	/scratch/frd_muziyao/SHUD-OpenMP/SHUD/Basins/heihe/forcing.trimmed/X101.85Y41.75.csv
	 Reading 1309/1709: 	/scratch/frd_muziyao/SHUD-OpenMP/SHUD/Basins/heihe/forcing.trimmed/X101.95Y41.75.csv
	 Reading 1310/1709: 	/scratch/frd_muziyao/SHUD-OpenMP/SHUD/Basins/heihe/forcing.trimmed/X97.05Y41.85.csv
	 Reading 1311/1709: 	/scratch/frd_muziyao/SHUD-OpenMP/SHUD/Basins/heihe/forcing.trimmed/X97.15Y41.85.csv
	 Reading 1312/1709: 	/scratch/frd_muziyao/SHUD-OpenMP/SHUD/Basins/heihe/forcing.trimmed/X97.25Y41.85.csv
	 Reading 1313/1709: 	/scratch/frd_muziyao/SHUD-OpenMP/SHUD/Basins/heihe/forcing.trimmed/X97.35Y41.85.csv
	 Reading 1314/1709: 	/scratch/frd_muziyao/SHUD-OpenMP/SHUD/Basins/heihe/forcing.trimmed/X97.45Y41.85.csv
	 Reading 1315/1709: 	/scratch/frd_muziyao/SHUD-OpenMP/SHUD/Basins/heihe/forcing.trimmed/X97.55Y41.85.csv
	 Reading 1316/1709: 	/scratch/frd_muziyao/SHUD-OpenMP/SHUD/Basins/heihe/forcing.trimmed/X97.65Y41.85.csv
	 Reading 1317/1709: 	/scratch/frd_muziyao/SHUD-OpenMP/SHUD/Basins/heihe/forcing.trimmed/X97.75Y41.85.csv
	 Reading 1318/1709: 	/scratch/frd_muziyao/SHUD-OpenMP/SHUD/Basins/heihe/forcing.trimmed/X97.85Y41.85.csv
	 Reading 1319/1709: 	/scratch/frd_muziyao/SHUD-OpenMP/SHUD/Basins/heihe/forcing.trimmed/X97.95Y41.85.csv
	 Reading 1320/1709: 	/scratch/frd_muziyao/SHUD-OpenMP/SHUD/Basins/heihe/forcing.trimmed/X98.05Y41.85.csv
	 Reading 1321/1709: 	/scratch/frd_muziyao/SHUD-OpenMP/SHUD/Basins/heihe/forcing.trimmed/X98.15Y41.85.csv
	 Reading 1322/1709: 	/scratch/frd_muziyao/SHUD-OpenMP/SHUD/Basins/heihe/forcing.trimmed/X98.25Y41.85.csv
	 Reading 1323/1709: 	/scratch/frd_muziyao/SHUD-OpenMP/SHUD/Basins/heihe/forcing.trimmed/X98.35Y41.85.csv
	 Reading 1324/1709: 	/scratch/frd_muziyao/SHUD-OpenMP/SHUD/Basins/heihe/forcing.trimmed/X98.45Y41.85.csv
	 Reading 1325/1709: 	/scratch/frd_muziyao/SHUD-OpenMP/SHUD/Basins/heihe/forcing.trimmed/X98.55Y41.85.csv
	 Reading 1326/1709: 	/scratch/frd_muziyao/SHUD-OpenMP/SHUD/Basins/heihe/forcing.trimmed/X98.65Y41.85.csv
	 Reading 1327/1709: 	/scratch/frd_muziyao/SHUD-OpenMP/SHUD/Basins/heihe/forcing.trimmed/X98.75Y41.85.csv
	 Reading 1328/1709: 	/scratch/frd_muziyao/SHUD-OpenMP/SHUD/Basins/heihe/forcing.trimmed/X98.85Y41.85.csv
	 Reading 1329/1709: 	/scratch/frd_muziyao/SHUD-OpenMP/SHUD/Basins/heihe/forcing.trimmed/X98.95Y41.85.csv
	 Reading 1330/1709: 	/scratch/frd_muziyao/SHUD-OpenMP/SHUD/Basins/heihe/forcing.trimmed/X99.05Y41.85.csv
	 Reading 1331/1709: 	/scratch/frd_muziyao/SHUD-OpenMP/SHUD/Basins/heihe/forcing.trimmed/X99.15Y41.85.csv
	 Reading 1332/1709: 	/scratch/frd_muziyao/SHUD-OpenMP/SHUD/Basins/heihe/forcing.trimmed/X99.25Y41.85.csv
	 Reading 1333/1709: 	/scratch/frd_muziyao/SHUD-OpenMP/SHUD/Basins/heihe/forcing.trimmed/X99.35Y41.85.csv
	 Reading 1334/1709: 	/scratch/frd_muziyao/SHUD-OpenMP/SHUD/Basins/heihe/forcing.trimmed/X99.45Y41.85.csv
	 Reading 1335/1709: 	/scratch/frd_muziyao/SHUD-OpenMP/SHUD/Basins/heihe/forcing.trimmed/X99.55Y41.85.csv
	 Reading 1336/1709: 	/scratch/frd_muziyao/SHUD-OpenMP/SHUD/Basins/heihe/forcing.trimmed/X99.65Y41.85.csv
	 Reading 1337/1709: 	/scratch/frd_muziyao/SHUD-OpenMP/SHUD/Basins/heihe/forcing.trimmed/X99.75Y41.85.csv
	 Reading 1338/1709: 	/scratch/frd_muziyao/SHUD-OpenMP/SHUD/Basins/heihe/forcing.trimmed/X99.85Y41.85.csv
	 Reading 1339/1709: 	/scratch/frd_muziyao/SHUD-OpenMP/SHUD/Basins/heihe/forcing.trimmed/X99.95Y41.85.csv
	 Reading 1340/1709: 	/scratch/frd_muziyao/SHUD-OpenMP/SHUD/Basins/heihe/forcing.trimmed/X100.05Y41.85.csv
	 Reading 1341/1709: 	/scratch/frd_muziyao/SHUD-OpenMP/SHUD/Basins/heihe/forcing.trimmed/X100.15Y41.85.csv
	 Reading 1342/1709: 	/scratch/frd_muziyao/SHUD-OpenMP/SHUD/Basins/heihe/forcing.trimmed/X100.25Y41.85.csv
	 Reading 1343/1709: 	/scratch/frd_muziyao/SHUD-OpenMP/SHUD/Basins/heihe/forcing.trimmed/X100.35Y41.85.csv
	 Reading 1344/1709: 	/scratch/frd_muziyao/SHUD-OpenMP/SHUD/Basins/heihe/forcing.trimmed/X100.45Y41.85.csv
	 Reading 1345/1709: 	/scratch/frd_muziyao/SHUD-OpenMP/SHUD/Basins/heihe/forcing.trimmed/X100.55Y41.85.csv
	 Reading 1346/1709: 	/scratch/frd_muziyao/SHUD-OpenMP/SHUD/Basins/heihe/forcing.trimmed/X100.65Y41.85.csv
	 Reading 1347/1709: 	/scratch/frd_muziyao/SHUD-OpenMP/SHUD/Basins/heihe/forcing.trimmed/X100.75Y41.85.csv
	 Reading 1348/1709: 	/scratch/frd_muziyao/SHUD-OpenMP/SHUD/Basins/heihe/forcing.trimmed/X100.85Y41.85.csv
	 Reading 1349/1709: 	/scratch/frd_muziyao/SHUD-OpenMP/SHUD/Basins/heihe/forcing.trimmed/X100.95Y41.85.csv
	 Reading 1350/1709: 	/scratch/frd_muziyao/SHUD-OpenMP/SHUD/Basins/heihe/forcing.trimmed/X101.05Y41.85.csv
	 Reading 1351/1709: 	/scratch/frd_muziyao/SHUD-OpenMP/SHUD/Basins/heihe/forcing.trimmed/X101.15Y41.85.csv
	 Reading 1352/1709: 	/scratch/frd_muziyao/SHUD-OpenMP/SHUD/Basins/heihe/forcing.trimmed/X101.25Y41.85.csv
	 Reading 1353/1709: 	/scratch/frd_muziyao/SHUD-OpenMP/SHUD/Basins/heihe/forcing.trimmed/X101.35Y41.85.csv
	 Reading 1354/1709: 	/scratch/frd_muziyao/SHUD-OpenMP/SHUD/Basins/heihe/forcing.trimmed/X101.45Y41.85.csv
	 Reading 1355/1709: 	/scratch/frd_muziyao/SHUD-OpenMP/SHUD/Basins/heihe/forcing.trimmed/X101.55Y41.85.csv
	 Reading 1356/1709: 	/scratch/frd_muziyao/SHUD-OpenMP/SHUD/Basins/heihe/forcing.trimmed/X101.65Y41.85.csv
	 Reading 1357/1709: 	/scratch/frd_muziyao/SHUD-OpenMP/SHUD/Basins/heihe/forcing.trimmed/X101.75Y41.85.csv
	 Reading 1358/1709: 	/scratch/frd_muziyao/SHUD-OpenMP/SHUD/Basins/heihe/forcing.trimmed/X101.85Y41.85.csv
	 Reading 1359/1709: 	/scratch/frd_muziyao/SHUD-OpenMP/SHUD/Basins/heihe/forcing.trimmed/X101.95Y41.85.csv
	 Reading 1360/1709: 	/scratch/frd_muziyao/SHUD-OpenMP/SHUD/Basins/heihe/forcing.trimmed/X97.15Y41.95.csv
	 Reading 1361/1709: 	/scratch/frd_muziyao/SHUD-OpenMP/SHUD/Basins/heihe/forcing.trimmed/X97.25Y41.95.csv
	 Reading 1362/1709: 	/scratch/frd_muziyao/SHUD-OpenMP/SHUD/Basins/heihe/forcing.trimmed/X97.35Y41.95.csv
	 Reading 1363/1709: 	/scratch/frd_muziyao/SHUD-OpenMP/SHUD/Basins/heihe/forcing.trimmed/X97.45Y41.95.csv
	 Reading 1364/1709: 	/scratch/frd_muziyao/SHUD-OpenMP/SHUD/Basins/heihe/forcing.trimmed/X97.55Y41.95.csv
	 Reading 1365/1709: 	/scratch/frd_muziyao/SHUD-OpenMP/SHUD/Basins/heihe/forcing.trimmed/X97.65Y41.95.csv
	 Reading 1366/1709: 	/scratch/frd_muziyao/SHUD-OpenMP/SHUD/Basins/heihe/forcing.trimmed/X97.75Y41.95.csv
	 Reading 1367/1709: 	/scratch/frd_muziyao/SHUD-OpenMP/SHUD/Basins/heihe/forcing.trimmed/X97.85Y41.95.csv
	 Reading 1368/1709: 	/scratch/frd_muziyao/SHUD-OpenMP/SHUD/Basins/heihe/forcing.trimmed/X97.95Y41.95.csv
	 Reading 1369/1709: 	/scratch/frd_muziyao/SHUD-OpenMP/SHUD/Basins/heihe/forcing.trimmed/X98.05Y41.95.csv
	 Reading 1370/1709: 	/scratch/frd_muziyao/SHUD-OpenMP/SHUD/Basins/heihe/forcing.trimmed/X98.15Y41.95.csv
	 Reading 1371/1709: 	/scratch/frd_muziyao/SHUD-OpenMP/SHUD/Basins/heihe/forcing.trimmed/X98.25Y41.95.csv
	 Reading 1372/1709: 	/scratch/frd_muziyao/SHUD-OpenMP/SHUD/Basins/heihe/forcing.trimmed/X98.35Y41.95.csv
	 Reading 1373/1709: 	/scratch/frd_muziyao/SHUD-OpenMP/SHUD/Basins/heihe/forcing.trimmed/X98.45Y41.95.csv
	 Reading 1374/1709: 	/scratch/frd_muziyao/SHUD-OpenMP/SHUD/Basins/heihe/forcing.trimmed/X98.55Y41.95.csv
	 Reading 1375/1709: 	/scratch/frd_muziyao/SHUD-OpenMP/SHUD/Basins/heihe/forcing.trimmed/X98.65Y41.95.csv
	 Reading 1376/1709: 	/scratch/frd_muziyao/SHUD-OpenMP/SHUD/Basins/heihe/forcing.trimmed/X98.75Y41.95.csv
	 Reading 1377/1709: 	/scratch/frd_muziyao/SHUD-OpenMP/SHUD/Basins/heihe/forcing.trimmed/X98.85Y41.95.csv
	 Reading 1378/1709: 	/scratch/frd_muziyao/SHUD-OpenMP/SHUD/Basins/heihe/forcing.trimmed/X98.95Y41.95.csv
	 Reading 1379/1709: 	/scratch/frd_muziyao/SHUD-OpenMP/SHUD/Basins/heihe/forcing.trimmed/X99.05Y41.95.csv
	 Reading 1380/1709: 	/scratch/frd_muziyao/SHUD-OpenMP/SHUD/Basins/heihe/forcing.trimmed/X99.15Y41.95.csv
	 Reading 1381/1709: 	/scratch/frd_muziyao/SHUD-OpenMP/SHUD/Basins/heihe/forcing.trimmed/X99.25Y41.95.csv
	 Reading 1382/1709: 	/scratch/frd_muziyao/SHUD-OpenMP/SHUD/Basins/heihe/forcing.trimmed/X99.35Y41.95.csv
	 Reading 1383/1709: 	/scratch/frd_muziyao/SHUD-OpenMP/SHUD/Basins/heihe/forcing.trimmed/X99.45Y41.95.csv
	 Reading 1384/1709: 	/scratch/frd_muziyao/SHUD-OpenMP/SHUD/Basins/heihe/forcing.trimmed/X99.55Y41.95.csv
	 Reading 1385/1709: 	/scratch/frd_muziyao/SHUD-OpenMP/SHUD/Basins/heihe/forcing.trimmed/X99.65Y41.95.csv
	 Reading 1386/1709: 	/scratch/frd_muziyao/SHUD-OpenMP/SHUD/Basins/heihe/forcing.trimmed/X99.75Y41.95.csv
	 Reading 1387/1709: 	/scratch/frd_muziyao/SHUD-OpenMP/SHUD/Basins/heihe/forcing.trimmed/X99.85Y41.95.csv
	 Reading 1388/1709: 	/scratch/frd_muziyao/SHUD-OpenMP/SHUD/Basins/heihe/forcing.trimmed/X99.95Y41.95.csv
	 Reading 1389/1709: 	/scratch/frd_muziyao/SHUD-OpenMP/SHUD/Basins/heihe/forcing.trimmed/X100.05Y41.95.csv
	 Reading 1390/1709: 	/scratch/frd_muziyao/SHUD-OpenMP/SHUD/Basins/heihe/forcing.trimmed/X100.15Y41.95.csv
	 Reading 1391/1709: 	/scratch/frd_muziyao/SHUD-OpenMP/SHUD/Basins/heihe/forcing.trimmed/X100.25Y41.95.csv
	 Reading 1392/1709: 	/scratch/frd_muziyao/SHUD-OpenMP/SHUD/Basins/heihe/forcing.trimmed/X100.35Y41.95.csv
	 Reading 1393/1709: 	/scratch/frd_muziyao/SHUD-OpenMP/SHUD/Basins/heihe/forcing.trimmed/X100.45Y41.95.csv
	 Reading 1394/1709: 	/scratch/frd_muziyao/SHUD-OpenMP/SHUD/Basins/heihe/forcing.trimmed/X100.55Y41.95.csv
	 Reading 1395/1709: 	/scratch/frd_muziyao/SHUD-OpenMP/SHUD/Basins/heihe/forcing.trimmed/X100.65Y41.95.csv
	 Reading 1396/1709: 	/scratch/frd_muziyao/SHUD-OpenMP/SHUD/Basins/heihe/forcing.trimmed/X100.75Y41.95.csv
	 Reading 1397/1709: 	/scratch/frd_muziyao/SHUD-OpenMP/SHUD/Basins/heihe/forcing.trimmed/X100.85Y41.95.csv
	 Reading 1398/1709: 	/scratch/frd_muziyao/SHUD-OpenMP/SHUD/Basins/heihe/forcing.trimmed/X100.95Y41.95.csv
	 Reading 1399/1709: 	/scratch/frd_muziyao/SHUD-OpenMP/SHUD/Basins/heihe/forcing.trimmed/X101.05Y41.95.csv
	 Reading 1400/1709: 	/scratch/frd_muziyao/SHUD-OpenMP/SHUD/Basins/heihe/forcing.trimmed/X101.15Y41.95.csv
	 Reading 1401/1709: 	/scratch/frd_muziyao/SHUD-OpenMP/SHUD/Basins/heihe/forcing.trimmed/X101.25Y41.95.csv
	 Reading 1402/1709: 	/scratch/frd_muziyao/SHUD-OpenMP/SHUD/Basins/heihe/forcing.trimmed/X101.35Y41.95.csv
	 Reading 1403/1709: 	/scratch/frd_muziyao/SHUD-OpenMP/SHUD/Basins/heihe/forcing.trimmed/X101.45Y41.95.csv
	 Reading 1404/1709: 	/scratch/frd_muziyao/SHUD-OpenMP/SHUD/Basins/heihe/forcing.trimmed/X101.55Y41.95.csv
	 Reading 1405/1709: 	/scratch/frd_muziyao/SHUD-OpenMP/SHUD/Basins/heihe/forcing.trimmed/X101.65Y41.95.csv
	 Reading 1406/1709: 	/scratch/frd_muziyao/SHUD-OpenMP/SHUD/Basins/heihe/forcing.trimmed/X101.75Y41.95.csv
	 Reading 1407/1709: 	/scratch/frd_muziyao/SHUD-OpenMP/SHUD/Basins/heihe/forcing.trimmed/X101.85Y41.95.csv
	 Reading 1408/1709: 	/scratch/frd_muziyao/SHUD-OpenMP/SHUD/Basins/heihe/forcing.trimmed/X101.95Y41.95.csv
	 Reading 1409/1709: 	/scratch/frd_muziyao/SHUD-OpenMP/SHUD/Basins/heihe/forcing.trimmed/X97.25Y42.05.csv
	 Reading 1410/1709: 	/scratch/frd_muziyao/SHUD-OpenMP/SHUD/Basins/heihe/forcing.trimmed/X97.35Y42.05.csv
	 Reading 1411/1709: 	/scratch/frd_muziyao/SHUD-OpenMP/SHUD/Basins/heihe/forcing.trimmed/X97.45Y42.05.csv
	 Reading 1412/1709: 	/scratch/frd_muziyao/SHUD-OpenMP/SHUD/Basins/heihe/forcing.trimmed/X97.55Y42.05.csv
	 Reading 1413/1709: 	/scratch/frd_muziyao/SHUD-OpenMP/SHUD/Basins/heihe/forcing.trimmed/X97.65Y42.05.csv
	 Reading 1414/1709: 	/scratch/frd_muziyao/SHUD-OpenMP/SHUD/Basins/heihe/forcing.trimmed/X97.75Y42.05.csv
	 Reading 1415/1709: 	/scratch/frd_muziyao/SHUD-OpenMP/SHUD/Basins/heihe/forcing.trimmed/X97.85Y42.05.csv
	 Reading 1416/1709: 	/scratch/frd_muziyao/SHUD-OpenMP/SHUD/Basins/heihe/forcing.trimmed/X97.95Y42.05.csv
	 Reading 1417/1709: 	/scratch/frd_muziyao/SHUD-OpenMP/SHUD/Basins/heihe/forcing.trimmed/X98.05Y42.05.csv
	 Reading 1418/1709: 	/scratch/frd_muziyao/SHUD-OpenMP/SHUD/Basins/heihe/forcing.trimmed/X98.15Y42.05.csv
	 Reading 1419/1709: 	/scratch/frd_muziyao/SHUD-OpenMP/SHUD/Basins/heihe/forcing.trimmed/X98.25Y42.05.csv
	 Reading 1420/1709: 	/scratch/frd_muziyao/SHUD-OpenMP/SHUD/Basins/heihe/forcing.trimmed/X98.35Y42.05.csv
	 Reading 1421/1709: 	/scratch/frd_muziyao/SHUD-OpenMP/SHUD/Basins/heihe/forcing.trimmed/X98.45Y42.05.csv
	 Reading 1422/1709: 	/scratch/frd_muziyao/SHUD-OpenMP/SHUD/Basins/heihe/forcing.trimmed/X98.55Y42.05.csv
	 Reading 1423/1709: 	/scratch/frd_muziyao/SHUD-OpenMP/SHUD/Basins/heihe/forcing.trimmed/X98.65Y42.05.csv
	 Reading 1424/1709: 	/scratch/frd_muziyao/SHUD-OpenMP/SHUD/Basins/heihe/forcing.trimmed/X98.75Y42.05.csv
	 Reading 1425/1709: 	/scratch/frd_muziyao/SHUD-OpenMP/SHUD/Basins/heihe/forcing.trimmed/X98.85Y42.05.csv
	 Reading 1426/1709: 	/scratch/frd_muziyao/SHUD-OpenMP/SHUD/Basins/heihe/forcing.trimmed/X98.95Y42.05.csv
	 Reading 1427/1709: 	/scratch/frd_muziyao/SHUD-OpenMP/SHUD/Basins/heihe/forcing.trimmed/X99.05Y42.05.csv
	 Reading 1428/1709: 	/scratch/frd_muziyao/SHUD-OpenMP/SHUD/Basins/heihe/forcing.trimmed/X99.15Y42.05.csv
	 Reading 1429/1709: 	/scratch/frd_muziyao/SHUD-OpenMP/SHUD/Basins/heihe/forcing.trimmed/X99.25Y42.05.csv
	 Reading 1430/1709: 	/scratch/frd_muziyao/SHUD-OpenMP/SHUD/Basins/heihe/forcing.trimmed/X99.35Y42.05.csv
	 Reading 1431/1709: 	/scratch/frd_muziyao/SHUD-OpenMP/SHUD/Basins/heihe/forcing.trimmed/X99.45Y42.05.csv
	 Reading 1432/1709: 	/scratch/frd_muziyao/SHUD-OpenMP/SHUD/Basins/heihe/forcing.trimmed/X99.55Y42.05.csv
	 Reading 1433/1709: 	/scratch/frd_muziyao/SHUD-OpenMP/SHUD/Basins/heihe/forcing.trimmed/X99.65Y42.05.csv
	 Reading 1434/1709: 	/scratch/frd_muziyao/SHUD-OpenMP/SHUD/Basins/heihe/forcing.trimmed/X99.75Y42.05.csv
	 Reading 1435/1709: 	/scratch/frd_muziyao/SHUD-OpenMP/SHUD/Basins/heihe/forcing.trimmed/X99.85Y42.05.csv
	 Reading 1436/1709: 	/scratch/frd_muziyao/SHUD-OpenMP/SHUD/Basins/heihe/forcing.trimmed/X99.95Y42.05.csv
	 Reading 1437/1709: 	/scratch/frd_muziyao/SHUD-OpenMP/SHUD/Basins/heihe/forcing.trimmed/X100.05Y42.05.csv
	 Reading 1438/1709: 	/scratch/frd_muziyao/SHUD-OpenMP/SHUD/Basins/heihe/forcing.trimmed/X100.15Y42.05.csv
	 Reading 1439/1709: 	/scratch/frd_muziyao/SHUD-OpenMP/SHUD/Basins/heihe/forcing.trimmed/X100.25Y42.05.csv
	 Reading 1440/1709: 	/scratch/frd_muziyao/SHUD-OpenMP/SHUD/Basins/heihe/forcing.trimmed/X100.35Y42.05.csv
	 Reading 1441/1709: 	/scratch/frd_muziyao/SHUD-OpenMP/SHUD/Basins/heihe/forcing.trimmed/X100.45Y42.05.csv
	 Reading 1442/1709: 	/scratch/frd_muziyao/SHUD-OpenMP/SHUD/Basins/heihe/forcing.trimmed/X100.55Y42.05.csv
	 Reading 1443/1709: 	/scratch/frd_muziyao/SHUD-OpenMP/SHUD/Basins/heihe/forcing.trimmed/X100.65Y42.05.csv
	 Reading 1444/1709: 	/scratch/frd_muziyao/SHUD-OpenMP/SHUD/Basins/heihe/forcing.trimmed/X100.75Y42.05.csv
	 Reading 1445/1709: 	/scratch/frd_muziyao/SHUD-OpenMP/SHUD/Basins/heihe/forcing.trimmed/X100.85Y42.05.csv
	 Reading 1446/1709: 	/scratch/frd_muziyao/SHUD-OpenMP/SHUD/Basins/heihe/forcing.trimmed/X100.95Y42.05.csv
	 Reading 1447/1709: 	/scratch/frd_muziyao/SHUD-OpenMP/SHUD/Basins/heihe/forcing.trimmed/X101.05Y42.05.csv
	 Reading 1448/1709: 	/scratch/frd_muziyao/SHUD-OpenMP/SHUD/Basins/heihe/forcing.trimmed/X101.15Y42.05.csv
	 Reading 1449/1709: 	/scratch/frd_muziyao/SHUD-OpenMP/SHUD/Basins/heihe/forcing.trimmed/X101.25Y42.05.csv
	 Reading 1450/1709: 	/scratch/frd_muziyao/SHUD-OpenMP/SHUD/Basins/heihe/forcing.trimmed/X101.35Y42.05.csv
	 Reading 1451/1709: 	/scratch/frd_muziyao/SHUD-OpenMP/SHUD/Basins/heihe/forcing.trimmed/X101.45Y42.05.csv
	 Reading 1452/1709: 	/scratch/frd_muziyao/SHUD-OpenMP/SHUD/Basins/heihe/forcing.trimmed/X101.55Y42.05.csv
	 Reading 1453/1709: 	/scratch/frd_muziyao/SHUD-OpenMP/SHUD/Basins/heihe/forcing.trimmed/X101.65Y42.05.csv
	 Reading 1454/1709: 	/scratch/frd_muziyao/SHUD-OpenMP/SHUD/Basins/heihe/forcing.trimmed/X101.75Y42.05.csv
	 Reading 1455/1709: 	/scratch/frd_muziyao/SHUD-OpenMP/SHUD/Basins/heihe/forcing.trimmed/X101.85Y42.05.csv
	 Reading 1456/1709: 	/scratch/frd_muziyao/SHUD-OpenMP/SHUD/Basins/heihe/forcing.trimmed/X101.95Y42.05.csv
	 Reading 1457/1709: 	/scratch/frd_muziyao/SHUD-OpenMP/SHUD/Basins/heihe/forcing.trimmed/X97.45Y42.15.csv
	 Reading 1458/1709: 	/scratch/frd_muziyao/SHUD-OpenMP/SHUD/Basins/heihe/forcing.trimmed/X97.55Y42.15.csv
	 Reading 1459/1709: 	/scratch/frd_muziyao/SHUD-OpenMP/SHUD/Basins/heihe/forcing.trimmed/X97.65Y42.15.csv
	 Reading 1460/1709: 	/scratch/frd_muziyao/SHUD-OpenMP/SHUD/Basins/heihe/forcing.trimmed/X97.75Y42.15.csv
	 Reading 1461/1709: 	/scratch/frd_muziyao/SHUD-OpenMP/SHUD/Basins/heihe/forcing.trimmed/X97.85Y42.15.csv
	 Reading 1462/1709: 	/scratch/frd_muziyao/SHUD-OpenMP/SHUD/Basins/heihe/forcing.trimmed/X97.95Y42.15.csv
	 Reading 1463/1709: 	/scratch/frd_muziyao/SHUD-OpenMP/SHUD/Basins/heihe/forcing.trimmed/X98.05Y42.15.csv
	 Reading 1464/1709: 	/scratch/frd_muziyao/SHUD-OpenMP/SHUD/Basins/heihe/forcing.trimmed/X98.15Y42.15.csv
	 Reading 1465/1709: 	/scratch/frd_muziyao/SHUD-OpenMP/SHUD/Basins/heihe/forcing.trimmed/X98.25Y42.15.csv
	 Reading 1466/1709: 	/scratch/frd_muziyao/SHUD-OpenMP/SHUD/Basins/heihe/forcing.trimmed/X98.35Y42.15.csv
	 Reading 1467/1709: 	/scratch/frd_muziyao/SHUD-OpenMP/SHUD/Basins/heihe/forcing.trimmed/X98.45Y42.15.csv
	 Reading 1468/1709: 	/scratch/frd_muziyao/SHUD-OpenMP/SHUD/Basins/heihe/forcing.trimmed/X98.55Y42.15.csv
	 Reading 1469/1709: 	/scratch/frd_muziyao/SHUD-OpenMP/SHUD/Basins/heihe/forcing.trimmed/X98.65Y42.15.csv
	 Reading 1470/1709: 	/scratch/frd_muziyao/SHUD-OpenMP/SHUD/Basins/heihe/forcing.trimmed/X98.75Y42.15.csv
	 Reading 1471/1709: 	/scratch/frd_muziyao/SHUD-OpenMP/SHUD/Basins/heihe/forcing.trimmed/X98.85Y42.15.csv
	 Reading 1472/1709: 	/scratch/frd_muziyao/SHUD-OpenMP/SHUD/Basins/heihe/forcing.trimmed/X98.95Y42.15.csv
	 Reading 1473/1709: 	/scratch/frd_muziyao/SHUD-OpenMP/SHUD/Basins/heihe/forcing.trimmed/X99.05Y42.15.csv
	 Reading 1474/1709: 	/scratch/frd_muziyao/SHUD-OpenMP/SHUD/Basins/heihe/forcing.trimmed/X99.15Y42.15.csv
	 Reading 1475/1709: 	/scratch/frd_muziyao/SHUD-OpenMP/SHUD/Basins/heihe/forcing.trimmed/X99.25Y42.15.csv
	 Reading 1476/1709: 	/scratch/frd_muziyao/SHUD-OpenMP/SHUD/Basins/heihe/forcing.trimmed/X99.35Y42.15.csv
	 Reading 1477/1709: 	/scratch/frd_muziyao/SHUD-OpenMP/SHUD/Basins/heihe/forcing.trimmed/X99.45Y42.15.csv
	 Reading 1478/1709: 	/scratch/frd_muziyao/SHUD-OpenMP/SHUD/Basins/heihe/forcing.trimmed/X99.55Y42.15.csv
	 Reading 1479/1709: 	/scratch/frd_muziyao/SHUD-OpenMP/SHUD/Basins/heihe/forcing.trimmed/X99.65Y42.15.csv
	 Reading 1480/1709: 	/scratch/frd_muziyao/SHUD-OpenMP/SHUD/Basins/heihe/forcing.trimmed/X99.75Y42.15.csv
	 Reading 1481/1709: 	/scratch/frd_muziyao/SHUD-OpenMP/SHUD/Basins/heihe/forcing.trimmed/X99.85Y42.15.csv
	 Reading 1482/1709: 	/scratch/frd_muziyao/SHUD-OpenMP/SHUD/Basins/heihe/forcing.trimmed/X99.95Y42.15.csv
	 Reading 1483/1709: 	/scratch/frd_muziyao/SHUD-OpenMP/SHUD/Basins/heihe/forcing.trimmed/X100.05Y42.15.csv
	 Reading 1484/1709: 	/scratch/frd_muziyao/SHUD-OpenMP/SHUD/Basins/heihe/forcing.trimmed/X100.15Y42.15.csv
	 Reading 1485/1709: 	/scratch/frd_muziyao/SHUD-OpenMP/SHUD/Basins/heihe/forcing.trimmed/X100.25Y42.15.csv
	 Reading 1486/1709: 	/scratch/frd_muziyao/SHUD-OpenMP/SHUD/Basins/heihe/forcing.trimmed/X100.35Y42.15.csv
	 Reading 1487/1709: 	/scratch/frd_muziyao/SHUD-OpenMP/SHUD/Basins/heihe/forcing.trimmed/X100.45Y42.15.csv
	 Reading 1488/1709: 	/scratch/frd_muziyao/SHUD-OpenMP/SHUD/Basins/heihe/forcing.trimmed/X100.55Y42.15.csv
	 Reading 1489/1709: 	/scratch/frd_muziyao/SHUD-OpenMP/SHUD/Basins/heihe/forcing.trimmed/X100.65Y42.15.csv
	 Reading 1490/1709: 	/scratch/frd_muziyao/SHUD-OpenMP/SHUD/Basins/heihe/forcing.trimmed/X100.75Y42.15.csv
	 Reading 1491/1709: 	/scratch/frd_muziyao/SHUD-OpenMP/SHUD/Basins/heihe/forcing.trimmed/X100.85Y42.15.csv
	 Reading 1492/1709: 	/scratch/frd_muziyao/SHUD-OpenMP/SHUD/Basins/heihe/forcing.trimmed/X100.95Y42.15.csv
	 Reading 1493/1709: 	/scratch/frd_muziyao/SHUD-OpenMP/SHUD/Basins/heihe/forcing.trimmed/X101.05Y42.15.csv
	 Reading 1494/1709: 	/scratch/frd_muziyao/SHUD-OpenMP/SHUD/Basins/heihe/forcing.trimmed/X101.15Y42.15.csv
	 Reading 1495/1709: 	/scratch/frd_muziyao/SHUD-OpenMP/SHUD/Basins/heihe/forcing.trimmed/X101.25Y42.15.csv
	 Reading 1496/1709: 	/scratch/frd_muziyao/SHUD-OpenMP/SHUD/Basins/heihe/forcing.trimmed/X101.35Y42.15.csv
	 Reading 1497/1709: 	/scratch/frd_muziyao/SHUD-OpenMP/SHUD/Basins/heihe/forcing.trimmed/X101.45Y42.15.csv
	 Reading 1498/1709: 	/scratch/frd_muziyao/SHUD-OpenMP/SHUD/Basins/heihe/forcing.trimmed/X101.55Y42.15.csv
	 Reading 1499/1709: 	/scratch/frd_muziyao/SHUD-OpenMP/SHUD/Basins/heihe/forcing.trimmed/X101.65Y42.15.csv
	 Reading 1500/1709: 	/scratch/frd_muziyao/SHUD-OpenMP/SHUD/Basins/heihe/forcing.trimmed/X101.75Y42.15.csv
	 Reading 1501/1709: 	/scratch/frd_muziyao/SHUD-OpenMP/SHUD/Basins/heihe/forcing.trimmed/X101.85Y42.15.csv
	 Reading 1502/1709: 	/scratch/frd_muziyao/SHUD-OpenMP/SHUD/Basins/heihe/forcing.trimmed/X101.95Y42.15.csv
	 Reading 1503/1709: 	/scratch/frd_muziyao/SHUD-OpenMP/SHUD/Basins/heihe/forcing.trimmed/X97.45Y42.25.csv
	 Reading 1504/1709: 	/scratch/frd_muziyao/SHUD-OpenMP/SHUD/Basins/heihe/forcing.trimmed/X97.55Y42.25.csv
	 Reading 1505/1709: 	/scratch/frd_muziyao/SHUD-OpenMP/SHUD/Basins/heihe/forcing.trimmed/X97.65Y42.25.csv
	 Reading 1506/1709: 	/scratch/frd_muziyao/SHUD-OpenMP/SHUD/Basins/heihe/forcing.trimmed/X97.75Y42.25.csv
	 Reading 1507/1709: 	/scratch/frd_muziyao/SHUD-OpenMP/SHUD/Basins/heihe/forcing.trimmed/X97.85Y42.25.csv
	 Reading 1508/1709: 	/scratch/frd_muziyao/SHUD-OpenMP/SHUD/Basins/heihe/forcing.trimmed/X97.95Y42.25.csv
	 Reading 1509/1709: 	/scratch/frd_muziyao/SHUD-OpenMP/SHUD/Basins/heihe/forcing.trimmed/X98.05Y42.25.csv
	 Reading 1510/1709: 	/scratch/frd_muziyao/SHUD-OpenMP/SHUD/Basins/heihe/forcing.trimmed/X98.15Y42.25.csv
	 Reading 1511/1709: 	/scratch/frd_muziyao/SHUD-OpenMP/SHUD/Basins/heihe/forcing.trimmed/X98.25Y42.25.csv
	 Reading 1512/1709: 	/scratch/frd_muziyao/SHUD-OpenMP/SHUD/Basins/heihe/forcing.trimmed/X98.35Y42.25.csv
	 Reading 1513/1709: 	/scratch/frd_muziyao/SHUD-OpenMP/SHUD/Basins/heihe/forcing.trimmed/X98.45Y42.25.csv
	 Reading 1514/1709: 	/scratch/frd_muziyao/SHUD-OpenMP/SHUD/Basins/heihe/forcing.trimmed/X98.55Y42.25.csv
	 Reading 1515/1709: 	/scratch/frd_muziyao/SHUD-OpenMP/SHUD/Basins/heihe/forcing.trimmed/X98.65Y42.25.csv
	 Reading 1516/1709: 	/scratch/frd_muziyao/SHUD-OpenMP/SHUD/Basins/heihe/forcing.trimmed/X98.75Y42.25.csv
	 Reading 1517/1709: 	/scratch/frd_muziyao/SHUD-OpenMP/SHUD/Basins/heihe/forcing.trimmed/X98.85Y42.25.csv
	 Reading 1518/1709: 	/scratch/frd_muziyao/SHUD-OpenMP/SHUD/Basins/heihe/forcing.trimmed/X98.95Y42.25.csv
	 Reading 1519/1709: 	/scratch/frd_muziyao/SHUD-OpenMP/SHUD/Basins/heihe/forcing.trimmed/X99.05Y42.25.csv
	 Reading 1520/1709: 	/scratch/frd_muziyao/SHUD-OpenMP/SHUD/Basins/heihe/forcing.trimmed/X99.15Y42.25.csv
	 Reading 1521/1709: 	/scratch/frd_muziyao/SHUD-OpenMP/SHUD/Basins/heihe/forcing.trimmed/X99.25Y42.25.csv
	 Reading 1522/1709: 	/scratch/frd_muziyao/SHUD-OpenMP/SHUD/Basins/heihe/forcing.trimmed/X99.35Y42.25.csv
	 Reading 1523/1709: 	/scratch/frd_muziyao/SHUD-OpenMP/SHUD/Basins/heihe/forcing.trimmed/X99.45Y42.25.csv
	 Reading 1524/1709: 	/scratch/frd_muziyao/SHUD-OpenMP/SHUD/Basins/heihe/forcing.trimmed/X99.55Y42.25.csv
	 Reading 1525/1709: 	/scratch/frd_muziyao/SHUD-OpenMP/SHUD/Basins/heihe/forcing.trimmed/X99.65Y42.25.csv
	 Reading 1526/1709: 	/scratch/frd_muziyao/SHUD-OpenMP/SHUD/Basins/heihe/forcing.trimmed/X99.75Y42.25.csv
	 Reading 1527/1709: 	/scratch/frd_muziyao/SHUD-OpenMP/SHUD/Basins/heihe/forcing.trimmed/X99.85Y42.25.csv
	 Reading 1528/1709: 	/scratch/frd_muziyao/SHUD-OpenMP/SHUD/Basins/heihe/forcing.trimmed/X99.95Y42.25.csv
	 Reading 1529/1709: 	/scratch/frd_muziyao/SHUD-OpenMP/SHUD/Basins/heihe/forcing.trimmed/X100.05Y42.25.csv
	 Reading 1530/1709: 	/scratch/frd_muziyao/SHUD-OpenMP/SHUD/Basins/heihe/forcing.trimmed/X100.15Y42.25.csv
	 Reading 1531/1709: 	/scratch/frd_muziyao/SHUD-OpenMP/SHUD/Basins/heihe/forcing.trimmed/X100.25Y42.25.csv
	 Reading 1532/1709: 	/scratch/frd_muziyao/SHUD-OpenMP/SHUD/Basins/heihe/forcing.trimmed/X100.35Y42.25.csv
	 Reading 1533/1709: 	/scratch/frd_muziyao/SHUD-OpenMP/SHUD/Basins/heihe/forcing.trimmed/X100.45Y42.25.csv
	 Reading 1534/1709: 	/scratch/frd_muziyao/SHUD-OpenMP/SHUD/Basins/heihe/forcing.trimmed/X100.55Y42.25.csv
	 Reading 1535/1709: 	/scratch/frd_muziyao/SHUD-OpenMP/SHUD/Basins/heihe/forcing.trimmed/X100.65Y42.25.csv
	 Reading 1536/1709: 	/scratch/frd_muziyao/SHUD-OpenMP/SHUD/Basins/heihe/forcing.trimmed/X100.75Y42.25.csv
	 Reading 1537/1709: 	/scratch/frd_muziyao/SHUD-OpenMP/SHUD/Basins/heihe/forcing.trimmed/X100.85Y42.25.csv
	 Reading 1538/1709: 	/scratch/frd_muziyao/SHUD-OpenMP/SHUD/Basins/heihe/forcing.trimmed/X100.95Y42.25.csv
	 Reading 1539/1709: 	/scratch/frd_muziyao/SHUD-OpenMP/SHUD/Basins/heihe/forcing.trimmed/X101.05Y42.25.csv
	 Reading 1540/1709: 	/scratch/frd_muziyao/SHUD-OpenMP/SHUD/Basins/heihe/forcing.trimmed/X101.15Y42.25.csv
	 Reading 1541/1709: 	/scratch/frd_muziyao/SHUD-OpenMP/SHUD/Basins/heihe/forcing.trimmed/X101.25Y42.25.csv
	 Reading 1542/1709: 	/scratch/frd_muziyao/SHUD-OpenMP/SHUD/Basins/heihe/forcing.trimmed/X101.35Y42.25.csv
	 Reading 1543/1709: 	/scratch/frd_muziyao/SHUD-OpenMP/SHUD/Basins/heihe/forcing.trimmed/X101.45Y42.25.csv
	 Reading 1544/1709: 	/scratch/frd_muziyao/SHUD-OpenMP/SHUD/Basins/heihe/forcing.trimmed/X101.55Y42.25.csv
	 Reading 1545/1709: 	/scratch/frd_muziyao/SHUD-OpenMP/SHUD/Basins/heihe/forcing.trimmed/X101.65Y42.25.csv
	 Reading 1546/1709: 	/scratch/frd_muziyao/SHUD-OpenMP/SHUD/Basins/heihe/forcing.trimmed/X101.75Y42.25.csv
	 Reading 1547/1709: 	/scratch/frd_muziyao/SHUD-OpenMP/SHUD/Basins/heihe/forcing.trimmed/X101.85Y42.25.csv
	 Reading 1548/1709: 	/scratch/frd_muziyao/SHUD-OpenMP/SHUD/Basins/heihe/forcing.trimmed/X101.95Y42.25.csv
	 Reading 1549/1709: 	/scratch/frd_muziyao/SHUD-OpenMP/SHUD/Basins/heihe/forcing.trimmed/X102.05Y42.25.csv
	 Reading 1550/1709: 	/scratch/frd_muziyao/SHUD-OpenMP/SHUD/Basins/heihe/forcing.trimmed/X97.95Y42.35.csv
	 Reading 1551/1709: 	/scratch/frd_muziyao/SHUD-OpenMP/SHUD/Basins/heihe/forcing.trimmed/X98.05Y42.35.csv
	 Reading 1552/1709: 	/scratch/frd_muziyao/SHUD-OpenMP/SHUD/Basins/heihe/forcing.trimmed/X98.15Y42.35.csv
	 Reading 1553/1709: 	/scratch/frd_muziyao/SHUD-OpenMP/SHUD/Basins/heihe/forcing.trimmed/X98.25Y42.35.csv
	 Reading 1554/1709: 	/scratch/frd_muziyao/SHUD-OpenMP/SHUD/Basins/heihe/forcing.trimmed/X98.35Y42.35.csv
	 Reading 1555/1709: 	/scratch/frd_muziyao/SHUD-OpenMP/SHUD/Basins/heihe/forcing.trimmed/X98.45Y42.35.csv
	 Reading 1556/1709: 	/scratch/frd_muziyao/SHUD-OpenMP/SHUD/Basins/heihe/forcing.trimmed/X98.55Y42.35.csv
	 Reading 1557/1709: 	/scratch/frd_muziyao/SHUD-OpenMP/SHUD/Basins/heihe/forcing.trimmed/X98.65Y42.35.csv
	 Reading 1558/1709: 	/scratch/frd_muziyao/SHUD-OpenMP/SHUD/Basins/heihe/forcing.trimmed/X98.75Y42.35.csv
	 Reading 1559/1709: 	/scratch/frd_muziyao/SHUD-OpenMP/SHUD/Basins/heihe/forcing.trimmed/X98.85Y42.35.csv
	 Reading 1560/1709: 	/scratch/frd_muziyao/SHUD-OpenMP/SHUD/Basins/heihe/forcing.trimmed/X98.95Y42.35.csv
	 Reading 1561/1709: 	/scratch/frd_muziyao/SHUD-OpenMP/SHUD/Basins/heihe/forcing.trimmed/X99.05Y42.35.csv
	 Reading 1562/1709: 	/scratch/frd_muziyao/SHUD-OpenMP/SHUD/Basins/heihe/forcing.trimmed/X99.15Y42.35.csv
	 Reading 1563/1709: 	/scratch/frd_muziyao/SHUD-OpenMP/SHUD/Basins/heihe/forcing.trimmed/X99.25Y42.35.csv
	 Reading 1564/1709: 	/scratch/frd_muziyao/SHUD-OpenMP/SHUD/Basins/heihe/forcing.trimmed/X99.35Y42.35.csv
	 Reading 1565/1709: 	/scratch/frd_muziyao/SHUD-OpenMP/SHUD/Basins/heihe/forcing.trimmed/X99.45Y42.35.csv
	 Reading 1566/1709: 	/scratch/frd_muziyao/SHUD-OpenMP/SHUD/Basins/heihe/forcing.trimmed/X99.55Y42.35.csv
	 Reading 1567/1709: 	/scratch/frd_muziyao/SHUD-OpenMP/SHUD/Basins/heihe/forcing.trimmed/X99.65Y42.35.csv
	 Reading 1568/1709: 	/scratch/frd_muziyao/SHUD-OpenMP/SHUD/Basins/heihe/forcing.trimmed/X99.75Y42.35.csv
	 Reading 1569/1709: 	/scratch/frd_muziyao/SHUD-OpenMP/SHUD/Basins/heihe/forcing.trimmed/X99.85Y42.35.csv
	 Reading 1570/1709: 	/scratch/frd_muziyao/SHUD-OpenMP/SHUD/Basins/heihe/forcing.trimmed/X99.95Y42.35.csv
	 Reading 1571/1709: 	/scratch/frd_muziyao/SHUD-OpenMP/SHUD/Basins/heihe/forcing.trimmed/X100.05Y42.35.csv
	 Reading 1572/1709: 	/scratch/frd_muziyao/SHUD-OpenMP/SHUD/Basins/heihe/forcing.trimmed/X100.15Y42.35.csv
	 Reading 1573/1709: 	/scratch/frd_muziyao/SHUD-OpenMP/SHUD/Basins/heihe/forcing.trimmed/X100.25Y42.35.csv
	 Reading 1574/1709: 	/scratch/frd_muziyao/SHUD-OpenMP/SHUD/Basins/heihe/forcing.trimmed/X100.35Y42.35.csv
	 Reading 1575/1709: 	/scratch/frd_muziyao/SHUD-OpenMP/SHUD/Basins/heihe/forcing.trimmed/X100.45Y42.35.csv
	 Reading 1576/1709: 	/scratch/frd_muziyao/SHUD-OpenMP/SHUD/Basins/heihe/forcing.trimmed/X100.55Y42.35.csv
	 Reading 1577/1709: 	/scratch/frd_muziyao/SHUD-OpenMP/SHUD/Basins/heihe/forcing.trimmed/X100.65Y42.35.csv
	 Reading 1578/1709: 	/scratch/frd_muziyao/SHUD-OpenMP/SHUD/Basins/heihe/forcing.trimmed/X100.75Y42.35.csv
	 Reading 1579/1709: 	/scratch/frd_muziyao/SHUD-OpenMP/SHUD/Basins/heihe/forcing.trimmed/X100.85Y42.35.csv
	 Reading 1580/1709: 	/scratch/frd_muziyao/SHUD-OpenMP/SHUD/Basins/heihe/forcing.trimmed/X100.95Y42.35.csv
	 Reading 1581/1709: 	/scratch/frd_muziyao/SHUD-OpenMP/SHUD/Basins/heihe/forcing.trimmed/X101.05Y42.35.csv
	 Reading 1582/1709: 	/scratch/frd_muziyao/SHUD-OpenMP/SHUD/Basins/heihe/forcing.trimmed/X101.15Y42.35.csv
	 Reading 1583/1709: 	/scratch/frd_muziyao/SHUD-OpenMP/SHUD/Basins/heihe/forcing.trimmed/X101.25Y42.35.csv
	 Reading 1584/1709: 	/scratch/frd_muziyao/SHUD-OpenMP/SHUD/Basins/heihe/forcing.trimmed/X101.35Y42.35.csv
	 Reading 1585/1709: 	/scratch/frd_muziyao/SHUD-OpenMP/SHUD/Basins/heihe/forcing.trimmed/X101.45Y42.35.csv
	 Reading 1586/1709: 	/scratch/frd_muziyao/SHUD-OpenMP/SHUD/Basins/heihe/forcing.trimmed/X101.55Y42.35.csv
	 Reading 1587/1709: 	/scratch/frd_muziyao/SHUD-OpenMP/SHUD/Basins/heihe/forcing.trimmed/X101.65Y42.35.csv
	 Reading 1588/1709: 	/scratch/frd_muziyao/SHUD-OpenMP/SHUD/Basins/heihe/forcing.trimmed/X101.75Y42.35.csv
	 Reading 1589/1709: 	/scratch/frd_muziyao/SHUD-OpenMP/SHUD/Basins/heihe/forcing.trimmed/X101.85Y42.35.csv
	 Reading 1590/1709: 	/scratch/frd_muziyao/SHUD-OpenMP/SHUD/Basins/heihe/forcing.trimmed/X101.95Y42.35.csv
	 Reading 1591/1709: 	/scratch/frd_muziyao/SHUD-OpenMP/SHUD/Basins/heihe/forcing.trimmed/X102.05Y42.35.csv
	 Reading 1592/1709: 	/scratch/frd_muziyao/SHUD-OpenMP/SHUD/Basins/heihe/forcing.trimmed/X98.05Y42.45.csv
	 Reading 1593/1709: 	/scratch/frd_muziyao/SHUD-OpenMP/SHUD/Basins/heihe/forcing.trimmed/X98.15Y42.45.csv
	 Reading 1594/1709: 	/scratch/frd_muziyao/SHUD-OpenMP/SHUD/Basins/heihe/forcing.trimmed/X98.25Y42.45.csv
	 Reading 1595/1709: 	/scratch/frd_muziyao/SHUD-OpenMP/SHUD/Basins/heihe/forcing.trimmed/X98.35Y42.45.csv
	 Reading 1596/1709: 	/scratch/frd_muziyao/SHUD-OpenMP/SHUD/Basins/heihe/forcing.trimmed/X98.45Y42.45.csv
	 Reading 1597/1709: 	/scratch/frd_muziyao/SHUD-OpenMP/SHUD/Basins/heihe/forcing.trimmed/X98.55Y42.45.csv
	 Reading 1598/1709: 	/scratch/frd_muziyao/SHUD-OpenMP/SHUD/Basins/heihe/forcing.trimmed/X98.65Y42.45.csv
	 Reading 1599/1709: 	/scratch/frd_muziyao/SHUD-OpenMP/SHUD/Basins/heihe/forcing.trimmed/X98.75Y42.45.csv
	 Reading 1600/1709: 	/scratch/frd_muziyao/SHUD-OpenMP/SHUD/Basins/heihe/forcing.trimmed/X98.85Y42.45.csv
	 Reading 1601/1709: 	/scratch/frd_muziyao/SHUD-OpenMP/SHUD/Basins/heihe/forcing.trimmed/X98.95Y42.45.csv
	 Reading 1602/1709: 	/scratch/frd_muziyao/SHUD-OpenMP/SHUD/Basins/heihe/forcing.trimmed/X99.05Y42.45.csv
	 Reading 1603/1709: 	/scratch/frd_muziyao/SHUD-OpenMP/SHUD/Basins/heihe/forcing.trimmed/X99.15Y42.45.csv
	 Reading 1604/1709: 	/scratch/frd_muziyao/SHUD-OpenMP/SHUD/Basins/heihe/forcing.trimmed/X99.25Y42.45.csv
	 Reading 1605/1709: 	/scratch/frd_muziyao/SHUD-OpenMP/SHUD/Basins/heihe/forcing.trimmed/X99.35Y42.45.csv
	 Reading 1606/1709: 	/scratch/frd_muziyao/SHUD-OpenMP/SHUD/Basins/heihe/forcing.trimmed/X99.45Y42.45.csv
	 Reading 1607/1709: 	/scratch/frd_muziyao/SHUD-OpenMP/SHUD/Basins/heihe/forcing.trimmed/X99.55Y42.45.csv
	 Reading 1608/1709: 	/scratch/frd_muziyao/SHUD-OpenMP/SHUD/Basins/heihe/forcing.trimmed/X99.65Y42.45.csv
	 Reading 1609/1709: 	/scratch/frd_muziyao/SHUD-OpenMP/SHUD/Basins/heihe/forcing.trimmed/X99.75Y42.45.csv
	 Reading 1610/1709: 	/scratch/frd_muziyao/SHUD-OpenMP/SHUD/Basins/heihe/forcing.trimmed/X99.85Y42.45.csv
	 Reading 1611/1709: 	/scratch/frd_muziyao/SHUD-OpenMP/SHUD/Basins/heihe/forcing.trimmed/X99.95Y42.45.csv
	 Reading 1612/1709: 	/scratch/frd_muziyao/SHUD-OpenMP/SHUD/Basins/heihe/forcing.trimmed/X100.05Y42.45.csv
	 Reading 1613/1709: 	/scratch/frd_muziyao/SHUD-OpenMP/SHUD/Basins/heihe/forcing.trimmed/X100.15Y42.45.csv
	 Reading 1614/1709: 	/scratch/frd_muziyao/SHUD-OpenMP/SHUD/Basins/heihe/forcing.trimmed/X100.25Y42.45.csv
	 Reading 1615/1709: 	/scratch/frd_muziyao/SHUD-OpenMP/SHUD/Basins/heihe/forcing.trimmed/X100.35Y42.45.csv
	 Reading 1616/1709: 	/scratch/frd_muziyao/SHUD-OpenMP/SHUD/Basins/heihe/forcing.trimmed/X100.45Y42.45.csv
	 Reading 1617/1709: 	/scratch/frd_muziyao/SHUD-OpenMP/SHUD/Basins/heihe/forcing.trimmed/X100.55Y42.45.csv
	 Reading 1618/1709: 	/scratch/frd_muziyao/SHUD-OpenMP/SHUD/Basins/heihe/forcing.trimmed/X100.65Y42.45.csv
	 Reading 1619/1709: 	/scratch/frd_muziyao/SHUD-OpenMP/SHUD/Basins/heihe/forcing.trimmed/X100.75Y42.45.csv
	 Reading 1620/1709: 	/scratch/frd_muziyao/SHUD-OpenMP/SHUD/Basins/heihe/forcing.trimmed/X100.85Y42.45.csv
	 Reading 1621/1709: 	/scratch/frd_muziyao/SHUD-OpenMP/SHUD/Basins/heihe/forcing.trimmed/X100.95Y42.45.csv
	 Reading 1622/1709: 	/scratch/frd_muziyao/SHUD-OpenMP/SHUD/Basins/heihe/forcing.trimmed/X101.05Y42.45.csv
	 Reading 1623/1709: 	/scratch/frd_muziyao/SHUD-OpenMP/SHUD/Basins/heihe/forcing.trimmed/X101.15Y42.45.csv
	 Reading 1624/1709: 	/scratch/frd_muziyao/SHUD-OpenMP/SHUD/Basins/heihe/forcing.trimmed/X101.25Y42.45.csv
	 Reading 1625/1709: 	/scratch/frd_muziyao/SHUD-OpenMP/SHUD/Basins/heihe/forcing.trimmed/X101.35Y42.45.csv
	 Reading 1626/1709: 	/scratch/frd_muziyao/SHUD-OpenMP/SHUD/Basins/heihe/forcing.trimmed/X101.45Y42.45.csv
	 Reading 1627/1709: 	/scratch/frd_muziyao/SHUD-OpenMP/SHUD/Basins/heihe/forcing.trimmed/X101.55Y42.45.csv
	 Reading 1628/1709: 	/scratch/frd_muziyao/SHUD-OpenMP/SHUD/Basins/heihe/forcing.trimmed/X101.65Y42.45.csv
	 Reading 1629/1709: 	/scratch/frd_muziyao/SHUD-OpenMP/SHUD/Basins/heihe/forcing.trimmed/X101.75Y42.45.csv
	 Reading 1630/1709: 	/scratch/frd_muziyao/SHUD-OpenMP/SHUD/Basins/heihe/forcing.trimmed/X101.85Y42.45.csv
	 Reading 1631/1709: 	/scratch/frd_muziyao/SHUD-OpenMP/SHUD/Basins/heihe/forcing.trimmed/X101.95Y42.45.csv
	 Reading 1632/1709: 	/scratch/frd_muziyao/SHUD-OpenMP/SHUD/Basins/heihe/forcing.trimmed/X98.25Y42.55.csv
	 Reading 1633/1709: 	/scratch/frd_muziyao/SHUD-OpenMP/SHUD/Basins/heihe/forcing.trimmed/X98.35Y42.55.csv
	 Reading 1634/1709: 	/scratch/frd_muziyao/SHUD-OpenMP/SHUD/Basins/heihe/forcing.trimmed/X98.45Y42.55.csv
	 Reading 1635/1709: 	/scratch/frd_muziyao/SHUD-OpenMP/SHUD/Basins/heihe/forcing.trimmed/X98.55Y42.55.csv
	 Reading 1636/1709: 	/scratch/frd_muziyao/SHUD-OpenMP/SHUD/Basins/heihe/forcing.trimmed/X98.65Y42.55.csv
	 Reading 1637/1709: 	/scratch/frd_muziyao/SHUD-OpenMP/SHUD/Basins/heihe/forcing.trimmed/X98.75Y42.55.csv
	 Reading 1638/1709: 	/scratch/frd_muziyao/SHUD-OpenMP/SHUD/Basins/heihe/forcing.trimmed/X98.85Y42.55.csv
	 Reading 1639/1709: 	/scratch/frd_muziyao/SHUD-OpenMP/SHUD/Basins/heihe/forcing.trimmed/X98.95Y42.55.csv
	 Reading 1640/1709: 	/scratch/frd_muziyao/SHUD-OpenMP/SHUD/Basins/heihe/forcing.trimmed/X99.05Y42.55.csv
	 Reading 1641/1709: 	/scratch/frd_muziyao/SHUD-OpenMP/SHUD/Basins/heihe/forcing.trimmed/X99.15Y42.55.csv
	 Reading 1642/1709: 	/scratch/frd_muziyao/SHUD-OpenMP/SHUD/Basins/heihe/forcing.trimmed/X99.25Y42.55.csv
	 Reading 1643/1709: 	/scratch/frd_muziyao/SHUD-OpenMP/SHUD/Basins/heihe/forcing.trimmed/X99.35Y42.55.csv
	 Reading 1644/1709: 	/scratch/frd_muziyao/SHUD-OpenMP/SHUD/Basins/heihe/forcing.trimmed/X99.45Y42.55.csv
	 Reading 1645/1709: 	/scratch/frd_muziyao/SHUD-OpenMP/SHUD/Basins/heihe/forcing.trimmed/X99.55Y42.55.csv
	 Reading 1646/1709: 	/scratch/frd_muziyao/SHUD-OpenMP/SHUD/Basins/heihe/forcing.trimmed/X99.65Y42.55.csv
	 Reading 1647/1709: 	/scratch/frd_muziyao/SHUD-OpenMP/SHUD/Basins/heihe/forcing.trimmed/X99.75Y42.55.csv
	 Reading 1648/1709: 	/scratch/frd_muziyao/SHUD-OpenMP/SHUD/Basins/heihe/forcing.trimmed/X99.85Y42.55.csv
	 Reading 1649/1709: 	/scratch/frd_muziyao/SHUD-OpenMP/SHUD/Basins/heihe/forcing.trimmed/X99.95Y42.55.csv
	 Reading 1650/1709: 	/scratch/frd_muziyao/SHUD-OpenMP/SHUD/Basins/heihe/forcing.trimmed/X100.05Y42.55.csv
	 Reading 1651/1709: 	/scratch/frd_muziyao/SHUD-OpenMP/SHUD/Basins/heihe/forcing.trimmed/X100.15Y42.55.csv
	 Reading 1652/1709: 	/scratch/frd_muziyao/SHUD-OpenMP/SHUD/Basins/heihe/forcing.trimmed/X100.25Y42.55.csv
	 Reading 1653/1709: 	/scratch/frd_muziyao/SHUD-OpenMP/SHUD/Basins/heihe/forcing.trimmed/X100.35Y42.55.csv
	 Reading 1654/1709: 	/scratch/frd_muziyao/SHUD-OpenMP/SHUD/Basins/heihe/forcing.trimmed/X100.45Y42.55.csv
	 Reading 1655/1709: 	/scratch/frd_muziyao/SHUD-OpenMP/SHUD/Basins/heihe/forcing.trimmed/X100.55Y42.55.csv
	 Reading 1656/1709: 	/scratch/frd_muziyao/SHUD-OpenMP/SHUD/Basins/heihe/forcing.trimmed/X100.65Y42.55.csv
	 Reading 1657/1709: 	/scratch/frd_muziyao/SHUD-OpenMP/SHUD/Basins/heihe/forcing.trimmed/X100.75Y42.55.csv
	 Reading 1658/1709: 	/scratch/frd_muziyao/SHUD-OpenMP/SHUD/Basins/heihe/forcing.trimmed/X100.85Y42.55.csv
	 Reading 1659/1709: 	/scratch/frd_muziyao/SHUD-OpenMP/SHUD/Basins/heihe/forcing.trimmed/X100.95Y42.55.csv
	 Reading 1660/1709: 	/scratch/frd_muziyao/SHUD-OpenMP/SHUD/Basins/heihe/forcing.trimmed/X101.05Y42.55.csv
	 Reading 1661/1709: 	/scratch/frd_muziyao/SHUD-OpenMP/SHUD/Basins/heihe/forcing.trimmed/X101.15Y42.55.csv
	 Reading 1662/1709: 	/scratch/frd_muziyao/SHUD-OpenMP/SHUD/Basins/heihe/forcing.trimmed/X101.25Y42.55.csv
	 Reading 1663/1709: 	/scratch/frd_muziyao/SHUD-OpenMP/SHUD/Basins/heihe/forcing.trimmed/X101.35Y42.55.csv
	 Reading 1664/1709: 	/scratch/frd_muziyao/SHUD-OpenMP/SHUD/Basins/heihe/forcing.trimmed/X101.45Y42.55.csv
	 Reading 1665/1709: 	/scratch/frd_muziyao/SHUD-OpenMP/SHUD/Basins/heihe/forcing.trimmed/X101.55Y42.55.csv
	 Reading 1666/1709: 	/scratch/frd_muziyao/SHUD-OpenMP/SHUD/Basins/heihe/forcing.trimmed/X101.65Y42.55.csv
	 Reading 1667/1709: 	/scratch/frd_muziyao/SHUD-OpenMP/SHUD/Basins/heihe/forcing.trimmed/X101.75Y42.55.csv
	 Reading 1668/1709: 	/scratch/frd_muziyao/SHUD-OpenMP/SHUD/Basins/heihe/forcing.trimmed/X101.85Y42.55.csv
	 Reading 1669/1709: 	/scratch/frd_muziyao/SHUD-OpenMP/SHUD/Basins/heihe/forcing.trimmed/X98.35Y42.65.csv
	 Reading 1670/1709: 	/scratch/frd_muziyao/SHUD-OpenMP/SHUD/Basins/heihe/forcing.trimmed/X98.45Y42.65.csv
	 Reading 1671/1709: 	/scratch/frd_muziyao/SHUD-OpenMP/SHUD/Basins/heihe/forcing.trimmed/X98.55Y42.65.csv
	 Reading 1672/1709: 	/scratch/frd_muziyao/SHUD-OpenMP/SHUD/Basins/heihe/forcing.trimmed/X98.65Y42.65.csv
	 Reading 1673/1709: 	/scratch/frd_muziyao/SHUD-OpenMP/SHUD/Basins/heihe/forcing.trimmed/X98.75Y42.65.csv
	 Reading 1674/1709: 	/scratch/frd_muziyao/SHUD-OpenMP/SHUD/Basins/heihe/forcing.trimmed/X98.85Y42.65.csv
	 Reading 1675/1709: 	/scratch/frd_muziyao/SHUD-OpenMP/SHUD/Basins/heihe/forcing.trimmed/X98.95Y42.65.csv
	 Reading 1676/1709: 	/scratch/frd_muziyao/SHUD-OpenMP/SHUD/Basins/heihe/forcing.trimmed/X99.05Y42.65.csv
	 Reading 1677/1709: 	/scratch/frd_muziyao/SHUD-OpenMP/SHUD/Basins/heihe/forcing.trimmed/X99.15Y42.65.csv
	 Reading 1678/1709: 	/scratch/frd_muziyao/SHUD-OpenMP/SHUD/Basins/heihe/forcing.trimmed/X99.25Y42.65.csv
	 Reading 1679/1709: 	/scratch/frd_muziyao/SHUD-OpenMP/SHUD/Basins/heihe/forcing.trimmed/X99.35Y42.65.csv
	 Reading 1680/1709: 	/scratch/frd_muziyao/SHUD-OpenMP/SHUD/Basins/heihe/forcing.trimmed/X99.45Y42.65.csv
	 Reading 1681/1709: 	/scratch/frd_muziyao/SHUD-OpenMP/SHUD/Basins/heihe/forcing.trimmed/X99.55Y42.65.csv
	 Reading 1682/1709: 	/scratch/frd_muziyao/SHUD-OpenMP/SHUD/Basins/heihe/forcing.trimmed/X99.65Y42.65.csv
	 Reading 1683/1709: 	/scratch/frd_muziyao/SHUD-OpenMP/SHUD/Basins/heihe/forcing.trimmed/X99.75Y42.65.csv
	 Reading 1684/1709: 	/scratch/frd_muziyao/SHUD-OpenMP/SHUD/Basins/heihe/forcing.trimmed/X99.85Y42.65.csv
	 Reading 1685/1709: 	/scratch/frd_muziyao/SHUD-OpenMP/SHUD/Basins/heihe/forcing.trimmed/X99.95Y42.65.csv
	 Reading 1686/1709: 	/scratch/frd_muziyao/SHUD-OpenMP/SHUD/Basins/heihe/forcing.trimmed/X100.05Y42.65.csv
	 Reading 1687/1709: 	/scratch/frd_muziyao/SHUD-OpenMP/SHUD/Basins/heihe/forcing.trimmed/X100.15Y42.65.csv
	 Reading 1688/1709: 	/scratch/frd_muziyao/SHUD-OpenMP/SHUD/Basins/heihe/forcing.trimmed/X100.25Y42.65.csv
	 Reading 1689/1709: 	/scratch/frd_muziyao/SHUD-OpenMP/SHUD/Basins/heihe/forcing.trimmed/X100.35Y42.65.csv
	 Reading 1690/1709: 	/scratch/frd_muziyao/SHUD-OpenMP/SHUD/Basins/heihe/forcing.trimmed/X100.45Y42.65.csv
	 Reading 1691/1709: 	/scratch/frd_muziyao/SHUD-OpenMP/SHUD/Basins/heihe/forcing.trimmed/X100.55Y42.65.csv
	 Reading 1692/1709: 	/scratch/frd_muziyao/SHUD-OpenMP/SHUD/Basins/heihe/forcing.trimmed/X100.65Y42.65.csv
	 Reading 1693/1709: 	/scratch/frd_muziyao/SHUD-OpenMP/SHUD/Basins/heihe/forcing.trimmed/X100.75Y42.65.csv
	 Reading 1694/1709: 	/scratch/frd_muziyao/SHUD-OpenMP/SHUD/Basins/heihe/forcing.trimmed/X100.85Y42.65.csv
	 Reading 1695/1709: 	/scratch/frd_muziyao/SHUD-OpenMP/SHUD/Basins/heihe/forcing.trimmed/X100.95Y42.65.csv
	 Reading 1696/1709: 	/scratch/frd_muziyao/SHUD-OpenMP/SHUD/Basins/heihe/forcing.trimmed/X101.05Y42.65.csv
	 Reading 1697/1709: 	/scratch/frd_muziyao/SHUD-OpenMP/SHUD/Basins/heihe/forcing.trimmed/X101.15Y42.65.csv
	 Reading 1698/1709: 	/scratch/frd_muziyao/SHUD-OpenMP/SHUD/Basins/heihe/forcing.trimmed/X101.25Y42.65.csv
	 Reading 1699/1709: 	/scratch/frd_muziyao/SHUD-OpenMP/SHUD/Basins/heihe/forcing.trimmed/X101.35Y42.65.csv
	 Reading 1700/1709: 	/scratch/frd_muziyao/SHUD-OpenMP/SHUD/Basins/heihe/forcing.trimmed/X101.45Y42.65.csv
	 Reading 1701/1709: 	/scratch/frd_muziyao/SHUD-OpenMP/SHUD/Basins/heihe/forcing.trimmed/X100.25Y42.75.csv
	 Reading 1702/1709: 	/scratch/frd_muziyao/SHUD-OpenMP/SHUD/Basins/heihe/forcing.trimmed/X100.35Y42.75.csv
	 Reading 1703/1709: 	/scratch/frd_muziyao/SHUD-OpenMP/SHUD/Basins/heihe/forcing.trimmed/X100.45Y42.75.csv
	 Reading 1704/1709: 	/scratch/frd_muziyao/SHUD-OpenMP/SHUD/Basins/heihe/forcing.trimmed/X100.55Y42.75.csv
	 Reading 1705/1709: 	/scratch/frd_muziyao/SHUD-OpenMP/SHUD/Basins/heihe/forcing.trimmed/X100.65Y42.75.csv
	 Reading 1706/1709: 	/scratch/frd_muziyao/SHUD-OpenMP/SHUD/Basins/heihe/forcing.trimmed/X100.75Y42.75.csv
	 Reading 1707/1709: 	/scratch/frd_muziyao/SHUD-OpenMP/SHUD/Basins/heihe/forcing.trimmed/X100.85Y42.75.csv
	 Reading 1708/1709: 	/scratch/frd_muziyao/SHUD-OpenMP/SHUD/Basins/heihe/forcing.trimmed/X100.95Y42.75.csv
	 Reading 1709/1709: 	/scratch/frd_muziyao/SHUD-OpenMP/SHUD/Basins/heihe/forcing.trimmed/X101.05Y42.75.csv
10 	 Reading file: input/heihe/heihe.tsd.lai
11 	 Reading file: input/heihe/heihe.tsd.mf
12 	 Reading file: input/heihe/heihe.cfg.calib

Initializing data structure ... 
[NUMA] first-touch skipped: OMP_PROC_BIND unset (3 sites: hot.soa, QeleSurf_flat, Ele_AoS)
WARNING:: Aqd of Node(40) = 0.000000
Press anykey to continue ...
WARNING:: Aqd of Node(42) = 0.000000
Press anykey to continue ...
WARNING:: Aqd of Node(48) = 0.000000
Press anykey to continue ...
WARNING:: Aqd of Node(60) = 0.000000
Press anykey to continue ...
WARNING:: Aqd of Node(61) = 0.000000
Press anykey to continue ...
WARNING:: Aqd of Node(65) = 0.000000
Press anykey to continue ...
WARNING:: Aqd of Node(82) = 0.000000
Press anykey to continue ...
WARNING:: Aqd of Node(88) = 0.000000
Press anykey to continue ...
WARNING:: Aqd of Node(89) = 0.000000
Press anykey to continue ...
WARNING:: Aqd of Node(123) = 0.000000
Press anykey to continue ...
WARNING:: Aqd of Node(203) = 0.000000
Press anykey to continue ...
WARNING:: Aqd of Node(869) = 0.000000
Press anykey to continue ...
WARNING:: Aqd of Node(1036) = 0.000000
Press anykey to continue ...
WARNING:: Aqd of Node(1262) = 0.000000
Press anykey to continue ...
WARNING:: Aqd of Node(2960) = 0.000000
Press anykey to continue ...
WARNING:: Aqd of Node(3242) = 0.000000
Press anykey to continue ...
WARNING:: Aqd of Node(3245) = 0.000000
Press anykey to continue ...
Warning: remove sink on 16, from 905.33 to 905.67. dz = 0.33
Warning: remove sink on 89, from 837.00 to 837.67. dz = 0.67
Warning: remove sink on 142, from 1453.33 to 1462.33. dz = 9.00
Warning: remove sink on 158, from 423.33 to 837.67. dz = 414.33
Warning: remove sink on 188, from 1095.33 to 1104.67. dz = 9.33
Warning: remove sink on 232, from 750.33 to 768.00. dz = 17.67
Warning: remove sink on 234, from 1519.33 to 1522.00. dz = 2.67
Warning: remove sink on 264, from 722.33 to 764.67. dz = 42.33
Warning: remove sink on 350, from 739.00 to 740.00. dz = 1.00
Warning: remove sink on 373, from 734.67 to 779.67. dz = 45.00
Warning: remove sink on 384, from 625.67 to 630.33. dz = 4.67
Warning: remove sink on 398, from 694.00 to 701.33. dz = 7.33
Warning: remove sink on 406, from 1450.67 to 1457.67. dz = 7.00
Warning: remove sink on 431, from 675.33 to 691.67. dz = 16.33
Warning: remove sink on 533, from 1143.00 to 1144.00. dz = 1.00
Warning: remove sink on 580, from 1448.67 to 1449.33. dz = 0.67
Warning: remove sink on 586, from 1425.67 to 1434.33. dz = 8.67
Warning: remove sink on 626, from 981.33 to 982.00. dz = 0.67
Warning: remove sink on 662, from 1121.67 to 1123.00. dz = 1.33
Warning: remove sink on 712, from 1801.00 to 1811.00. dz = 10.00
Warning: remove sink on 743, from 1056.67 to 1067.67. dz = 11.00
Warning: remove sink on 768, from 919.67 to 920.67. dz = 1.00
Warning: remove sink on 773, from 932.00 to 932.67. dz = 0.67
Warning: remove sink on 794, from 4020.00 to 4037.33. dz = 17.33
Warning: remove sink on 875, from 1099.00 to 1105.67. dz = 6.67
Warning: remove sink on 884, from 1088.33 to 1092.00. dz = 3.67
Warning: remove sink on 908, from 1017.67 to 1019.00. dz = 1.33
Warning: remove sink on 955, from 952.00 to 971.00. dz = 19.00
Warning: remove sink on 1014, from 962.67 to 964.00. dz = 1.33
Warning: remove sink on 1199, from 1013.33 to 1022.67. dz = 9.33
Warning: remove sink on 1201, from 1022.33 to 1022.67. dz = 0.33
Warning: remove sink on 1203, from 1016.33 to 1022.67. dz = 6.33
Warning: remove sink on 1249, from 906.00 to 909.00. dz = 3.00
Warning: remove sink on 1282, from 1015.33 to 1037.00. dz = 21.67
Warning: remove sink on 1314, from 1341.00 to 1341.67. dz = 0.67
Warning: remove sink on 1337, from 992.67 to 995.00. dz = 2.33
Warning: remove sink on 1342, from 897.00 to 903.67. dz = 6.67
Warning: remove sink on 1388, from 926.33 to 929.00. dz = 2.67
Warning: remove sink on 1394, from 894.67 to 902.67. dz = 8.00
Warning: remove sink on 1414, from 1061.33 to 1066.67. dz = 5.33
Warning: remove sink on 1445, from 925.33 to 933.33. dz = 8.00
Warning: remove sink on 1456, from 1400.33 to 1401.67. dz = 1.33
Warning: remove sink on 1505, from 1610.33 to 1613.33. dz = 3.00
Warning: remove sink on 1528, from 1064.00 to 1070.67. dz = 6.67
Warning: remove sink on 1573, from 959.00 to 960.33. dz = 1.33
Warning: remove sink on 1574, from 892.33 to 894.33. dz = 2.00
Warning: remove sink on 1590, from 1817.00 to 1819.67. dz = 2.67
Warning: remove sink on 1628, from 902.00 to 916.00. dz = 14.00
Warning: remove sink on 1631, from 1823.67 to 1926.00. dz = 102.33
Warning: remove sink on 1669, from 891.00 to 900.33. dz = 9.33
Warning: remove sink on 1670, from 903.67 to 905.67. dz = 2.00
Warning: remove sink on 1682, from 903.00 to 903.67. dz = 0.67
Warning: remove sink on 1710, from 910.00 to 912.67. dz = 2.67
Warning: remove sink on 1711, from 922.00 to 923.00. dz = 1.00
Warning: remove sink on 1818, from 1389.33 to 1398.67. dz = 9.33
Warning: remove sink on 1823, from 1386.33 to 1401.67. dz = 15.33
Warning: remove sink on 1949, from 914.67 to 915.00. dz = 0.33
Warning: remove sink on 2181, from 958.33 to 961.33. dz = 3.00
Warning: remove sink on 2182, from 960.67 to 961.33. dz = 0.67
Warning: remove sink on 2205, from 969.33 to 973.33. dz = 4.00
Warning: remove sink on 2210, from 1009.00 to 1026.67. dz = 17.67
Warning: remove sink on 2230, from 993.33 to 994.67. dz = 1.33
Warning: remove sink on 2255, from 534.00 to 1086.00. dz = 552.00
Warning: remove sink on 2391, from 901.33 to 902.33. dz = 1.00
Warning: remove sink on 2454, from 1561.00 to 1564.33. dz = 3.33
Warning: remove sink on 2462, from 1587.00 to 1593.33. dz = 6.33
Warning: remove sink on 2513, from 1319.67 to 1320.00. dz = 0.33
Warning: remove sink on 2527, from 1402.33 to 1406.33. dz = 4.00
Warning: remove sink on 2597, from 1023.00 to 1024.67. dz = 1.67
Warning: remove sink on 2598, from 1058.33 to 1058.67. dz = 0.33
Warning: remove sink on 2688, from 3560.67 to 3572.00. dz = 11.33
Warning: remove sink on 2708, from 1227.00 to 1230.00. dz = 3.00
Warning: remove sink on 2726, from 1312.00 to 1318.33. dz = 6.33
Warning: remove sink on 2921, from 989.00 to 993.67. dz = 4.67
Warning: remove sink on 2935, from 968.67 to 970.00. dz = 1.33
Warning: remove sink on 2942, from 983.00 to 984.33. dz = 1.33
Warning: remove sink on 2970, from 996.33 to 997.67. dz = 1.33
Warning: remove sink on 2996, from 1018.67 to 1019.67. dz = 1.00
Warning: remove sink on 3033, from 933.00 to 935.67. dz = 2.67
Warning: remove sink on 3074, from 907.67 to 909.33. dz = 1.67
Warning: remove sink on 3108, from 1005.67 to 1006.00. dz = 0.33
Warning: remove sink on 3143, from 969.33 to 971.33. dz = 2.00
Warning: remove sink on 3152, from 1041.00 to 1051.00. dz = 10.00
Warning: remove sink on 3155, from 921.00 to 922.33. dz = 1.33
Warning: remove sink on 3157, from 1278.00 to 1282.33. dz = 4.33
Warning: remove sink on 3159, from 1393.67 to 1397.67. dz = 4.00
Warning: remove sink on 3244, from 1418.00 to 1421.00. dz = 3.00
Warning: remove sink on 3246, from 1402.67 to 1407.00. dz = 4.33
Warning: remove sink on 3538, from 4071.00 to 4124.67. dz = 53.67
Warning: remove sink on 3544, from 1525.33 to 1531.00. dz = 5.67
Warning: remove sink on 3582, from 1019.00 to 1021.67. dz = 2.67
Warning: remove sink on 3641, from 1174.67 to 1175.00. dz = 0.33
Warning: remove sink on 3802, from 1036.33 to 1036.67. dz = 0.33
Warning: remove sink on 3809, from 1030.33 to 1032.33. dz = 2.00
Warning: remove sink on 3818, from 921.00 to 922.67. dz = 1.67
Warning: remove sink on 3870, from 915.67 to 916.00. dz = 0.33
Warning: remove sink on 3897, from 1005.33 to 1008.00. dz = 2.67
Warning: remove sink on 3932, from 1048.33 to 1048.67. dz = 0.33
Warning: remove sink on 3946, from 1058.33 to 1059.67. dz = 1.33
Warning: remove sink on 3986, from 1056.33 to 1059.67. dz = 3.33
Warning: remove sink on 4018, from 932.67 to 936.33. dz = 3.67
Warning: remove sink on 4022, from 1263.00 to 1266.00. dz = 3.00
Warning: remove sink on 4024, from 1195.33 to 1212.00. dz = 16.67
Warning: remove sink on 4164, from 1427.33 to 1433.33. dz = 6.00
Warning: remove sink on 4175, from 1439.67 to 1440.67. dz = 1.00
Warning: remove sink on 4261, from 1505.33 to 1513.33. dz = 8.00
Warning: remove sink on 4286, from 1314.67 to 1320.33. dz = 5.67
Warning: remove sink on 4293, from 1282.67 to 1294.00. dz = 11.33
Warning: remove sink on 4311, from 1325.33 to 1337.67. dz = 12.33
Warning: remove sink on 4329, from 1345.67 to 1354.33. dz = 8.67
Warning: remove sink on 4349, from 1405.67 to 1407.67. dz = 2.00
Warning: remove sink on 4386, from 1495.67 to 1497.00. dz = 1.33
Warning: remove sink on 4387, from 1436.67 to 1437.00. dz = 0.33
Warning: remove sink on 4408, from 1363.00 to 1374.67. dz = 11.67
Warning: remove sink on 4568, from 1009.33 to 1010.00. dz = 0.67
Warning: remove sink on 4571, from 1009.67 to 1010.33. dz = 0.67
Warning: remove sink on 4577, from 1004.33 to 1004.67. dz = 0.33
Warning: remove sink on 4727, from 3973.33 to 3976.00. dz = 2.67
Warning: remove sink on 4744, from 1005.00 to 1009.00. dz = 4.00
Warning: remove sink on 4777, from 935.00 to 936.00. dz = 1.00
Warning: remove sink on 4782, from 1013.33 to 1013.67. dz = 0.33
Warning: remove sink on 4803, from 934.00 to 935.67. dz = 1.67
Warning: remove sink on 4813, from 960.33 to 961.67. dz = 1.33
Warning: remove sink on 4818, from 955.33 to 955.67. dz = 0.33
Warning: remove sink on 4821, from 958.67 to 960.67. dz = 2.00
Warning: remove sink on 5038, from 2515.00 to 2773.67. dz = 258.67
Warning: remove sink on 5112, from 1635.00 to 1636.67. dz = 1.67
Warning: remove sink on 5146, from 1258.00 to 1258.33. dz = 0.33
Warning: remove sink on 5151, from 1270.33 to 1279.67. dz = 9.33
Warning: remove sink on 5164, from 1261.67 to 1265.33. dz = 3.67
Warning: remove sink on 5170, from 1045.33 to 1048.67. dz = 3.33
Warning: remove sink on 5185, from 1127.67 to 1130.00. dz = 2.33
Warning: remove sink on 5190, from 1129.67 to 1130.33. dz = 0.67
Warning: remove sink on 5202, from 1138.67 to 1144.67. dz = 6.00
Warning: remove sink on 5207, from 1344.00 to 1346.67. dz = 2.67
Warning: remove sink on 5241, from 1043.67 to 1048.67. dz = 5.00
Warning: remove sink on 5250, from 1362.33 to 1373.67. dz = 11.33
Warning: remove sink on 5251, from 1429.33 to 1445.67. dz = 16.33
Warning: remove sink on 5366, from 1451.00 to 1454.00. dz = 3.00
Warning: remove sink on 5448, from 4013.67 to 4036.67. dz = 23.00
Warning: remove sink on 5483, from 951.00 to 955.00. dz = 4.00
Warning: remove sink on 5487, from 947.33 to 953.00. dz = 5.67
Warning: remove sink on 5527, from 922.33 to 925.33. dz = 3.00
Warning: remove sink on 5530, from 888.67 to 891.67. dz = 3.00
Warning: remove sink on 5543, from 905.00 to 905.67. dz = 0.67
Warning: remove sink on 5561, from 913.33 to 915.00. dz = 1.67
Warning: remove sink on 5570, from 891.00 to 892.33. dz = 1.33
Warning: remove sink on 5573, from 890.67 to 891.67. dz = 1.00
Warning: remove sink on 5578, from 895.00 to 896.67. dz = 1.67
Warning: remove sink on 5616, from 649.33 to 658.67. dz = 9.33
Warning: remove sink on 5629, from 997.33 to 999.00. dz = 1.67
Warning: remove sink on 5645, from 991.67 to 993.33. dz = 1.67
Warning: remove sink on 5687, from 952.00 to 953.67. dz = 1.67
Warning: remove sink on 5700, from 969.00 to 969.33. dz = 0.33
Warning: remove sink on 5845, from 1433.33 to 1436.67. dz = 3.33
Warning: remove sink on 5902, from 1025.33 to 1029.67. dz = 4.33
Warning: remove sink on 5990, from 1443.67 to 1482.00. dz = 38.33
Warning: remove sink on 6052, from 1001.00 to 1002.67. dz = 1.67
Warning: remove sink on 6101, from 1157.00 to 1159.33. dz = 2.33
Warning: remove sink on 6142, from 1504.67 to 1508.67. dz = 4.00
Warning: remove sink on 6177, from 558.67 to 1110.67. dz = 552.00
Warning: remove sink on 6180, from 552.00 to 1110.67. dz = 558.67
Warning: remove sink on 6182, from 563.67 to 1115.67. dz = 552.00
Warning: remove sink on 6237, from 1454.67 to 1457.00. dz = 2.33
Warning: remove sink on 6252, from 916.33 to 917.67. dz = 1.33
[NUMA] first-touch skipped: OMP_PROC_BIND unset (1 site: LoadIC)
[fd_color] Model_Data init: NumY=21357 (CSC NumY=21357); t0=20512800.000000 StartTime=20512800.000000 SolverStep=20.000000
[fd_color] color 1/18 (cols=2336) probed
[fd_color] color 9/18 (cols=909) probed
[fd_color] color 17/18 (cols=5) probed
[fd_color] J binary written: heihe_numeric_J.bin  total_nnz=120485 n_zero=73147  |v|_min=1.524e-15 |v|_max=8.805e+00
--- stage 3: klu_analyze_factor ---
[klu] loaded numeric J: NumY=21357 total_nnz=120485 n_colors=18
[klu] test matrix M = I - 1.000000 * J  (diagonal set on 21357 / 21357 cols)
[klu] PREFLIGHT_HINT pattern_est_bytes=9077888 (advisory only; decisive check after klu_analyze)
[klu] PREFLIGHT_AFTER_ANALYZE skipped (ordering=natural lnz=-1 unz=-1; AMD-only); relying on post-factor RSS check
[klu] cell_summary
  case=heihe ordering=natural btf=1
  NumY=21357 Anz=120485
  symbolic_lnz_est=-1 symbolic_unz_est=-1 est_flops=0.000e+00
  nblocks=1 maxblock=21357 nzoff=0 symmetry=0.000000
  numeric_lnz=138816013 numeric_unz=138816013 max_lnz_block=138816013 max_unz_block=138816013
  fill_ratio=2304.2871 (numeric_lnz+unz)/Anz
  symbolic_wall_sec=0.002825 numeric_factor_wall_sec=1630.143313
  peak_rss_bytes=3339972608 (CN_NODE_RAM_BYTES=185528156160)
=== spike_run.sh heihe_natural_btf1 done ===
log: /scratch/frd_muziyao/SHUD-OpenMP/.p8tune.D-runs/pr-a-20260628-115234/_stage/cell-04/cell-heihe_natural_btf1.log

=== run_cell.sh NN=04 heihe_natural_btf1 done exit=0 ===

=== task 4 (NN=04) exit=0 ===
